Key;English;French;German;Polish;Spanish;Italian;Swedish;Czech;Hungarian;Dutch;Portuguese;Russian;Finnish;
LEDGER_COUNTRY_MILSCORE;Military Score;Score militaire;Militär;;Puntuación militar;;;;;;;;;
LEDGER_COUNTRY_INDSCORE;Industrial Score;Score industriel;Industrie;;Puntuación industrial;;;;;;;;;
LEDGER_COUNTRY_PRESTIGE;Prestige;Prestige;Prestige;;Prestigio;;;;;;;;;
LEDGER_COUNTRY_TOTALSCORE;Total Score;Score total;Gesamtpunktzahl;;Puntuación total;;;;;;;;;
LEDGER_HEADER_PROVINCES;Provinces;Provinces;Provinzen;;Provincias;;;;;;;;;
LEDGER_PROVINCE_NAME;Province;Province;Provinz;;Provincia;;;;;;;;;
LEDGER_PROVINCE_TOTALPOP;Total pop.;Popul. tot.;Gesamtbevölk.;;Pob. total;;;;;;;;;
LEDGER_PROVINCE_AVGMIL;Avg. Mil.;Milit. moy.;Durchschn. Mil.;;Mil. media;;;;;;;;;
LEDGER_PROVINCE_AVGCON;Avg. Con.;Consc. moy.;Durchschn. Bew.;;Con. media;;;;;;;;;
LEDGER_PROVINCE_AVGLIT;Avg. Lit.;Alphab. moy.;Durchschn. Alph.;;Alf. media;;;;;;;;;
LEDGER_PROVINCE_RELIGION;Religion;Religion;Religion;;Religión;;;;;;;;;
LEDGER_PROVINCE_CULTURE;Culture;Culture;Kultur;;Cultura;;;;;;;;;
LEDGER_PROVINCE_ISSUE;Issue;Position politique;Thema;;Tema;;;;;;;;;
LEDGER_PROVINCE_IDEOLOGY;Ideology;Idéologie;Ideologie;;Ideología;;;;;;;;;
LEDGER_HEADER_PROVINCE_POPS;Province population;Population de la province;Provinzbevölkerung;;Población de la provincia;;;;;;;;;
LEDGER_HEADER_ARMY;Armies;Armées;Armeen;;Ejércitos;;;;;;;;;
LEDGER_ARMY_NAME;Army;Armée;Armee;;Ejército;;;;;;;;;
LEDGER_ARMY_INFANTRY;Infantry;Infanterie;Infanterie;;Infantería;;;;;;;;;
LEDGER_ARMY_CAVALRY;Cavalry;Cavalerie;Kavallerie;;Caballería;;;;;;;;;
LEDGER_ARMY_ARTILLERY;Artillery;Artillerie;Artillerie;;Artillería;;;;;;;;;
LEDGER_HEADER_GOODS_PRICEHISTORY;Price history;Historique des prix;Preisverlauf;;Historial de precios;;;;;;;;;
LEDGER_COUNTRY_STATUS;Status;Statut;Status;;Estatus;;;;;;;;;
LEDGER_HEADER_COUNTRYCOMPARE;National Comparison;Comparaison nationale;Nationaler Vergleich;;Comparativa de naciones;;;;;;;;;
LEDGER_COUNTRY_TOTAL_POP;Total pop.;Popul. tot.;Gesamtbevölk.;;Pob. total;;;;;;;;;
LEDGER_COUNTRY_PROVCOUNT;Provinces;Provinces;Provinzen;;Provincias;;;;;;;;;
LEDGER_COUNTRY_FACTORYCOUNT;Factories;Usines;Fabriken;;Fábricas;;;;;;;;;
LEDGER_COUNTRY_LITERACY;Literacy;Alphabétisation;Alphabetisierung;;Alfabetización;;;;;;;;;
LEDGER_COUNTRY_LEADERSHIP;Leadership;Commandement;Anführerschaft;;Liderazgo;;;;;;;;;
LEDGER_COUNTRY_DIVISIONS;Brigades;Régiments;Divisionen;;Brigadas;;;;;;;;;
LEDGER_COUNTRY_SHIPS;Ships;Navires;Schiffe;;Barcos;;;;;;;;;
LEDGER_HEADER_COUNTRYPARTY;Political systems;Systèmes politiques;Politische Systeme;;Sistemas políticos;;;;;;;;;
LEDGER_COUNTRY_GOVERNMENT;Government;Gouvernement;Regierung;;Gobierno;;;;;;;;;
LEDGER_COUNTRY_NATIONALVALUE;National Value;Valeur nationale;Nationalwert;;Valor nacional;;;;;;;;;
LEDGER_COUNTRY_RULINGPARTY;Ruling party;Parti dirigeant;Regierungspartei;;Partido gobernante;;;;;;;;;
LEDGER_COUNTRY_RULINGIDEOLOGY;Party ideology;Idéologie du parti;Partieideologie;;Ideología del partido;;;;;;;;;
LEDGER_HEADER_COUNTRYPOLITICALREFORMS;Political reforms;Réformes politiques;Politische Reformen;;Reformas políticas;;;;;;;;;
LEDGER_HEADER_COUNTRYSOCIALREFORMS;Social reforms;Réformes sociales;Soziale Reformen;;Reformas sociales;;;;;;;;;
LEDGER_HEADER_COUNTRY_POPS;Country population;Population du pays;Landesbevölkerung;;Población del país;;;;;;;;;
LEDGER_HEADER_PROVINCEPRODUCTION;Province production;Production de la province;Provinzproduktion;;Producción de la provincia;;;;;;;;;
LEDGER_STATE_NAME;State;État;Region;;Estado;;;;;;;;;
LEDGER_GOODS;Goods;Marchandises;Güter;;Bienes;;;;;;;;;
LEDGER_OUTPUT;Output;Production;Leistung;;Producción;;;;;;;;;
LEDGER_INCOME;Income;Revenus;Einnahmen;;Ingresos;;;;;;;;;
LEDGER_EMPLOYED;Employed;Emplois;Beschäftigt;;Empleados;;;;;;;;;
LEDGER_LEVEL;Level;Niveau;Stufe;;Nivel;;;;;;;;;
LEDGER_HEADER_FACTORYPRODUCTION;Factory production;Production de l'usine;Fabrikproduktion;;Producción de la fábrica;;;;;;;;;
BUDGET;Budget;Budget;Haushalt;;Presupuesto;;;;;;;;;
BUDGET_TAX_POOR;Tax(Poor);Impôts (classes défavorisées);Steuern (Unterschicht);;Impuestos (pobres);;;;;;;;;
BUDGET_TAX_POOR_DESC;;;;;;;;;;;;;;
BUDGET_TAX_MIDDLE;Tax(Middle);Impôts (classes moyennes);Steuern (Mittelschicht);;Impuestos (c. media);;;;;;;;;
BUDGET_TAX_MIDDLE_DESC;;;;;;;;;;;;;;
BUDGET_TAX_RICH;Tax(Rich);Impôts (classes supérieures);Steuern (Oberschicht);;Impuestos (ricos);;;;;;;;;
BUDGET_TAX_RICH_DESC;;;;;;;;;;;;;;
BUDGET_TOTAL_FUNDS;Total Funds;Fonds totaux;Gesamtmittel;;Total de fondos;;;;;;;;;
BUDGET_TOTAL_DEBT;Total Debt;Dette totale;Gesamtschulden;;Total de deudas;;;;;;;;;
BUDGET_TAKE_LOAN;Take Loan;Souscrire un emprunt;Darlehen aufnehmen;;Pedir préstamo;;;;;;;;;
BUDGET_REPAY_LOAN;Repay Loan;Rembourser l'emprunt;Darlehen tilgen;;Devolver préstamo;;;;;;;;;
BUDGET_DAILY_INCOME;Daily Income;Revenus quotidiens;Tageseinnahmen;;Ingresos diarios;;;;;;;;;
BUDGET_DAILY_EXPENSES;Daily Expenses;Dépenses quotidiennes;Tagesausgaben;;Gastos diarios;;;;;;;;;
BUDGET_MILITARY_COST;Military Costs;Coûts armée;Militärkosten;;Militares;;;;;;;;;
BUDGET_NATIONAL_STOCKPILE;National Stockpile;Réserves nationales;Nationaler Vorrat;;Reserva nacional;;;;;;;;;
BUDGET_INDUSTRIAL_SUBSIDIES;Industrial Subsidies;Subventions industrielles;Industriezuschüsse;;Subsidios industriales;;;;;;;;;
BUDGET_TARIFFS;Tariffs;Droits de douane;Zölle;;Aranceles;;;;;;;;;
BUDGET_DAILY_BALANCE;Projected Daily Balance;Bilan quotidien prévu;Voraussichtliche Tagesbilanz;;Balance diario previsto;;;;;;;;;
BUDGET_GOLD_DESC;;;;;;;;;;;;;;
BUDGET_MIL_COST_DESC;;;;;;;;;;;;;;
BUDGET_NAT_STOCK_DESC;;;;;;;;;;;;;;
BUDGET_IND_SUP_DESC;;;;;;;;;;;;;;
BUDGET_EDUCATION_DESC;;;;;;;;;;;;;;
BUDGET_ADMIN_DESC;;;;;;;;;;;;;;
BUDGET_SOCIAL_SPEND_DESC;;;;;;;;;;;;;;
BUDGET_MIL_SPEND_DESC;;;;;;;;;;;;;;
BUDGET_TARIFF_DESC;;;;;;;;;;;;;;
BUDGET_TOTAL_FUNDS_DESC;;;;;;;;;;;;;;
BUDGET_BALANCE_DESC;;;;;;;;;;;;;;
BUDGET_DEBT_DESC;;;;;;;;;;;;;;
BUDGET_NATIONAL_BANK_DESC;;;;;;;;;;;;;;
BUDGET_INTEREST_DESC;;;;;;;;;;;;;;
BUDGET_CLOSE_WINDOW;Closes budget window;Ferme la fenêtre du budget;Schließt Haushaltfenster;;Cierra la ventana del presupuesto;;;;;;;;;
BUDGET_TOTAL_EXPENSE;Total Expense: §Y$VAL$§W;Dépenses totales : §Y$VAL$¤§W;Gesamtausgaben: §Y$VAL$§W;;Gastos totales: §Y$VAL$§W;;;;;;;;;
BUDGET_SLIDER_ADMINISTRATION;Administration: §Y$VAL$§W;Administration : §Y$VAL$¤§W;Verwaltung: §Y$VAL$§W;;Administración: §Y$VAL$§W;;;;;;;;;
BUDGET_EXPENSE_SLIDER_EDUCATION;Education: §Y$VAL$§W;Éducation : §Y$VAL$¤§W;Bildung: §Y$VAL$§W;;Educación: §Y$VAL$§W;;;;;;;;;
BUDGET_SLIDER_SOCIAL_SPENDING;Social Spending: §Y$VAL$§W;Dépenses sociales : §Y$VAL$¤§W;Sozialausgaben: §Y$VAL$§W;;Gastos sociales: §Y$VAL$§W;;;;;;;;;
BUDGET_SLIDER_MILITARY_SPENDING;Military Spending: §Y$VAL$§W;Dépenses militaires : §Y$VAL$¤§W;Wehretat: §Y$VAL$§W;;Gastos militares: §Y$VAL$§W;;;;;;;;;
BUDGET_INTEREST;Interest: §Y$VAL$§W;Intérêts : §Y$VAL$¤§W;Zinsen: §Y$VAL$§W;;Intereses: §Y$VAL$§W;;;;;;;;;
REMOVE_BUDGET_IMPORTS;Imports: §Y$VAL$§W;Importations : §Y$VAL$¤§W;Importe: §Y$VAL$§W;;Importaciones: §Y$VAL$§W;;;;;;;;;
BUDGET_SUPPLYCOSTS;Supply Costs: §Y$VAL$§W;Frais d'approvisionnement : §Y$VAL$¤§W;Versorgungskosten: §Y$VAL$§W;;Coste de suministros: §Y$VAL$§W;;;;;;;;;
BUDGET_TAX;§Y$VAL$§W;§Y$VAL$§W;§Y$VAL$§W;;§Y$VAL$§W;;;;;;;;;
BUDGET_BASE_TAX;Base tax efficiency: §Y$VAL$§W%;Efficacit?fiscale de base : §Y$VAL$§W%;Grundsteuereffizienz: §Y$VAL$§W%;;Eficiencia impositiva básica: §Y$VAL$§W%;;;;;;;;;
BUDGET_TECH_TAX;From technology: §Y$VAL$§W%;Provenant de la technologie : §Y$VAL$ %§W;Aus Technologie: §Y$VAL$§W%;;De la tecnología: §Y$VAL$§W%;;;;;;;;;
BUDGET_STRATA_NEED;§Y$VAL$§W% are getting their $TYPE$;§Y$VAL$%§W reçoivent leurs $TYPE$;§Y$VAL$%§W decken $TYPE$;;§Y$VAL$§W% reciben lo que necesitan ($TYPE$);;;;;;;;;
BUDGET_STRATA_NO_NEED;§Y$VAL$§W% are getting none of their needs.;§Y$VAL$%§W n'ont aucun de leurs besoins satisfaits.;§Y$VAL$%§W bekommen nichts.;;§Y$VAL$§W% no reciben nada de lo que necesitan.;;;;;;;;;
BUDGET_TOTAL_INCOME;Total Income: §Y$VAL$§W;Revenus totaux : §Y$VAL$¤§W;Gesamteinnahmen: §Y$VAL$§W;;Ingresos totales: §Y$VAL$§W;;;;;;;;;
TAXES_POOR;Taxes Poor Strata: §Y$VAL$§W;Impôts classes défavorisées : §Y$VAL$¤§W;Steuern - Unterschicht: §Y$VAL$§W;;Impuestos de la clase pobre: §Y$VAL$§W;;;;;;;;;
TAXES_MIDDLE;Taxes Middle Strata: §Y$VAL$§W;Impôts classes moyennes : §Y$VAL$¤§W;Steuern - Mittelschicht: §Y$VAL$§W;;Impuestos de la clase media: §Y$VAL$§W;;;;;;;;;
TAXES_RICH;Taxes Rich Strata: §Y$VAL$§W;Impôts classes supérieures : §Y$VAL$¤§W;Steuern - Oberschicht: §Y$VAL$§W;;Impuestos de la clase alta: §Y$VAL$§W;;;;;;;;;
TARIFFS_INCOME;Tariffs: §Y$VAL$§W;Droits de douane : §Y$VAL$¤§W;Zölle: §Y$VAL$§W;;Aranceles: §Y$VAL$§W;;;;;;;;;
REMOVE_BUDGET_EXPORTS;Exports: §Y$VAL$§W;Exportations : §Y$VAL$§W;Exporte: §Y$VAL$§W;;Exportaciones: §Y$VAL$§W;;;;;;;;;
BUDGET_GOLD;Gold: §Y$VAL$§W;Or : §Y$VAL$¤§W;Gold: §Y$VAL$§W;;Oro: §Y$VAL$§W;;;;;;;;;
BUDGET_ADMIN_EFFICIENCY;Administrative efficiency: §Y$PERC$%§W;Efficacit?administrative : §Y$PERC$%§W;Verwaltungseffizienz: §Y$PERC$%§W;;Eficiencia de la administración: §Y$PERC$%§W;;;;;;;;;
BUDGET_ADMIN_EFFICIENCY_DESC;§Y$PERC$%§W of our population are §Ybureaucrats§W.\nFor maximum administrative efficiency, we need at least §Y$MAX$%§W bureaucrats.§W\n;§Y$PERC$%§W de notre population est composée de §Ybureaucrates§W.\nPour une efficacit?administrative optimale, il nous faut au moins §Y$MAX$%§W de §Wbureaucrates.§W\n;§Y$PERC$%§W unserer Bevölkerung sind §YBürokraten§W.\nFür maximale Verwaltungsefficienz brauchen wir mindestens §Y$MAX$%§W Bürokraten.§W\n;;§Y$PERC$%§W de nuestra población est?formada por §YBurócratas§W.\nPara tener la máxima eficiencia de la administración, necesitamos al menos §Y$MAX$%§W Burócratas.§W\n;;;;;;;;;
ADM_EXPLAIN_DESC;This needed percentage is based on the following.\n;Ce pourcentage repose sur ce qui suit :\n;Dieser benötigte Prozentsatz basiert auf dem Folgenden:\n;;Este porcentaje se basa en lo siguiente.\n;;;;;;;;;
SHADOWY_INVESTOR;Private Investors;Investisseurs privés;Private Investoren;;Inversores privados;;;;;;;;;
GUNBOAT_ALERT;$COUNTRY$ has used their naval might to force us to pay back our loans with $VALUE$?per day.;$COUNTRY$ a eu recours ?sa puissance navale pour nous obliger ?rembourser nos emprunts, soit $VALUE$¤par jour.;$COUNTRY$ hat uns mit seiner Seemacht gezwungen, unsere Anleihen mit $VALUE$?täglich zurückzuzahlen.;;$COUNTRY$ ha usado su poderío naval para obligarnos a devolver nuestros préstamos, a razón de $VALUE$?al día.;;;;;;;;;
BUDGET_COUNTRY;Country;Pays;Land;;País;;;;;;;;;
BUDGET_AMOUNT;Amount;Montant;Betrag;;Cant.;;;;;;;;;
BUDGET_LOANS_TAKEN;Loans Taken;Emprunts souscrits;Aufgenommene Darlehen;;Préstamos recibidos;;;;;;;;;
BUDGET_LOANS_GIVEN;Loans Given;Emprunts accordés;Vergebene Darlehen;;Préstamos dados;;;;;;;;;
DIPLOMATIC_BALANCE_DESC;Diplomatic Balance;Balance diplomatique;Einnahmen / Ausgaben aus Verträgen;;Equilibrio diplomático;;;;;;;;;
BUDGET_LOAN_CANT_REPAY;We have no money to pay back loans with;Nous n'avons pas les moyens de rembourser nos emprunts.;Uns fehlt es an Geld, die Darlehen zurückzuzahlen an;;No tenemos dinero para pagar los préstamos;;;;;;;;;
BUDGET_CANT_LOAN;No money available to you for loaning;Vous n'avez pas les moyens de prêter de l'argent.;Kein Geld verfügbar zur Darlehensvergabe an;;No tienes dinero para prestar;;;;;;;;;
#;;;;;;;;;;;;;;
WORLD_YEAR;The world $YEAR$ AD;Le monde en $YEAR$ apr. J.-C.;Die Welt im Jahre $YEAR$ n. Chr..;Œwiat AD $YEAR$;Año $YEAR$ DC;Il mondo nell'anno $YEAR$ d.C.;A világ - Kr. u. $YEAR$;Léta pán?$YEAR$;;;;;;
FE_PLAYABLE_COUNTRIES;Playable Countries;Pays disponibles;Spielbare Länder;;Países disponibles;;;;;;;;;
FE_COUNTRY;Country;Pays;Land;;País;;;;;;;;;
FE_WARS;Wars:;Guerres :;Kriege:;;Guerras:;;;;;;;;;
FE_POP;Pop.;Population;Bev.;;Pob.;;;;;;;;;
FE_IDEOLOGY;Ideology;Idéologie;Ideologie;;Ideología;;;;;;;;;
FE_INDUSTRY;Industry:;Industriel :;Industrie:;;Industria:;;;;;;;;;
FE_PRESTIGE;Prestige:;Prestige :;Prestige:;;Prestigio:;;;;;;;;;
FE_RANK;Rank;Rang;Rang;;Puesto;;;;;;;;;
FE_SCORE;Score;Score;Punkte;;Puntos;;;;;;;;;
# Savegame transfers;;;;;;;;;;;;;;
SAVE_PROG;Save progress: $VALUE$ %;Progression de la sauvegarde : $VALUE$%;Speicherfortschritt: $VALUE$ %;Postêp zapisu: $VALUE$ %;Guardado completado: $VALUE$ %;Salva progressi: $VALUE$ %;Mentés folyamaban: $VALUE$%;Uložit postup: $VALUE$ %;;;;;;
TRANSERING_SAVE;Savegame transfer started...;Début du transfert de la sauvegarde...;Spielstand wird geladen ...;Rozpoczêto transfer zapisanej gry...;Inicio de transferencia de datos guardados...;Trasferimento del salvataggio avviato...;Mentésáttöltés folyamatban?Zaèalo ukládán?..;;;;;;;
LOADING_LOCAL_SAVE;Loading local savegame copy...;Chargement de la copie de sauvegarde locale...;Lokale Kopie des Spielstandes wird geladen ...;Wczytuj?kopi?zapisanej gry lokalnej...;Cargando copia local de datos guardados...;Caricamento copia salvataggio in locale in corso...;Helyi mentés betöltése?Nahráván?místn?uložen?hry...;;;;;;;
PLR_DISC;Player §Y$NAME$§W left the game.;Le joueur §Y$NAME$§W a quitt?la partie.;Spieler §Y$NAME$§W hat das Spiel verlassen.;Gracz $NAME$ opuœci?gr?;El jugador §Y$NAME$§W ha abandonado el juego.;Il giocatore $NAME$ ha lasciato la partita.;$NAME$ elhagyta a játékot.;Hráè §Y$NAME$§W opustil hru.;;;;;;
PLR_CONNECT;Player §Y$NAME$§W joined the game.;Le joueur §Y$NAME$§W a rejoint la partie.;Spieler §Y$NAME$§W ist dem Spiel beigetreten.;Gracz $NAME$ do³¹czy?do gry.;El jugador §Y$NAME$§W se ha unido al juego.;Il giocatore $NAME$ partecipa alla partita.;$NAME$ csatlakozott a játékhoz.;Hráè §Y$NAME$§W se pøipojil ke høe.;;;;;;
REVERT_SAVE_CAL;Reverting to default database.;Retour ?la base de données par défaut.;Standard-Datenbank wird eingesetzt.;Powrót do domyœlnej bazy danych.;Volviendo a la base de datos por defecto.;Ripristino del database predefinito.;Visszatérés az eredeti adatbázishoz?Reverze na výchoz?databázi.;;;;;;;
SAVE_TRANSFER_DONE;Savegame transfer done.;Transfert de sauvegarde termin?;Transfer des Spielstandes beendet.;Dokonano transferu zapisanej gry.;Transferencia de datos guardados completada.;Trasferimento del salvataggio completato.;Mentésáttöltés kész.;Pøenos uložen?hry ukonèen.;;;;;;
# Loading texts;;;;;;;;;;;;;;
LOADING_MAP_SPRITES;Loading Map-Sprites...;Chargement des sprites de la carte...;Karten-Sprites werden geladen ...;Wczytywanie Map-Sprites...;Cargando graficos animados de mapas...;Caricamento Sprites mappa in corso...;Egységek betöltése?Nahráván?zmenšenin na map?..;;;;;;;
LOADING_GUI_DEF;Loading GUI Definitions...;Chargement des définitions GUI...;GUI-Definitionen werden geladen ...;Wczytywanie definicji interfejsu graficznego...;Cargando definiciones de IGU...;Caricamento definizioni GUI in corso...;GUI betöltése?Nahráván?definic rozhran?..;;;;;;;
LOADING_DATABASES;Loading Databases...;Chargement des bases de données...;Datenbanken werden geladen ...;Wczytywanie baz danych...;Cargando bases de datos...;Caricamento database in corso...;Adatbázis betöltése?Nahráván?databáz?..;;;;;;;
LOADING_DATABASES2;Loading Databases II...;Chargement des bases de données II...;Datenbanken werden geladen II...;;Cargando bases de datos II...;;;;;;;;;
INIT_MAP_LOGIC;Initialising Maplogic...;Initialisation Maplogic...;Karte wird initialisiert ...;Uruchamianie Maplogic...;Inicializando logica de mapa...;Inizializzazione Maplogic in corso...;Pályaútvonalak töltése?Inicializace systému map?;;;;;;;
CREATING_CHKSUM;Creating Checksum...;Création des sommes de contrôle...;Checksumme wird erstellt ...;Tworzenie sumy kontrolnej...;Creando total de chequeos...;Creazione checksum in corso...;Ellenõrz?összeg létrehozása?Vytváøen?hodnot souèt?..;;;;;;;
LOADING_HISTORY;Loading History Files...;Chargement des fichiers historiques...;Geschichtsdateien werden geladen ...;Wczytywanie plików historycznych...;Cargando archivos de historia...;Caricamento file storia in corso...;Történelmi fájlok betöltése?Nahráván?soubor?s histori?..;;;;;;;
LOADING_SOUNDS;Loading Sounds...;Chargement des sons...;Sounddateien werden geladen ...;Wczytywanie dŸwiêków...;Cargando sonidos...;Caricamento suoni in corso...;Hangok betöltése?Nahráván?zvuk?..;;;;;;;
PROC_FLAGS;Processing Flags...;Traitement des drapeaux...;Flaggen werden verarbeitet ...;Przetwarzanie flag...;Procesando banderas...;Elaborazione flag in corso...;Zászlók feldolgozása?Zpracován?vlajek...;;;;;;;
LOAD_FLAGS;Loading Flags...;Chargement des drapeaux...;Flaggen werden geladen ...;Wczytywanie flag...;Cargando banderas...;Caricamento flag in corso...;Zászlók betöltése?Nahráván?vlajek...;;;;;;;
LOAD_GFX;Loading Graphics...;Chargement des graphismes...;Grafiken werden geladen ...;Wczytywanie grafiki...;Cargando graficos...;Caricamento grafica in corso...;Grafikák betöltése?Nahráván?grafiky...;;;;;;;
CREATING_THE_WORLD;Creating the World...;Création du monde victorien...;Die Welt wird erstellt ...;Tworzenie œwiata...;Creando el mundo...;Creazione mondo in corso...;Világ létrehozása?Vytváøen?svìta...;;;;;;;
CREATING_TREES;Creating Trees...;Création des arbres...;Baum-Sprites werden erstellt ...;Tworzenie drzew...;Creando arboles...;Creazione alberi in corso...;Fák létrehozása?Vytváøen?porost?..;;;;;;;
CREATING_BORDERS;Creating Borders...;Création des frontières...;Grenzen werden erstellt ...;Tworzenie granic...;Creando fronteras...;Creazione confini in corso...;Országhatárok létrehozása?Vytváøen?hranic...;;;;;;;
CREATING_RIVERS;Creating Rivers...;Création des fleuves...;Fluss-Sprites werden erstellt ...;Tworzenie rzek...;Creando rios...;Creazione fiumi in corso...;Folyók létrehozása?Vytváøen?øek...;;;;;;;
MAP_PROPERLY_INIT;Map Properly Initialised...;Initialisation de la carte réussie...;Karte korrekt initialisiert ...;Mapa uruchomiona prawid³owo...;Mapa inicializado con exito...;Mappa inizializzata correttamente...;A pálya betöltve?Mapa byla správn?inicializována...;;;;;;;
CREATING_PROVINCE;Creating Province #;Création de province #;Erstellung der Provinz#;Tworzenie prowincji;Creando provincia #;Creazione provincia # in corso...;Provincia létrehozása?Vytváøen?provincie #;;;;;;;
CREATING_TEXTS;Creating Texts....;Création des textes...;Texte werden erstellt ....;Tworzenie tekstów...;Creando textos....;Creazione testi in corso...;Szövegek létrehozása?Vytváøen?text?..;;;;;;;
LOAD_EVENTS;Loading Events...;Chargement des événements...;Ereignisse werden geladen ...;Wczytywanie zdarze?..;Cargando eventos...;Caricamento eventi in corso...;Események betöltése?Nahráván?událost?..;;;;;;;
ADAPTING_HISTORY;Adapting History...;Adaptation de l'Histoire...;Geschichte wird angepasst ...;Przystosowywanie historii...;Adaptando historia...;Adattamento storia in corso...;Történelmi fájlok betöltése?Adaptace historie...;;;;;;;
CALC_PATHS;Calculating paths...\nThis may take several minutes.;Calcul des chemins...\nCela peut prendre plusieurs minutes.;Pfade werden berechnet ...\nDies kann einige Minuten dauern.;Obliczanie œcie¿ek...\nTo mo¿e potrwa?kilka minut.;Calculando rutas...\nEsto puede llevar varios minutos.;Calcolo percorsi in corso... \nQuesta operazione potrebbe richiedere qualche minuto.;Útvonalak kiszámítása…\n Ez néhány percet is igénybe vehet?Výpoèet cest...\nTo m?e trvat nìkolik minut.;;;;;;;
FE_TOGGLE;Quick Start;Démarrage rapide;Schnellstart;;Inicio rápido;;;;;;;;;
FE_TOGGLE_NORMAL;Custom Start;Démarrage personnalis?Benutzerdefinierter Start;;Inicio personalizado;;;;;;;;;;
# Settings ;;;;;;;;;;;;;;
FE_SETTING_DIPLOMACY;Diplomacy;Diplomatie;Diplomatie;;Diplomacia;;;;;;;;;
FE_SETTING_PRODUCTION;Production;Production;Produktion;;Producción;;;;;;;;;
FE_SETTING_POLITICS;Politics;Politique;Politik;;Política;;;;;;;;;
FE_SETTING_INTEL;Intelligence;Espionnage;Geheimdienst;;Inteligencia;;;;;;;;;
FE_SETTING_TECHNOLOGY;Technology;Technologie;Technologie;;Tecnología;;;;;;;;;
FE_SETTING_UNITINTERFACE;Armies;Armées;Armeen;;Ejércitos;;;;;;;;;
DIFF_VERY_EASY;Very Easy;Très facile;Sehr leicht;;Muy fácil;;;;;;;;;
DIFF_EASY;Easy;Facile;Leicht;;Fácil;;;;;;;;;
DIFF_NORMAL;Normal;Normal;Normal;;Normal;;;;;;;;;
DIFF_HARD;Hard;Difficile;Schwer;;Difícil;;;;;;;;;
DIFF_VERY_HARD;Very Hard;Très difficile;Sehr schwer;;Muy difícil;;;;;;;;;
# Misc ;;;;;;;;;;;;;;
CORE_PAUSED;PAUSE;PAUSE;PAUSE;PAUZA;PAUSA;PAUSA;Szünet;PAUZA;;;;;;
SM_SETTINGS;Settings;Paramètres;Einstellungen;Ustawienia;Configuración;Impostazioni;Beállítások;Nastaven?;;;;;;
SM_GAME;Game;Jeu;Spiel;Gra;Juego;Partita;Játék;Hra;;;;;;
SM_VIDEO;Video;Affichage;Grafik;Grafika;Vídeo;Video;Vide?Grafika;;;;;;;
SM_AUDIO;Audio;Son;Sound;DŸwiêk;Sonido;Audio;Hangok;Zvuk;;;;;;
SM_CONTROLS;Controls;Commandes;Maus;Mysz;Controles;Comandi;Irányítás;Ovládán?;;;;;;
SM_MASTER_VOLUME;Master Volume;Volume principal;Hauptlautstärke;G³oœnoœæ ogólna;Volumen principal;Volume generale;Hanger?Celkov?hlasitost;;;;;;;
SM_EFFECT_VOLUME;Effect Volume;Volume des effets sonores;Soundeffektlautstärke;G³oœnoœæ efektów;Volumen de los efectos;Volume effetti;Effektek hangereje;Hlasitost zvukových efekt?;;;;;;
SM_MUSIC_VOLUME;Music Volume;Volume de la musique;Musiklautstärke;G³oœnoœæ muzyki;Volumen de la música;Volume musica;Zene hangereje;Hlasitost hudby;;;;;;
SM_SCROLL_SPEED;Scroll Speed;Vitesse de défilement;Scrollgeschwindigkeit;Prêdkoœæ przewijania;Velocidad de desplazamiento;Velocit?scorrimento;Görgetés sebessége;Rychlost posouván?;;;;;;
SM_ZOOM_SPEED;Zoom Speed;Vitesse du zoom;Zoomgeschwindigkeit;Prêdkoœæ skalowania;Velocidad de zoom;Velocit?zoom;Nagyítás sebessége;Rychlost zaostøován?;;;;;;
SM_MOUSE_SPEED;Mouse Speed;Vitesse de la souris;Mausgeschwindigkeit;Prêdkoœæ myszy;Velocidad del ratón;Velocit?mouse;Egér sebessége;Rychlost myši;;;;;;
SM_RESOLUTION;Resolution;Résolution;Auflösung;Rozdzielczoœæ;Resolución;Risoluzione;Felbontás;Rozlišen?;;;;;;
SM_REFRESH_RATE;Refresh Rate;Rafraîchissement;Bildwiederholrate;Prêdkoœæ odœwie¿ania;Tasa de actualización;Aggiornamento;Frissítési frekvencia;Obnovovac?frekvence;;;;;;
SM_GAMMA;Gamma;Gamma;Gamma;Gamma;Gamma;Gamma;Gamma;Jas (Gamma);;;;;;
SM_SHADOWS;Shadows;Ombres;Schatten;Cienie;Sombras;Ombre;Árnyékok;Stínován?;;;;;;
SM_TREES;Trees;Arbres;Bäume;Drzewa;Árboles;Alberi;Fák;Stromy;;;;;;
SM_DIFFICULTY;Difficulty;Difficult?Schwierigkeit;Trudnoœæ;Dificultad;Difficolt?Nehézség;Obt?nost;;;;;;;;
SM_AUTOSAVE_INTERVAL;Autosave Interval;Intervalle sauvegarde auto.;Intervall f. autom. Speichern ;Przedzia?autozapisu;Guardado automático;Intervallo autosalvataggio;Automentés idõköze;Interval automatického ukládán?;;;;;;
SM_APPLY;Apply;Appliquer;Anwenden;Zastosuj;Aplicar;Applicare;Alkalmaz;Použít;;;;;;
SM_BACK;Back;Retour;Zurück;Powrót;Atrás;Indietro;Vissza;Zpìt;;;;;;
SM_ALERT;Alert;Alerte;Benachrichtigung;Powiadomienie;Alerta;Avvertimento;Riad?Výstraha;;;;;;;
SM_RESTART;You need to restart for the change to take effect.;Vous devez redémarrer pour que la modification prenne effet.;Sie müssen den Rechner neu starten, damit die Änderung in Kraft treten kann.;Aby zmiany zosta³y zapisane, musisz ponownie uruchomi?gr?;Tendrás que reiniciar para que los cambios surtan efecto.;Per rendere attive le modifiche ?necessario riavviare.;Az érvénybeléptetéshez újra kell indítanod a programot.;Zmìny se uplatn?a?po restartu hry.;;;;;;
SM_WP;Error writing to the settings-file. Check that the file is not write protected and try again;Erreur lors de l'écriture du fichier de paramètres. Vérifiez qu'il n'est pas protég?et réessayez.;Fehler beim Schreiben der Einstellungsdatei. Prüfen Sie, ob die Datei schreibgeschützt ist und versuchen Sie es erneut;B³¹d podczas zapisu pliku ustawie? Sprawd? czy plik nie jest chroniony przed zapisem i spróbuj ponownie.;Error de escritura en el archivo de configuración. Comprueba que el archivo no est?protegido contra escritura e inténtalo de nuevo.;Errore di scrittura nel file delle impostazioni. Controllare che il file non sia protetto da scrittura e riprovare.;Hiba, nem sikerült írni a beállításat tartalmaz?fálba. Ellenõrizd, hogy a fájl nem írás;Chyba pøi zapisován?do souboru s nastavením. Ovìøte, zda soubor nen?chránìn pøed zápisem, a pokus opakujte.;;;;;;
FE_HOST;Host;Hôte;Host;Stwórz gr?;Anfitrión;Host;Hoszt;Hostitel;;;;;;
FE_JOIN_LAN_GAME;Join Lan Game;Rejoindre une partie LAN;LAN-Spiel beitreten;Do³¹cz do gry w sieci LAN.;Unirse a juego en LAN;Partecipare a partita LAN;Csatlakozás LAN játékhoz;Pøipojit se ke høe v síti LAN;;;;;;
FE_JOIN_INTERNET_GAME;Join Internet Game;Rejoindre une partie sur Internet;Internetspiel beitreten;Do³¹cz do gry internetowej.;Unirse a juego en Internet;Partecipare a partita Internet;Csatlakozás Internetes játékhoz;Pøipojit ke høe v Internetu;;;;;;
FE_SCAN;scan;Rechercher;SCAN;skanuj;exploración RAD;scansione;keresés;sken;;;;;;
FE_METASERVER;Metaserver;Métaserveur;Metaserver;Metaserwer;Metaserver;Metaserver;Köztes szerver;Primárn?server;;;;;;
FE_BACK;Back;Retour;Zurück;Powrót;Atrás;Indietro;Vissza;Zpìt;;;;;;
FE_PLAYER;Player;Joueur;Spieler;Gracz;Jugador;Giocatore;Játékos;Hráè;;;;;;
FE_PLAYER_NAME;Player name:;Nom du joueur :;Spielername:;Nazwa gracza:;Nick:;Nome giocatore:;Játékos név:;Jméno hráèe:;;;;;;
FE_SINGLE_PLAYER;Single Player;Solo;Einzelspieler;Gra pojedyncza;Un jugador;Giocatore singolo;Egyjátékos mód;Hra pro jednoho hráèe;;;;;;
FE_MULTI_PLAYER;Multi Player;Multijoueur;Multiplayer;Gra wieloosobowa;Multijugador;Multigiocatore;Többjátékos mód;Hra pro více hráè?;;;;;;
FE_OPTIONS;Options;Options;Optionen;Opcje;Opciones;Opzioni;Beállítások;Možnosti;;;;;;
FE_CREDITS;Credits;Crédits;Mitwirkende;Twórcy gry;Créditos;Riconoscimenti;Készítõk;Autoøi;;;;;;
FE_EXIT;Exit;Quitter;Beenden;Wyjœcie;Salir;Esci;Kilépés;Konec;;;;;;
FE_NATION_TO_PLAY;Click the nation you wish to play...;Cliquez sur la nation avec laquelle vous voulez jouer...;Klicken Sie auf das Land, das Sie spielen möchten;Kliknij pañstwo, którym chcesz w³ada?..;Haz clic en la nación con la que desees jugar...;Fare clic sulla nazione con cui si desidera giocare...;Kattints arra a nemzetre, amelyikkel játszani szeretnél;Klepnutím vyberte národ, za kter?chcete hrát...;;;;;;
FE_NEW_GAME;New Game;Nouvelle partie;Neues Spiel;Nowa gra;Nueva partida;Nuova partita;Új játék;Nov?hra;;;;;;
FE_SAVE_GAME;Save Games;Sauvegarder des parties;Spiele speichern;Zapisz gr?Guardar partida;Salva partite;Mentések;Uložit hry;;;;;;;
FE_HISTORICAL_START;Historical Start;Début historique;Histor. Start;Start historyczny;Inicio histórico;Avvio storico;Történelemhûség;Historick?zaèátek;;;;;;
FE_SAVED_GAMES;Saved Games;Parties sauvegardées;Spielstände;Zapisane gry;Part. guardadas;Partite salvate;Mentések;Uložen?hry;;;;;;
FE_SELECT_NATION;Click on the map to select a nation...;Cliquez sur la carte pour sélectionner une nation...;Klicke zur Auswahl eines Landes auf die Karte ?Kliknij pañstwo na mapie, aby je wybra?;Haz clic en el mapa para seleccionar una nación...;Fare clic sulla mappa per selezionare una nazione...;Kattints a térképre, hogy kiválassz egy nemzetet?Klepnutím na mapu vyberete národ...;;;;;;;;
FE_NO_COUNTRY_SELECTED;No country selected;Aucun pays sélectionn?Kein Land ausgewählt;Nie wybrano pañstwa;No se ha seleccionado país;Nessun paese selezionato;Nincs ország kijelölve.;Nebyla vybrána žádn?zem?;;;;;;;
FE_MILITARY;Military;Militaire;Militär;Wojsko;Militar;Militare;Hadsereg;Vojenstv?;;;;;;
FE_ECONOMY;Economy;Économie;Wirtschaft;Ekonomia;Economía;Economia;Gazdaság;Ekonomika;;;;;;
FE_DIPLOMACY;Diplomacy;Diplomatie;Diplomatie;Dyplomacja;Diplomacia;Diplomazia;Diplomácia;Diplomacie;;;;;;
FE_DIFFICULTY;Difficulty:;Difficult?:;Schwierigkeit:;Trudnoœæ:;Dificultad;Difficolt?;Nehézség:;Obt?nost:;;;;;;
FE_AT_WAR;At war:;En guerre :;Im Krieg:;W stanie wojny:;En guerra:;In guerra:;Háborúban:;Ve válce:;;;;;;
FE_ALLIES;Allies:;Alliés :;Bündnispartner:;Sojusze:;Aliados:;Alleati:;Szövetségesek:;Spojenci:;;;;;;
FE_LOAD;LOAD;CHARGER;LADEN;WCZYTAJ;CARGAR;CARICARE;BETÖLTÉS;NAHRÁT;;;;;;
FE_BOOKEDMARKED;Bookmarked dates:;Dates ayant un signet :;Markierte Daten:;Oznaczone daty:;Fechas señaladas:;Date importanti:;Mentett idõpontok;Oznaèen?data:;;;;;;
FE_STARTING_DATE;Starting Date;Date de début;Startdatum;Data pocz¹tkowa;Fecha de inicio;Data di inizio;Kezdés dátuma;Datum startu;;;;;;
FE_BOOKMARK_TITLE;Bookmark Title;Titre du signet;Titelmarkierung;Tytu?zak³adki;Señalar título;Titolo data importante;Könyvjelz?neve;Titul záložky;;;;;;
FE_BOOKMARK_DATE;Bookmark date;Appliquer un signet ?la date;Datumsmarkierung;Data zak³adki;Señalar fecha;Data importante;Könyvjelz?dátuma;Datum záložky;;;;;;
FE_LOCAL_GAMES;local games;parties locales;lokale Spiele;gry lokalne;Partidas locales;partite in locale;helyi játékok;místn?hry;;;;;;
FE_MY_GAME;My Game;Ma partie;Mein Spiel;Moja gra;Mi partida;Partita personale;Saját játék;M?hra;;;;;;
FE_CANCEL;Cancel;Annuler;Abbrechen;Anuluj;Cancelar;Annullare;Mégse;Zrušit;;;;;;
PLAYER_LOST_TITLE;Player disconnected.;Joueur déconnect?;Verbindung zum Spieler getrennt.;Gracz niedostêpny;Jugador desconectado.;Giocatore disconnesso.;Játékos lekapcsoldódott;Hráè byl odpojen.;;;;;;
PLAYER_LOST_DESC;Player(s) $playername$ disconnected. Choose your action.;Joueur(s) $playername$ déconnect?s). Choisissez votre action.;Verbindung der/des Spieler/s $playername$ getrennt.;Gracz(e) $playername$ niedostêpny(-ni). Wybierz opcj?;Jugador(s) $playername$ desconectado. Escoge una acción.;Giocatore/i $playername$ disconnesso/i. Cosa intendi fare?;$playername$ játékos lekapcsolódott. Válassz valamit.;Hráè $playername$ byl odpojen. Vyberte akci.;;;;;;
SERVER_LOST_TITLE;Server Lost!;Connexion perdue avec le serveur !;Verbindung zum Server verloren;Serwer niedostêpny!;¡Servidor perdido!;Server scollegato!;A szerverkapcsolat megszakadt!;Server ztracen!;;;;;;
REMOVE_SERVER_LOST_DESC;The server was lost. The game will end.;La connexion avec le serveur a ét?perdue. La partie va se terminer.;Die Verbindung zum Server wurde getrennt. Das Spiel wird beendet.;Serwer jest niedostêpny. Nast¹pi koniec gry.;Se ha perdido el servidor. La partida finalizar?;Il server non ?pi?collegato. La partita verr?terminata.;A szerverkapcsolat megszakadt. Véget ért a játék.;Server byl ztracen. Hra skonèí.;;;;;;
OK;Ok;D'accord;Ok;OK;Aceptar;Ok;Rendben;Ok;;;;;;
CANCEL;Cancel;Annuler;Abbrechen;Anuluj;Cancelar;Annullare;Mégsem;Zrušit;;;;;;
SAVE;Save;Sauvegarder;Speichern;Zapisz;Guardar;Salvare;Mentés;Uložit;;;;;;
QUIT;Quit;Quitter;Beenden;Wyjd?Salir;Uscire;Kilépés;Konec;;;;;;;
START;Start;Commencer;Start;Rozpocznij;Inicio;Avviare;Indítás;Spustit;;;;;;
CONTINUE;Continue;Continuer;Fortfahren;Kontynuuj;Continuar;Continuare;Folytatás;Pokraèovat;;;;;;
CONNECTED;Connected.;Connect?;Verbindung aktiv.;Po³¹czony.;Conectado.;Connesso.;Kapcsolódva.;Pøipojeno.;;;;;;
NAME_TAKEN;Your name is taken. Please leave and select another.;Votre nom est déj?utilis? Veuillez quitter et en choisir un autre.;Dieser Name ist bereits vergeben. Bitte beenden Sie und wählen einen anderen Namen.;Nazwa jest ju?zajêta. Wybierz inn?;El nombre elegido ya est?en uso. Por favor, sal y selecciona otro.;Nome esistente. Uscire e selezionare un altro nome.;Ezt a nevet már használják. Kérlek, válassz másikat.;Toto jméno nen?k dispozici. Vyberte si jin?jméno.;;;;;;
CONNECTING;Connecting...;Connexion en cours...;Verbindung wird hergestellt ?Trwa ³¹czenie...;Conectando...;Connessione in corso...;Kapcsolódás?Pøipojen?;;;;;;;;
BANNED;You have been banned from this game;Vous avez ét?exclu de cette partie.;Sie wurden von diesem Spiel ausgeschlossen;Masz zakaz uczestnictwa w tej grze.;Has sido vetado para esta partida;Sei stato espulso dalla partita.;Ki vagy tiltva ebbõl a játékból;Byl vám zakázán pøístup k této høe;;;;;;
CONNECTION_FAILED;Connection failed!;La connexion a échou?!;Verbindungsherstellung fehlgeschlagen!;Nie uda³o si?po³¹czy?;¡Fallo de conexión!;Connessione non riuscita!;Kapcsolódás sikertelen!;Pøipojen?se nezdaøilo!;;;;;;
GAME_NOT_FOUND;Game not found.;Partie introuvable.;Spiel nicht gefunden.;Nie znaleziono gry.;No se ha encontrado la partida.;Partita non rilevata.;Játék nem találhat?Hra nebyla nalezena.;;;;;;;
WAITING_FOR_PLAYERS;Waiting for players...;En attente de joueurs...;Warte auf Spieler ...;Oczekiwanie na graczy...;Esperando jugadores...;In attesa di altri giocatori...;Várakozás a játékosokra?Èekám na hráèe...;;;;;;;
ALL_PLAYERS_HERE;All players here.;Tous les joueurs sont présents.;Alle Spieler anwesend.;Wszyscy gracze obecni.;Todos los jugadores presentes.;Tutti i giocatori sono presenti.;Minden játékos jelen van.;Všichni hráèi jsou zde.;;;;;;
LOOKING_FOR_HOST;Looking for host...;Recherche de l'hôte...;Suche nach Host ...;Trwa poszukiwanie gospodarza...;Buscando anfitrión...;Ricerca host in corso...;Kiszolgál?keresése?Hledán?hostitele...;;;;;;;
LOST_PLAYER;A player was lost...;Un joueur a ét?perdu...;Die Verbindung eines Spielers wurde getrennt ...;Gracz jest niedostêpny...;Se ha perdido un jugador...;Un giocatore ?stato perduto...;Egy játékos eltûnt?Hráè byl ztracen...;;;;;;;
SERVER_LOST;The server was lost.;La connexion avec le serveur a ét?perdue.;Die Serververbindung wurde getrennt.;Serwer jest niedostêpny.;Se ha perdido el servidor.;Il server non ?pi?collegato.;A kapcsolat a szerverrel megszakadt.;Server byl ztracen.;;;;;;
JOIN_IP_TITLE;Enter IP address...;Entrez l'adresse IP...;IP-Adresse eingeben ?Wprowad?adres IP...;Introduce la dirección IP...;Immettere un indirizzo IP...;Írd be az IP címet:;Zadejte adresu IP...;;;;;;;
HOST_TITLE;Enter the name of your game...;Entrez le nom de votre partie...;Geben Sie den Namen Ihres Spiels ein...;Wprowad?nazw?gry...;Introduce el nombre de tu partida...;Immettere il nome della partita...;Írd be a játék nevét?Zadejte název sv?hry...;;;;;;;
HOST_BUTTON;Host;Hôte;Host;Stwórz gr?;Anfitrión;Host;Kiszolgál?Hostitel;;;;;;;
JOIN_BUTTON;Join;Rejoindre;Beitreten;Do³¹cz;Unirse;Partecipare;Csatlakozás;Pøipojit;;;;;;
LOG_SETTING_LOG;Display in log.;Afficher dans l'historique.;Im Log anzeigen.;Poka?w dzienniku.;Mostrar en el registro.;Visualizzare nella cronologia.;Naplózás megjelenítése;Zobrazit v protokolu.;;;;;;
LOG_SETTING_POPUP;Open popup window.;Ouvrir une fenêtre de popup.;Popup-Fenster aufrufen.;Otwórz okno.;Abrir ventana emergente.;Aprire una finestra popup.;Felugr?ablak megnyitása;Zobrazit rozevírac?okno.;;;;;;
LOG_SETTING_MAP;Show on map.;Afficher sur la carte.;Auf Karte zeigen.;Poka?na mapie.;Mostrar sobre el mapa.;Visualizzare sulla mappa.;Térképen val?jelölés;Zobrazit na map?;;;;;;
LOG_SETTING_IDLE;Display as Idle message.;Afficher en tant que message inactif.;Als Idle-Nachricht anzeigen.;Wyœwietl jako wiadomoœæ nieaktywn?;Mostrar como mensaje secundario.;Visualizzare come messaggio inattivo.;Üresjárati üzenetként val?megjelenítés;Zobrazit jako zprávu o neèinnosti.;;;;;;
QUIT_TITLE;Quit Game;Quitter le jeu;Spiel beenden;Wyjd?z gry;Abandonar el juego;Uscire dal gioco;Kilépés;Ukonèit hru;;;;;;
QUIT_DESC;Are you sure you want to quit and return to desktop?;Êtes-vous sûr de vouloir quitter le jeu pour revenir au bureau ?;Möchten Sie das Spiel wirklich beenden und zum Desktop zurückkehren?;Czy na pewno chcesz wyjœæ z gry do Windows?;¿Estás seguro de que deseas abandonar y volver al escritorio?;Uscire e tornare al desktop?;Biztos vagy benne, hogy ki szeretnél lépni a játékból?;Opravdu chcete ukonèit hru?;;;;;;
ZOOM_IN;Zoom in;Zoom avant;Vergrößern.;Powiêksz;Acerca el zoom;Ingrandire.;Közelítés;Zaostøit nablízko.;;;;;;
ZOOM_OUT;Zoom out;Zoom arrière;Verkleinern.;Pomniejsz;Aleja el zoom;Rimpicciolire.;Távolítás;Zaostøit na dálku.;;;;;;
RESIGN_TITLE;Resign Game;Abandonner la partie;Spiel aufgeben;Zakoñcz gr?Renunciar a partida;Abbandonare la partita;Játék feladása;Odstoupit ze hry;;;;;;;
RESIGN_DESC;Are you sure you want to resign and return to the main menu?;Êtes-vous sûr de vouloir abandonner pour revenir au menu principal ?;Möchten Sie aufgeben und zum Hauptmen?zurückkehren?;Czy naprawd?chcesz skoñczy?gr?i wróci?do menu g³ównego?;¿Estás seguro de que deseas renunciar a esta partida y volver al men?principal?;Abbandonare la partita e tornare al menu principale?;Biztos vagy benne, hogy feladod, és visszatérsz a fõmenübe?;Opravdu chcete ukonèit hru a vrátit se do hlavn?nabídky?;;;;;;
SCAN;Scan;Rechercher;Scan;Skanuj;Buscar;Scansione;Keres;Skenován?;;;;;;
STOP_SCAN;Stop Scan;Arrêter la recherche;Scan beenden;Przerwij skanowanie;Detener ;Interrompere scansione;Keresés megállítása;Zastavit skenován?;;;;;;
TIP_KICK;Kick player;Expulser le joueur;Spieler entfernen;Wyrzu?gracza;Expulsar jugador;Espelli giocatore;Játékos kirúgása;Vylouèit hráèe;;;;;;
TIP_BAN;Ban player for the duration of this session;Exclure le joueur pour la durée de cette session;Spieler für die Dauer dieser Session ausschließen;Zabro?graczowi uczestnictwa w grze na czas trwania tej sesji.;Vetar al jugador durante el resto de la sesión.;Bandisci il giocatore fino al termine della sessione;Játékos kitiltása egy ideig ebbõl a játékból;Zakázat hráèi pøístup po zbytek relace;;;;;;
PLAYER_KICKED;$NAME$ was kicked by the host.;$NAME$ a ét?expuls?par l'hôte.;$NAME$ wurde vom Host hinausgeworfen.;$NAME$ zosta?usuniêty z gry przez gospodarza.;$NAME$ fue expulsado por el anfitrión.;Il giocatore $NAME$ ?stato espulso dall'host.;$NAME$-t kirúgta a hoszt.;$NAME$ byl hostitelem vylouèen.;;;;;;
PLAYER_BANNED;$NAME$ was banned by the host.;$NAME$ a ét?exclu par l'hôte.;$NAME$ wurde vom Host ausgeschlossen.;$NAME$ zosta?zablokowany przez gospodarza.;$NAME$ fue vetado por el anfitrión.;Il giocatore $NAME$ ?stato bandito dall'host.;$NAME$-t bannolta a hoszt.;$NAME$ byl hostitelem potrestán.;;;;;;
YOUKICKED;You were kicked by the host for your evil deeds!;Votre mauvais comportement vous a valu de vous faire expulser par l'hôte !;Sie wurden vom Host hinausgeworfen!;Za swoje nikczemne czyny zosta³e?usuniêty z gry przez gospodarza!;¡El anfitrión te ha vetado por tu mal comportamiento!;Sei stato espulso dall'host per il tuo comportamento scorretto!;Ördögi cselekedeteid miatt kirúgott a hoszt!;Byli jste ze hry vylouèeni hostitelem!;;;;;;
BAD_VERSION;The host has another version of the game!;L'hôte possède une autre version du jeu !;Der Host hat eine andere Spielversion!;Gospodarz ma inn?wersj?gry!;¡El anfitrión tiene otra versión del juego!;L'host ha una versione diversa del gioco!;A hosztnak más a játékverziója.;Hostitel použív?jinou verzi hry!;;;;;;
JOINED_CHANNEL;Joined channel $CHAN$.;Canal $CHAN$ rejoint.;Kanal $CHAN$ beigetreten.;Do³¹czy?do kana³u $CHAN$.;Te has unido al canal $CHAN$.;Partecipa al canale $CHAN$.;Csatlakoztál a szobához: $CHAN$.;Pøipojili jste se ke kanálu $CHAN$.;;;;;;
USER_JOINED_CHANNEL;$NAME$ joined the channel.;$NAME$ a rejoint le canal.;$NAME$ ist dem Kanal beigetreten.;Gracz $NAME$ do³¹czy?do kana³u.;$NAME$ se uni?al canal.;Il giocatore $NAME$ partecipa al canale.;$NAME$ csatlakozott a szobához.;$NAME$ se pøipojil ke kanálu.;;;;;;
USER_LEFT_CHANNEL;$NAME$ left the channel.;$NAME$ a quitt?le canal.;$NAME$ hat den Kanal verlassen.;$NAME$ opuœci?kana?;$NAME$ abandon?canal.;Il giocatore $NAME$ ha lasciato il canale.;$NAME$ elhagyta a szobát.;$NAME$ opustil kanál.;;;;;;
METASERVER_GAME_INFO;Creator: $CREATOR$ \n Date: $DATE$;Créateur : $CREATOR$ \nDate : $DATE$;Ersteller: $CREATOR$ \n Datum: $DATE$;Twórca: $CREATOR$ \n Dane: $DATE$;Creador: $CREATOR$ \n Fecha: $DATE$;Creatore: $CREATOR$ \n Data: $DATE$;Tulajdonos: $CREATOR$ \n Dátum: $DATE$;Tvùrce: $CREATOR$ \n Datum: $DATE$;;;;;;
MENU_BAR_SAVE_GAME;Save Game;Sauvegarder;Spiel speichern;Zapisz gr?Guardar partida;Salva partita;Mentés;Uložit hru;;;;;;;
MENU_BAR_GAME_OPTIONS;Game Options;Options de jeu;Spieloptionen;Opcje gry;Opciones del juego;Opzioni di gioco;Beállítások;Hern?nastaven?;;;;;;
MENU_BAR_GAME_RESIGN;Resign;Abandonner;Partie beenden;Zrezygnuj;Renunciar;Abbandona;Feladás;Rezignovat;;;;;;
MENU_BAR_MESSAGE_SETTINGS;Message Settings;Paramètres de messages;Nachrichten-Einstellungen;Ustawienia wiadomoœci;Configuración de los mensajes;Impostazione dei messaggi;Üzenetek beállításai;Nastaven?zpráv;;;;;;
MENU_BAR_QUIT;Quit;Quitter;Beenden;Wyjœcie;Salir;Uscire;Kilépés;Konec;;;;;;
MENU_BAR_CLOSE;Close;Fermer;Schließen;Zamknij;Cerrar;Chiudere;Bezárás;Zavøít;;;;;;
MENU_BAR_SAVE;Save;Sauvegarder;Speichern;Zapisz;Guardar;Salvare;Mentés;Uložit;;;;;;
MENU_BAR_SAVE_GAME_FILENAME;Saved game filename:;Nom de la partie sauvegardée :;Dateinamen speichern:;Nazwa zapisanego pliku:;Nombre de partida guardada:;Nome file salvataggio:;Mentés fájlneve:;Název uložen?hry:;;;;;;
CHAT_ALLIES;Allies;Alliés;Verbündete;Sojusz.;Aliados;Alleati;Szövetségesek;Spojenci;;;;;;
CHAT_FOES;Foes;Ennemis;Feinde;Wrog.;Enemigos;Nemici;Ellenségek;Nepøátel?;;;;;;
CHAT_ALL;All;Tous;Alle;Wszyscy;Todos;Tutti;Mindenki;Všichni;;;;;;
CHATMESSAGE_SETUP;When you receive a chat message;Si vous recevez un message de chat;Wenn Sie eine Nachricht im Chat erhalten;Kiedy otrzymujesz wiadomoœæ;Cuando recibes un mensaje de diálogo;Quando ricevi un messaggio chat;Ha üzenetet kapsz;Kdy?obdržíte zprávu;;;;;;
CHATMESSAGE_HEADER;Chat message;Message de chat;Nachricht im Chat;Wiadomoœæ;Mensaje de diálogo;Messaggio chat;Csevejüzenet;Zpráva;;;;;;
CHATMESSAGE_1;Incoming communication,;Communication entrante,;Kommunikationseingang;Przychodz¹ca wiadomoœæ;Comunicación entrante,;Comunicazione in arrivo,;Bejöv?üzenet;Pøíchoz?rozhovor,;;;;;;
CHATMESSAGE_2;$TEXT$;$TEXT$;*;$TEXT$;$TEXT$;$TEXT$;$TEXT$;$TEXT$;;;;;;
CHATMESSAGE_3;*;*;$TEXT$;*;*;*;*;;;;;;;
CHATMESSAGE_4;*;*;*;*;*;*;*;;;;;;;
CHATMESSAGE_5;*;*;*;*;*;*;*;;;;;;;
CHATMESSAGE_6;*;*;*;*;*;*;*;;;;;;;
CHATMESSAGE_LOG;$TEXT$;$TEXT$;$TEXT$;$TEXT$;$TEXT$;$TEXT$;$TEXT$;$TEXT$;;;;;;
CHATMESSAGE_BTN1;OK;D'accord;OK;OK;OK;Aceptar;OK;Rendben;OK;;;;;
CHATMESSAGE_BTN2;OK;D'accord;OK;OK;OK;Aceptar;OK;Rendben;OK;;;;;
CHATMESSAGE_BTN3;Goto;Voir;Goto;Id?do;Ir all?Andare;Ugrás;Pøejít na;;;;;;;
CHATMESSAGE_MAP;*;*;*;*;*;*;*;;;;;;;
# Meta Server;;;;;;;;;;;;;;
MS_USERNAME;Username:;Nom d'utilisateur :;Benutzername:;Nazwa u¿ytkownika;Nombre de usuario:;Nome utente:;Felhasználói név:;Jméno uživatele:;;;;;;
MS_PASSWORD;Password:;Mot de passe :;Kennwort:;Has³o;Contraseña:;Password:;Jelsz?;Heslo:;;;;;;
MS_CREATE_GAME;Create Game;Créer une partie;Spiel erstellen;Stwórz gr?Crear juego;Creare partita;Új játék;Vytvoøit hru;;;;;;;
MS_NAME;Name:;Nom :;Name:;Nazwa:;Nombre:;Nome:;Név;Jméno:;;;;;;
MS_USE_PASSWORD;Use Password;Utiliser un mot de passe;Kennwort benutzen;U¿yj has³a;Usar contraseña;Usare password;Jelsz?használata;Použít heslo;;;;;;
MS_JOIN_GAME;Join Game;Rejoindre la partie;Spiel beitreten;Do³¹cz do gry;Unirse al juego;Partecipare alla partita;Csatlakozás sikertelen;Pøipojit ke høe;;;;;;
MS_PASSWD;Password;Mot de passe;Kennwort;Has³o;Contraseña;Password;Jelsz?Heslo;;;;;;;
MS_ALERT;Alert;Alerte;Benachrichtigung;Powiadomienie;Alerta;Avvertimento;Riad?Výstraha;;;;;;;
MS_CONNECTION_FAILED;Connection failed!;La connexion a échou?!;Verbindung nicht zustande gekommen!;Nie uda³o si?po³¹czy?;¡Fallo de conexión!;Connessione non riuscita!;Csatlakozás sikertelen;Pøipojen?se nezdaøilo!;;;;;;
MS_CHANNELS;Channels;Canaux;Kanäle;Kana³y;Canales;Canali;Csatornák;Kanály;;;;;;
MS_METASERVER_LOGIN;Metaserver Login;Se connecter au métaserveur;Metaserver-Login;Login metaserwera;Inicio de sesión en Metaserver;Login metaserver;Köztes szerver bejelentkezés;Pøihl?en?k primárnímu serveru;;;;;;
MS_JOINGAME;Join Game;Rejoindre la partie;Spiel beitreten;Do³¹cz do gry;Unirse al juego;Partecipare alla partita;Csatlakozás;Pøipojit ke høe;;;;;;
MS_REFRESH;Refresh;Actualiser;Aktualisieren;Odœwie?Actualizar;Aggiornare;Frissítés;Aktualizovat;;;;;;;
MS_START;Start;Commencer;Start;Start;Inicio;Avviare;Start;Spustit;;;;;;
MS_BACK;Back;Retour;Zurück;Powrót;Atrás;Indietro;Vissza;Zpìt;;;;;;
MS_JOIN;Join;Rejoindre;Beitreten;Do³¹cz;Unirse;Partecipare;Csatlakozás;Pøipojit;;;;;;
MS_JOIN_CHANNEL;Join Channel;Rejoindre le canal;Kanal beitreten;Do³¹cz do kana³u;Unirse a un canal;Partecipare al canale;Csatlakozás a csatornához;Pøipojit ke kanálu;;;;;;
MS_LOGIN;Login;Se connecter;Anmelden;Login;Inicio de sesión;Login;Bejelentkezés;Pøihlásit;;;;;;
MS_CREATE;Create;Créer;Erstellen;Stwórz;Crear;Creare;Új játék;Vytvoøit;;;;;;
MS_GAMES;Games;Parties;Spiele;Gry;Juegos;Partite;Játék;Hry;;;;;;
MS_INFORMATION;Information;Informations;Information;Informacje;La información;Informazioni;Informáci?Informace;;;;;;;
MS_CHAT;Chat;Chat;Chat;Chat;Diálogo;Chat;Csevej;Konverzace;;;;;;
MS_CHANNEL_PLAYER;#Channelname/Playerlist;#Channelname/Playerlist;#Kanalname/Spielerliste;#Nazwa kana³u/Lista graczy;#Nombre de canal/Lista de jugadores;#Nome canale/elenco giocatori;#csatornanév/játékoslista;#Název kanálu/Seznam hráè?;;;;;;
MS_CONNECTION_LOST;Connection Lost.;Connexion perdue.;Verbindung getrennt.;Po³¹czenie zerwane.;Conexión perdida.;Connessione interrotta.;A kapcsolat megszakadt;Pøipojen?pøerušeno.;;;;;;
PAUSE_RESUME;Resume;Reprise;Weiter;;Reanudar;;;;;;;;;
MESSAGECAT_COMBAT;Combat Messages;Messages relatifs au combat;Gefechtsnachrichten;;Mensajes de combate;;;;;;;;;
MESSAGECAT_DIPLOMACY;Diplomatic Messages;Messages relatifs ?la diplomatie;Diplomatische Nachrichten;;Mensajes diplomáticos;;;;;;;;;
MESSAGECAT_UNITS;Unit Messages;Messages relatifs aux unités;Einheiten-Nachrichten;;Mensajes de unidades;;;;;;;;;
MESSAGECAT_PROVS;Province Messages;Messages relatifs aux provinces;Provinznachrichten;;Mensajes de provincias;;;;;;;;;
MESSAGECAT_EVENTS;Event Messages;Messages relatifs aux événements;Ereignisnachrichten;;Mensajes de sucesos;;;;;;;;;
MESSAGECAT_OTHERS;Other Messages;Autres messages;Andere Nachrichten;;Otros mensajes;;;;;;;;;
MESSAGECAT_ALL;All Messages;Tous les messages;Alle Nachrichten;;Todos los mensajes;;;;;;;;;
MS_PASS;Password:;Mot de passe :;Passwort:;;Contraseña:;;;;;;;;;
MS_NOT_CONNECTED;Not connected;Pas de connexion;Nicht verbunden;;Sin conexión;;;;;;;;;
MS_CONNECTING;Connecting...;Connexion en cours...;Verbinden ...;;Conectando...;;;;;;;;;
MS_FAILED;Connection failed;Échec de la connexion;Verbindung fehlgeschlagen;;Fallo de conexión;;;;;;;;;
MS_CANCEL;Cancel;Annuler;Abbrechen;;Cancelar;;;;;;;;;
MS_CONNECT;Connect;Se connecter;Verbinden;;Conectar;;;;;;;;;
MS_EMPTY_USERNAME;You must enter a username!;Vous devez entrer un nom d'utilisateur !;Sie müssen einen Benutzernamen angeben!;;¡Tienes que introducir un nombre de usuario!;;;;;;;;;
MS_LOGGED_AS;Logged in as:;Connexion :;Angemeldet als:;;Sesión iniciada como:;;;;;;;;;
MS_CREDITS;Available Credits:;Crédits disponibles :;Verfügbare Credits:;;Créditos disponibles:;;;;;;;;;
MS_MY_ITEMS;My Items;Mes éléments;Meine Gegenstände:;;Mis artículos;;;;;;;;;
MS_CLOSE;Close;Fermer;Schließen ;;Cerrar;;;;;;;;;
MS_PURCHASE_BONUS_CONTENT;Purchase Bonus Content;Acheter contenu bonus;Bonus-Content kaufen;;Comprar contenido de bonificación;;;;;;;;;
MS_DOWNLOAD;Download;Télécharger;Download;;Descargar;;;;;;;;;
MS_INSTALL;Install;Installer;Installieren;;Instalar;;;;;;;;;
MS_BUY_ITEM;Buy Item;Acheter l'élément;Gegenstand kaufen;;Comprar artículo;;;;;;;;;
ME_ERROR;Error: ;Erreur : ;Fehler: ;;Error: ;;;;;;;;;
ME_STATUS_OK;Status Ok;Statut OK;Status OK;;Estado OK;;;;;;;;;
GGCOINS_ERR_NO_MEM;Memory allocation error;Erreur d'allocation de mémoire;Speicherzuweisungsfehler;;Error de asignación de memoria;;;;;;;;;
GGCOINS_ERR_NET;Network Error;Erreur de réseau;Netzwerkfehler;;Error en la red;;;;;;;;;
GGCOINS_ERR_HANDSHAKE;Connection error - Please check your firewall settings;Erreur de connexion - Veuillez vérifier les paramètres du pare-feu.;Verbindungsfehler - Bitte prüfen Sie Ihre Firewall-Einstellungen;;Error de conexión. Comprueba los ajustes de tu firewall.;;;;;;;;;
GGCOINS_ERR_INVALID_RESPONSE;Wrong combination of username and password;Mauvaise combinaison de nom d'utilisateur/mot de passe;Falsche Kombination von Benutzername und Passwort;;Combinación errónea de nombre de usuario y contraseña;;;;;;;;;
GGCOINS_ERR_NOT_SIGNED_IN;Not logged in;Pas de connexion;Nicht angemeldet;;No se ha iniciado sesión;;;;;;;;;
GGCOINS_ERR_NOT_FOUND;Item not found;Élément introuvable;Gegenstand nicht gefunden;;Artículo no encontrado;;;;;;;;;
GGCOINS_ERR_PRICE_INCREASED;Price is increased, please update your list;Le prix a augment? veuillez mettre votre liste ?jour.;Preis wurde erhöht, bitte aktualisieren Sie Ihre Liste;;El precio ha aumentado, por favor, actualiza la lista;;;;;;;;;
GGCOINS_ERR_OUT_OF_CREDITS;You do not have enough coins.;Vous n'avez pas assez de pièces.;Sie haben nicht genug Geld.;;No tienes monedas suficientes.;;;;;;;;;
GGCOINS_ERR_DUPLICATE;You already own this item;Cet élément vous appartient déj?;Sie besitzen diesen Gegenstand schon;;Ya posees este artículo;;;;;;;;;
ME_PURCHASE_SUCCESSFUL;Purchase Successful! Look under owned items tab to install.;Achat réussi ! Consultez l'onglet relatif aux éléments vous appartenant pour l'installer.;Kauf erfolgreich getätigt! Schauen Sie zur Installierung in den Reiter mit Ihren Gegenständen.;;¡Compra con éxito! Comprueba la pestaña de objetos en propiedad para instalar.;;;;;;;;;
ME_BUY_ITEM;Buy Item;Acheter l'élément;Gegenstand kaufen;;Comprar artículo;;;;;;;;;
ME_BUY_ITEM_DESC;Are you sure you wish to buy §Y$NAME$§W for §Y$CREDITS$§W Coins? This cannot be undone.;Êtes-vous sûr de vouloir acheter §Y$NAME$§W pour §Y$CREDITS$§W pièces ? Cette action est irréversible.;Sind Sie sicher, §Y$NAME$§W für §Y$CREDITS$§W Münzen kaufen zu wollen? Diese Handlung kann nicht rückgängig gemacht werden.;;¿Seguro que quieres comprar §Y$NAME$§W por §Y$CREDITS$§W monedas? No podrás dar marcha atrás.;;;;;;;;;
MS_AVAILABLE_ITEMS;Available Items;Éléments disponibles;Verfügbare Gegenstände;;Artículos disponibles;;;;;;;;;
MESSAGESETTINGS_ALL;All;Tous;Alles;;Todos;;;;;;;;;
MESSAGESETTINGS_COMBAT;Combat;Combat;Kampf;;Combate;;;;;;;;;
MESSAGESETTINGS_DIPLOMACY;Diplomacy;Diplomatie;Diplomatie;;Diplomacia;;;;;;;;;
MESSAGESETTINGS_UNITS;Units;Unités;Einheiten;;Unidades;;;;;;;;;
MESSAGESETTINGS_PROVINCES;Provinces;Provinces;Provinzen;;Provincias;;;;;;;;;
MESSAGESETTINGS_EVENTS;Events;Événements;Ereignisse;;Sucesos;;;;;;;;;
MESSAGESETTINGS_OTHER;Other;Autres;Anderes;;Otros;;;;;;;;;
ME_CLICK_BUY;Click here to purchase this item using your blue coins;Cliquez ici pour acheter cet élément avec vos pièces bleues.;Klicken Sie hier, um diesen Gegenstand mit Ihren blauen Münzen zu kaufen;;Haz clic aqu?para comprar este artículo con tus monedas azules;;;;;;;;;
ME_DOWNLOAD;Click here to download your item;Cliquez ici pour télécharger votre élément.;Klicken Sie hier, um Ihren Gegenstand zu downloaden.;;Haz clic aqu?para descargar tu artículo;;;;;;;;;
ME_DOWNLOAD_ERROR;Download Error!;Erreur de téléchargement !;Fehler beim Downloaden!;;¡Error en la descarga!;;;;;;;;;
ME_INSTALL;Click here to install your item. Restart might be required for installation to take effect.;Cliquez ici pour installer votre élément. Un redémarrage peut être nécessaire pour que l'installation prenne effet.;Klicken Sie hier, um Ihren Gegenstand zu installieren. Ein Neustart mag vonnöten sein, um die Installation zu aktivieren.;;Haz clic aqu?para instalar tu artículo Puede que sea necesario reiniciar para que culmine la instalación.;;;;;;;;;
ME_BAD_VERSION;This coin is for a higher version of the game, you need at least version $NUMBER$.;Cette pièce est réservée ?une version supérieure du jeu, vous devez disposer au minimum de la version $NUMBER$.;Diese Münze ist für eine höhere Spielversion. Sie brauchen mindestens Version $NUMBER$.;;Esta moneda es para una versión superior del juego, necesitas al menos la versión $NUMBER$.;;;;;;;;;
ME_NO_FILE;This item does not have a file;Aucun fichier n'est associ??cet élément.;Dieser Gegenstand hat keine Datei;;Este artículo no tiene archivo;;;;;;;;;
ME_INSTALL_SUCCESS;Installation Successful!;Installation réussie !;Installation erfolgreich!;;¡Éxito en la instalación!;;;;;;;;;
ME_INSTALL_FAIL;Installation failed!;Échec de l'installation !;Installation fehlgeschlagen!;;¡Instalación fallida!;;;;;;;;;
MESSAGE_IS_PAUSE;This message type $TRUTH$ currently displayed as a popup and will pause the game.;Ce type de message $TRUTH$ affich?actuellement sous forme de popup et va mettre le jeu en pause.;Dieser Meldungstyp wird momentan $TRUTH$ als Popup angezeigt und pausiert das Spiel.;;Este tipo de mensaje actualmente $TRUTH$ representado como una ventana emergente y pondr?el juego en pausa.;;;;;;;;;
MICRO_ERROR_TITLE;Error!;Erreur !;Fehler!;;¡Error!;;;;;;;;;
MICRO_ERROR_DESC;Failed to open ggcoins.dll. Make sure this file is present or reinstall game.;Ouverture de ggcoins.dll impossible. Vérifiez que ce fichier est présent ou réinstallez le jeu.;ggcoins.dll konnte nicht geöffnet werden. Prüfen Sie, ob diese Datei vorliegt oder installieren Sie das Spiel neu.;;No se pudo abrir ggcoins.dll. Asegúrate de que el archivo existe o reinstala el juego.;;;;;;;;;
VERY_EASY;Very Easy;Très facile;Sehr einfach;Bardzo ³atwa;Muy fácil;Molto facile;Nagyon könny?Velmi snadn?;;;;;;;
EASY;Easy;Facile;Einfach;^atwa;Fácil;Facile;Könny?Snadn?;;;;;;;
NORMAL;Normal;Normal;Normal;Normalna;Normal;Normale;Normál;Normáln?;;;;;;
HARD;Hard;Difficile;Schwierig;Trudna ;Difícil;Difficile;Nehéz;T?k?;;;;;;
VERY_HARD;Very Hard;Très difficile;Sehr schwierig;Bardzo trudna;Muy difícil;Molto difficile;Nagyon nehéz;Velmi t?k?;;;;;;
NEVER;Never;Jamais;Nie;Nigdy;Nunca;Mai;Soha;Nikdy;;;;;;
MONTHLY;Monthly;Mensuel;Monatlich;Co miesi¹c;Cada mes;Ogni mese;Havonta;Mìsíèn?;;;;;;
HALFYEAR;Half Year;Semestriel;Halbes Jahr;Co pó³ roku;Semestre;Semestre;Félév;Pùl roku;;;;;;
YEARLY;Yearly;Annuel;Jährlich;Co rok;Anual;Ogni anno;Éves;Roèn?;;;;;;
FIVE_YEAR;Five Years;Cinq ans;Fünf Jahre;Co piêæ lat;Cinco años;Cinque anni;Öt éves;Pìt let;;;;;;
YEARS;Years;Années;Jahre;Lat;Años;Anni;Év;Roky;;;;;;
MONTHS;Months;Mois;Monate;Miesiêcy;Meses;Mesi;Hónap;Mìsíce;;;;;;
LOST_PLR;Lost Player;Joueur perdu;Spieler abgetrennt;Gracz niedostêpny;Jugador perdido;Giocatore perduto;Kiesett játékos;Vylouèit hráèe;;;;;;
SAVE_LOADED;Save Game Loaded...;Sauvegarde chargée...;Spielstand geladen ...;Wczytano zapisan?gr?..;Partida cargada...;Salvataggio caricato...;Mentés betöltve;Uložen?hra byla nahrána...;;;;;;
COMPRESS_ERROR;Compression Error...;Erreur de compression...;Kompressionsfehler ...;B³¹d kompresji...;Error de compresión...;Errore di compressione...;Tömörítési hiba?Chyba komprimace...;;;;;;;
MS_LOGOUT;Logout;Déconnexion;Logout;Wyloguj;Salir;Logout;Kijelentkezés;Odhlásit;;;;;;
on;On;Activ?Ein;;S?;;;;;;;;;;
off;Off;Désactiv?Aus;;No;;;;;;;;;;
very easy;Very Easy;Très facile;Sehr einfach;;Muy fácil;;;;;;;;;
easy;Easy;Facile;Einfach;;Fácil;;;;;;;;;
normal;Normal;Normal;Normal;;Normal;;;;;;;;;
hard;Hard;Difficile;Schwer;;Difícil;;;;;;;;;
very hard;Very Hard;Très difficile;Sehr schwer;;Muy difícil;;;;;;;;;
SM_MULTISAMPLE;Multisample Level;Multisampling;Multisample-Stufe;Poziom próbkowania;Nivel de multisampling;Livello multisample;Többszörös mintavételezés szintje;Úrove?vzorkován?;;;;;;
RESTART_REQ;Restart Required;Redémarrage nécessaire;Neustart erforderlich ;Wymaga ponownego uruchomienia gry;Se requiere reinicio;Riavvio richiesto;Újraindítást igényel;Požadován restart;;;;;;
RESTART_REQ_DESC;You must restart the game for these changes to take effect.;Vous devez redémarrer le jeu pour que les modifications prennent effet.;Sie müssen das Spiel neu starten, damit die Änderungen aktiv werden.;Aby zmiany zosta³y wprowadzone, musisz ponownie uruchomi?gr?;Tienes que reiniciar el juego para que los cambios surtan efecto.;Devi riavviare il gioco per applicare queste modifiche.;A változtatások érvénybelépéséhez újra kell indítani a játékot.;Zmìny se uplatn?a?po restartu hry (musíte restartovat hru).;;;;;;
very_easy_player;Very Easy Difficulty;Niveau de difficult?: Très facile;Schwierigkeitsstufe Sehr leicht;Bardzo ³atwy;Dificultad muy fácil;Molto facile;Nagyon könny?Obt?nost: velmi snadn?;;;;;;;
easy_player;Easy Difficulty;Niveau de difficult?: Facile;Schwierigkeitsstufe Leicht;^atwy;Dificultad fácil;Facile;Könny?Obt?nost: snadn?;;;;;;;
hard_player;Hard Difficulty;Niveau de difficult?: Difficile;Schwierigkeitsstufe Schwer;Trudny;Dificultad difícil;Difficile;Nehéz;Obt?nost: t?k?;;;;;;
very_hard_player;Very Hard Difficulty;Niveau de difficult?: Très difficile;Schwierigkeitsstufe Sehr schwer;Bardzo trudny;Dificultad muy difícil;Molto difficile;Nagyon nehéz;Obt?nost: velmi t?k?;;;;;;
very_easy_ai;Very Easy Difficulty;Niveau de difficult?: Très facile;Schwierigkeitsstufe Sehr leicht;Bardzo ³atwy;Dificultad muy fácil;Molto facile;Nagyon könny?Obt?nost: velmi snadn?;;;;;;;
easy_ai;Easy Difficulty;Niveau de difficult?: Facile;Schwierigkeitsstufe Leicht;^atwy;Dificultad fácil;Facile;Könny?Obt?nost: snadn?;;;;;;;
hard_ai;Hard Difficulty;Niveau de difficult?: Difficile;Schwierigkeitsstufe Schwer;Trudny;Dificultad difícil;Difficile;Nehéz;Obt?nost: t?k?;;;;;;
very_hard_ai;Very Hard Difficulty;Niveau de difficult?: Très difficile;Schwierigkeitsstufe Sehr schwer;Bardzo trudny;Dificultad muy difícil;Molto difficile;Nagyon nehéz;Obt?nost: velmi t?k?;;;;;;
CORE_MP_PAUSED_NAME;Paused by $PLAYER$.;Mis en pause par $PLAYER$.;Pause durch $PLAYER$.;Gra zatrzymana przez gracza $PLAYER$.;En pausa por $PLAYER$.;Messo in pausa da $PLAYER$.;A játékot megállította: $PLAYER$.;Pozastaveno hráèem $PLAYER$.;;;;;;
CORE_MP_PAUSED;$TIME$ left until anybody can unpause....;$TIME$ restant avant que quiconque puisse continuer...;$TIME$ bis jeder die Pause beenden kann ...;Pozosta³o $TIME$ do wznowienia gry...;$TIME$ hasta que alguien pueda reanudar...;Impossibile riprendere a giocare per: $TIME$.;$TIME$ múlva bárki elindíthatja a játékot.;$TIME$ zbýv? ne?bude moci nìkdo zrušit pauzu...;;;;;;
OOS_TITLE;Error!;Erreur !;Fehler!;B³¹d!;¡Error!;Errore!;Hiba!;Chyba!;;;;;;
OOS_DESC;Game is no longer in synch!;Le jeu n'est plus synchronis?!;Spiel ist nicht länger synchron!;Brak synchronizacji w grze!;¡El juego ya no est?sincronizado!;Il gioco non ?pi?sincronizzato!;A játékosok nincsennek szinkronban!;Hra nen?nadále synchronizována!;;;;;;
###############################################################;;;;;;;;;;;;;;
# Unit Names;;;;;;;;;;;;;;
##############################################################;;;;;;;;;;;;;;
army_base;Armies;Armées;Armeen;;Ejércitos;;;;;;;;;
navy_base;Navies;Flottes;Flotten;;Flotas;;;;;;;;;
infantry;Infantry;Fantassin;Infanterie;;Infantería;;;;;;;;;
cavalry;Cavalry;Cavalier;Kavallerie;;Caballería;;;;;;;;;
cuirassier;Cuirassier;Cuirassier;Kürassier;;Coraceros;;;;;;;;;
dragoon;Dragoon;Dragon;Dragoner;;Dragones;;;;;;;;;
engineer;Engineer;Sapeur;Pionier;;Ingenieros;;;;;;;;;
guard;Guard;Garde;Garde;;Guardia;;;;;;;;;
hussar;Hussar;Hussard;Husar;;Húsares;;;;;;;;;
irregular;Irregular;Milicien;Freischärler;;Irregulares;;;;;;;;;
artillery;Artillery;Canons;Artillerie;;Artillería;;;;;;;;;
tank;Armor;Blind?Panzer;;Blindados;;;;;;;;;;
plane;Airplane;Avion;Flugzeug;;Aviación;;;;;;;;;
commerce_raider;Commerce Raider;Navire marchand militaris?Handelszerstörer;;Crucero auxiliar;;;;;;;;;;
cruiser;Cruiser;Croiseur;Kreuzer;;Crucero;;;;;;;;;
frigate;Frigate;Frégate;Fregatte;;Fragata;;;;;;;;;
manowar;Man'o'war;Vaisseau de ligne;Kriegsschiff;;Buque de guerra;;;;;;;;;
ironclad;Ironclad;Cuirass?Panzerschiff;;Acor. Ironclad;;;;;;;;;;
dreadnought;Dreadnought;Cuirass?de classe Dreadnought;Großkampfschiff;;Acor. Dreadnought;;;;;;;;;
clipper_transport;Clipper Transport;Transport ?voile;Klipper-Transporter;;Clíper de transporte;;;;;;;;;
steam_transport;Steam Transport;Transport ?vapeur;Dampf-Transporter;;Transporte a vapor;;;;;;;;;
monitor;Monitor;Cuirass?de classe Monitor;Schlachtschiff;;Monitor;;;;;;;;;
army_base_short;(A);(A);(A);;(E);;;;;;;;;
navy_base_short;(N);(F);(F);;(F);;;;;;;;;
infantry_short;Inf;Inf.;Inf;;Inf;;;;;;;;;
cavalry_short;Cav;Cav.;Kav;;Cab;;;;;;;;;
cuirassier_short;Cur;Cuir.;Kür;;Cor;;;;;;;;;
dragoon_short;Dra;Dra.;Dra;;Dra;;;;;;;;;
engineer_short;Eng;Sap.;Pio;;Ing;;;;;;;;;
guard_short;Gua;Gar.;Gar;;Gua;;;;;;;;;
irregular_short;Irr;Mil.;Frsch;;Irr;;;;;;;;;
hussar_short;Hus;Hus.;Hus;;Hús;;;;;;;;;
artillery_short;Art;Arti.;Art;;Art;;;;;;;;;
tank_short;Arm;Blin.;Pz;;Aco;;;;;;;;;
plane_short;Air;Av.;Luft;;Avi;;;;;;;;;
commerce_raider_short;CR;CR;HZ;;Cru Aux;;;;;;;;;
cruiser_short;CA;Cr.;KR;;Cru Pes;;;;;;;;;
frigate_short;FR;Fr.;FR;;Fra;;;;;;;;;
manowar_short;MW;MW.;MW;;Buq Gue;;;;;;;;;
ironclad_short;IC;Cuir.;IC;;Aco Iro;;;;;;;;;
dreadnought_short;DN;Dread.;DN;;Aco Dre;;;;;;;;;
clipper_transport_short;CT;Tr.Vl;CT;;Cli Tra;;;;;;;;;
steam_transport_short;ST;Tr.Vp;DT;;Vap;;;;;;;;;
monitor_short;MO;Mon.;MO;;Mon;;;;;;;;;
# Abilities;;;;;;;;;;;;;;
MAX_STRENGTH;Max Strength;Force max.;Max. Stärke;;Fuerza máxima;;;;;;;;;
DEFAULT_ORG;Organisation;Organisation;Organisation;;Organización;;;;;;;;;
BUILD_TIME;Build Time;Durée de construction;Bauzeit;;Tiempo cons.;;;;;;;;;
MAXIMUM_SPEED;Max Speed;Vitesse max.;Max. Geschw.;;Velocidad máxima;;;;;;;;;
TRANSPORT_WEIGHT;Weight;Poids;Kapazität;;Peso;;;;;;;;;
SUPPLY_CONSUMPTION;Supply Consumption;Conso. de ressources;Nachschubverbrauch;;Consumo suministros;;;;;;;;;
COMBAT_WIDTH;Combat Width;Aire de combat;Gefechtsbreite;;Anchura de combate;;;;;;;;;
TRANSPORT_CAPABILITY;Transport Capability;Capacit?de transport;Transportfähigkeit;;Capacidad de transporte;;;;;;;;;
HULL;Hull;Coque;Rumpf;;Casco;;;;;;;;;
FORT_ADJUSTER;Fort;Fort;Fort;;Fuerte;;;;;;;;;
RIVER_ADJUSTER;River;Fleuve;Fluss;;Río;;;;;;;;;
UA_ATTACK;Attack;Attaque;Angriff;;Ataque;;;;;;;;;
UA_DEFENCE;Defence;Défense;Verteidigung;;Defensa;;;;;;;;;
UA_MOVEMENT;Movement;Mouvement;Bewegung;;Movimiento;;;;;;;;;
UA_ATTRITION;Attrition;Attrition;Verlustquote;;Desgaste;;;;;;;;;
RECONAISSANCE;Reconnaissance;Reconnaissance;Aufklärung;;Reconocimiento;;;;;;;;;
ATTACK;Attack;Attaque;Angriff;;Ataque;;;;;;;;;
DEFENCE;Defence;Défense;Verteidigung;;Defensa;;;;;;;;;
DISCIPLINE;Discipline;Discipline;Disziplin;;Disciplina;;;;;;;;;
SUPPORT;Support;Soutien;Unterstützung;;Apoyo;;;;;;;;;
MANUEVER;Maneuver;Manœuvre;Manöver;;Maniobra;;;;;;;;;
GUN_RANGE;Range;Autonomie;Reichweite;;Autonomía;;;;;;;;;
GUN_POWER;Attack;Attaque;Angriff;;Ataque;;;;;;;;;
##################################################;;;;;;;;;;;;;;
# Naming Conventions;;;;;;;;;;;;;;
REGIMENT_NAME;$NUM$$ORDER$ $TYPE$ Brigade;Régiment $TYPE$ $NUM$$ORDER$ ;$NUM$$ORDER$ $TYPE$ Brigade;;Brigada $NUM$$ORDER$ $TYPE$;;;;;;;;;
SUBUNIT_NAME;$NUM$$ORDER$ $TYPE$;$TYPE$ $NUM$$ORDER$;$NUM$$ORDER$ $TYPE$;;$NUM$$ORDER$ $TYPE$;;;;;;;;;
ARMY_NAME;$NUM$$ORDER$ Army;Armée $NUM$$ORDER$;$NUM$$ORDER$ Armee;;Ejército $NUM$$ORDER$;;;;;;;;;
NAVY_NAME;$NUM$$ORDER$ Fleet;Flotte $NUM$$ORDER$;$NUM$$ORDER$ Flotte;;Armada $NUM$$ORDER$;;;;;;;;;
ST;st;er;.;;.;;;;;;;;;
ND;nd;e;.;;.;;;;;;;;;
TH;th;e;.;;.;;;;;;;;;
RD;rd;e;.;;.;;;;;;;;;
# Trait Tags;;;;;;;;;;;;;;
TRAIT_ATTACK;Attack;Attaque;Angriff;;Ataque;;;;;;;;;
TRAIT_DEFEND;Defence;Défense;Verteidigung;;Defensa;;;;;;;;;
TRAIT_MORALE;Morale;Moral;Moral;;Moral;;;;;;;;;
TRAIT_ORGANISATION;Organisation;Organisation;Organisation;;Organización;;;;;;;;;
TRAIT_RECONAISSANCE;Reconnaissance;Reconnaissance;Aufklärung;;Reconocimiento;;;;;;;;;
TRAIT_SPEED;Speed;Vitesse;Geschwindigkeit;;Velocidad;;;;;;;;;
TRAIT_ATTRITION;Attrition;Attrition;Verlustquote;;Desgaste;;;;;;;;;
TRAIT_EXPERIENCE;Experience;Expérience;Erfahrung;;Experiencia;;;;;;;;;
TRAIT_RELIABILITY;Reliability;Fiabilit?Zuverlässigkeit;;Fiabilidad;;;;;;;;;;
# Trait Names;;;;;;;;;;;;;;
no_personality;No Personality;Aucune;Nichts;;Sin personalidad;;;;;;;;;
aggressive;Aggressive;Agressif;Aggressiv;;Agresivo;;;;;;;;;
relentless;Relentless;Implacable;Unbarmherzig;;Despiadado;;;;;;;;;
active_p;Active;Actif;Aktiv;;Activo;;;;;;;;;
earnest;Earnest;Sérieux;Ernsthaft;;Concienzudo;;;;;;;;;
persistant;Persistent;Persévérant;Hartnäckig;;Persistente;;;;;;;;;
balanced_p;Balanced;Pondér?Ausgewogen;;Equilibrado;;;;;;;;;;
cautious;Cautious;Prudent;Vorsichtig;;Cauto;;;;;;;;;
coolminded;Coolminded;Serein;Bedachtsam;;Templado;;;;;;;;;
inspiring;Inspiring;Stimulant;Inspirierend;;Inspirador;;;;;;;;;
gallant;Gallant;Courageux;Galant;;Bizarro;;;;;;;;;
arrogant;Arrogant;Arrogant;Arrogant;;Arrogante;;;;;;;;;
vainglorious;Vainglorious;Vaniteux;Prahlerisch;;Vanaglorioso;;;;;;;;;
brutish;Brutish;Brutal;Brutal;;Brutal;;;;;;;;;
bigoted;Bigoted;Sectaire;Engstirnig;;Intolerante;;;;;;;;;
impetuous;Impetuous;Impétueux;Ungestüm;;Impetuoso;;;;;;;;;
polite;Polite;Poli;Höflich;;Educado;;;;;;;;;
tactful;Tactful;Délicat;Taktvoll;;Prudente;;;;;;;;;
diplomatic;Diplomatic;Diplomate;Diplomatisch;;Diplomático;;;;;;;;;
glory_hound;Glory Hound;Ambitieux;Ruhmsüchtig;;Vieja gloria;;;;;;;;;
vicious;Vicious;Violent;Bösartig;;Sanguinario;;;;;;;;;
hellbent;Hellbent;Acharn?Draufgänger;;Impetuoso;;;;;;;;;;
deeply_religious;Deeply Religious;Très croyant;Tief religiös;;Muy religioso;;;;;;;;;
imperious;Imperious;Autoritaire;Herrisch;;Imperioso;;;;;;;;;
choleric;Choleric;Colérique;Cholerisch;;Colérico;;;;;;;;;
fanatic;Fanatic;Fanatique;Fanatisch;;Fanático;;;;;;;;;
irate;Irate;Furieux;Aufbrausend;;Irascible;;;;;;;;;
wrathful;Wrathful;Courrouc?Zornerfüllt;;Iracundo;;;;;;;;;;
calm;Calm;Calme;Ruhig;;Tranquilo;;;;;;;;;
reserved;Reserved;Réserv?Reserviert;;Reservado;;;;;;;;;;
harsh;Harsh;Dur;Harsch;;Duro;;;;;;;;;
merciless;Merciless;Impitoyable;Gnadenlos;;Cruel;;;;;;;;;
implacable;Implacable;Implacable;Unerbittlich;;Implacable;;;;;;;;;
careful;Careful;Attentif;Sorgsam;;Cuidadoso;;;;;;;;;
meticulous;Meticulous;Méticuleux;Genau;;Meticuloso;;;;;;;;;
openminded;Openminded;Ouvert d'esprit;Offen;;Sin perjuicios;;;;;;;;;
charismatic;Charismatic;Charismatique;Charismatisch;;Carismático;;;;;;;;;
impulsive;Impulsive;Impulsif;Impulsiv;;Impulsivo;;;;;;;;;
intuitive;Intuitive;Intuitif;Intuitiv;;Intuitivo;;;;;;;;;
resourceful;Resourceful;Ingénieux;Findig;;Ingenioso;;;;;;;;;
romantic;Romantic;Romantique;Romantisch;;Idealista;;;;;;;;;
brash;Brash;Impudent;Forsch;;Desenvuelto;;;;;;;;;
daring;Daring;Hardi;Draufgängerisch;;Temerario;;;;;;;;;
soldierly;Soldierly;Militaire;Soldatisch;;Soldadesco;;;;;;;;;
disciplined;Disciplined;Disciplin?Diszipliniert;;Disciplinado;;;;;;;;;;
unflinching;Unflinching;Opiniâtre;Entschlossen;;Imperturbable;;;;;;;;;
bold;Bold;Téméraire;Mutig;;Atrevido;;;;;;;;;
audacious;Audacious;Audacieux;Kühn;;Audaz;;;;;;;;;
heroic;Heroic;Héroïque;Heroisch;;Heroico;;;;;;;;;
stout;Stout;Solide;Beherzt;;Tenaz;;;;;;;;;
stalwart;Stalwart;Robuste;Robust;;Inquebrantable;;;;;;;;;
stouthearted;Stouthearted;Intrépide;Beherzt;;Inamovible;;;;;;;;;
steadfast;Steadfast;Inébranlable;Solide;;Categórico;;;;;;;;;
chivalrous;Chivalrous;Courtois;Ritterlich;;Caballeroso;;;;;;;;;
ballsy;Ballsy;Valeureux;Forsch;;Con agallas;;;;;;;;;
aweless;Aweless;Casse-cou;Respektlos;;Indómito;;;;;;;;;
dauntless;Dauntless;Détermin?Unverzagt;;Intrépido;;;;;;;;;;
confident;Confident;Confiant;Sicher;;Seguro de s?;;;;;;;;;
manful;Manful;Ardent;Männlich;;Valiente;;;;;;;;;
doughty;Doughty;Vaillant;Tapfer;;Aguerrido;;;;;;;;;
gutsy;Gutsy;Brave;Waghalsig;;Valentón;;;;;;;;;
spirited;Spirited;Fougueux;Sprühend;;Brioso;;;;;;;;;
resolute;Resolute;Résolu;Resolut;;Resuelto;;;;;;;;;
defiant;Defiant;Provocateur;Trotzig;;Rebelde;;;;;;;;;
able;Able;Capable;Fähig;;Capaz;;;;;;;;;
competent;Competent;Compétent;Kompetent;;Competente;;;;;;;;;
expert;Expert;Expert;Experte;;Experto;;;;;;;;;
smart_p;Smart;Habile;Schlau;;Listo;;;;;;;;;
intelligent;Intelligent;Intelligent;Intelligent;;Inteligente;;;;;;;;;
brilliant;Brilliant;Brillant;Brilliant;;Brillante;;;;;;;;;
sharp;Sharp;Malin;Klug;;Perspicaz;;;;;;;;;
keen;Keen;Enthousiaste;Gewitzt;;Agudo;;;;;;;;;
clever;Clever;Adroit;Clever;;Astuto;;;;;;;;;
skilled;Skilled;Talentueux;Geschickt;;Hábil;;;;;;;;;
efficient;Efficient;Efficace;Effizient;;Competente;;;;;;;;;
au_fait;Au'fait;Au fait;Sicher;;Enterado;;;;;;;;;
indifferent;Indifferent;Indifférent;Gleichgültig;;Indiferente;;;;;;;;;
mediocre;Mediocre;Médiocre;Mittelmäßig;;Mediocre;;;;;;;;;
lackluster;Lackluster;Terne;Lustlos;;Deslucido;;;;;;;;;
timid;Timid;Timide;Furchtsam;;Tímido;;;;;;;;;
chickenhearted;Chickenhearted;Poltron;Ängstlich;;Gallina;;;;;;;;;
lilylivered;Lilylivered;Froussard;Feige;;Sangre de horchata;;;;;;;;;
soft;Soft;Indolent;Weich;;Blandengue;;;;;;;;;
spineless;Spineless;Mou;Rückgratlos;;Acobardado;;;;;;;;;
unmanly;Unmanly;Lâche;Unmännlich;;Timorato;;;;;;;;;
yellow;Yellow;Trouillard;Memme;;Miedica;;;;;;;;;
pusillanimous;Pusillanimous;Pusillanime;Verzagt;;Pusilánime;;;;;;;;;
coward;Coward;Couard;Kleinmütig;;Cobarde;;;;;;;;;
craven;Craven;Veule;Mutlos;;Cobardón;;;;;;;;;
bastard;Bastard;Goujat;Bastard;;Bastardo;;;;;;;;;
shirker;Shirker;Tire-au-flanc;Drückeberger;;Escaqueado;;;;;;;;;
scared;Scared;Craintif;Verängstigt;;Asustado;;;;;;;;;
maladroit;Maladroit;Maladroit;Unbeholfen;;Torpe;;;;;;;;;
undisciplined;Undisciplined;Indisciplin?Undiszipliniert;;Indisciplinado;;;;;;;;;;
incapable;Incapable;Incapable;Unfähig;;Incapaz;;;;;;;;;
inept;Inept;Inepte;Untauglich;;Inepto;;;;;;;;;
inefficient;Inefficient;Inefficace;Ineffizient;;Ineficaz;;;;;;;;;
perverse;Perverse;Entêt?Pervers;;Perverso;;;;;;;;;;
unruly;Unruly;Insoumis;Widerborstig;;Desobediente;;;;;;;;;
disorderly;Disorderly;Désordonn?Unordentlich;;Desordenado;;;;;;;;;;
careless;Careless;Négligent;Achtlos;;Pasota;;;;;;;;;
wretched;Wretched;Misérable;Jämmerlich;;Mísero;;;;;;;;;
pisspoor;Pisspoor;Pitoyable;Arm;;Cutre;;;;;;;;;
unsound;Unsound;Dangereux;Unzuverlässig;;Inseguro;;;;;;;;;
strange;Strange;Étrange;Merkwürdig;;Raro;;;;;;;;;
shrinking_violet;Shrinking Violet;Timor?Mauerblümchen;;Vergonzoso;;;;;;;;;;
no_background;No Background;Aucune;Nichts;;Sin pasado;;;;;;;;;
war_college;War College;École militaire;Militärakademie;;Academia militar;;;;;;;;;
cavalry_school;Cavalry School;École de cavalerie;Kavallerieschule;;Escuela de caballería;;;;;;;;;
armchair_general;Armchair General;Général de façade;Sesselgeneral;;General apoltronado;;;;;;;;;
bureaucrat_speed;Bureaucrat Speed;Vitesse de bureaucrate;Bürokratische Geschwindigkeit;;Chupatintas;;;;;;;;;
generals_aide;General's Aide;Aide de camp;Generalsadjutant;;Ayudante de campo;;;;;;;;;
amateur;Amateur;Amateur;Amateur;;Aficionado;;;;;;;;;
madman;Madman;Fou;Irrer;;Loco;;;;;;;;;
aristocrat;Aristocrat;Aristocrate;Aristokrat;;Aristócrata;;;;;;;;;
drillmaster;Drillmaster;Sergent instructeur;Zuchtmeister;;Instructor;;;;;;;;;
butcher;Butcher;Boucher;Schlächter;;Carnicero;;;;;;;;;
exranker;Exranker;Ancien militaire;Ex-Gefreiter;;Ascendido desde la tropa;;;;;;;;;
adventurer;Adventurer;Aventurier;Abenteurer;;Aventurero;;;;;;;;;
debutante;Debutante;Débutant;Debütant;;Debutante;;;;;;;;;
colonial_b;Colonial;Colonial;Kolonial;;Colonial;;;;;;;;;
disgraced;Disgraced;Déshonor?In Ungnade Gefallener;;Deshonrado;;;;;;;;;;
priest;Priest;Prêtre;Priester;;Sacerdote;;;;;;;;;
rising_star;Rising Star;Étoile montante;Aufsteigender Stern;;Nueva promesa;;;;;;;;;
politician;Politician;Politicien;Politiker;;Político;;;;;;;;;
poet;Poet;Poète;Poet;;Poeta;;;;;;;;;
cartographer;Cartographer;Cartographe;Kartograf;;Cartógrafo;;;;;;;;;
professor;Professor;Professeur;Professor;;Profesor;;;;;;;;;
old_school;Old School;Vieille école;Alte Schule;;De la vieja escuela;;;;;;;;;
eccentric_genius;Eccentric Genius;Génie excentrique;Exzentrisches Genie;;Genio excéntrico;;;;;;;;;
gifted_administrator;Gifted Administrator;Administrateur dou?Begabter Administrator;;Gran administrador;;;;;;;;;;
innovative_tactician;Innovative Tactician;Tacticien novateur;Innovativer Taktiker;;Táctico innovador;;;;;;;;;
expert_raider;Expert Raider;Commando expériment?Überfallexperte;;Experto en asaltos;;;;;;;;;;
natural_born_leader;Natural Born Leader;Chef naturel;Geborener Anführer;;Líder nato;;;;;;;;;
megalomaniac;Megalomaniac;Mégalomane;Megalomane;;Megalómano;;;;;;;;;
hated;Hated;Odieux;Gehasst;;Odiado;;;;;;;;;
cursed_luck;Cursed Luck;Malchanceux;Vom Pech verflucht;;Mala pata;;;;;;;;;
clueless;Clueless;Ignorant;Ahnungslos;;Negado;;;;;;;;;
diplomat;Diplomat;Diplomate;Diplomat;;Diplomático;;;;;;;;;
powerful_friends;Powerful Friends;Amis puissants;Mächtige Freunde;;De padrinos poderosos;;;;;;;;;
immoral;Immoral;Immoral;Unmoralisch;;Inmoral;;;;;;;;;
womanizer;Womanizer;Coureur de jupons;Schürzenjäger;;Mujeriego;;;;;;;;;
warmonger;Warmonger;Belliciste;Kriegstreiber;;Belicista;;;;;;;;;
corrupt;Corrupt;Corrompu;Korrupt;;Corrupto;;;;;;;;;
bootlicker;Bootlicker;Lèche-bottes;Speichellecker;;Pelotillero;;;;;;;;;
sycophant;Sycophant;Flagorneur;Kriecher;;Adulador;;;;;;;;;
toady;Toady;Flatteur;Schleimer;;Pelota;;;;;;;;;
yesman;Yesman;Béni-oui-oui;Jasager;;Pelotillero;;;;;;;;;
brownnoser;Brownnoser;Lèche-cul;Stiefellecker;;Obsequioso;;;;;;;;;
spoiled;Spoiled;Gât?Verwöhnt;;Malcriado;;;;;;;;;;
school_of_defense;School of Defense;École de défense;Schule der Verteidigung;;Escuela de la defensa;;;;;;;;;
school_of_offense;School of Offense;École d'attaque;Schule der Offensive;;Escuela del ataque;;;;;;;;;
school_of_the_bayonet;School of the Bayonet;École de la baïonnette;Schule des Bajonetts;;Escuela de la bayoneta;;;;;;;;;
school_of_firepower;School of Firepower;École de la puissance de feu;Schule der Feuerkraft;;Escuela de la potencia de fuego;;;;;;;;;
artillerist;Artillerist;Artilleur;Artillerist;;Artillero;;;;;;;;;
uncommonly_young;Uncommonly Young;Singulièrement jeune;Ungewöhnlich jung;;Extraordinariamente joven;;;;;;;;;
sucker;Sucker;Gogo;Trottel;;Chupóptero;;;;;;;;;
sad_sack;Sad Sack;Rat?Trauriger Sack;;Negado;;;;;;;;;;
unfit;Unfit;Inapte;Ungeeignet;;Inútil;;;;;;;;;
unqualified;Unqualified;Non qualifi?Unqualifiziert;;Inepto;;;;;;;;;;
pawn;Pawn;Pion;Pfand;;Títere;;;;;;;;;
elderly;Elderly;Âg?Älter;;Anciano;;;;;;;;;;
incompetent;Incompetent;Incompétent;Inkompetent;;Incompetente;;;;;;;;;
TYPE_INF;Infantry;Infanterie;Infanterie;;Infantería;;;;;;;;;
TYPE_CAV;Cavalry;Cavalerie;Kavallerie;;Caballería;;;;;;;;;
TYPE_TANKS;Tanks;Blindés;Panzer;;Tanques;;;;;;;;;
TYPE_PLANES;Planes;Avions;Flugzeuge;;Aviones;;;;;;;;;
TYPE_BIGSHIP;Heavy Ships;Navires lourds;Schwere Schiffe;;Buques pesados;;;;;;;;;
TYPE_LIGHTSHIP;Light Ships;Navires légers;Leichte Schiffe;;Buques ligeros;;;;;;;;;
TYPE_TRANSPORT;Transports;Navires de transport;Transporter;;Transportes;;;;;;;;;
TERRAIN_MOVEMENT_COST;Movement Cost: ;Coût du mouvement : ;Bewegungskosten: ;;Coste de movimiento: ;;;;;;;;;
TERRAIN_ATTACK;Attack: ;Attaque : ;Angriff: ;;Ataque: ;;;;;;;;;
TERRAIN_DEFENCE;Defence: ;Défense : ;Verteidigung: ;;Defensa: ;;;;;;;;;
SUBTT_STRENGTH;Strength;Force;Stärke;;Fuerza;;;;;;;;;
SUBTT_ORG;Organisation;Organisation;Organisation;;Organización;;;;;;;;;
SUBTT_EXP;Experience;Expérience;Erfahrung;;Experiencia;;;;;;;;;
LOAD_CAPACITY_LABEL;Can carry $NUM$ weight.;Capacit?de charge : $NUM$;Kann $NUM$ Einheiten laden;;Transportar $NUM$ peso;;;;;;;;;
TOTAL_WEIGHT;This units weighs $NUM$.;Cette unit?pèse $NUM$.;$NUM$ Transporteinh.;;Esta unidad pesa $NUM$.;;;;;;;;;
NAVAL_COUNT;§Y$CAPITAL$§W Capital Ships, §Y$ESCORTS$§W Screens & §Y$OTHER$§W others.;§Y$CAPITAL$§W bâtiments de ligne, §Y$ESCORTS$§W navires d'escorte et §Y$OTHER$§W autres navires.;§Y$CAPITAL$§W Großkampfschiffe, §Y$ESCORTS$§W Geleitschiffe & §Y$OTHER$§W andere.;;§Y$CAPITAL$§W grandes unidades, §Y$ESCORTS$§W escoltas y §Y$OTHER$§W otras unidades.;;;;;;;;;
LAND_COUNT;§Y$NUM$§W Brigades;§Y$NUM$§W régiments;§Y$NUM$§W Brigaden;;§Y$NUM$§W brigadas;;;;;;;;;
DISBAND_UNIT;Disband Unit;Démanteler une unit?Einheit auflösen;Rozwi¹¿ jednostk?Disolver unidad;Sciogliere unit?Egység feloszlatása.;Rozpustit jednotku.;;;;;;;;;
REMOVE_DISBAND_UNIT_DRO;Disbanding an army will reduce the amount of supplies and fuel your nation is spending on maintenance. If the unit is under-strength, it will free manpower to reinforce units in more important areas.;Démanteler une armée permet de réduire les dépenses en ravitaillements et en carburant de votre nation. Si l'unit?est en sous-nombre, les effectifs libérés iront renforcer les unités ailleurs sur le terrain.;Die Auflösung einer Armee reduziert die Menge an Nachschub und Treibstoff, die Ihre Nation für Instandhaltung verbraucht. Wenn die Einheit unter Sollstärke ist, werden Soldaten zur Verstärkung anderer Einheiten in wichtigeren Gebieten frei.;;Al disolver un ejército, la cantidad de suministros y combustible que utiliza tu nación se reducir? Si la unidad est?por debajo de su potencial, liberar?recursos humanos que reforzarán unidades en áreas más importantes.;;;;;;;;;
NEW_UNIT;Create New Unit;Créer une nouvelle unit?Neue Einheit erstellen;Stwórz jednostk?Crear nueva unidad;Creare nuova unit?Új egység létrehozása;Vytvoøit novou jednotku;;;;;;;;;
NEW_UNIT_DRO;Creating a new unit will create an empty unit and allow you to assign parts from the current unit to it.;La création d'une nouvelle unit?vide vous permettra de lui assigner des éléments de l'unit?actuelle.;Die Erstellung einer neuen Einheit schafft eine leere Einheit, der Sie Teile der momentanen Einheit zuweisen können.;;Al crear una nueva unidad se crea una unidad vacía que te permite asignarle partes de la unidad actual.;;;;;;;;;
OSELECT_UNIT;Select this;Sélectionner celle-ci;Dies auswählen;;Seleccionar esto;;;;;;;;;
OSELECT_UNIT_DRO;If you have multiple units selected, this option makes it possible to select just that unit.;Si vous avez sélectionn?plusieurs unités, cette option vous permet uniquement de sélectionner cette unit?;Wenn mehrere Einheiten ausgewählt sind, ermöglicht diese Option, nur diese Einheit auszuwählen.;;Si tienes más de una unidad seleccionada, esta opción hace posible seleccionar solo una unidad.;;;;;;;;;
DESELECT_UNIT;Deselect Current Unit;Désélectionner l'unit?en cours;Aktuelle Einheit abwählen;Zrezygnuj z wyboru aktualnej jednostki;Deseleccionar unidad actual;Deselezionare l'unit?attuale;Jelenlegi egységed kijelölésének megszüntetése;Zrušit výbìr jednotky;;;;;;
DESELECT_UNIT_DRO;This button will close the current unit window;Ce bouton fermera la fenêtre actuelle d'unit?;Diese Schaltfläche schließt das aktuelle Truppenfenster;Za pomoc?tego przycisku zamkniesz okno wybranego oddzia³u.;Este botón cerrar?la ventana de la unidad actual;Questo pulsante chiude la finestra dell'unit?attuale;Ezzel a gombbal tudod becsukni a jelenlegi egységed ablakát.;Toto tlaèítko zavøe aktuáln?vojensk?okno;;;;;;
MERGE_UNITS;Merge the selected units;Fusionner les unités sélectionnées;Ausgewählte Einheiten zu einer Einheit zusammenfassen;Po³¹cz wybrane jednostki;Combinar las unidades seleccionadas;Unire le unit?selezionate;Kijelölt egységek összevonása;Slouèit vybran?jednotky;;;;;;
MERGE_UNITS_DRO;Choosing the merge option will take the current selected units and convert them into a single unit.;Cette option vous permet de fusionner les unités sélectionnées en une seule unit?;Die Option Zusammenfassen kombiniert die momentan ausgewählten Einheiten zu einer einzigen Einheit.;Wybór opcji ³¹czenia umo¿liwia stworzenie z aktualnie wybranych oddzia³ów jednej jednostki.;Al escoger la opción de combinar, se tomarán las unidades seleccionadas y se convertirán en una única unidad.;Scegliendo l'opzione di fusione, convertirai le unit?selezionate in una sola.;Az összevonás opcióval az éppen kijelölt egységeket tudod egyetlen egységg?alakítani.;Použijete-li pøíkaz Slouèit, slouèíte vybran?jednotky do jedin?jednotky.;;;;;;
REORGANISE_UNITS;Reorganise these two units;Réorganiser ces deux unités;Diese beiden Einheiten neu gruppieren;Zreorganizuj te dwie jednostki;Reorganizar estas dos unidades;Riorganizzare queste due unit?Két egység újraszervezése;Reorganizovat tyto dv?jednotky;;;;;;;
NO_REORGANISE_UNITS;You can only reorganise when 2 units are selected.;Une réorganisation implique que deux unités soient sélectionnées.;Sie können nur umstrukturieren, wenn zwei Einheiten ausgewählt sind.;Mo¿esz dokona?reorganizacji tylko wtedy, gdy wybrane s?dwie jednostki.;Solo puedes reorganizar cuando has seleccionado dos unidades.;La riorganizzazione ?possibile solo se sono state selezionate due unit?;Csak újraszervezést tudsz végrehajtani, ha két egységed van kijelölve.;Reorganizaci lze provést pouze tehdy, vyberete-li dv?jednotky.;;;;;;
REORGANISE_UNITS_DRO;Reorganising these two units will allow you move subunits between the two units;La réorganisation de ces deux unités vous permettra de déplacer des sous-unités entre elles deux.;Die Neuorganisation dieser beiden Einheiten ermöglicht Ihnen, Untereinheiten zwischen diesen beiden Einheiten zu transferieren.;;Al reorganizar las dos unidades, podrás cambiar subunidades entre ellas.;;;;;;;;;
TRANSFER_SUB;Transfer;Transférer;Transfer;Przenie?Transferir;Trasferire;Szállítás;Pøesun;;;;;;;
TRANSFER_SUB_DRO;Clicking here will transfer the subunit from the current unit to the other one.;Cliquez ici pour transférer la sous-unit?de l'unit?actuelle vers l'autre unit?;Klicken Sie hier, um die Untereinheit von der momentanen Einheit in die andere zu verlegen.;;Al hacer clic aqu? transferirás la subunidad de la unidad actual a la otra.;;;;;;;;;
CONFIRM_DISBAND_TITLE;Do you wish to disband this unit?;Souhaitez-vous démanteler cette unit??;Möchten Sie diese Einheit auflösen?;;¿Deseas disolver esta unidad?;;;;;;;;;
CONFIRM_DISBAND_DESC;This will remove the unit completely from the game, and you will no longer have to pay any maintenance costs for it. Any manpower remaining in the unit will be returned to the pool.;Cette unit?sera définitivement supprimée du jeu et vous n'aurez plus aucun frais d'entretien ?payer. Les effectifs subsistant dans cette unit?seront renvoyés dans votre réserve.;Dies entfernt diese Einheit komplett aus dem Spiel, und Sie müssen keine Instandhaltungskosten mehr für sie zahlen. Alle in der Einheit verbleibenden Soldaten kommen in den Mannstärke-Pool zurück.;;Esto eliminar?esta unidad del juego y ya no tendrás que pagar coste alguno de mantenimiento por ella. Cualquier recurso humano de la unidad volver?a la reserva.;;;;;;;;;
SUNK_SHIP_LABEL;Ships sunk by $NAME$.;Navires coulés par $NAME$.;Von $NAME$ versenkte Schiffe.;;Barcos hundidos por $NAME$.;;;;;;;;;
SUNK_SHIPS;Sunk ships;Navires coulés;Versenkte Schiffe;;Hundidos;;;;;;;;;
NAME;Name;Nom;Name;;Nombre;;;;;;;;;
TRAITS;Traits;Caractéristiques;Eigenschaften;;Rasgos;;;;;;;;;
PRESTIGE_SCORE;Prestige: §Y$VAL$§W;Prestige : §Y$VAL$§W;Prestige: §Y$VAL$§W;;Prestigio: §Y$VAL$§W;;;;;;;;;
MILITARY_SCORE;Military: §Y$VAL$§W;Militaire : §Y$VAL$§W;Militär: §Y$VAL$§W;;Militar: §Y$VAL$§W;;;;;;;;;
INDUSTRIAL_SCORE;Industry: §Y$VAL$§W;Industriel : §Y$VAL$§W;Industrie: §Y$VAL$§W;;Industrial: §Y$VAL$§W;;;;;;;;;
BE_POPULATION;Population:;Population :;Bevölkerung:;;Población:;;;;;;;;;
BE_PROVINCES;Provinces:;Provinces :;Provinzen:;;Provincias:;;;;;;;;;
BE_FACTORIES;Factories:;Usines :;Fabriken:;;Fábricas:;;;;;;;;;
BE_LITERACY;Literacy:;Alphabétisation :;Alphabetisierung:;;Alfabetización:;;;;;;;;;
BE_NAVY;Warships:;Navires de guerre :;Kriegsschiffe:;;Buques de guerra:;;;;;;;;;
BE_ARMY;Brigades:;Régiments :;Regimenter:;;Brigadas:;;;;;;;;;
BE_GOV;Government:;Gouvernement;Regierung:;;Gobierno:;;;;;;;;;
BE_PARTY;Ruling party:;Parti dirigeant;Regierungspartei:;;Partido gobernante:;;;;;;;;;
BA_WORK_FORCE;Work Force;Main-d'œuvre;Arbeitskräfte;;Mano de obra;;;;;;;;;
BA_IDEOLOGY;Ideology;Idéologie;Ideologie;;Ideología;;;;;;;;;
REMOVE_BE_GREAT_POWER;Great Nation;Grande nation;Große Nation;;Gran nación;;;;;;;;;
REMOVE_BE_SECOND_RANK;Colonial Nation;Nation coloniale;Kolonialnation;;Nación colonial;;;;;;;;;
BE_IN_SPHERE_OF;In sphere of $COUNTRY$;Dans la sphère de $COUNTRY$;In der Sphäre von $COUNTRY$;;En la esfera de influencia de $COUNTRY$;;;;;;;;;
BE_INDEPENDENT_NATION;Independent Nation;Nation indépendante;Unabhängige Nation;;Nación independiente;;;;;;;;;
BE_PRESTIGE;Prestige;Prestige;Prestige;;Prestigio;;;;;;;;;
BE_INDUSTRY;Industry Score;Score industriel;Industriepunktzahl;;Puntuación industrial;;;;;;;;;
BE_MILITARY;Military Score;Score militaire;Militärpunktzahl;;Puntuación militar;;;;;;;;;
GC_NAME;The Grand Campaign;La grande campagne;Der Große Feldzug;;La gran campaña;;;;;;;;;
REMOVE_GC_DESC;The dust has settled on the fields of Waterloo, where the ideals of the French Revolution were believed to have met their final demise at the hands of the Ancien Régimes of Europe. After the tribulations of Napoleon's wars, the consensus established at the Congress of Vienna has restored a tentative calm to a troubled continent. While the flames of revolution may have been put out for now, the ideas of human liberty, nationalism and liberalism will soon prove themselves more alive than ever. In the Americas, those same ideas threaten to plunge a young republic into the devastation of a civil war. Princess Victoria is 16 years old, and will soon ascend to the throne of Great Britain, the greatest industrial empire ever to span the globe. Her ascension, to a long and prosperous reign, marks the beginning of an age that is to last all the way up until the First World War. In this new era of unprecedented technological progress, doubts will be cast on certainties that have stood since time immemorial, and new dogmas will rise in their place. Far away, across the briny foam, the riches of Asia and Africa, and The Heart of Darkness, beckon that their songs may also be heard, in the Concert of Europe. Maestro, choose your instrument, and let the music play.;La poussière est retombée sur les champs de Waterloo, o?les idéaux de la Révolution française que l'on croit avoir atteint leur disparition définitive de la part des ancines régimes de l'Europe. Après les tribulations des guerres Napoléoniennes, le consensus obtenu lors du Congrès de Vienne a rétabli un calme provisoire dans un continent en difficult? Alors que les flammes de la Révolution peuvent avoir ét?éteintes pour l'instant, les idées de libert? le nationalisme et le libéralisme va bientôt se montrer plus vivant que jamais. Dans les Amériques, ces mêmes idées menacent de plonger un jeune république dans la dévastation d'une guerre civile. La princesse Victoria est agée de 16 ans, et montera bientôt sur le trône de Grande-Bretagne, le plus grand empire industriel de toute la planète. Son ascension, ?un règne long et prospère, marque le début d'un âge qui est ?la dernière tout le chemin jusqu'?la Première Guerre mondiale. Dans cette nouvelle ère de progrès technologiques sans précédent, des doutes seront jetés sur des certitudes qui ont résist?depuis des temps immémoriaux, et de nouveaux dogmes passeront ?leur place. Au loin, ?travers la mousse saumâtre, les richesses de l'Asie et l'Afrique, et The Heart of Darkness, invitent que leurs chansons peuvent également être entendus, dans le Concert de l'Europe. Maestro, choisissez votre instrument, et laisser la musique jouer.;Prinzessin Victoria ist 16 Jahre alt und wird bald den Thron Großbritanniens besteigen. Seit Äonen feststehende Konzepte sind dabei, zu kollabieren, und eine neue Ordnung wird an ihrer Stelle aus der Asche steigen. Eine industrielle Revolution hat schon begonnen, mit sozialen und ökonomischen Umwälzungen, die der Kriegsführung neue Schrecken und Barbareien anfügen werden;;El polvo se ha aposentado sobre los campos de Waterloo, donde los ideales de la revolución francesa se creyeron sofocados a manos del Antiguo Régimen. Tras las tribulaciones de las guerras napoleónicas, el consenso establecido por el Congreso de Viena ha devuelto una semblanza de calma a un continente herido. Y aunque puede que las llamas de la revolución se hayan apagado de momento, las ideas de la libertad de los hombres, el nacionalismo y el liberalismo pronto demostrarán que están más vivas que nunca. En las Américas, estas mismas ideas amenazan con arrojar a una joven república al abismo de la guerra civil. La princesa Victoria tiene 16 años de edad y pronto ascender?al trono de Gran Bretaña, el mayor imperio industrial que jamás haya conocido el planeta. Su ascenso y su dilatado y próspero reinado marcarán el comienzo de una era que se prolongar?hasta la Primera Guerra Mundial. En esta época de progreso tecnológico sin precedentes, se proyectarán dudas sobre afirmaciones que se sostenían desde tiempos inmemoriales y se alzarán nuevos dogmas para reemplazarlas. Y muy lejos, en las tierras de ultramar, las riquezas de Asia, África y el Corazón de la Oscuridad llaman para que sus canciones puedan oírse también en medio del Concierto de Europa. Elige tu instrumento, maestro, y que suene la música.;;;;;;;;;
BUILDING_NO_TECH;Discovered §Y$TECH$§W;Découverte : §Y$TECH$§W;Entdeckte §Y$TECH$§W;;Descubrimientos: §Y$TECH$§W;;;;;;;;;
BUILDING_AT_MAX;Level $CURR$/$MAX$;Niveau $CURR$/$MAX$;Stufe $CURR$/$MAX$;;Nivel $CURR$/$MAX$;;;;;;;;;
BUILDING_PORT_PROVINCE;Port province;Province portuaire;Seeprovinz;;Provincia portuaria;;;;;;;;;
BUILDING_BLOCKED_BY;Blocked by $OTHER$;Blocage par $OTHER$;Von $OTHER$ blockiert;;Bloqueado por $OTHER$;;;;;;;;;
BUILDING_MUST_HAVE;Must have $OTHER$;Requis : $OTHER$;Muss $OTHER$ haben;;Debe tener: $OTHER$;;;;;;;;;
BUILDING_NO_RAILWAYS;Economic policy allows building;La politique économique permet de bâtir.;Wirtschaftspolitik ermöglicht den Bau von;;La política económica permite construir;;;;;;;;;
BUILDING_ANOTHER;Another building construction is in progress;La construction d'une autre infrastructure est en cours.;Ein anderes Gebäude ist im Bau;;Ya se est?construyendo otro edificio;;;;;;;;;
BUILDING_CONSTRUCTION_TOOLTIP;Currently building §Y$NAME$§W, which will be finished earliest §Y$DATE$§W.;§Y$NAME$§W actuellement en construction.\nLes travaux seront terminés au plus tôt le §Y$DATE$§W.;Momentan ist §Y$NAME$§W im Bau, das frühestens am §Y$DATE$§W fertiggestellt wird.;;Se est?construyendo un edificio (§Y$NAME$§W), que estar?terminado, como muy pronto, el §Y$DATE$§W.;;;;;;;;;
UNIT_CONSTRUCTION_TOOLTIP;Currently building §Y$NAME$§W, which will be finished earliest §Y$DATE$§W.;§Y$NAME$§W actuellement en construction.\nLes travaux seront terminés au plus tôt le §Y$DATE$§W.;Momentan ist §Y$NAME$§W im Bau, das frühestens am §Y$DATE$§W fertiggestellt wird.;;Se est?construyendo un edificio (§Y$NAME$§W), que estar?terminado, como muy pronto, el §Y$DATE$§W.;;;;;;;;;
aeroplane_factory;Aeroplane Factory;Usine d'avions;Flugzeugfabrik;;Fábrica de aeroplanos;;;;;;;;;
barrel_factory;Tank Factory;Usine de blindés;Geschützrohrfabrik;;Fábrica de carros de combate;;;;;;;;;
automobile_factory;Automobile Factory;Usine d'automobiles;Automobilfabrik;;Fábrica de automóviles;;;;;;;;;
radio_factory;Radio Factory;Usine de radios;Radiofabrik;;Fábrica de radios;;;;;;;;;
telephone_factory;Telephone Factory;Usine de téléphones;Telefonfabrik;;Fábrica de teléfonos;;;;;;;;;
electric_gear_factory;Electric Gear Factory;Usine de composants électriques;Elektroteilefabrik;;Fábrica de componentes eléctricos;;;;;;;;;
machine_parts_factory;Machine Parts Factory;Usine de pièces mécaniques;Maschinenteilefabrik;;Fábrica de piezas de maquinaria;;;;;;;;;
synthetic_oil_factory;Synthetic Oil Factory;Usine d'huile de synthèse;Syntheseölfabrik;;Fábrica de petróleo sintético;;;;;;;;;
fuel_refinery;Fuel Refinery;Raffinerie de carburant;Treibstoffraffinerie;;Refinería de petróleo;;;;;;;;;
steamer_shipyard;Steamer Shipyard;Chantier ?bateaux ?vapeur;Dampferwerft;;Astillero de vapores;;;;;;;;;
luxury_clothes_factory;Luxury Clothes Factory;Atelier de vêtements de luxe;Luxuskleiderfabrik;;Fábrica de ropa de lujo;;;;;;;;;
luxury_furniture_factory;Luxury Furniture Factory;Fabrique de meubles de luxe;Luxusmöbelfabrik;;Fábrica de muebles de lujo;;;;;;;;;
steel_factory;Steel Factory;Aciérie;Stahlfabrik;;Fábrica de acero;;;;;;;;;
artillery_factory;Artillery Factory;Usine d'artillerie;Artilleriefabrik;;Fábrica de piezas de artillería;;;;;;;;;
clipper_shipyard;Clipper Shipyard;Chantier ?voilier marchand;Klipperwerft;;Astillero de clíperes;;;;;;;;;
small_arms_factory;Small Arms Factory;Usine d'armes légères;Handfeuerwaffenfabrik;;Fábrica de armas ligeras;;;;;;;;;
furniture_factory;Furniture Factory;Fabrique de meubles;Möbelfabrik;;Fábrica de muebles;;;;;;;;;
paper_mill;Paper Mill;Papeterie;Papiermühle;;Fábrica de papel;;;;;;;;;
regular_clothes_factory;Regular Clothes Factory;Usine d'habillement;Kleiderfabrik;;Fábrica de ropa normal;;;;;;;;;
explosives_factory;Explosives Factory;Usine d'explosifs;Sprengstofffabrik;;Fábrica de explosivos;;;;;;;;;
ammunition_factory;Ammunition Factory;Manufacture de munitions;Munitionsfabrik;;Fábrica de municiones;;;;;;;;;
canned_food_factory;Canned Food Factory;Conserverie alimentaire;Konservenfabrik;;Fábrica de conservas;;;;;;;;;
dye_factory;Dye Factory;Teinturerie;Farbstofffabrik;;Fábrica de tintes;;;;;;;;;
liquor_distillery;Liquor Distillery;Distillerie;Schnapsbrennerei;;Destilería de licor;;;;;;;;;
winery;Winery;Exploitation vinicole;Winzerei;;Bodega;;;;;;;;;
lumber_mill;Lumber Mill;Scierie;Sägemühle;;Aserradero;;;;;;;;;
fabric_factory;Fabric Factory;Fabrique de tissus;Stofffabrik;;Fábrica de telas;;;;;;;;;
cement_factory;Cement Factory;Cimenterie;Betonfabrik;;Fábrica de cemento;;;;;;;;;
glass_factory;Glass Factory;Verrerie;Glashütte;;Fábrica de vidrio;;;;;;;;;
fertilizer_factory;Fertilizer Factory;Usine d’engrais;Düngerfabrik;;Fábrica de fertilizantes;;;;;;;;;
naval_base;Naval Base;Base navale;Marinestützpunkt;;Base naval;;;;;;;;;
railroad;Railroad;Chemin de fer;Eisenbahn;;Ferrocarril;;;;;;;;;
aeroplane_factory_desc;Machine parts, electric gear and rubber are needed to produce aeroplanes.;Des pièces mécaniques, des composants électriques et du caoutchouc sont nécessaires pour produire des avions.;Zum Flugzeugbau sind Maschinenteile, Elektroteile und Gummi erforderlich.;;Para hacer aeroplanos se necesitan componentes eléctricos, caucho y piezas de maquinaria.;;;;;;;;;
barrel_factory_desc;Tanks were little more than artillery mounted on a moving chassis. Therefore, automobiles and artillery are required to produce tanks.;Les chars n'étaient guère plus que des pièces d'artillerie montées sur un châssis mobile. Par conséquent, des automobiles et des pièces d'artillerie sont nécessaires pour produire des chars.;Panzer waren anfänglich kaum mehr als auf bewegliche Untersätze montierte Artillerie. Daher sind Automobile und Artillerie zur Panzerproduktion erforderlich.;;Los tanques eran poco más que artillería montada sobre un chasis móvil. Por tanto, son necesarios automóviles y artillería para producir tanques.;;;;;;;;;
automobile_factory_desc;Machine parts, electric gear and rubber are needed to produce automobiles.;Des pièces mécaniques, des composants électriques et du caoutchouc sont nécessaires pour produire des automobiles.;Zur Automobilproduktion sind Maschinenteile, Elektroteile und Gummi erforderlich.;;Para hacer coches se necesitan componentes eléctricos, caucho y piezas de maquinaria.;;;;;;;;;
radio_factory_desc;Radios were one of the first mass consumer goods of the 20th century. Glass and electric gears are required for this.;Les radios furent parmi les premiers biens de consommation de masse du XXe siècle. Du verre et des composants électriques sont nécessaires pour les produire.;Radiogeräte gehörten zu den ersten Massengebrauchsgütern des zwanzigstens Jahrhunderts. Für diese Geräte werden Glas und Elektroteile benötigt.;;Las radios fueron uno de los primeros bienes de consumo masivo del siglo XX. Requiere vidrio y equipos eléctricos.;;;;;;;;;
telephone_factory_desc;The telephone is a major breakthrough in communications technology. Glass and electric gear is needed in this factory.;Le téléphone est une invention déterminante dans le secteur des communications. Du verre et des composants électriques sont nécessaires pour sa production.;Das Telefon ist ein wichtiger Durchbruch in der Kommunikationstechnologie. Glas und Elektroteile werden in dieser Fabrik gebraucht.;;El teléfono es un gran adelanto en la tecnología de las comunicaciones. Esta fábrica requiere vidrio y componentes eléctricos.;;;;;;;;;
electric_gear_factory_desc;Using rubber, coal and iron, electric gear is produced. Electric gear is needed for a variety of things, among them automobiles and aeroplanes.;Les composants électriques sont produits ?l'aide de caoutchouc, de charbon et de fer. Les composants électriques sont nécessaires dans différents secteurs, notamment pour la production d'automobiles et d'avions.;Elektroteile werden mit Gummi, Kohle und Eisen produziert. Elektroteile sind wichtig für eine Reihe von Produkten, unter anderem für Automobile und Flugzeuge.;;Los componentes eléctricos se producen mediante caucho, hierro y carbón. Estos componentes se necesitan para muchas cosas, entre ellas, automóviles y aeroplanos.;;;;;;;;;
machine_parts_factory_desc;Machine parts are very important tools for every industrial plant. Steel and Coal are required to produce them.;Les pièces mécaniques sont indispensables ?toutes les usines. De l'acier et du charbon sont nécessaires pour les produire.;Maschinenteile sind sehr wichtig für jede Fabrik. Stahl und Kohle sind für ihre Produktion erforderlich.;;Las piezas de maquinaria son elementos muy importantes de toda planta industrial. Hay que disponer de acero y carbón para producirlas.;;;;;;;;;
synthetic_oil_factory_desc;Using coal, the synthetic oil factory produces oil out of that coal. Vital for nations that do not have ready access to oil.;L'usine d'huile de synthèse produit de l'huile ?partir de charbon. Cette huile de synthèse est vitale pour les nations qui n'ont pas accès au pétrole.;Die Syntheseölfabrik produziert Öl aus Kohle. Unerlässlich für Nationen, die keinen Zugang zu Ölvorkommen haben.;;La fábrica de petróleo sintético utiliza carbón para producir este recurso. Es vital para aquellos países que no tienen acceso al petróleo.;;;;;;;;;
fuel_refinery_desc;The fuel factory processes oil into fuel for automobiles.;La raffinerie transforme le pétrole en carburant pour les automobiles.;Die Treibstoffraffinerie verarbeitet Öl zu Treibstoffen für Automobile.;;La refinería procesa el crudo y lo convierte en combustible para vehículos.;;;;;;;;;
steamer_shipyard_desc;Steamers are a huge improvement over clippers because they are independent from wind and can also be built bigger and sturdier. Steel and coal are the prerequisites for steamers.;Les bateaux ?vapeur (steamers), constituent un progrès majeur par rapport aux bateaux ?voile (clippers), car ils ne dépendent pas du vent. De plus, ils peuvent être plus grands et plus robustes. L'acier et le charbon sont indispensables aux bateaux ?vapeur.;Dampfer stellen eine gewaltige Verbesserung gegenüber den Klippern dar, da sie windunabhängig und größer sind und stabiler gebaut werden können. Für den Dampferbau sind Stahl und Kohle erforderlich.;;Los vapores representan un gran avance sobre los clíperes porque no necesitan del viento y se pueden construir más grandes y recios. Acero y carbón son los prerrequisitos de los vapores.;;;;;;;;;
luxury_clothes_factory_desc;In this factory, regular clothes are reworked using silk to produce luxury clothes for the rich strata’s of the populace.;Dans cette usine, les vêtements ordinaires sont retraités avec de la soie afin de produire des vêtements de soie pour les classes supérieures de la population.;In dieser Fabrik werden normale Kleidungsstücke unter Verwendung von Seide zu Kleidung für die reichen Bevölkerungsschichten umgearbeitet.;;En estas fábricas se transforman ropas normales usando seda para producir vestidos de lujo para las clases altas.;;;;;;;;;
luxury_furniture_factory_desc;Here, furniture is transformed into a luxury good using tropical wood. The resulting luxury furniture is used by the rich strata’s of the population for their homes.;Les meubles sont ici transformés en produits de luxe grâce ?du bois exotique. Le mobilier de luxe qui en résulte est achet?par les classes supérieures de la population.;Hier werden Möbel mit Tropenhölzern in Luxusgüter verwandelt. Die fertigen Tropenmöbel werden von den reichen Bevölkerungsschichten für ihre Häuser gekauft.;;Aqu? los muebles se transforman en bienes de lujo mediante madera tropical. Las clases altas de la población utilizan en sus casas el lujoso mobiliario resultante.;;;;;;;;;
steel_factory_desc;Here, Iron and Coal are used to produce steel. Steel is used to produce weapons, railways, and a wide range of other buildings and items.;Du fer et du charbon sont ici utilisés pour produire de l'acier. L'acier permet de fabriquer des armes, des voies ferrées ainsi qu'un large éventail de bâtiments et autres éléments.;Hier werden Eisen und Kohle zur Stahlproduktion eingesetzt. Stahl wird bei der Produktion Bau von Waffen, Eisenbahnschienen und einer breiten Palette anderer Gebäude und Gegenstände eingesetzt.;;Aqu?se produce acero utilizando hierro y carbón. El acero se utiliza para fabricar armas, ferrocarriles y un gran abanico de edificios y objetos.;;;;;;;;;
artillery_factory_desc;Using steel and explosives, artillery is produced. Artillery greatly enhances the firepower of army divisions.;Les pièces d'artillerie sont produites avec de l'acier et des explosifs. L'artillerie renforce considérablement la puissance de feu des divisions armées.;Artilleriegeschütze werden mit Stahl und Sprengstoffen produziert. Artillerie erhöht die Feuerkraft von Armeedivisionen stark.;;La artillería se produce utilizando acero y explosivos. Ésta aumenta en mucho la potencia de fuego de las divisiones del ejército.;;;;;;;;;
clipper_shipyard_desc;Clippers are simple commercial ships using sails and wind for movement. Fabric and lumber are needed in this shipyard.;Les voiliers marchands sont de simples navires commerciaux qui utilisent leurs voiles et le vent pour se déplacer. Ce chantier naval a besoin de tissus et de bois de scierie.;Klipper sind einfache Handelssegler. Ihre Werften brauchen Stoff und Holz.;;Los clíperes son simples barcos comerciales que utilizan viento y velas para moverse. En este astillero hace falta disponer de tela y tablones.;;;;;;;;;
small_arms_factory_desc;Steel and ammunitions are required to produce small arms. These are the basic equipment for all newly raised divisions.;De l'acier et des munitions sont nécessaires pour produire des armes légères. Il s'agit de l'équipement de base de toutes les divisions nouvellement formées.;Stahl und Munition sind zur Herstellung von Handfeuerwaffen erforderlich, die die Grundausrüstung für alle neuen Divisionen darstellen.;;Aqu?hace falta disponer de municiones y acero para producir armas ligeras. Éstas constituyen el equipo básico para las divisiones de nueva leva.;;;;;;;;;
furniture_factory_desc;Furniture is made using lumber. It is a necessity for every home and thus available to the general populace.;Les meubles sont fabriqués avec du bois de scierie. Ils sont indispensables ?tous les foyers et sont donc accessibles au grand public.;Möbel aus Schnittholz sind eine Notwendigkeit für jedes Heim und daher der allgemeinen Bevölkerung zugänglich.;;Para los muebles se utilizan tablones. El mobiliario es una necesidad común y, por tanto, est?al alcance de la población general.;;;;;;;;;
paper_mill_desc;A paper mill is using lumber to produce paper. Paper is used for books, newspapers and other means of information.;Une papeterie utilise du bois de scierie pour produire du papier. Le papier est utilis?pour les livres, les journaux et les autres moyens d'information.;In einer Papiermühle wird Papier produziert. Papier wird zur Produktion von Büchern, Zeitungen und anderen Informationsmedien verwendet.;;Esta fábrica utiliza tablones para hacer papel que se emplea para libros, periódicos y otros medios de información.;;;;;;;;;
regular_clothes_factory_desc;Fabric and dye are the prerequisites for this factory were the clothes for the general populace are produced.;Le tissu et les teintures sont indispensables ?cette usine o?sont produits les vêtements destinés au grand public.;Stoff und Farbstoffe sind die Voraussetzungen für diese Fabrik, in der Kleidung für die allgemeine Bevölkerung produziert werden.;;La tela y el tinte son prerrequisitos para esta fábrica, donde se produce ropa para la población en general.;;;;;;;;;
explosives_factory_desc;Using fertilizer and ammunition, explosives are produced. These explosives were needed mainly for artillery.;Les explosifs sont produits ?partir d'engrais et de munitions. Ils étaient principalement utilisés par l'artillerie.;Mit Dünger und Munition werden Sprengstoffe hergestellt, die hauptsächlich von der Artillerie benötigt werden. ;;Con fertilizante y munición se hacen explosivos. Éstos se necesitan básicamente para la artillería.;;;;;;;;;
ammunition_factory_desc;Here, a wide variety of ammunitions are produced. The prerequisites are iron, coal and sulphur.;C'est ici que sont produits différents types de munitions ?partir de fer, de charbon et de soufre.;Hier werden viele Arten von Munition produziert. Die Voraussetzungen sind Eisen, Kohle und Schwefel.;;Aqu?se produce una gran variedad de municiones. Para ello hace falta disponer de hierro, carbón y azufre.;;;;;;;;;
canned_food_factory_desc;Iron and Cattle are necessary to produce canned food. This canned food is primarily used to provide foodstuff for the armed forces because of it's long hold-up time.;Du fer et du bétail sont nécessaires pour produire des conserves. Compte tenu de sa longue durée de conservation, ce type de nourriture est principalement destin?aux forces armées.;Eisen und Vieh sind zur Konservenproduktion erforderlich. Diese Konserven werden wegen ihrer langen Haltbarkeit hauptsächlich von den Streitkräften abgenommen.;;Hierro y ganado son necesarios para hacer conservas. Esta comida se utiliza principalmente para alimentar a las fuerzas armadas, porque es muy duradera.;;;;;;;;;
dye_factory_desc;Dye could not only be extracted from plantations, but it could also be synthetically produced using coal.;Les teintures pouvaient être issues de plantations ou être produites de manière synthétique ?partir de charbon.;Farbstoffe konnten nicht nur auf Plantagen gewonnen, sondern auch synthetisch mit Kohle produziert werden.;;El tinte no sólo se extraía de las plantaciones, sino que también podía sintetizarse mediante carbón.;;;;;;;;;
liquor_distillery_desc;Liquor is the alcohol available for the broad mass of the populace. Grain is the raw materiel to produce liquor.;Cette distillerie produit l'alcool accessible au grand public. Les céréales constituent la matière première nécessaire ?la production de cet alcool.;Schnaps ist der Alkohol für die breite Masse. Getreide dient als Rohmaterial zur Schnapsproduktion.;;El licor es el alcohol disponible para la gran masa de la población. El grano es la materia prima para producir licor.;;;;;;;;;
winery_desc;Wine is a major status symbol for the rich strata’s of the population. A distillery uses fruit to produce wine.;Le vin est un important symbole de statut social pour les classes supérieures de la population. Le vin est produit ?partir de fruits.;Wein ist ein wichtiges Statussymbol für die reichen Bevölkerungsschichten. Eine Winzerei stellt aus Früchten Wein her.;;El vino es un gran símbolo de estatus para los estratos ricos de la población. Una bodega utiliza fruta para producir vino.;;;;;;;;;
lumber_mill_desc;In a lumber mill, timber is processed into lumber. Lumber can then be used for buildings, paper, ships or furniture.;La scierie transforme la matière première en bois débit? Ce bois sert ?construire des bâtiments, des navires, des meubles ou ?fabriquer du papier.;In Sägemühlen wird Holz zu Schnittholz verarbeitet, das dann für Gebäude, Papier, Schiffe oder Möbel verwendet werden kann.;;En un aserradero, la madera se convierte en tablones que se utilizan para edificios, papel, naves o muebles.;;;;;;;;;
fabric_factory_desc;Cotton is processed into fabric here. Fabric is a tightly woven textile which is, among other things, used to produce sails for ships as well as clothing.;Le coton est ici transform?en tissu qui sert notamment ?fabriquer les voiles des navires ainsi que des vêtements.;Baumwolle wird hier zu Stoffen verarbeitet. Stoffe sind dicht gewebte Textilien und werden unter anderem für Segel und Kleidung gebraucht.;;Aqu?se produce tela utilizando algodón. La tela es un paño compactamente tejido que se usa, entre otras cosas, para producir velas para barcos, además de ropa.;;;;;;;;;
cement_factory_desc;Cement is a building materiel used to build sturdy objects like fortresses or bridges. Coal is required to produce cement.;Le ciment est utilis?pour construire des édifices robustes comme les forteresses ou les ponts. Du charbon est nécessaire pour produire du ciment.;Beton ist ein Baumaterial für solide Objekte wie Festungen oder Brücken. Zur Betonproduktion ist Kohle notwendig.;;El cemento es el material de construcción que se utiliza para erigir obras resistentes, como fortalezas o puentes. El carbón es necesario para producir cemento.;;;;;;;;;
glass_factory_desc;This factory requires coal to produce glass. Glass is used mainly for mirrors and windows.;Du charbon est nécessaire pour produire du verre. Le verre est principalement utilis?pour produire des miroirs et des fenêtres.;Diese Fabrik braucht Kohle zur Glasproduktion. Glas wird hauptsächlich für Spiegeln und Fenstern verwendet.;;Esta fábrica necesita carbón para producir vidrio. Éste se utiliza básicamente para ventanas y espejos.;;;;;;;;;
fertilizer_factory_desc;In this factory, sulphur is processed into fertilizer. These fertilizers are used to increase the productivity of farms.;Dans cette usine, le soufre est transform?en engrais. Ce dernier permet d'améliorer la productivit?des fermes.;In dieser Fabrik wird Schwefel zu Dünger verarbeitet. Diese Dünger werden auf Farmen zur Produktivitätserhöhung eingesetzt.;;En esta fábrica se procesa azufre para convertirlo en fertilizantes. Éstos se utilizan para aumentar la productividad de las granjas.;;;;;;;;;
harsh_climate;Harsh Climate;Climat rude;Raues Klima;;Clima duro;;;;;;;;;
ocean;Ocean;Océan;Ozean;;Océano;;;;;;;;;
arctic;Arctic;Arctique;Arktis;;Ártico;;;;;;;;;
farmlands;Farmlands;Terres arables;Ackerland;;Tierras de cultivo;;;;;;;;;
forest;Forest;Forêt;Wald;;Bosque;;;;;;;;;
hills;Hills;Collines;Hügel;;Colinas;;;;;;;;;
woods;Woods;Bois;Wälder;;Bosques;;;;;;;;;
mountain;Mountains;Montagnes;Berge;;Montañas;;;;;;;;;
steppe;Steppe;Steppe;Steppe;;Estepa;;;;;;;;;
plains;Plains;Plaines;Ebenen;;Llanuras;;;;;;;;;
jungle;Jungle;Jungle;Dschungel;;Jungla;;;;;;;;;
marsh;Marsh;Marais;Sumpf;;Pantano;;;;;;;;;
desert;Desert;Désert;Wüste;;Desierto;;;;;;;;;
coastal_desert;Coastal Desert;Désert côtier;Küstenwüste;;Desierto costero;;;;;;;;;
STRATA_POOR;Poor;Classes défavorisées;Arm;;Pobre;;;;;;;;;
STRATA_MIDDLE;Middle;Classes moyennes;Mittel;;Clase media;;;;;;;;;
STRATA_RICH;Rich;Classes supérieures;Reich;;Rico;;;;;;;;;
GOLD;Gold;Or;Gold;;Oro;;;;;;;;;
INTEREST;Interest;Intérêt;Zinsen;;Intereses;;;;;;;;;
NATIONAL_BANK;National bank;Banque nationale;Nationalbank;;Banco nacional;;;;;;;;;
EDUCATION;Education;Éducation;Bildung;;Educación;;;;;;;;;
ADMINISTRATION;Administration;Administration;Verwaltung;;Administración;;;;;;;;;
SOCIAL_SPENDING;Social Spending;Dépenses sociales;Sozialausgaben;;Gasto social;;;;;;;;;
MILITARY_SPENDING;Military Spending;Dépenses militaires;Wehretat;;Gastos militares;;;;;;;;;
CLOSE;Close;Fermer;Schließen;;Cerrar;;;;;;;;;
CLOSE_WINDOW;Closes window;Ferme la fenêtre;Schließt Fenster;;Cierra la ventana;;;;;;;;;
BASE_CHANCE;Base chance: $CHANCE$%;Chance de base : $CHANCE$ %;Grundwahrscheinlichkeit: $CHANCE$%;;Probabilidad básica: $CHANCE$%;;;;;;;;;
BASE_VALUE;Base Value;Valeur de base;Basiswert;Stawka podstawowa;Valor base;Valore di base;Alapérték;Základn?hodnota;;;;;;
FROM_PROV_SIZE;Province Size: x;Taille de la province : x ;Provinzgröße: x;;Tamaño de la provincia: x;;;;;;;;;
BASE_RGO_SIZE;Base Workforce: ;Main-d'œuvre de base : ;Basis-Arbeitskräfte:;;Pobl. activa básica: ;;;;;;;;;
REB;Rebels;Rebelles;Partisanen;;Rebeldes;;;;;;;;;
BOS;Bosnia-Herzegovina;Bosnie-Herzégovine;Bosnien-Herzegowina;;Bosnia-Herzegovina;;;;;;;;;
BUL;Bulgaria;Bulgarie;Bulgarien;;Bulgaria;;;;;;;;;
CRO;Croatia;Croatie;Kroatien;;Croacia;;;;;;;;;
CYP;Cyprus;Chypre;Zypern;;Chipre;;;;;;;;;
GRE;Greece;Grèce;Griechenland;;Grecia;;;;;;;;;
MOL;Moldavia;Moldavie;Moldawien;;Moldavia;;;;;;;;;
MON;Montenegro;Monténégro;Montenegro;;Montenegro;;;;;;;;;
ROM;Romania;Roumanie;Rumänien;;Rumania;;;;;;;;;
SER;Serbia;Serbie;Serbien;;Serbia;;;;;;;;;
WAL;Wallachia;Valachie;Walachei;;Valaquia;;;;;;;;;
SWI;Switzerland;Suisse;Schweiz;;Suiza;;;;;;;;;
SLO;Slovenia;Slovénie;Slowenien;;Eslovenia;;;;;;;;;
AUS;Austria;Autriche;Österreich;;Austria;;;;;;;;;
BOH;Bohemia-Moravia;Bohême-Moravie;Böhmen-Mähren;;Bohemia-Moravia;;;;;;;;;
DZG;Danzig;Dantzig;Danzig;;Danzig;;;;;;;;;
KRA;Krakow;Cracovie;Krakau;;Cracovia;;;;;;;;;
CRI;Crimea;Crimée;Krim;;Crimea;;;;;;;;;
EST;Estonia;Estonie;Estland;;Estonia;;;;;;;;;
HUN;Hungary;Hongrie;Ungarn;;Hungría;;;;;;;;;
LIT;Lithuania;Lituanie;Litauen;;Lituania;;;;;;;;;
LAT;Latvia;Lettonie;Lettland;;Letonia;;;;;;;;;
POL;Poland;Pologne;Polen;;Polonia;;;;;;;;;
SLV;Slovakia;Slovaquie;Slowakei;;Eslovaquia;;;;;;;;;
RUT;Ruthenia;Ruthénie;Ruthenien;;Rutenia;;;;;;;;;
SIE;Siebenbürgen;Transylvanie;Siebenbürgen;;Transilvania;;;;;;;;;
UKR;Ukraine;Ukraine;Ukraine;;Ucrania;;;;;;;;;
GER;Germany;Allemagne;Deutschland;;Alemania;;;;;;;;;
NGF;North German Federation;Fédération de l'Allemagne du nord ;Norddeutscher Bund;;C Alemana Norte;;;;;;;;;
SGF;South German Federation;Fédération de l'Allemagne du sud;Süddeutscher Bund;;C Alemana Sur;;;;;;;;;
BAD;Baden;Bade;Baden;;Baden;;;;;;;;;
BAV;Bavaria;Bavière;Bayern;;Baviera;;;;;;;;;
BRA;Braunschweig;Brunswick;Braunschweig ;;Brunswick;;;;;;;;;
BRE;Bremen;Brême;Bremen;;Bremen;;;;;;;;;
FRM;Frankfurt am Main;Francfort;Frankfurt am Main;;Frankfurt del Main;;;;;;;;;
HAM;Hamburg;Hambourg;Hamburg;;Hamburgo;;;;;;;;;
HAN;Hanover;Hanovre;Hannover;;Hannover;;;;;;;;;
HES;Hesse-Darmstadt;Hesse-Darmstadt;Hessen-Darmstadt;;Hesse-Darmstadt;;;;;;;;;
HEK;Hesse-Kassel;Hesse-Cassel;Hessen-Kassel;;Hesse-Kassel;;;;;;;;;
HOL;Holstein;Holstein;Holstein;;Holstein;;;;;;;;;
LUB;Lübeck;Lübeck;Lübeck;;Lübeck;;;;;;;;;
LUX;Luxemburg;Luxembourg;Luxemburg;;Luxemburgo;;;;;;;;;
OLD;Oldenburg;Oldenbourg;Oldenburg;;Oldenburgo;;;;;;;;;
PRU;Prussia;Prusse;Preußen;;Prusia;;;;;;;;;
SAX;Saxony;Saxe;Sachsen;;Sajonia;;;;;;;;;
SCH;Schleswig;Slesvig;Schleswig;;Schleswig;;;;;;;;;
WUR;Württemberg;Wurtemberg;Württemberg;;Württemberg;;;;;;;;;
COB;Saxe-Coburg-Gotha;Saxe-Cobourg-Gotha;Sachsen-Coburg-Gotha;;Sajonia-Coburgo-Gotha;;;;;;;;;
LIP;Lippe-Detmold;Lippe-Detmold;Lippe-Detmold;;Lippe-Detmold;;;;;;;;;
MEC;Mecklenburg;Mecklenbourg;Mecklenburg;;Mecklenburgo;;;;;;;;;
ITA;Italy;Italie;Italien;;Italia;;;;;;;;;
LOM;Lombardia;Lombardie;Lombardei;;Lombardía;;;;;;;;;
PAR;Parma;Parme;Parma;;Parma;;;;;;;;;
MOD;Modena;Modène;Modena;;Módena;;;;;;;;;
PAP;Papal States;États pontificaux;Vatikanstaat;;E Pontificios;;;;;;;;;
SAR;Sardinia-Piedmont;Piémont-Sardaigne;Sardinien-Piemont;;Piamonte-Cerdeña;;;;;;;;;
SIC;Two Sicilies;Deux-Siciles;Sizilien-Neapel;;Las Dos Sicilias;;;;;;;;;
TUS;Tuscany;Toscane;Toskana;;Toscana;;;;;;;;;
VEN;Venice;Venise;Venedig;;Venecia;;;;;;;;;
DEN;Denmark;Danemark;Dänemark;;Dinamarca;;;;;;;;;
FIN;Finland;Finlande;Finnland;;Finlandia;;;;;;;;;
NOR;Norway;Norvège;Norwegen;;Noruega;;;;;;;;;
SCA;Scandinavia;Scandinavie;Skandinawien;;Escandinavia;;;;;;;;;
SWE;Sweden;Suède;Schweden;;Suecia;;;;;;;;;
BEL;Belgium;Belgique;Belgien;;Bélgica;;;;;;;;;
CAT;Catalonia;Catalogne;Katalonien;;Cataluña;;;;;;;;;
FLA;Flanders;Flandres;Flandern;;Flandes;;;;;;;;;
WLL;Wallonia;Wallonie;Wallonien;;Valonia;;;;;;;;;
FRA;France;France;Frankreich;;Francia;;;;;;;;;
IRE;Ireland;Irlande;Irland;;Irlanda;;;;;;;;;
NET;Netherlands;Pays-Bas;Niederlande;;Holanda;;;;;;;;;
POR;Portugal;Portugal;Portugal;;Portugal;;;;;;;;;
SCO;Scotland;Écosse;Schottland;;Escocia;;;;;;;;;
PER;Persia;Perse;Persien;;Persia;;;;;;;;;
NEJ;Nejd;Nejd;Nejd;;Najd;;;;;;;;;
EGY;Egypt;Égypte;Ägypten;;Egipto;;;;;;;;;
KHI;Khiva;Khiva;Khiva;;Khiva;;;;;;;;;
BUK;Bukkhara;Boukhara;Buchara;;Bukhara;;;;;;;;;
KOK;Kokand;Kokand;Kokand;;Kokand;;;;;;;;;
OMA;Oman;Oman;Oman;;Omán;;;;;;;;;
YEM;Yemen;Yémen;Jemen;;Yemen;;;;;;;;;
TRA;Travancore;Travancore;Travancore;;Travancore;;;;;;;;;
MYS;Mysore;Mysore;Mysore;;Mysore;;;;;;;;;
HYD;Hyderabad;Hyderabad;Haiderabad;;Hyderabad;;;;;;;;;
NAG;Nagpur;Nagpur;Nagpur;;Nâgpur;;;;;;;;;
BAS;Bastar;Bastar;Bastar;;Bastar;;;;;;;;;
ORI;Orissa;Orissa;Orissa;;Orissa;;;;;;;;;
BUN;Bundelkhand;Bundelkhand;Bundelkhand;;Bundelkhand;;;;;;;;;
AWA;Awadh;Avadh;Awadh;;Awadh;;;;;;;;;
GWA;Gwalior;Gwalior;Gwalior;;Gwalior;;;;;;;;;
BHO;Bhopal;Bhopal;Bhopal;;Bhopâl;;;;;;;;;
IND;Indore;Indore;Indore;;Indore;;;;;;;;;
JAI;Jaipur;Jaipur;Jaipur;;Jaipur;;;;;;;;;
MEW;Mewar;Mewar;Mewar;;Mewar;;;;;;;;;
JOD;Jodhpur;Jodhpur;Jodhpur;;Jodhpur;;;;;;;;;
BER;Beroda;Beroda;Beroda;;Baroda;;;;;;;;;
KUT;Kutch;Kutch;Kutch;;Kutch;;;;;;;;;
SIN;Sindh;Sindh;Sindh;;Sindh;;;;;;;;;
MAK;Makran;Makran;Makran;;Makran;;;;;;;;;
KAL;Kalat;Kalat;Kalat;;Kalat;;;;;;;;;
JAS;Jaisalmer;Jaisalmer;Jaisalmer;;Jaisalmer;;;;;;;;;
BIK;Bikaner;Bikaner;Bikaner;;Bîkâner;;;;;;;;;
PAN;Panjab;Pendjab;Pundschab;;Punjab;;;;;;;;;
SHI;Shimla;Shimla;Shimla;;Simla;;;;;;;;;
LAD;Ladakh;Ladakh;Ladakh;;Ladakh;;;;;;;;;
KAS;Kashmir;Cachemire;Kaschmir;;Cachemira;;;;;;;;;
NEP;Nepal;Népal;Nepal;;Nepal;;;;;;;;;
SIK;Sikkim;Sikkim;Sikkim;;Sikkim;;;;;;;;;
BHU;Bhutan;Bhoutan;Bhutan;;Bután;;;;;;;;;
ETH;Ethiopia;Éthiopie;Äthiopien;;Etiopía;;;;;;;;;
LIB;Liberia;Libéria;Liberia;;Liberia;;;;;;;;;
REMOVE_ALD;Aldjazair;Algérie;Al Djazair;;Argel;;;;;;;;;
MOR;Morocco;Maroc;Marokko;;Marruecos;;;;;;;;;
TRI;Tripoli;Tripoli;Tripolis;;Trípoli;;;;;;;;;
SOK;Sokoto;Sokoto;Sokoto;;Sokoto;;;;;;;;;
ZUL;Zulu;Zoulou;Zulu;;Zul?;;;;;;;;;
SAF;South Africa;Afrique du sud;Südafrika;;Sudáfrica;;;;;;;;;
MAD;Madagascar;Madagascar;Madagaskar;;Madagascar;;;;;;;;;
JAP;Japan;Japon;Japan;;Japón;;;;;;;;;
KOR;Korea;Corée;Korea;;Corea;;;;;;;;;
TIB;Tibet;Tibet;Tibet;;Tíbet;;;;;;;;;
SIA;Siam;Siam;Siam;;Siam;;;;;;;;;
CAM;Cambodia;Cambodge;Kambodscha;;Camboya;;;;;;;;;
BUR;Burma;Birmanie;Burma;;Birmania;;;;;;;;;
DAI;Dai Nam;Dai Nam;Dai Nam;;Dai Nam;;;;;;;;;
BRU;Brunei;Brunei;Brunei;;Brunei;;;;;;;;;
BAL;Bali;Bali;Bali;;Bali;;;;;;;;;
JOH;Johore;Johore;Johore;;Johore;;;;;;;;;
JAV;Java;Java;Java;;Java;;;;;;;;;
AST;Australia;Australie;Australien;;Australia;;;;;;;;;
NZL;New Zealand;Nouvelle-Zélande;Neuseeland;;Nueva Zelanda;;;;;;;;;
HAW;Hawaii;Hawaii;Hawaii;;Hawai;;;;;;;;;
USA;America;États-Unis d'Amérique;USA;;EE UU;;;;;;;;;
CSA;America;États Confédérés d'Amérique;CSA;;EE CC;;;;;;;;;
CAN;Canada;Canada;Kanada;;Canad?;;;;;;;;;
TEX;Texas;Texas;Texas;;Texas;;;;;;;;;
CAL;Californian Republic;Californie;Kalifornische Republik;;Rep de California;;;;;;;;;
COL;Columbia;Colombie;Columbia;;Columbia;;;;;;;;;
NEN;New England;Nouvelle-Angleterre;Neuengland;;Nueva Inglaterra;;;;;;;;;
MEX;Mexico;Mexique;Mexiko;;México;;;;;;;;;
CUB;Cuba;Cuba;Kuba;;Cuba;;;;;;;;;
DOM;Dominican Republic;République dominicaine;Dominikanische Republik;;Rep Dominicana;;;;;;;;;
HAI;Haiti;Haïti;Haiti;;Hait?;;;;;;;;;
UCA;United States of Central America;Confédération d'Amérique Centrale;Zentralamerikanische Konföderation;;EE UU A Central;;;;;;;;;
PNM;Panama;Panama;Panama;;Panam?;;;;;;;;;
HON;Honduras;Honduras;Honduras;;Honduras;;;;;;;;;
ELS;El Salvador;Salvador;El Salvador;;El Salvador;;;;;;;;;
GUA;Guatemala;Guatemala;Guatemala;;Guatemala;;;;;;;;;
NIC;Nicaragua;Nicaragua;Nicaragua;;Nicaragua;;;;;;;;;
COS;Costa Rica;Costa Rica;Costa Rica;;Costa Rica;;;;;;;;;
QUE;Quebec;Québec;Quebec;;Quebec;;;;;;;;;
MTC;Metis Confederacy;Confédération métisse;Metis-Konföderation;;Conf de mestizos;;;;;;;;;
VNZ;Venezuela;Venezuela;Venezuela;;Venezuela;;;;;;;;;
BRZ;Brazil;Brésil;Brasilien;;Brasil;;;;;;;;;
URU;Uruguay;Uruguay;Uruguay;;Uruguay;;;;;;;;;
PRG;Paraguay;Paraguay;Paraguay;;Paraguay;;;;;;;;;
CHL;Chile;Chili;Chile;;Chile;;;;;;;;;
PEU;Peru;Pérou;Peru;;Per?;;;;;;;;;
BOL;Bolivia;Bolivie;Bolivien;;Bolivia;;;;;;;;;
CLM;Colombia;Colombie;Kolumbien;;Colombia;;;;;;;;;
ATJ;Atjeh;Aceh;Atjeh;;Atjeh;;;;;;;;;
HDJ;Hedjaz;Hedjaz;Hedjaz;;Hedjaz;;;;;;;;;
ECU;Ecuador;Équateur;Ekuador;;Ecuador;;;;;;;;;
TUN;Tunis;Tunis;Tunis;;Túnez;;;;;;;;;
NAL;Natalia;Natal;Natal;;Natalia;;;;;;;;;
ORA;Oranje;Orange;Oranje;;Orange;;;;;;;;;
TRN;Transvaal;Transvaal;Transvaal;;Transvaal;;;;;;;;;
LUA;Luang Prabang;Luang Prabang;Luang Prabang;;Luang Prabang;;;;;;;;;
WIA;Wiang Chhan;Wiang Chan;Wiang Chhan;;Wiang Chhan;;;;;;;;;
NEW;Newfoundland;Terre-Neuve;Neufundland;;Terra Nova;;;;;;;;;
ZAN;Zanzibar;Zanzibar;Sansibar;;Zanzíbar;;;;;;;;;
NAS;Nassau;Nassau;Nassau;;Nassau;;;;;;;;;
TON;Tonga;Tonga;Tonga;;Tonga;;;;;;;;;
WEI;Saxe-Weimar;Saxe-Weimar;Sachsen-Weimar;;Sajonia-Weimar;;;;;;;;;
MEI;Saxe-Meiningen;Saxe-Meiningen;Sachsen-Meiningen;;Sajonia-Meiningen;;;;;;;;;
MAN;Manhattan Commune;Manhattan;Manhattan-Kommune;;Com de Manhattan;;;;;;;;;
CRE;Crete;Crète;Kreta;;Creta;;;;;;;;;
ION;Ionian Islands;Îles Ioniennes;Ionische Inseln;;Islas Jónicas;;;;;;;;;
TRE;Trieste;Trieste;Triest;;Trieste;;;;;;;;;
GEO;Georgia;Géorgie;Georgien;;Georgia;;;;;;;;;
CHE;Cherokee;Cherokee;Cherokee;;Cherokee;;;;;;;;;
MUG;Mughalistan;Mogholistan;Mughalistan;;Mughalistán;;;;;;;;;
LUC;Lucca;Lucques;Lucca;;Lucca;;;;;;;;;
KUK;Austria-Hungary;Autriche-Hongrie;Österreich-Ungarn;;Imperio Austrohúngaro;;;;;;;;;
KUK_ADJ;Austro-Hungarian;Austro-Hongrois;Österreich-Ungarisch;;Austrohúngaro;;;;;;;;;
REB_ADJ;Rebel;Rebelle;Rebellisch;;Partisanos;;;;;;;;;
GER_ADJ;German;Allemand;Deutsch;;Alemana;;;;;;;;;
USA_ADJ;American;Américain;Amerikanisch;;Americana;;;;;;;;;
JAP_ADJ;Japanese;Japonais;Japanisch;;Japonesa;;;;;;;;;
FRA_ADJ;French;Français;Französisch;;Francesa;;;;;;;;;
ITA_ADJ;Italian;Italien;Italienisch;;Italiana;;;;;;;;;
DEN_ADJ;Danish;Danois;Dänisch;;Danesa;;;;;;;;;
EST_ADJ;Estonian;Estonien;Estnisch;;Estonia;;;;;;;;;
FIN_ADJ;Finnish;Finlandais;Finnisch;;Finlandesa;;;;;;;;;
TON_ADJ;Tongan;Tongan;Tongan;;Tongan;;;;;;;;;
LAT_ADJ;Latvian;Letton;Lettisch;;Letona;;;;;;;;;
LIT_ADJ;Lithuanian;Lituanien;Litauisch;;Lituana;;;;;;;;;
NOR_ADJ;Norwegian;Norvégien;Norwegisch;;Noruega;;;;;;;;;
SCA_ADJ;Scandinavian;Scandinave;Skandinawisch;;Escandinava;;;;;;;;;
SWE_ADJ;Swedish;Suédois;Schwedisch;;Sueca;;;;;;;;;
BEL_ADJ;Belgian;Belge;Belgisch;;Belga;;;;;;;;;
FLA_ADJ;Flemish;Flamand;Flämisch;;Flamenca;;;;;;;;;
NET_ADJ;Dutch;Néerlandais;Holländisch;;Holandesa;;;;;;;;;
IRE_ADJ;Irish;Irlandais;Irisch;;Irlandesa;;;;;;;;;
LUX_ADJ;Luxemburgian;Luxembourgeois;Luxemburgisch;;Luxemburguesa;;;;;;;;;
SCO_ADJ;Scottish;Écossais;Schottisch;;Escocesa;;;;;;;;;
WLL_ADJ;Wallonian;Wallon;Wallonisch;;Valona;;;;;;;;;
AUS_ADJ;Austrian;Autrichien;Österreichisch;;Austríaca;;;;;;;;;
CRO_ADJ;Croatian;Croate;Kroatisch;;Croata;;;;;;;;;
HUN_ADJ;Hungarian;Hongrois;Ungarisch;;Húngara;;;;;;;;;
POL_ADJ;Polish;Polonais;Polnisch;;Polaca;;;;;;;;;
ROM_ADJ;Romanian;Roumain;Rumänisch;;Rumana;;;;;;;;;
SLV_ADJ;Slovak;Slovaque;Slowakisch;;Eslovaca ;;;;;;;;;
SLO_ADJ;Slovenian;Slovène;Slowenisch;;Eslovena;;;;;;;;;
SWI_ADJ;Swiss;Suisse;Schweizerisch;;Suiza;;;;;;;;;
POR_ADJ;Portuguese;Portugais;Portugiesisch;;Portuguesa;;;;;;;;;
BOS_ADJ;Bosnian;Bosniaque;Bosnisch;;Bosnia;;;;;;;;;
BUL_ADJ;Bulgarian;Bulgare;Bulgarisch;;Búlgara;;;;;;;;;
GRE_ADJ;Greek;Grec;Griechisch;;Griega;;;;;;;;;
MON_ADJ;Montenegrin;Monténégrin;Montenegrinisch;;Montenegrina;;;;;;;;;
SER_ADJ;Serb;Serbe;Serbisch;;Serbia;;;;;;;;;
SIE_ADJ;Transylvanian;Transouralien;Transuralisch;;Transualiana;;;;;;;;;
UKR_ADJ;Ukrainian;Ukrainien;Ukrainisch;;Ucraniana;;;;;;;;;
GEO_ADJ;Georgian;Géorgien;Georgisch;;Georgiana;;;;;;;;;
OMA_ADJ;Omani;Omanais;Omanisch;;Oman?;;;;;;;;;
PER_ADJ;Persian;Perse;Persisch;;Persa;;;;;;;;;
YEM_ADJ;Yemeni;Yéménite;Jemenitisch;;Yemen?;;;;;;;;;
KOR_ADJ;Korean;Coréen;Koreanisch;;Coreana;;;;;;;;;
TIB_ADJ;Tibetan;Tibétain;Tibetisch;;Tibetana;;;;;;;;;
BRU_ADJ;Brunei;Brunéien;Bruneiisch;;Brunei;;;;;;;;;
BUR_ADJ;Burmese;Birman;Burmesisch;;Birmana;;;;;;;;;
CAM_ADJ;Cambodian;Cambodgien;Kambodschanisch;;Camboyana;;;;;;;;;
EGY_ADJ;Egyptian;Égyptien;Ägyptisch;;Egipcia;;;;;;;;;
MOR_ADJ;Moroccan;Marocain;Marokkanisch;;Marroqu?;;;;;;;;;
TUN_ADJ;Tunisian;Tunisien;Tunesisch;;Tunecina;;;;;;;;;
LIB_ADJ;Liberian;Libérien;Liberianisch;;Liberiana;;;;;;;;;
ETH_ADJ;Ethiopian;Éthiopien;Äthiopisch;;Etíope;;;;;;;;;
MAD_ADJ;Madagascarian;Malgache;Madegassisch;;Malgache;;;;;;;;;
SAF_ADJ;South African;Sud-africain;Südafrikanisch;;Sudafricana;;;;;;;;;
AST_ADJ;Australian;Australien;Australisch;;Australiana;;;;;;;;;
NZL_ADJ;New Zealand;Néo-zélandais;Neuseeländisch;;Nueva Zelanda;;;;;;;;;
CAL_ADJ;Californian;Californien;Kalifornisch;;Calaforiana;;;;;;;;;
CAN_ADJ;Canadian;Canadien;Kanadisch;;Canadiense;;;;;;;;;
CSA_ADJ;Confederate;Confédér?Konföderiert;;Confederada;;;;;;;;;;
QUE_ADJ;Quebec;Québécois;Quebeckisch;;Québec;;;;;;;;;
CUB_ADJ;Cuban;Cubain;Kubanisch;;Cubana;;;;;;;;;
COS_ADJ;Costa Rican;Costaricain;Costaricanisch;;Costarricense;;;;;;;;;
DOM_ADJ;Dominican;Dominicain;Dominikanisch;;Dominicana;;;;;;;;;
GUA_ADJ;Guatemalan;Guatémaltèque;Guatemalisch;;Guatemalteca;;;;;;;;;
HAI_ADJ;Haitian;Haïtien;Haitisch;;Haitiana;;;;;;;;;
HON_ADJ;Honduran;Hondurien;Honduranisch;;Hondureña;;;;;;;;;
NIC_ADJ;Nicaraguan;Nicaraguayen;Nicaraguanisch;;Nicaragüense;;;;;;;;;
PNM_ADJ;Panamanian;Panaméen;Panamaisch;;Panameña;;;;;;;;;
ELS_ADJ;El Salvadorian;Salvadorien;El Salvadorianisch;;Salvadoreña;;;;;;;;;
BOL_ADJ;Bolivian;Bolivien;Bolivianisch;;Boliviana;;;;;;;;;
BRZ_ADJ;Brazilian;Brésilien;Brasilianisch;;Brasileña;;;;;;;;;
CHL_ADJ;Chilean;Chilien;Chilenisch;;Chilena;;;;;;;;;
CLM_ADJ;Colombian;Colombien;Kolumbianisch;;Colombiana;;;;;;;;;
ECU_ADJ;Ecuadorian;Équatorien;Ekuadorianisch;;Ecuatoriana;;;;;;;;;
MEX_ADJ;Mexican;Mexicain;Mexikanisch;;Mexicana;;;;;;;;;
PRG_ADJ;Paraguayan;Paraguayen;Paraguayisch;;Paraguaya;;;;;;;;;
PEU_ADJ;Peruvian;Péruvien;Peruanisch;;Peruana;;;;;;;;;
TEX_ADJ;Texan;Texan;Texanisch;;Texana;;;;;;;;;
URU_ADJ;Uruguayan;Uruguayen;Uruguayisch;;Uruguaya;;;;;;;;;
VNZ_ADJ;Venezuelan;Vénézuélien;Venezuelanisch;;Venezolana;;;;;;;;;
CAT_ADJ;Catalonian;Catalan;Katalonisch;;Catalana;;;;;;;;;
BAV_ADJ;Bavarian;Bavarois;Bayerisch;;Bávara;;;;;;;;;
PRU_ADJ;Prussian;Prussien;Preußisch;;Prusiana;;;;;;;;;
SGF_ADJ;German;Allemand;Deutsch;;Alemana;;;;;;;;;
CRE_ADJ;Cretian;Crétois;Kretisch;;Cretense;;;;;;;;;
CRI_ADJ;Crimean;Criméen;Krim;;Crimeana;;;;;;;;;
RUT_ADJ;Ruthenian;Ruthénien;Ruthenisch;;Rutena;;;;;;;;;
CYP_ADJ;Cypriot;Chypriote;Zypriotisch;;Chipriota;;;;;;;;;
NEP_ADJ;Nepali;Népalais;Nepalesisch;;Nepal?;;;;;;;;;
UCA_ADJ;Central American;Centre-américain;Mittelamerikanisch;;Centroamericana;;;;;;;;;
HAW_ADJ;Hawaiian;Hawaïen;Hawaiianisch;;Hawaiana;;;;;;;;;
SIA_ADJ;Siamese;Siamois;Siamesisch;;Siamesa;;;;;;;;;
CHE_ADJ;Cherokee;Cherokee;Cherokee;;Cherokee;;;;;;;;;
BHU_ADJ;Bhutanese;Bhoutanais;Bhutanesisch;;Bhutanesa;;;;;;;;;
JAV_ADJ;Javanese;Javanais;Javanesisch;;Javanesa;;;;;;;;;
BAL_ADJ;Balinese;Balinais;Balinesisch;;Balinesa;;;;;;;;;
MUG_ADJ;Mughal;Moghol;Mughal;;Mughal;;;;;;;;;
MOL_ADJ;Moldavian;Moldave;Moldauisch;;Moldava;;;;;;;;;
WAL_ADJ;Wallachian;Valachien;Walacheiisch;;Valaca;;;;;;;;;
DAI_ADJ;Vietnamese;Vietnamien;Vietnamesisch;;Vietnamita;;;;;;;;;
COL_ADJ;Columbian;Colombien;Kolumbianisch;;Colombiana;;;;;;;;;
WIA_ADJ;Vientiane;Vientianois;Vientiane;;Vientián;;;;;;;;;
ZUL_ADJ;Zulu;Zoulou;Zulu;;Zul?;;;;;;;;;
ZAN_ADJ;Zanzibari;Zanzibarien;Sansibarisch;;Zanzibar?;;;;;;;;;
HAN_ADJ;Hanoverian;Hanovrien;Hannoveranisch;;Hanoveriana;;;;;;;;;
SIC_ADJ;Sicilian;Sicilien;Sizilianisch;;Siciliana;;;;;;;;;
HES_ADJ;Hessian;Hessien;Hessisch;;Hessiana;;;;;;;;;
OLD_ADJ;Oldenburgian;Oldenbourgeois;Oldenburgisch;;Oldenburgiana;;;;;;;;;
MOD_ADJ;Modenian;Modénien;Modenisch;;Modenesa;;;;;;;;;
COB_ADJ;Saxon;Saxon;Sächsisch;;Sajona;;;;;;;;;
MEI_ADJ;Saxon;Saxon;Sächsisch;;Sajona;;;;;;;;;
WEI_ADJ;Saxon;Saxon;Sächsisch;;Sajona;;;;;;;;;
SAX_ADJ;Saxon;Saxon;Sächsisch;;Sajona;;;;;;;;;
BOH_ADJ;Bohemian;Bohémien;Böhmisch;;Bohemia;;;;;;;;;
VEN_ADJ;Venetian;Vénitien;Venezianisch;;Veneciana;;;;;;;;;
LOM_ADJ;Lombardian;Lombard;Lombardisch;;Lombarda;;;;;;;;;
HEK_ADJ;Hessian;Hessien;Hessisch;;Hessiana;;;;;;;;;
MEC_ADJ;Mecklenburgian;Mecklembourgeois;Mecklenburgisch;;Mecklenburguesa;;;;;;;;;
NGF_ADJ;North German;Allemand du nord;Norddeutsch;;Alemana del norte;;;;;;;;;
WUR_ADJ;Wurttembergian;Wurtembergeois;Württembergisch;;Wurttemberguesa;;;;;;;;;
ATJ_ADJ;Atjehnese;Aceh;Atjehnesisch;;Atjehnesa;;;;;;;;;
AWA_ADJ;Awadhi;Awadhi;Awadhisch;;Awadh?;;;;;;;;;
BAS_ADJ;Bastar;Bastar;Bastarisch;;Bastar;;;;;;;;;
BER_ADJ;Berodan;Bérodien;Berodanisch;;Berodana;;;;;;;;;
BHO_ADJ;Bhopali;Bhopali;Bhopalisch;;Bhopal?;;;;;;;;;
BIK_ADJ;Bikaneri;Bikaneri;Bikanerisch;;Bikaner?;;;;;;;;;
BRA_ADJ;Braunschweigian;Brunswickois;Braunschweigisch;;Braunschweigiana;;;;;;;;;
BRE_ADJ;Bremian;Brêmois;Bremisch;;Bremeniana;;;;;;;;;
BUK_ADJ;Bukkharan;Boukhare;Bucharanisch;;Bujharana;;;;;;;;;
BUN_ADJ;Bundeli;Bundeli;Bundelkandisch;;Bundel?;;;;;;;;;
DES_ADJ;Mormon;Mormon;Mormonisch;;Mormona;;;;;;;;;
FRM_ADJ;Frankfurter;Francfortois;Frankfurterisch;;Frankfurtesa;;;;;;;;;
GWA_ADJ;Gwaliori;Gwaliori;Gwaliorisch;;Gwalior?;;;;;;;;;
HAM_ADJ;Hamburgian;Hambourgeois;Hamburgisch;;Hamburguesa;;;;;;;;;
HDJ_ADJ;Hedjazi;Hedjazien;Hedjazinisch;;Hedjaz?;;;;;;;;;
HOL_ADJ;Holsteinian;Holsteinois;Holsteinisch;;Holsteiniana;;;;;;;;;
HYD_ADJ;Hyderabadi;Hyderabadi;Hyderabadisch;;Hyderabad?;;;;;;;;;
IND_ADJ;Indori;Indori;Indorisch;;Indor?;;;;;;;;;
ION_ADJ;Ionian;Ionien;Ionisch;;Jónica;;;;;;;;;
JAI_ADJ;Jaipuri;Jaipurien;Jaipurisch;;Jaipur?;;;;;;;;;
JAS_ADJ;Jaisalmeri;Jaisalmerien;Jaisalmerisch;;Jaisalmer?;;;;;;;;;
JOD_ADJ;Jodhpuri;Jodhpurien;Jodhpurisch;;Jodhpur?;;;;;;;;;
JOH_ADJ;Johorian;Johorien;Johoriisch;;Johoriana;;;;;;;;;
KAL_ADJ;Kalati;Kalatien;Kalatisch;;Kalat?;;;;;;;;;
KAS_ADJ;Kashmiri;Kashmiri;Kaschmirisch;;Kashmir?;;;;;;;;;
KHI_ADJ;Khivan;Khivien;Khivanisch;;Khivana;;;;;;;;;
KOK_ADJ;Kokandi;Kokandien;Kokandisch;;Kokand?;;;;;;;;;
KRA_ADJ;Krakowian;Cracovien;Krakauisch;;Cracoviana;;;;;;;;;
KUT_ADJ;Kutchi;Kutchi;Kutchanisch;;Kutch?;;;;;;;;;
LAD_ADJ;Ladakhi;Ladakhien;Ladakhisch;;Ladakh?;;;;;;;;;
LIP_ADJ;Lippish;Lippien;Lippisch;;Lippish;;;;;;;;;
LUA_ADJ;Luang Prabangi;Luang Prabangi;Luang Prabangi;;Luang Prabang?;;;;;;;;;
LUB_ADJ;Lubeckian;Lubeckois;Lübeckisch;;Lubeckiana;;;;;;;;;
LUC_ADJ;Luccan;Lucquois;Luccanisch;;Luccana;;;;;;;;;
MAK_ADJ;Makran;Makrani;Makranisch;;Makran;;;;;;;;;
MAN_ADJ;Manhattanite;Manhattanien;Manhattanisch;;Manhattanita;;;;;;;;;
MEW_ADJ;Mewari;Mewari;Mewarisch;;Mewar?;;;;;;;;;
MTC_ADJ;Metis;Métis;Metisisch;;India mestiza;;;;;;;;;
MYS_ADJ;Mysori;Mysorien;Mysorisch;;Mysor?;;;;;;;;;
NAG_ADJ;Nagpuri;Nagpuri;Nagpurisch;;Nagpur?;;;;;;;;;
NAL_ADJ;Natalian;Natalien;Natalianisch;;Nataliana;;;;;;;;;
NAS_ADJ;Nassauan;Nassavien;Nassauisch;;Nassauana;;;;;;;;;
NEJ_ADJ;Nejdi;Nejdi;Nejdisch;;Nejd?;;;;;;;;;
NEN_ADJ;New English;Néo-anglais;Neuenglisch;;De Nueva Inglaterra;;;;;;;;;
NEW_ADJ;Newfoundlander;Terre-Neuvien;Neufundländisch;;Terranovesa;;;;;;;;;
ORA_ADJ;Oranjean;Orangeois;Oranjeisch;;Oranjeana;;;;;;;;;
ORI_ADJ;Orissan;Orissien;Orissanisch;;Orissana;;;;;;;;;
PAN_ADJ;Panjabi;Penjabi;Pundschabisch;;Panjab?;;;;;;;;;
PAP_ADJ;Papal;Papal;Päpstlich;;Papal;;;;;;;;;
PAR_ADJ;Parmese;Parmesan;Parmesisch;;Parmesana;;;;;;;;;
SAR_ADJ;Piedmontian;Piémontais;Piedmontisch;;Piamontesa;;;;;;;;;
SCH_ADJ;Schleswigian;Slesvigois;Schleswigisch;;Schleswigiana;;;;;;;;;
SHI_ADJ;Shimlan;Shimlien;Shimlanisch;;Shimlana;;;;;;;;;
SIK_ADJ;Sikkim;Sikkimien;Sikkimisch;;Sikkim;;;;;;;;;
SIN_ADJ;Sindi;Sindi;Sindinisch;;Sindhi;;;;;;;;;
SOK_ADJ;Sokot;Sokot;Sokotisch;;Sokot;;;;;;;;;
TRA_ADJ;Travancorian;Travancorien;Travancorisch;;Travancoriana;;;;;;;;;
TRE_ADJ;Triestian;Triestin;Triestisch;;Triestina;;;;;;;;;
TRI_ADJ;Tripolitanian;Tripolitain;Tripolitanisch;;Tripolitana;;;;;;;;;
TRN_ADJ;Transvaali;Transvaalien;Transvaalisch;;Transvaalesa;;;;;;;;;
TUS_ADJ;Tuscan;Toscan;Toskanisch;;Toscana;;;;;;;;;
REMOVE_west_slavic;West Slavic;Slave de l'ouest;Westslawisch;;Eslava del oeste;;;;;;;;;
# Rebels;;;;;;;;;;;;;;
anarcho_liberal_rebels_title;Anarcho-Liberal;Anarcho-libéraux;Anarcho-Liberal;;Anarcoliberal;;;;;;;;;
ORG_NAME;Organization: §Y$VAL$§W;Organisation : §Y$VAL$§W;Organisation: §Y$VAL$§W;;Organización: §Y$VAL$§W;;;;;;;;;
ORG_DESC_DAILY;Daily Increase: §Y$VAL$§W;Augmentation quotidienne : §Y$VAL$§W;Täglicher Zuwachs: §Y$VAL$§W;;Incremento diario: §Y$VAL$§W;;;;;;;;;
ORG_DESC_POP;Pop Contributions: §Y$VAL$§W;Contributions de la population : §Y$VAL$§W;Bev.-Beiträge: §Y$VAL$§W;;Contribuciones de las POB: §Y$VAL$§W;;;;;;;;;
ORG_DESC_ADMIN_SPENDING;Administrative Spending: §Y$VAL$§W;Dépenses administratives : §Y$VAL$§W;Verwaltungsausgaben: §Y$VAL$§W;;Gastos administrativos: §Y$VAL$§W;;;;;;;;;
REB_SIZE_DESC;Number of possible brigades: §Y$VAL$§W;Nombre de régiments possibles : §Y$VAL$§W;Anzahl möglicher Brigaden: §Y$VAL$§W;;Número de brigadas posibles: §Y$VAL$§W;;;;;;;;;
REB_ACTUAL_SIZE_DESC;Number of brigades ready to join general rising: §Y$VAL$§W;Nombre de régiments prêts ?se joindre au soulèvement général : §Y$VAL$§W;Anzahl der Brigaden, die bereit sind, sich dem allgemeinen Aufstand anzuschließen: §Y$VAL$§W;;Número de brigadas listas para unirse a la rebelión general: §Y$VAL$§W;;;;;;;;;
REB_CURRENT_SIZE_DESC;Number of brigades in revolt: §Y$VAL$§W;Nombre de régiments révoltés : §Y$VAL$§W;Anzahl der revoltierenden Brigaden: §Y$VAL$§W;;Número de brigadas en la revuelta: §Y$VAL$§W;;;;;;;;;
REB_REVOLT_RISK;Revolt risk: §Y$VAL$§W;Risque de révolte : §Y$VAL$%§W;Rebellionsrisiko: §Y$VAL$§W;;Riesgo de revuelta: §Y$VAL$§W;;;;;;;;;
PARTISANS_SETUP;When a rebellion springs up in your country.;Si une rébellion éclate dans votre pays.;Wenn eine Rebellion in Ihrem Land aufwallt.;;Cuando estalla una revuelta en tu país;;;;;;;;;
PARTISANS_HEADER;The Secret Police reports;La police secrète rapporte :;Die Geheimpolizei berichtet:;;La policía secreta informa;;;;;;;;;
PARTISANS_1;Rebellion!;Rébellion !;Rebellion!;;¡Una revuelta!;;;;;;;;;
PARTISANS_2;the §Y$FACTION$§W;Les §Y$FACTION$§W;§Y$FACTION$§W;;Los §Y$FACTION$§W;;;;;;;;;
PARTISANS_3;have risen.;se sont soulevés.;haben sich erhoben.;;se han levantado.;;;;;;;;;
PARTISANS_4;Reports are coming in of rebel forces in;Des rapports signalent la présence de forces rebelles ?Wir erhalten Berichte über Rebellenkräfte in;;Nos informan sobre la presencia de fuerzas rebeldes en;;;;;;;;;;
PARTISANS_5;$PROV$;$PROV$;$PROV$;;$PROV$;;;;;;;;;
PARTISANS_6;We must rally our force to deal with this.;nous devons rassembler nos forces pour y faire face.;Wir müssen unsere Kräfte dagegen mobilisieren.;;Debemos movilizar a nuestras fuerzas locales para hacerles frente.;;;;;;;;;
PARTISANS_LOG;$FACTION$ have started a rising in $PROV$.;Les $FACTION$ ont commenc??se soulever ?$PROV$.;$FACTION$ begannen eine Revolte in $PROV$.;;Los $FACTION$ han iniciado una revuelta en $PROV$.;;;;;;;;;
PARTISANS_BTN1;OK;D'accord;OK;OK;;Aceptar;;;;;;;;
PARTISANS_BTN2;OK;D'accord;OK;OK;;Aceptar;;;;;;;;
PARTISANS_BTN3;Goto;Voir;Goto;;Ir all?;;;;;;;;;
PARTISANS_MAP;Rebellion!;Rébellion !;Rebellion!;;¡Una revuelta!;;;;;;;;;
DIPLOMACY;Diplomacy;Diplomatie;Diplomatie;;Diplomacia;;;;;;;;;
DIPLOMACY_CLOSE_WINDOW;Closes diplomacy window;Ferme la fenêtre de la diplomatie;Schließt Diplomatiefenster;;Cierra la ventana de diplomacia;;;;;;;;;
DIPLOMACY_COUNTRY;Country;Pays;Land;;País;;;;;;;;;
DIPLOMACY_PRIO;Prio;Prio.;Vorh.;;Prio;;;;;;;;;
DIPLOMACY_BOSS;Boss;Chef;Boss;;Jefe;;;;;;;;;
DIPLOMACY_PRESTIGE;Pres.;Pres.;Präs.;;Pres.;;;;;;;;;
DIPLOMACY_MILITARY;Mil.;Mil.;Mil.;;Mil.;;;;;;;;;
DIPLOMACY_ECONIMIC;Ind.;Ind.;Ind.;;Ind.;;;;;;;;;
DIPLOMACY_TOTAL;Rank;Rang;Rang;;Puesto;;;;;;;;;
DIPLOMACY_OPINION;Opinion;Opinion;Meinung;;Opinión;;;;;;;;;
REL_HOSTILE;Hostile;Hostile;Feindlich;;Hostil;;;;;;;;;
REL_OPPOSED;Opposed;Opposée;Fremd;;Opuesto;;;;;;;;;
REL_NEUTRAL;Neutral;Neutre;Neutral;;Neutral;;;;;;;;;
REL_CORDIAL;Cordial;Cordiale;Herzlich;;Cordial;;;;;;;;;
REL_FRIENDLY;Friendly;Amicale;Vertraut;;Amistoso;;;;;;;;;
REMOVE_REL_SPHERE_OF_INFLUENCE;Sphere of Influence;Sphère d'influence;In Sphäre;;Esfera de influencia;;;;;;;;;
DIPLOMACY_FILTER_ALL;All;Tous;Alle;;Todos;;;;;;;;;
DIPLOMACY_FILTER_EUROPE;Europe;Europe;Europa;;Europa;;;;;;;;;
DIPLOMACY_FILTER_ASIA;Asia;Asie;Asien;;Asia;;;;;;;;;
DIPLOMACY_FILTER_NORTH_AMERICA;North America;Amérique du nord;Nordamerika;;Norteamérica;;;;;;;;;
DIPLOMACY_FILTER_SOUTH_AMERICA;South America;Amérique du sud;Südamerika;;Sudamérica;;;;;;;;;
DIPLOMACY_FILTER_AFRICA;Africa;Afrique;Afrika;;África;;;;;;;;;
DIPLOMACY_FILTER_OCEANIA;Oceania;Océanie;Ozeanien;;Oceanía;;;;;;;;;
DIPLOMACY_FILTER_NEIGHBOURS;Neighbours;Voisins;Nachbarn;;Vecinos;;;;;;;;;
DIPLOMACY_FILTER_ENEMIES;Enemies;Ennemis;Feinde;;Enemigos;;;;;;;;;
DIPLOMACY_FILTER_ALLIES;Allies;Alliés;Verbündete;;Aliados;;;;;;;;;
DIPLOMACY_FILTER_SPHERE;Sphere;Sphère;Sphäre;;Esfera;;;;;;;;;
DIPLOMACY_FILTER_ALL_TOOLTIP;List all countries;Afficher tous les pays;Alle Länder auflisten;;Mostrar todos los países;;;;;;;;;
DIPLOMACY_FILTER_EUROPE_TOOLTIP;List §YEuropean§W countries;Afficher les pays §Yeuropéens§W;§YEuropäische§W Länder auflisten;;Mostrar países §Yeuropeos§W;;;;;;;;;
DIPLOMACY_FILTER_ASIA_TOOLTIP;List §YAsian§W countries;Afficher les pays §Yasiatiques§W;§YAsiatische§W Länder auflisten;;Mostrar países §Yasiáticos§W;;;;;;;;;
DIPLOMACY_FILTER_NORTH_AMERICA_TOOLTIP;List §YNorth American§W countries;Afficher les pays §Yd'Amérique du nord§W;§YNordamerikanische§W Länder auflisten;;Mostrar países §Ynorteamericanos§W;;;;;;;;;
DIPLOMACY_FILTER_SOUTH_AMERICA_TOOLTIP;List §YSouth American§W countries;Afficher les pays §Yd'Amérique du sud§W;§YSüdamerikanische§W Länder auflisten;;Mostrar países §Ysudamericanos§W;;;;;;;;;
DIPLOMACY_FILTER_AFRICA_TOOLTIP;List §YAfrican§W countries;Afficher les pays §Yafricains§W;§YAfrikanische§W Länder auflisten;;Mostrar países §Yafricanos§W;;;;;;;;;
DIPLOMACY_FILTER_OCEANIA_TOOLTIP;List countries in §YOceania§W;Afficher les pays §Yd'Océanie§W;Länder in §YOzeanien§W auflisten;;Mostrar países de §YOceania§W;;;;;;;;;
DIPLOMACY_FILTER_NEIGHBOURS_TOOLTIP;List your neighbouring countries;Afficher les pays voisins du vôtre;Ihre Nachbarländer auflisten;;Mostrar a todos tus vecinos;;;;;;;;;
DIPLOMACY_FILTER_ENEMIES_TOOLTIP;List our current enemies;Afficher nos ennemis actuels;Unsere momentanen Feinde auflisten;;Mostrar a tus enemigos actuales;;;;;;;;;
DIPLOMACY_FILTER_ALLIES_TOOLTIP;List our current allies;Afficher nos alliés actuels;Unsere momentanen Verbündeten auflisten;;Mostrar a tus aliados actuales;;;;;;;;;
DIPLOMACY_FILTER_SPHERE_TOOLTIP;List countries in our §YSphere of Influence§W;Afficher les pays situés dans notre §Ysphère d'influence§W;Länder in unserer §YEinflusssphäre§W auflisten;;Mostrar a los países en tu §Yesfera de influencia§W;;;;;;;;;
DIPLOMACY_SORT_BY_COUNTRY_NAME_TOOLTIP;Sort by country name;Classer par §Ynom de pays§W;Nach Ländernamen auflisten;;Ordenar por nombre del país;;;;;;;;;
DIPLOMACY_SORT_BY_PRIORITY_TOOLTIP;Sort by influence priority;Classer par §Ypriorit?d'influence§W;Nach Einflusspriorität auflisten;;Ordenar por prioridad de influencia;;;;;;;;;
DIPLOMACY_SORT_BY_BOSS_TOOLTIP;Sort by §YSphere of Influence§W;Classer par §Ysphère d'influence§W;Nach §YEinflusssphäre§W auflisten;;Ordenar por §Yesfera de influencia§W;;;;;;;;;
DIPLOMACY_SORT_BY_PRESTIGE_TOOLTIP;Sort by §YPrestige rank§W;Classer par §Yniveau de prestige§W;Nach §YPrestigerang§W auflisten;;Ordenar por §Yclasificación de prestigio§W;;;;;;;;;
DIPLOMACY_SORT_BY_MILITARY_TOOLTIP;Sort by §YMilitary rank§W;Classer par §Yniveau militaire§W;Nach §YMilitärrang§W auflisten;;Ordenar por §Yclasificación militar§W;;;;;;;;;
DIPLOMACY_SORT_BY_ECONOMIC_TOOLTIP;Sort by §YIndustrial rank§W;Classer par §Yniveau industriel§W;Nach §YIndustrierang§W auflisten;;Ordenar por §Yclasificación industrial§W;;;;;;;;;
DIPLOMACY_SORT_BY_TOTAL_TOOLTIP;Sort by rank;Classer par §Yrang§W;Nach Rang auflisten;;Ordenar por clasificación;;;;;;;;;
DIPLOMACY_SORT_BY_OPINION_TOOLTIP;Sort by §YOpinion§W;Classer par §Yopinion§W;Nach §YMeinung§W auflisten;;Ordenar por §Yopinión§W;;;;;;;;;
DIPLOMACY_SORT_BY_RELATION_TOOLTIP;Sort by §YRelation§W;Classer par §Yrelation§W;Nach §YBeziehung§W auflisten;;Ordenar por §Yrelación§W;;;;;;;;;
DIPLOMACY_SORT_BY_GREATPOWER_TOOLTIP;Sort by influence of $COUNTRY$;Classer par §Yinfluence de $COUNTRY$§W;Nach Einfluss durch $COUNTRY$ auflisten;;Ordenar por influencia de $COUNTRY$;;;;;;;;;
DIPLOMACY_WAR_INFO;Show wars;Afficher les guerres;Kriege anzeigen;;Mostrar guerras;;;;;;;;;
DIPLOMACY_GP_INFO;Show Great Powers;Grandes Puissances;Großmächte anzeigen;;Mostrar grandes potencias;;;;;;;;;
DIPLOMACY_NOT_ENOUGH_WARSCORE;We can only join the losing side of a war, when the current warscore is at least §Y$VALUE$%§W;Nous pouvons seulement nous allier au camp perdant d'une guerre, lorsque le score de guerre est d'au moins §Y$VALUE$%§W.;Wir können uns nur der Verliererseite eines Krieges anschließen, wenn die momentane Kriegspunktzahl mindestens §Y$VALUE$%§W beträgt.;;Solo podemos unirnos al bando perdedor de una guerra cuando la puntuación de esa guerra sea de al menos §Y$VALUE$%§W;;;;;;;;;
DIPLOMACY_NOT_ENOUGH_MONTHS;We can only join the war after at least §Y$VALUE$ months§W has passed since the war started;Nous ne pouvons nous engager dans cette guerre que §Y$VALUE$ mois§W après le déclenchement de celle-ci.;Wir können uns dem Krieg erst anschließen, wenn mindestens §Y$VALUE$ Monate§W seit Kriegsbeginn vergangen sind.;;Solo podemos unirnos a una guerra transcurridos al menos §Y$VALUE$ meses§W desde su inicio;;;;;;;;;
DIPLOMACY_JOIN_WAR;Join war against:\n;Participer ?la guerre contre :\n;Krieg gegen :\n anschließen;;Unirse a la guerra contra:\n;;;;;;;;;
DIPLOMACY_CANNOT_JOIN_WAR;Cannot join war against the following nations because:\n;Impossible de faire la guerre aux nations suivantes car :\n;Wir können uns dem Krieg gegen die folgenden Nationen nicht anschließen, weil :\n;;No puedes unirte a la guerra contra los siguientes países porque:\n;;;;;;;;;
REMOVE_DIPLOMACY_CANNOT_JOIN_WAR_INVALID_ALLY;We are at war with §Y$COUNTRY$§W, and cannot join their side in this war.;Nous sommes en guerre contre §Y$COUNTRY$§W, ce qui nous empêche de nous allier ?ce pays.;Wir befinden uns im Krieg mit §Y$COUNTRY$§W und können uns nicht ihrer Seite anschließen.;;Estamos en guerra con §Y$COUNTRY$§W as?que no podemos unirnos a su bando en un conflicto.;;;;;;;;;
REMOVE_DIPLOMACY_CANNOT_JOIN_WAR_INVALID_ENEMY;We are at war with §Y$COUNTRY$§W, and cannot start another war against them.;Nous sommes en guerre contre §Y$COUNTRY$§W, ce qui nous empêche d'engager une nouvelle guerre contre ce pays.;Wir befinden uns im Krieg mit §Y$COUNTRY$§W und können keinen weiteren Krieg gegen sie anzetteln.;;Estamos en guerra con §Y$COUNTRY$§W y no podemos iniciar otra guerra contra ellos.;;;;;;;;;
DIPLOMACY_WAR_EXHAUSTION;War Exhaustion: §Y$VALUE$%§W;Épuisement de guerre : §Y$VALUE$%§W;Kriegsmüdigkeit: §Y$VALUE$%§W;;Agotamiento bélico: §Y$VALUE$%§W;;;;;;;;;
DIPLOMACY_BRIGADES;Brigades: §Y$VALUE$§W;Régiments : §Y$VALUE$§W;Brigaden: §Y$VALUE$§W;;Brigadas: §Y$VALUE$§W;;;;;;;;;
DIPLOMACY_SHIPS;Ships: §Y$VALUE$§W;Navires : §Y$VALUE$§W;Schiffe: §Y$VALUE$§W;;Barcos: §Y$VALUE$§W;;;;;;;;;
DIPLOMACY_ALLIES;Allied with:;Alli??: ;Verbündet:;;Aliada con:;;;;;;;;;
DIPLOMACY_PROTECTED;Protected by:;Protég?par : ;Schutzmacht:;;Protegida por:;;;;;;;;;
DIPLOMACY_ADD_WARGOAL;Add Wargoal;Ajouter objectif;Kriegsziel hinzufügen;;Añadir obj. bélico;;;;;;;;;
DIPLOMACY_CANNOT_JOIN_WAR_INVALID_WARGOAL;We cannot join a side that has added any wargoals(except §YStatus Quo§W).;Nous ne pouvons pas rejoindre un camp qui a ajout?des objectifs de guerre (sauf §YStatus Quo§W).;Wir können uns keiner Seite anschließen, die Kriegsziele hinzugefügt hat (außer §YStatus Quo§W).;;No podemos sumarnos a un bando que haya añadido objetivos bélicos (salvo §YStatus Quo§W).;;;;;;;;;
DIPLOMACY_WARSCORE_LABEL;Warscore:;Score de guerre;Kriegspunktzahl:;;Puntos guerra:;;;;;;;;;
DIPLOMACY_TOTAL_LABEL;Total:;Total :;Gesamt:;;Total:;;;;;;;;;
DIPLOMACY_POPULATION_LABEL;Population;Population;Bevölkerung;;Población;;;;;;;;;
DIPLOMACY_FRIENDLY_LABEL;Friendly:;Bonne ent.;Vertraut:;;Amistoso:;;;;;;;;;
DIPLOMACY_CORDIAL_LABEL;Cordial:;Ent. cord.;Herzlich:;;Cordial:;;;;;;;;;
DIPLOMACY_SPHERE_LABEL;Sphere:;Sphère :;Sphäre:;;Esfera:;;;;;;;;;
REMOVE_DIPLOMACY_GREATNATION_STATUS;Great Nation;Grande nation;Große Nation;;Gran nación;;;;;;;;;
DIPLOMACY_COLONIALNATION_STATUS;Secondary Power;Puissance secondaire;Sekundärmacht;;Potencia secundaria;;;;;;;;;
DIPLOMACY_CIVILIZEDNATION_STATUS;Civilized Nation;Nation civilisée;Zivilisierte Nation;;Nación civilizada;;;;;;;;;
DIPLOMACY_UNCIVILIZEDNATION_STATUS;Uncivilized Nation;Nation non civilisée;Unzivilisierte Nation;;Nación sin civilizar;;;;;;;;;
#DIPLOMACY_AI_ACCEPTANCE;Odds of §Y$COUNTRY$§W accepting this offer: §Y$ODDS$§W;Chances que §Y$COUNTRY$§W accepte cette offre : §Y$ODDS$§W;Chancen, dass §Y$COUNTRY$§W dieses Angebot akzeptiert: §Y$ODDS$§W;;Probabilidades de que §Y$COUNTRY$§W acepte esta oferta: §Y$ODDS$§W;;;;;;;;;
NEED_POSITIVE_WARSCORE;The War is not going well enough;La guerre ne se déroule pas suffisamment bien.;Der Krieg verläuft nicht gut genug;;La guerra no marcha del todo bien;;;;;;;;;
WARGOAL_LACK_JINGO;We require $REQUIRED$ support for jingoism in our country, but have only $VALUE$;Il faut ?notre pays un chauvinisme de $REQUIRED$, alors que nous ne disposons que de $VALUE$.;Wir erfordern $REQUIRED$ Unterstützung für Hurrapatriotismus in unserem Land, haben aber nur $VALUE$;;Necesitamos $REQUIRED$ de apoyo hacia el jingoísmo en nuestro país, pero solo tenemos $VALUE$;;;;;;;;;
DIPLOMACY_UNCIVILIZEDNATION_APPEND;(Uncivilized);(non civilis?;(Unzivilisiert);;(Incivilizada);;;;;;;;;
ISDISCREDITED_DESC;Discredited until §Y$UNTIL$§W. We suspect §Y$WHO$§W is behind this.;Discrédit jusqu'au §Y$UNTIL$§W. Nous soupçonnons §Y$WHO$§W d'être derrière tout cela.;In Verruf gebracht bis §Y$UNTIL$§W. Wir vermuten, dass §Y$WHO$§W dahinter steckt.;;Desacreditados hasta el §Y$UNTIL$§W. Sospechamos que §Y$WHO$§W est?detrás de esto.;;;;;;;;;
ISBANNEDEMBASSY_DESC;Banned embassy until §Y$UNTIL$§W. We suspect §Y$WHO$§W is behind this.;Ambassade interdite jusqu'au §Y$UNTIL$§W. Nous soupçonnons §Y$WHO$§W d'être derrière tout cela.;Botschaft verbannt bis §Y$UNTIL$§W. Wir vermuten, dass §Y$WHO$§W dahinter steckt.;;Embajada clausurada hasta el §Y$UNTIL$§W. Sospechamos que §Y$WHO$§W est?detrás de esto.;;;;;;;;;
DIPLOMACY_CANNOT_SET_PRIO;We're not a §YGreat Power§W, thus we cannot influence other nations;N'étant pas une §YGrande Puissance§W, nous n'avons aucune influence sur les autres nations.;Wir sind keine §YGroßmacht§W, daher können wir andere Nationen nicht beeinflussen.;;No somos una §Ygran potencia§W, as?que no podemos influir en otros países.;;;;;;;;;
DIPLOMACY_CANNOT_SET_PRIO_GP;We cannot influence other §YGreat Powers§W;Nous ne pouvons pas influencer d'autres §YGrandes Puissances§W.;Wir können andere §YGroßmächte§W nicht beeinflussen.;;No podemos influir en otras §Ygrandes potencias§W.;;;;;;;;;
DIPLOMACY_SET_PRIO;Current influence priority is §Y$VALUE$§W.;En termes d'influence, la priorit?actuelle est §Y$VALUE$§W.;Momentane Einflusspriorität ist §Y$VALUE$§W.;;La prioridad de influencia actual es §Y$VALUE$§W.;;;;;;;;;
REMOVE_DIPLOMACY_SET_PRIO_DESC;Write influence desc;Write influence desc;Write influence desc;;Escribir descripción sobre la influencia;;;;;;;;;
DIPLOMACY_PRIO_NONE;None;Aucune;Nichts;;Ninguna;;;;;;;;;
DIPLOMACY_PRIO_LOW;Low;Faible;Niedrig;;Baja;;;;;;;;;
DIPLOMACY_PRIO_MIDDLE;Middle;Intermédiaire;Mittel;;Media;;;;;;;;;
DIPLOMACY_PRIO_HIGH;High;Élevée;Hoch;;Alta;;;;;;;;;
MILITARY;Military;Militaire;Militär;;Militar;;;;;;;;;
MILITARY_BUILD_ARMY;Build Army;Créer une armée;Armee bauen;;Crear ejército;;;;;;;;;
MILITARY_BUILD_NAVY;Build Navy;Créer une flotte;Flotte bauen;;Crear armada;;;;;;;;;
MILITARY_SORT_STRENGTH;Strength;Force;Stärke;;Fuerza;;;;;;;;;
MILITARY_UNASSIGNED;Unassigned;Non attribu?Nicht zugewiesen;;Sin asignar;;;;;;;;;;
MILITARY_SORT_TYPE;Type;Type;Typ;;Tipo;;;;;;;;;
MILITARY_SORT_NAME;Name;Nom;Name;;Nombre;;;;;;;;;
MILITARY_SORT_ARMY;Army;Armée;Armee;;Ejército;;;;;;;;;
MILITARY_CREATE_GENERAL;Create General($VALUE$);Créer un général ($VALUE$);General erstellen($VALUE$);;Crear general ($VALUE$);;;;;;;;;
MILITARY_CREATE_ADMIRAL;Create Admiral($VALUE$);Créer un amiral ($VALUE$);Admiral erstellen($VALUE$);;Crear almirante ($VALUE$);;;;;;;;;
MILITARY_AUTOCREATE;Auto-Create Leaders;Création automatique des officiers;Führer automatisch erstellen;;Creación automática de líderes;;;;;;;;;
MILITARY_AUTOASSIGN;Auto-Assign Leaders;Attribution auto. des officiers;Führer automatisch zuweisen;;Asignación automática de líderes;;;;;;;;;
MILITARY_LEADER_TOOLTIP;§Y$NAME$§W\nSkill: §Y$SKILL$§W;§Y$NAME$§W\nCompétence : §Y$SKILL$§W;§Y$NAME$§W\nFähigkeit: §Y$SKILL$§W;;§Y$NAME$§W\nHabilidad: §Y$SKILL$§W;;;;;;;;;
MILITARY_MORALE_TOOLTIP;Morale: §Y$VALUE$%§W;Moral : §Y$VALUE$%§W;Moral: §Y$VALUE$%§W;;Moral: §Y$VALUE$%§W;;;;;;;;;
REMOVE_MILITARY_STRENGTH_TOOLTIP;Strength: §Y$VALUE$/$MAX$§W;Force : §Y$VALUE$/$MAX$§W;Stärke: §Y$VALUE$/$MAX$§W;;Fuerza: §Y$VALUE$/$MAX$§W;;;;;;;;;
MILITARY_MOVING_TOOLTIP;This unit is moving.\nIt will arrive in §Y$LOCATION$§W at §Y$DATE$§W.;Cette unit?est en cours de déplacement.\nElle arrivera ?sa destination, §Y$LOCATION$§W, le §Y$DATE$§W.;Diese Einheit ist auf dem Marsch.\nSie kommt in §Y$LOCATION$§W am §Y$DATE$§W an.;;La unidad se est?moviendo.\nLLegar?a §Y$LOCATION$§W el §Y$DATE$§W.;;;;;;;;;
MILITARY_DIGIN_TOOLTIP;This unit digging in.\nSo far, it has spent §Y$DAYS$ days§W doing so.;Cette unit?est en cours de retranchement.\nElle s'y attelle depuis §Y$DAYS$ jour(s)§W.;Diese Einheit gräbt sich ein.\nBis jetzt hat sie §Y$DAYS$ Tage§W damit verbracht.;;La unidad est?atrincherándose.\nDe momento lleva §Y$DAYS$ días§W haciéndolo.;;;;;;;;;
MILITARY_GENERAL_TOOLTIP;General;Général;General;;General;;;;;;;;;
MILITARY_ADMIRAL_TOOLTIP;Admiral;Amiral;Admiral;;Almirante;;;;;;;;;
MILITARY_SKILL_TOOLTIP;Skill: §Y$SKILL$§W;Compétence : §Y$SKILL$§W;Fähigkeit: §Y$SKILL$§W;;Habilidad: §Y$SKILL$§W;;;;;;;;;
MILITARY_NEW_GENERAL_TOOLTIP;Recruit General\nWe can currently recruit up to §Y$VALUE$§W General(s);Recruter un général\nNous pouvons actuellement recruter un maximum de §Y$VALUE$§W général(raux);General rekrutieren\nWir können momentan bis zu §Y$VALUE$§W Generäle rekrutieren.;;Reclutar general\nActualmente podemos reclutar hasta §Y$VALUE$§W general(es);;;;;;;;;
MILITARY_NEW_ADMIRAL_TOOLTIP;Recruit Admiral\nWe can currently recruit up to §Y$VALUE$§W Admiral(s);Recruter un amiral\nNous pouvons actuellement recruter un maximum de §Y$VALUE$§W amiral(raux);Admiral rekrutieren\nWir können momentan bis zu §Y$VALUE$§W Admiräle rekrutieren.;;Reclutar almirante\nActualmente podemos reclutar hasta §Y$VALUE$§W almirante(s);;;;;;;;;
MILITARY_BUILD_ARMY_TOOLTIP;Build Army;Créer une armée;Armee bauen;;Const. ejército;;;;;;;;;
MILITARY_BUILD_NAVY_TOOLTIP;Build Navy;Créer une flotte;Flotte bauen;;Const. armada;;;;;;;;;
MILITARY_AUTOCREATE_TOOLTIP;Toggle auto-creation of leaders;Activer/Désactiver la création automatique des officiers;Automatische Erstellung von Anführern an/aus;;Activar o desactivar creación automática de líderes;;;;;;;;;
MILITARY_AUTOASSIGN_TOOLTIP;Toggle auto-assignment of leaders;Activer/Désactiver l'attribution automatique des officiers;Automatische Zuweisung von Anführern an/aus;;Activar o desactivar asignación automática de líderes;;;;;;;;;
MILITARY_BUILD_ARMY_LABEL;Build Army;Créer une armée;Armee bauen;;Const. ejército;;;;;;;;;
MILITARY_BUILD_NAVY_LABEL;Build Navy;Créer une flotte;Flotte bauen;;Const. armada;;;;;;;;;
MILITARY_UNITS_BEING_BUILT_LABEL;Units Being Built;Unités en cours de création;Einheiten im Bau;;Unidades en construcción;;;;;;;;;
MILITARY_ADMIRALS_LABEL;Admirals:;Amiraux :;Admiräle:;;Almirantes:;;;;;;;;;
MILITARY_GENERALS_LABEL;Generals:;Généraux :;Generäle:;;Generales:;;;;;;;;;
MILITARY_LACK_OF_LEADER;We need at least §Y$VALUE$§W leadership to recruit a leader.;Il nous faut une valeur de commandement d'au moins §Y$VALUE$§W points pour recruter un officier.;Wir brauchen mindestens §Y$VALUE$§W Anführerschaft, um einen Anführer zu rekrutieren.;;Necesitamos al menos §Y$VALUE$§W de liderazgo para reclutar un líder.;;;;;;;;;
POLITICS;Politics;Politique;Politik;;Política;;;;;;;;;
POLITICS_CAN_DO_SOCIAL_REFROMS;Can enact social reforms;Réf. sociales possibles;Sozialreformen: Ja;;Si puede reformas sociales;;;;;;;;;
POLITICS_CAN_REVOKE_SOCIAL_REFROMS;Can revoke social reforms;Réf. sociales révocables;Soz.ref. aufheben: Ja;;Si revocar reformas sociales;;;;;;;;;
POLITICS_CAN_NOT_DO_SOCIAL_REFROMS;Can't enact social reforms;Réf. sociales impossibles;Sozialreformen: Nein;;No puede reformas sociales;;;;;;;;;
POLITICS_CAN_DO_POLITICAL_REFROMS;Can enact political reforms;Réf. politiques possibles;Politikreformen: Ja;;Si puede reformas políticas;;;;;;;;;
POLITICS_CAN_NOT_DO_POLITICAL_REFROMS;Can't enact political reforms;Réf. politiques impossibles;Politikreformen: Nein;;No puede reformas políticas;;;;;;;;;
POLITICS_CAN_REVOKE_POLITICAL_REFROMS;Can revoke political reforms;Réf. politiques révocables;Pol.ref. aufheben: Ja;;Si revocar reformas políticas;;;;;;;;;
POLITICS_SUPPORT_REFORM;$IDEOLOGY$: $POSITIVE$% votes yes, $NEGATIVE$% votes no.($PERCENT$% of upperhouse)\n;$IDEOLOGY$ : $POSITIVE$% de voix pour, $NEGATIVE$% de voix contre.\n($PERCENT$% de la Chambre haute)\n;$IDEOLOGY$: $POSITIVE$% Stimmen Ja, $NEGATIVE$% Stimmen Nein.($PERCENT$% des Oberhauses)\n;;$IDEOLOGY$: $POSITIVE$% de votos positivos, $NEGATIVE$% de votos negativos.($PERCENT$% de la cámara alta)\n;;;;;;;;;
POLITICS_TOTAL_SUPPORT_REFORM;$PERCENT$% of Upper House votes yes\n;$PERCENT$% de voix pour ?la Chambre haute.\n;$PERCENT$% der Oberhausstimmen Ja\n;;$PERCENT$% de la cámara alta positivos\n;;;;;;;;;
POLITICS_VIEW_ALL_PARTIES_TOOLTIP;View all parties\n;Afficher tous les partis\n;Alle Parteien anzeigen\n;;Ver todos los partidos\n;;;;;;;;;
POLITICS_CURRENT_RULING_PARTY_TOOLTIP;Current ruling party: $PARTY$\n;Parti dirigeant : $PARTY$\n;Momentane Regierungspartei: $PARTY$\n;;Partido gobernante actual: $PARTY$\n;;;;;;;;;
POLITICS_PARTY_TOOLTIP;$PARTY$ ($IDEOLOGY$)\n;$PARTY$ ($IDEOLOGY$)\n;$PARTY$ ($IDEOLOGY$)\n;;$PARTY$ ($IDEOLOGY$)\n;;;;;;;;;
POLITICS_UPPERHOUSE_CHART_TOOLTIP;$PERCENT$% of the upper house are $IDEOLOGY$\n;$PERCENT$% de la Chambre haute = $IDEOLOGY$\n;$PERCENT$% des Oberhauses sind $IDEOLOGY$\n;;El $PERCENT$% de la cámara alta profesa la ideología $IDEOLOGY$\n;;;;;;;;;
POLITICS_VOTERS_CHART_TOOLTIP;$PERCENT$% of the voters are $IDEOLOGY$\n;$PERCENT$% des votants = $IDEOLOGY$\n;$PERCENT$% der Wähler sind $IDEOLOGY$\n;;El $PERCENT$% de los votantes profesan la ideología $IDEOLOGY$\n;;;;;;;;;
POLITICS_PEOPLE_CHART_TOOLTIP;$PERCENT$% of our population are $IDEOLOGY$\n;$PERCENT$% de notre population = $IDEOLOGY$\n;$PERCENT$% unserer Bevölkerung sind $IDEOLOGY$\n;;El $PERCENT$% de nuestros habitantes profesan la ideología $IDEOLOGY$\n;;;;;;;;;
POLITICS_SET_RULING_PARTY_TOOLTIP;Select $PARTY$ as our ruling party\n;Sélectionnez §Y$PARTY$§W comme parti dirigeant de notre pays.\n;$PARTY$ als unsere Regierungspartei auswählen\n;;Elegir como partido gobernante a: $PARTY$\n;;;;;;;;;
POLITICS_CANNOT_SET_RULING_PARTY_TOOLTIP;We cannot select $PARTY$ as our ruling party because:\n;Nous ne pouvons pas sélectionner $PARTY$ comme parti dirigeant car :\n;Wir können $PARTY$ nicht als unsere Regierungspartei auswählen, weil:\n;;No podemos elegir como partido gobernante a $PARTY$ por la siguiente razón:\n;;;;;;;;;
POLITICS_HOLD_ELECTION_TOOLTIP;Hold election to appoint a new ruling party.\n;Organiser des élections pour désigner un nouveau parti dirigeant.\n;Wahl abhalten, um neue Regierungspartei zu ernennen.\n;;Celebrar elecciones para elegir un nuevo partido gobernante.\n;;;;;;;;;
POLITICS_CANNOT_HOLD_ELECTION_TOOLTIP;$GOVERNMENT$ does not allow elections.\n;Le régime actuel ($GOVERNMENT$) ne permet pas d'organiser des élections.\n;$GOVERNMENT$ erlaubt keine Wahlen.\n;;$GOVERNMENT$ no permite celebrar elecciones.\n;;;;;;;;;
POLITICS_ALREADY_HOLDING_ELECTION_TOOLTIP;An election is under way. A new ruling party will elected $DATE$.\n;Des élections sont en cours. Un nouveau parti dirigeant sera élu le $DATE$.\n;Eine Wahl ist im Gange. Eine neue Regierungspartei wird gewählt $DATE$.\n;;Estamos en campaña electoral. Se elegir?un nuevo partido gobernante el $DATE$.\n;;;;;;;;;
POLITICS_SORT_BY_ISSUE_NAME_TOOLTIP;Sort list by issues;Classer la liste par position politique;Liste nach Themen sortieren;;Ordenar por temas;;;;;;;;;
POLITICS_SORT_BY_PEOPLE_TOOLTIP;Sort list by how important it is to our population;Classer la liste par ordre d'importance pour notre population;Liste danach sortieren, wie wichtig es unserer Bevölkerung ist;;Ordenar la lista en función de la importancia para nuestra población;;;;;;;;;
POLITICS_SORT_BY_VOTERS_TOOLTIP;Sort list by how important it is to our voters;Classer la liste par ordre d'importance pour nos électeurs;Liste danach sortieren, wie wichtig es unseren Wählern ist;;Ordenar la lista en función de la importancia para nuestros votantes;;;;;;;;;
POLITICS_IN_FAVOR_TOOLTIP;($PERCENT$% of of upperhouse in favor of reforms);$PERCENT$% des membres de la Chambre haute sont favorables aux réformes.;($PERCENT$% des Oberhauses sind für Reformen);;($PERCENT$% de la cámara alta a favor de las reformas);;;;;;;;;
POLITICS_NATIONALVALUE_TOOLTIP;Our national value is §Y$NATIONALVALUE$§W.\n;Notre valeur nationale est §Y$NATIONALVALUE$§W.\n;Unser Nationalwert ist §Y$NATIONALVALUE$§W.\n;;Nuestro valor nacional es: §Y$NATIONALVALUE$§W.\n;;;;;;;;;
POLITICS_PLURALITY_TOOLTIP;Our plurality is $PERCENT$%.\n;Notre pluralit?est de $PERCENT$%.\n;Unsere Pluralität ist $PERCENT$%.\n;;Tenemos una pluralidad del $PERCENT$%.\n;;;;;;;;;
POLITICS_REVANCHSIM_TOOLTIP;Our revanchism is $PERCENT$%.\n;Notre revanchisme est de $PERCENT$%.\n;Unser Revanchismus ist $PERCENT$%.\n;;Tenemos un revanchismo del $PERCENT$%.\n;;;;;;;;;
REMOVE_HOLD_ELECTION;Hold Election\n;Organiser des élections\n;Wahl abhalten\n;;Celebrar elecciones\n;;;;;;;;;
POLITICS_IMPORTANT_ISSUES_DESC;Important Issues;Positions politiques importantes;Wichtige Themen;;Temas importantes;;;;;;;;;
REMOVE_POLITICS_PEOPLE_IDEOLOGIES;People Ideologies;Idéologies de la population;Volksideologien;;Ideologías del pueblo;;;;;;;;;
REMOVE_POLITICS_VOTERS_IDEOLOGIES;Voters Ideologies;Idéologies des électeurs;Wählerideologien;;Ideologías de los votantes;;;;;;;;;
POLITICS_ISSUE;Issue;Position politique;Thema;;Tema;;;;;;;;;
POLITICS_PEOPLE;People;Peuple;Volk;;Pueblo;;;;;;;;;
POLITICS_VOTERS;Voters;Électeurs;Wähler;;Votantes;;;;;;;;;
POLITICS_UPPERHOUSE;Upperhouse;Chambre haute;Oberhaus;;Cámara alta;;;;;;;;;
POLITICS_SOCIAL_REFORMS;Social Reforms;Réformes sociales;Sozialreformen;;Reformas sociales;;;;;;;;;
POLITICS_POLITICAL_REFORMS;Political Reforms;Réformes politiques;Politikreformen;;Reformas políticas;;;;;;;;;
POLITICS_SELECT_NEW_RULER_PARTY;Select New Ruling Party;Sélectionner un nouveau parti dirigeant;Neue Regierungspartei auswählen;;Elegir nuevo partido gobernante;;;;;;;;;
SLAVE_STATE;Slave State;État esclavagiste;Sklavenstaat;;Estado esclavista;;;;;;;;;
POLITICS_COUNTRY_MODIFIERS;Country Modifiers;Modificateurs nationaux;Landesmodifikatoren;;Modificadores de país;;;;;;;;;
POLITICS_REBELS;Rebels;Rebelles;Rebellen;;Rebeldes;;;;;;;;;
POLITICS_DECISIONS;Decisions;Décisions;Entscheidungen;;Decisiones;;;;;;;;;
PRODUCTION;Production;Production;Produktion;;Producción;;;;;;;;;
PRODUCTION_CLOSE_WINDOW;Closes production window;Ferme la fenêtre de production;Schließt Produktionsfenster;;Cierra la ventana de producción;;;;;;;;;
PRODUCTION_CLOSED;CLOSED;FERMÉE;GESCHLOSSEN;;CERRADA;;;;;;;;;
PRODUCTION_FACTORY_INCOME;Income;Revenus;Einnahmen;;Ingresos;;;;;;;;;
PRODUCTION_SELECT_ALL;Select All;Sélectionner tout;Alles auswählen;;Seleccionar todo;;;;;;;;;
PRODUCTION_DESELECT_ALL;Deselect All;Désélectionner tout;Alles abwählen;;Anular toda selección;;;;;;;;;
PRODUCTION_SHOW_EMPTY_STATES;Show Empty States;Afficher les États vides;Leere Staaten zeigen;;Mostrar estados vacíos;;;;;;;;;
PRODUCTION_HIDE_EMPTY_STATES;Hide Empty States;Masquer les États vides;Leere Staaten verbergen;;Ocultar estados vacíos;;;;;;;;;
PRODUCTION_BUILD_NEW;Build;Créer;Bauen;;Construir;;;;;;;;;
PRODUCTION_AVAILABLE_WORKERS;Available workers:;Ouvriers dispo.;Verfügbare Arbeiter:;;Trabaj. desempleados:;;;;;;;;;
PRODUCTION_NEEDED_WORKERS;Needed workers:;Ouvriers néces.;Benötigte Arbeiter:;;Trabaj. necesarios:;;;;;;;;;
PRODUCTION_TOGGLE_FILTER_TOOLTIP;Shows/hides factories which relies on or produce $GOODS$;Affiche/Masque les usines qui consomment ou produisent §Y$GOODS$§W.;Zeigt/verbirgt Fabriken, die $GOODS$ produzieren oder davon abhängig sind.;;Mostrar/Ocultar aquellas fábricas que necesiten o produzcan $GOODS$;;;;;;;;;
PRODUCTION_SELECT_ALL_TOOLTIP;Selects all filters;Sélectionne tous les filtres;Wählt alle Filter;;Seleccionar todos los filtros;;;;;;;;;
PRODUCTION_DESELECT_ALL_TOOLTIP;Deselects all filters;Désélectionne tous les filtres;Entwählt alle Filter;;Anular la selección de todos los filtros;;;;;;;;;
PRODUCTION_SHOW_EMPTY_TOOLTIP;Shows/hides states with no displayed factories;Affiche/Masque les États dont aucune usine n'est affichée;Zeigt/verbirgt Staaten ohne angezeigte Fabriken;;Mostrar/Ocultar estados sin fábricas desplegadas;;;;;;;;;
PRODUCTION_FACTORY_LEVEL_TOOLTIP;Level: $LEVEL$/$MAX$\n;Niveau : $LEVEL$/$MAX$\n;Stufe: $LEVEL$/$MAX$\n;;Nivel: $LEVEL$/$MAX$\n;;;;;;;;;
PRODUCTION_FACTORY_INCOME_TOOLTIP;Last day's income: $INCOME$\n;Revenus de la veille : $INCOME$\n;Einnahmen des Vortags: $INCOME$\n;;Ingresos del último día: $INCOME$\n;;;;;;;;;
PRODUCTION_FACTORY_MONEY_TOOLTIP;Current money: $MONEY$\n;Finances actuelles : $MONEY$\n;Momentane Geldmenge: $MONEY$\n;;Dinero actual: $MONEY$\n;;;;;;;;;
PRODUCTION_FACTORY_EMPLOYEECOUNT_TOOLTIP;Current employees: $EMPLOYEES$/$EMPLOYEE_MAX$\n;Employés actuels : $EMPLOYEES$ / $EMPLOYEE_MAX$\n;Momentane Angestellte: $EMPLOYEES$/$EMPLOYEE_MAX$\n;;Empleados actuales: $EMPLOYEES$/$EMPLOYEE_MAX$\n;;;;;;;;;
PRODUCTION_BUILD_NEW_FACTORY_TOOLTIP;Build new factory;Construire une nouvelle usine;Neue Fabrik bauen;;Construir nueva fábrica;;;;;;;;;
PRODUCTION_EFFICIENCY_TOOLTIP;;;;;;;;;;;;;;
PRODUCTION_SORT_BY_NAME;Name;Nom des régions;Name;;Nombre;;;;;;;;;
PRODUCTION_SORT_BY_FACTORIES;Factories;Usines;Fabriken;;Fábricas;;;;;;;;;
PRODUCTION_SORT_BY_AVAILABLE_WORKFORCE;Available workforce;Main-d'œuvre disponible;Verfügbare Arbeitskräfte;;Población activa disponible;;;;;;;;;
PRODUCTION_SORT_BY_NAME_TOOLTIP;Sort by state name\n;Classer par nom des régions\n;Nach Staatsnamen sortieren\n;;Ordenar por el nombre del estado\n;;;;;;;;;
PRODUCTION_SORT_BY_FACTORIES_TOOLTIP;Sort by number of factories\n;Classer par nombre d'usines\n;Nach Fabrikanzahl sortieren\n;;Ordenar por número de fábricas\n;;;;;;;;;
REMOVE_PRODUCTION_SORT_BY_AVAILABLE_WORKFORCE_TOOLTIP;Sort by available workforce\n;Classer par main-d'œuvre disponible\n;Nach verfügbaren Arbeitskräften sortieren\n;;Ordenar por población activa disponible\n;;;;;;;;;
PRODUCTION_CANNOT_BUILD_MISSING_RGO_OUTPUT_TOOLTIP;This state does not produce any of the inputs for this factory\n;Cet État ne produit aucunes des matières premières nécessaires ?cette usine.\n;Dieser Staat produziert keins der notwendigen Güter für diese Fabrik\n;;Este estado no produce ninguno de los bienes que necesita esta fábrica\n;;;;;;;;;
PRODUCTION_CANNOT_BUILD_MISSING_GOODS_TOOLTIP;You do not have enough goods to build this factory\n;Vous n'avez pas assez de ressources pour construire cette usine.\n;Sie haben nicht genug Güter, um diese Fabrik zu bauen\n;;No tienes bienes suficientes para construir esta fábrica\n;;;;;;;;;
PRODUCTION_CANNOT_BUILD_MISSING_MONEY_TOOLTIP;You need more money to build this factory\n;Il vous faut plus d'argent pour construire cette usine.\n;Sie brauchen mehr Geld, um diese Fabrik zu bauen\n;;Necesitas más dinero para construir esta fábrica\n;;;;;;;;;
PRODUCTION_CANNOT_BUILD_MISSING_SELECTION;Select a factory from the list\n;Sélectionnez une usine dans la liste.\n;Fabrik von der Liste wählen\n;;Seleccionar una fábrica de la lista\n;;;;;;;;;
PRODUCTION_BUILD_FACTORY_TOOLTIP;Build $FACTORY$\n;Construire un(e) $FACTORY$\n;$FACTORY$ bauen\n;;Construir $FACTORY$\n;;;;;;;;;
PRODUCTION_CLOSE_TOOLTIP;Close window\n;Fermer la fenêtre\n;Fenster schließen\n;;Cerrar ventana\n;;;;;;;;;
PRODUCTION_NOT_ALLOWED_TO_BUILD_TOOLTIP;We are not allowed to build factories because:\n;Nous ne sommes pas autorisés ?construire des usines car :\n;Wir dürfen keine Fabriken bauen, weil:\n;;No podemos construir fábricas porque:\n;;;;;;;;;
PRODUCTION_NOT_ALLOWED_TO_BUILD_MAX_FACTORIES_TOOLTIP;We can only build $NUMBER$ factories in each state\n;Nous ne pouvons pas construire plus de $NUMBER$ usines par État.\n;Wir können nur $NUMBER$ Fabriken in jedem Staat bauen\n;;Solo podemos construir $NUMBER$ fábrica(s) en cada estado\n;;;;;;;;;
PRODUCTION_NOT_ALLOWED_TO_CHANGE_PRIO_TOOLTIP;We cannot change hire priority for this factory because:\n;Nous ne pouvons pas changer la priorit?d'embauche de cette usine car :\n;Wir können die Anwerbepriorität für diese Fabrik nicht ändern, weil:\n;;No podemos cambiar la prioridad de contratación de esta fábrica porque:\n;;;;;;;;;
PRODUCTION_NOT_ALLOWED_TO_SUBSIDISE_TOOLTIP;We cannot subsidise this factory because:\n;Nous ne pouvons pas subventionner cette usine car :\n;Wir können diese Fabrik nicht subventionieren, weil:\n;;No podemos subsidiar esta fábrica porque:\n;;;;;;;;;
PRODUCTION_NOT_ALLOWED_TO_CLOSE_TOOLTIP;We cannot close this factory because:\n;Nous ne pouvons pas fermer cette usine car :\n;Wir können diese Fabrik nicht schließen, weil:\n;;No podemos cerrar esta fábrica porque:\n;;;;;;;;;
PRODUCTION_NOT_ALLOWED_TO_OPEN_TOOLTIP;We cannot open this factory because:\n;Nous ne pouvons pas ouvrir cette usine car :\n;Wir können diese Fabrik nicht öffnen, weil:\n;;No podemos abrir esta fábrica porque:\n;;;;;;;;;
PRODUCTION_NOT_ALLOWED_TO_UPGRADE_TOOLTIP;We cannot upgrade this factory because:\n;Nous ne pouvons pas rénover cette usine car :\n;Wir können diese Fabrik nicht ausbauen weil:\n;;No podemos mejorar esta fábrica porque:\n;;;;;;;;;
PRODUCTION_ALLOWED_TO_CHANGE_PRIO_TOOLTIP;Changes hire priority in factory\n;Change la priorit?d'embauche de l'usine.\n;Ändert Anwerbepriorität in Fabrik\n;;Cambiar la prioridad de contratación en la fábrica\n;;;;;;;;;
PRODUCTION_ALLOWED_TO_SUBSIDISE_TOOLTIP;Subsidise factory\n;Subventionner l'usine\n;Fabrik subventionieren\n;;Subsidiar fábrica\n;;;;;;;;;
PRODUCTION_ALLOWED_TO_CLOSE_TOOLTIP;Shut down factory\n;Fermer l'usine\n;Fabrik schließen\n;;Cerrar fábrica\n;;;;;;;;;
PRODUCTION_ALLOWED_TO_OPEN_TOOLTIP;Reopen factory\n;Rouvrir l'usine\n;Fabrik wieder eröffnen\n;;Reabrir fábrica\n;;;;;;;;;
PRODUCTION_ALLOWED_TO_UPGRADE_TOOLTIP;Upgrade factory\n;Rénover l'usine\n;Fabrik aufrüsten\n;;Mejorar fábrica\n;;;;;;;;;
PRODUCTION_OUTPUT_GOODS_TOOLTIP;Produces §Y$CURR$§W each day\n;Produit §Y$CURR$§W par jour\n;Produziert §Y$CURR$§W täglich\n;;Produce §Y$CURR$§W cada día\n;;;;;;;;;
PRODUCTION_OUTPUT_EXPLANATION;(Base x Throughput x Output); (base x débit x production); (Basis x Durchsatz x Leistung);;(base x rendimiento x producción);;;;;;;;;
PRODUCTION_INPUT_EXPLANATION;(Base x Throughput x Input); (base x débit x apport); (Basis x Durchsatz x Einsatz);;(base x rendimiento x entrada);;;;;;;;;
PRODUCTION_INPUT_GOODS_TOOLTIP;Demands §Y$CURR$§W each day\n;Requiert §Y$CURR$§W par jour\n;Braucht §Y$CURR$§W täglich\n;;Necesita §Y$CURR$§W cada día\n;;;;;;;;;
PRODUCTION_BASE_OUTPUT_GOODS_TOOLTIP;Base output: $BASE$\n;Production de base : $BASE$\n;Basisleistung: $BASE$\n;;Producción básica: $BASE$\n;;;;;;;;;
PRODUCTION_BASE_INPUT_GOODS_TOOLTIP;Base input: $BASE$\n;Apport de base : $BASE$\n;Basisleistung: $BASE$\n;;Entrada básica: $BASE$\n;;;;;;;;;
PRODUCTION_INPUT_EFFICIENCY_TOOLTIP;Input modifier: ;Modificateur d'apport : ;Einsatzmodifikator: ;;Modificador de entrada: ;;;;;;;;;
PRODUCTION_OUTPUT_EFFICIENCY_TOOLTIP;Output efficiency: ;Efficacit?de la production : ;Leistungseffizienz: ;;Eficiencia de producción: ;;;;;;;;;
PRODUCTION_THROUGHPUT_VALUE_TOOLTIP;Worker production: ;Production de la main-d'œuvre : ;Arbeiterproduktion: ;;Producción de los trabajadores: ;;;;;;;;;
PRODUCTION_THROUGHPUT_EFFICIENCY_TOOLTIP;Throughput: ;Rendement : ;Durchsatz: ;;Rendimiento: ;;;;;;;;;
PRODUCTION_POP_UNEMPLOYED_TOOLTIP;Unemployed: $UNEMPLOYED$;Sans emploi : $UNEMPLOYED$;Arbeitslos: $UNEMPLOYED$;;Desempleados: $UNEMPLOYED$;;;;;;;;;
PRODUCTION_POP_OWNER_PRESCENCE_TOOLTIP;Presence in state: $PRESCENCE$;Présence dans l'État : $PRESCENCE$;Präsenz in Region: $PRESCENCE$;;Presencia en el estado: $PRESCENCE$;;;;;;;;;
PRODUCTION_MUST_PRODUCE_GOODS_TOOLTIP;State must produce one of the following: ;L'État doit produire une des ressources suivantes : ;Region muss eines der folgenden produzieren: ;;El estado debe producir uno de estos productos: ;;;;;;;;;
PRODUCTION_FACTORIES_IN_STATE;Factories in State\n;Usines de l'État\n;Fabriken in Region\n;;Fábricas en el estado\n;;;;;;;;;
PRODUCTION_FACTOR_FROM;From;De;Von;;De;;;;;;;;;
PRODUCTION_FACTOR_OWNER;Owners;Propriétaires;Besitzer;;Propietarios;;;;;;;;;
PRODUCTION_FACTOR_WORKER;Workers;Ouvriers;Arbeiter;;Trabajadores;;;;;;;;;
PRODUCTION_FACTORY_COUNT_TOOLTIP;State factories: $CURRENT$/$MAX$\n;Usines de l'État : $CURRENT$/$MAX$\n;Staatsfabriken: $CURRENT$/$MAX$\n;;Fábricas en el estado: $CURRENT$/$MAX$\n;;;;;;;;;
PRODUCTION_FACTORY_UNIQUE_TOOLTIP;No §Y$NAME$§W in state\n;Pas de §Y$NAME$§W dans l'État\n;Kein/e §Y$NAME$§W im Staat\n;;En el estado no hay: §Y$NAME$§W\n;;;;;;;;;
GOODS_PROJECT_COMPLETE;All goods needs fulfilled;Tous les besoins sont satisfaits.;Alle Güterbedürfnisse erfüllt;;Todas las necesidades de bienes están satisfechas;;;;;;;;;
GOODS_PROJECT_LACK_GOODS;Gathering the following goods before construction can begin:;Ressources ?réunir avant d'entamer la construction :;Folgende Güter zusammentragen, bevor der Bau beginnen kann:;;Reuniendo los siguientes bienes antes de que pueda comenzar la construcción:;;;;;;;;;
BUILDING_IN_PROGRESS;Estimated to finish §Y$DATE$§W;Fin prévue pour le §Y$DATE$§W;Geschätzte Fertigstellung: §Y$DATE$§W;;Fecha estimada de finalización: §Y$DATE$§W;;;;;;;;;
PRODUCTION_RESOURCE_COST;Resource cost:;Qt?matériaux;Ressourcen:;;Coste recursos:;;;;;;;;;
PRODUCTION_IN_STOCKPILE;In stockpile:;En réserve nat.;Vorrat:;;En la reserva:;;;;;;;;;
PRODUCTION_BASE_PRICE;Base Price:;Prix de base :;Basispreis:;;Precio básico:;;;;;;;;;
PRODUCTION_INPUT_PRICE;Input Price:;Prix des matières premières :;Eingabepreis:;;Precio de entrada:;;;;;;;;;
PRODUCTION_TOTAL;Total:;Total :;Gesamt:;;Total:;;;;;;;;;
PRODUCTION_CURRENT_FUNDS;Current Funds:;Fonds actuels :;Momentane Mittel:;;Fondos actuales:;;;;;;;;;
PRODUCTION_BASE_OUTPUT;Base :;Base :;Basis:;;Base:;;;;;;;;;
PRODUCTION_FACTORIES;Factories;Usines;Fabriken;;Fábricas;;;;;;;;;
PRODUCTION_GOODS_TAB;Production;Production;Produktion;;Producción;;;;;;;;;
PRODUCTION_PROJECTS_TAB;Projects;Projets;Projekte;;Proyectos;;;;;;;;;
PRODUCTION_SORT_BY_PROJECTS;Projects;Projets;Projekte;;Proyectos;;;;;;;;;
PRODUCTION_SORT_BY_COMPLETION;Completion;Ressources requises;Fertigstellung;;Finalización;;;;;;;;;
PROD_INVESTORS;Investors;Investisseurs;Investoren;;Inversores;;;;;;;;;
PRODUCTION_SORT_BY_PROJECTEERS_TOOLTIP;Sort by number of investors;Classer par nombre d'investisseurs;Nach Anzahl der Investoren sortieren;;Ordenar por número de inversores;;;;;;;;;
PRODUCTION_SORT_BY_COMPLETION_TOOLTIP;Sort by fraction of needed goods collected;Classer par fraction de ressources requises réunies;Nach Fraktion der benötigten Güter sortieren;;Ordenar por fracción de mercancías necesarias obtenidas;;;;;;;;;
PRODUCTION_SORT_BY_PROJECTS_TOOLTIP;Sort by projects;Classer par projets;Nach Projekten sortieren;;Ordenar por proyectos;;;;;;;;;
PRODUCTION_GOODS_COMPLETION;$NUM$ of §Y$GOOD$§W acquired;$NUM$ unités de §Y$GOOD$§W acquises.;$NUM$ §Y$GOOD$§W erworben;;Ya tienes $NUM$ §Y$GOOD$§W ;;;;;;;;;
PRODUCTION_PROJECT_NAME;Project Name;Nom du projet;Projektname;;Nombre del proyecto;;;;;;;;;
PRODUCTION_NUM_INVESTORS;Number of investors;Nombre d'investisseurs;Anzahl der Investoren;;Número de inversores;;;;;;;;;
TECHNOLOGYVIEW;Technology;Technologie;Technologie;;Tecnología;;;;;;;;;
TECHNOLOGYVIEW_ADMINISTRATION;Administration:;Administration :;Verwaltung:;;Administración:;;;;;;;;;
TECHNOLOGYVIEW_CURRENT_RESEARCH;Current research:;Recher. en cours :;Wir erforschen:;;Investigando:;;;;;;;;;
TECHNOLOGYVIEW_POSSIBLE_INVERTIONS;Possible Inventions;Inventions possibles;Mögliche Erfindungen;;Posibles inventos;;;;;;;;;
TECHNOLOGYVIEW_SORT_BY_TYPE;Type;Type;Typ;;Tipo;;;;;;;;;
TECHNOLOGYVIEW_SORT_BY_NAME;Name;Nom;Name;;Nombre;;;;;;;;;
TECHNOLOGYVIEW_SORT_BY_PERCENT;Percent;Pour cent;Prozent;;Tanto por ciento;;;;;;;;;
TECHNOLOGYVIEW_SHOW_FOLDER_TOOLTIP;Show §Y$FOLDER$§W technologies;Afficher les technologies pour §Y$FOLDER$§W;§Y$FOLDER$§W Technologien anzeigen;;Mostrar tecnologías §Y$FOLDER$§W;;;;;;;;;
TECHNOLOGYVIEW_NO_RESEARCH;No research selected;Aucun type de recherche sélectionn?Keine Forschung ausgewählt;;Sin investigación seleccionada ;;;;;;;;;;
TECHNOLOGYVIEW_NO_RESEARCH_TOOLTIP;No research selected;Aucun type de recherche sélectionn?Keine Forschung ausgewählt;;Sin investigación seleccionada;;;;;;;;;;
REMOVE_TECHNOLOGYVIEW_RESEARCH_TOOLTIP;Currently researching §Y$TECH$§W.\n With current spending, research is finished §Y$DATE$§W.;Recherche en cours : §Y$TECH$§W.\nCompte tenu des dépenses actuelles, la recherche prendra fin le §Y$DATE$§W.;Momentan wird §Y$TECH$§W erforscht.\n Bei den momentanen Ausgaben wird die Forschung am §Y$DATE$§W beendet sein.;;Actualmente estamos investigando: §Y$TECH$§W.\n Con la inversión actual, la investigación estar?terminada el §Y$DATE$§W.;;;;;;;;;
TECHNOLOGYVIEW_SORT_BY_TYPE_TOOLTIP;Sort possible inventions by type;Classer les inventions possibles par type;Mögliche Erfindungen nach Typ sortieren;;Ordenar posibles inventos por tipo;;;;;;;;;
TECHNOLOGYVIEW_SORT_BY_NAME_TOOLTIP;Sort possible inventions by name;Classer les inventions possibles par nom;Mögliche Erfindungen nach Namen sortieren;;Ordenar posibles inventos por nombre;;;;;;;;;
TECHNOLOGYVIEW_SORT_BY_PERCENT_TOOLTIP;Sort possible inventions by chance of discovery;Classer les inventions possibles par chance de découverte;Mögliche Erfindungen nach Entdeckungschance sortieren;;Ordenar posibles inventos por probabilidad;;;;;;;;;
TECHNOLOGYVIEW_INVENTION_TOOLTIP;We have a §Y$PERCENT$%§W chance to invent §Y$INVENTION$§W each month.;Nous avons §Y$PERCENT$%§W de chances d'inventer §Y$INVENTION$§W chaque mois.;Wir haben §Y$PERCENT$%§W Chance, jeden Monat §Y$INVENTION$§W zu erfinden.;;Cada mes tenemos un §Y$PERCENT$%§W de inventar: §Y$INVENTION$§W.;;;;;;;;;
TECHNOLOGYVIEW_START_RESEARCH_TOOLTIP;Start research of §Y$TECH$§W;Entamer des recherches dans le domaine suivant :\n§Y$TECH$§W;Erforschung von §Y$TECH$§W beginnen;;Iniciar la investigación de: §Y$TECH$§W;;;;;;;;;
TECHNOLOGYVIEW_CANNOT_RESEARCH_TOOLTIP;We cannot research §Y$TECH$§W because;Nous ne pouvons pas effectuer de recherches dans le domaine de §Y$TECH$§W car :;Wir können §Y$TECH$§W nicht erforschen, weil;;No podemos investigar §Y$TECH$§W porque:;;;;;;;;;
TECHNOLOGYVIEW_ALREADY_RESEARCHED_TOOLTIP;We have completed research of §Y$TECH$§W;Nous avons termin?les recherches dans le domaine suivant : §Y$TECH$§W;Wir haben die Forschung von §Y$TECH$§W abgeschlossen;;Hemos completado la investigación de: §Y$TECH$§W;;;;;;;;;
TECHNOLOGYVIEW_UNDER_RESEARCH_TOOLTIP;We are currently researching §Y$TECH$§W;Nous effectuons actuellement des recherches dans le domaine suivant : §Y$TECH$§W;Wir erforschen momentan §Y$TECH$§W;;Actualmente estamos investigando: §Y$TECH$§W;;;;;;;;;
TECHNOLOGYVIEW_UNDISCOVERED_INVENTION_TOOLTIP;Allows discovery of §Y$INVENTION$§W;Permet la découverte de §Y$INVENTION$§W;Erlaubt Entdeckung von §Y$INVENTION$§W;;Permite el descubrimiento de: §Y$INVENTION$§W;;;;;;;;;
TECHNOLOGYVIEW_DISCOVERED_INVENTION_TOOLTIP;§Y$INVENTION$§W gives us the following effects;§Y$INVENTION$§W nous donne les effets suivants :;§Y$INVENTION$§W gibt uns die folgenden Effekte:;;§Y$INVENTION$§W nos proporciona los siguientes efectos:;;;;;;;;;
TECHNOLOGYVIEW_NO_CURRENT_RESEARCH;No active research;Aucune recherche active;Keine aktive Forschung;;No hay investigación activa;;;;;;;;;
TECHNOLOGYVIEW_HAVE_DISCOVERED_PREREQ_TOOLTIP;Discovered §Y$TECH$§W;Découverte : §Y$TECH$§W;§Y$TECH$§W entdeckt;;Ha descubierto: §Y$TECH$§W;;;;;;;;;
TECHNOLOGYVIEW_RESEARCH_INVESTED_TOOLTIP;(§Y$INVESTED$§W/§Y$COST$§W points invested);(§Y$INVESTED$§W/§Y$COST$§W points investis);(§Y$INVESTED$§W/§Y$COST$§W Punkte investiert);;(§Y$INVESTED$§W/§Y$COST$§W puntos invertidos);;;;;;;;;
cattle_RGO_SIZE;Cattle ranch size;Taille de l'élevage de bétail;Viehranchgröße;;Tamaño del rancho de ganado;;;;;;;;;
coal_RGO_SIZE;Coal mine size;Taille de la mine de charbon ;Kohlengrube-Größe;;Tamaño de la mina de carbón;;;;;;;;;
coffee_RGO_SIZE;Coffee plantation size;Taille de la plantation de caf?Kaffeeplantage-Größe;;Tamaño de la plantación de caf?;;;;;;;;;;
cotton_RGO_SIZE;Cotton plantation size;Taille de la plantation de coton;Baumwollplantage-Größe;;Tamaño de la plantación de algodón;;;;;;;;;
dye_RGO_SIZE;Dye plantation size;Taille de la plantation de plantes tinctoriales;Farbstoffplantage-Größe;;Tamaño de la plantación de tinte;;;;;;;;;
fish_RGO_SIZE;Fishing wharf size;Taille du quai de pêche;Fischereihafen-Größe;;Tamaño del muelle de pesca;;;;;;;;;
grain_RGO_SIZE;Grain farm size;Taille de la ferme céréalière;Getreidefarm-Größe;;Tamaño de la granja de grano;;;;;;;;;
iron_RGO_SIZE;Iron mine size;Taille de la mine de fer;Eisenerzmine-Größe;;Tamaño de la mina de hierro;;;;;;;;;
oil_RGO_SIZE;Oil rig size;Taille du puits de pétrole;Ölbohrplattform-Größe;;Tamaño de la plataforma petrolífera;;;;;;;;;
opium_RGO_SIZE;Opium plantation size;Taille de la plantation d'opium;Opiumplantage-Größe;;Tamaño de la plantación de opio;;;;;;;;;
fruit_RGO_SIZE;Orchard size;Taille du verger;Obstgarten-Größe;;Tamaño del huerto;;;;;;;;;
precious_metal_RGO_SIZE;Precious metal mine size;Taille de la mine de métaux précieux;Edelmetallmine-Größe;;Tamaño de la mina de metales preciosos;;;;;;;;;
rubber_RGO_SIZE;Rubber lodge size;Taille de l'exploitation de caoutchouc;Gummiplantage-Größe;;Tamaño del campamento cauchero;;;;;;;;;
wool_RGO_SIZE;Sheep ranch size;Taille de l'élevage de moutons;Schafsranch-Größe;;Tamaño del rancho de ovejas;;;;;;;;;
silk_RGO_SIZE;Silkworm ranch size;Taille de l'élevage de vers ?soie;Seidenraupenfarm-Größe;;Tamaño del rancho de gusanos de seda;;;;;;;;;
sulphur_RGO_SIZE;Sulphur mine size;Taille de la mine de soufre;Schwefelmine-Größe;;Tamaño de la mina de azufre;;;;;;;;;
tea_RGO_SIZE;Tea plantation size;Taille de la plantation de th?Teeplantage-Größe;;Tamaño de la plantación de t?;;;;;;;;;;
timber_RGO_SIZE;Timber lodge size;Taille de l'exploitation forestière;Holzfällerlager-Größe;;Tamaño del campamento maderero;;;;;;;;;
tobacco_RGO_SIZE;Tobacco plantation size;Taille de la plantation de tabac;Tabakplantage-Größe;;Tamaño de la plantación de tabaco;;;;;;;;;
tropical_wood_RGO_SIZE;Tropical wood lodge size;Taille de l'exploitation de bois exotique;Tropenholzfällerlager-Größe;;Tamaño del campamento de maderas nobles;;;;;;;;;
TRADE_RAW_MATERIALS;Raw Materials;Matières premières;Rohmaterialien;;Materias primas;;;;;;;;;
TRADE_INDUSTRIAL_GOODS;Industrial Goods;Biens industriels;Industriegüter;;Bienes industriales;;;;;;;;;
TRADE_CONSUMER_GOODS;Consumer Goods;Biens de consommation;Konsumgüter;;Bienes de consumo;;;;;;;;;
TRADE_MILITARY_GOODS;Military Goods;Equipements militaires;Militärgüter;;Bienes militares;;;;;;;;;
TRADE_NEEDS;Needs;Besoins nationaux;Bedürfnisse;;Necesidades;;;;;;;;;
TRADE_MARKET_ACTIVITY;Market Activity;March?mondial;Marktaktivität;;Actividad de mercado;;;;;;;;;
TRADE_STOCKPILE;Stockpile;Nos réserves;Vorrat;;Reserva;;;;;;;;;
TRADE_COMMON_MARKET;Common Market;March?intérieur;Binnenmarkt ;;Mercado corriente;;;;;;;;;
TRADE_POPULATION;Population;Population;Bevölkerung;;Población;;;;;;;;;
TRADE_FACTORIES;Factories;Usines;Fabriken;;Fábricas;;;;;;;;;
TRADE_GOVERNMENT;Government;Gouvernement;Regierung;;Gobierno;;;;;;;;;
TRADE_NEED;Need;Besoin;Bedarf;;Necesita;;;;;;;;;
TRADE_GOODS;Goods;Biens;Güter;;Bienes;;;;;;;;;
TRADE_ACTIVITY;Activity;Activit?Aktivität;;Actividad;;;;;;;;;;
TRADE_COST;Cost;Gain;Kosten;;Coste;;;;;;;;;
TRADE_STOCK;Stock;Stock;Vorrat;;Reserva;;;;;;;;;
TRADE_INCREASE;Increase;Hausse;Zuwachs;;Aumento;;;;;;;;;
TRADE_PRODUCED;Produced;Produit;Produziert;;Producido;;;;;;;;;
TRADE_EXPORTED;Exported;Export;Exportiert;;Exportado;;;;;;;;;
TRADE_CONFIRM_TRADE;Confirm Trade;Confirmer la transaction;Handel bestätigen;;Confirmar trato;;;;;;;;;
TRADE_AUTOMATE;Automate;Automatiser;Automatisieren;;Automatizar;;;;;;;;;
TRADE_BUY_INTERNAL;Buy Internal;Acheter en interne;Intern kaufen;;Compra interna;;;;;;;;;
TRADE_BUY_FROM_STOCKPILE;Make stockpile available to the common market;Mettre les réserves ?disposition du march?commun;Vorrat für den Binnenmarkt zugänglich machen;;Poner la reserva a disposición del mercado corriente;;;;;;;;;
TRADE_SELL;Sell;Vendre;Verkaufen;;Vender;;;;;;;;;
TRADE_PRICE_TREND;Price change since yesterday: $VALUE$?Changement de prix depuis hier : $VALUE$ ?Preisänderung seit gestern: $VALUE$?;Cambio de precio desde ayer: $VALUE$?;;;;;;;;;;;;
TRADE_PRICE_TREND_UNCHANGED;Price unchanged since yesterday;Prix inchang?depuis hier;Preis seit gestern unverändert;;El precio no ha cambiado desde ayer;;;;;;;;;
TRADE_SELLING;Selling stockpile;Ventes depuis nos réserves;Vorratsverkauf;;Vendiendo reserva;;;;;;;;;
TRADE_BUYING;Buying up stockpile;Achats pour nos réserves;Vorratsankauf;;Formando reserva;;;;;;;;;
TRADE_IN_DEMAND;In high demand;En forte demande;Starke Nachfrage;;Demanda alta;;;;;;;;;
TRADE_NOT_IN_DEMAND;Not in high demand;Pas en forte demande;Keine starke Nachfrage;;Demanda baja;;;;;;;;;
ACTUAL_BOUGHT;Actual bought: $VAL$;Achats effectifs : $VAL$;Tatsächlich gekauft: $VAL$;;Adquisición: $VAL$;;;;;;;;;
SUPPLY;Supply: $VAL$;Approvisionnement : $VAL$;Angebot: $VAL$;;Suministro: $VAL$;;;;;;;;;
DEMAND;Demand: $VAL$;Demande : $VAL$;Nachfrage: $VAL$;;Demanda: $VAL$;;;;;;;;;
TRADE_SUPPLY_NEED;$VAL$ to supply army and navy each day.\n;$VAL$ pour ravitailler quotidiennement l'armée et la marine.\n;$VAL$ zur täglichen Versorgung von Heer und Marine.\n;;$VAL$ para suministrar al ejército y la marina cada día.\n;;;;;;;;;
TRADE_TEMP_PROD_NEED;$VAL$ for current production.\n;$VAL$ pour la production actuelle.\n;$VAL$ für momentane Produktion.\n;;$VAL$ para la producción en curso.\n;;;;;;;;;
form_germany_title;Three Hurrahs For Germany!;Pour l'Allemagne, hip hip hip, hourra !;Ein dreifaches Hurra auf Deutschland!;;¡Tres hurras por Alemania!;;;;;;;;;
form_germany_desc;By controlling, directly or indirectly, the manifold principalities, duchies and free cities that make up the German Nation, we can unite our people into one singular nation state. Three Hurrahs for the German Empire!;En contrôlant, directement ou indirectement, les multiples principautés, duchés et villes libres qui composent la nation allemande, nous nous unirons pour former un seul État-nation. Pour l'Empire allemand, hip hip hip, hourra !;Durch direkte oder indirekte Kontrolle der vielen Fürstentümer, Herzogtümer und freien Städte, aus denen das Deutsche Reich besteht, können wir unser Volk in einem einzelnen Staat vereinigen. Ein dreifaches Hurra auf das Deutsche Kaiserreich!;;Al controlar, de manera directa o indirecta, el sinfín de principados, ducados y ciudades libres que conforman la nación alemana, podemos unificar nuestro pueblo en un único estado. ¡Tres hurras por el Imperio Alemán!;;;;;;;;;
form_italy_title;Avanti Italia!;Avanti Italia !;Avanti Italia!;;Avanti Italia!;;;;;;;;;
form_italy_desc;By establishing a dominant position on the Italian peninsula, we can secure a national homeland for our people by proclaiming ourselves the motive power of a unified Italian state.;Grâce ?l'établissement d'une position dominante sur la péninsule italienne, nous formerons une patrie pour notre peuple en nous proclamant la force motrice d'un État italien unifi?;Durch die Absicherung einer dominanten Position auf der italienischen Halbinsel können wir unserem Volk eine nationale Heimat geben, indem wir uns als treibende Kraft für eine vereinigte italienische Nation proklamieren.;;Al establecer una posición dominante en la península italiana, podemos garantizarle a nuestro pueblo una patria nacional con fronteras seguras y convertirnos en el germen de un estado italiano unificado.;;;;;;;;;
form_kingdom_of_northern_italy_title;Unite the north ! ;Unifier le nord !;Vereinigt den Norden !;;Uniendo el Norte;;;;;;;;;
form_kingdom_of_northern_italy_desc;The first step to an unified Italian state should be the building up of a northern Italian State. In this stronger postition we are able to unite all of Italy !;La première étappe dans une Italie unifi?doit étre l'unification du Nord de l'Italie. De cette position il ne posera pas de problème d'unifier le sud.;Der erste Schritt in ein Vereinigtes Italien sollte die Vereinigung des Nordens Italiens zu sein. Von diese Position aus sollte es kein Problem sein Italien zu übernehmen.;;El primer paso en una unida Italia si el sindicato el norte.;;;;;;;;;
Desde esta posición no debería ser un problema para unir a Italia;;;;;;;;;;;;;;
form_scandinavia_title;För Brödrafolkens Väl!;För Brödrafolkens Väl !;För Brödrafolkens Väl!;;För Brödrafolkens Väl!;;;;;;;;;
form_scandinavia_desc;By reaching a dominant position in Scandinavia, we can unite the Scandinavian peoples under one banner. We must, in order to do this, have the entirety of the traditional Scandinavia either within our realm, or in our Sphere of Influence. For the good of the brother peoples!;Grâce ?l'établissement d'une position dominante en Scandinavie, nous pourrons unir les Scandinaves sous une seule et même bannière. Pour cela, nous devons avoir l'intégralit?de la Scandinavie traditionnelle au sein de notre royaume ou dans notre sphère d'influence. Pour le bien des peuples frères !;Durch die Absicherung einer dominanten Position in Skandinavien können wir die skandinavischen Völker unter einem Banner vereinigen. Um dies zu erreichen, müssen wir das gesamte Gebiet des traditionellen Skandinaviens entweder innerhalb unseres Reiches oder innerhalb unserer Einflusssphäre haben. Zum Wohle der Brudervölker!;;Al establecer una posición dominante en Escandinavia, podemos unir a todos los pueblos escandinavos bajo una sola bandera. Para conseguirlo, toda la Escandinavia tradicional debe quedar dentro de nuestro reino o en nuestra esfera de influencia. ¡Por el bien de los pueblos hermanos!;;;;;;;;;
gag_rule_title;House Gag Rule;Règle du silence ?la Chambre;Maulkorberlass;;Limitación de los poderes de la cámara;;;;;;;;;
gag_rule_desc;The seemingly irresolvable debate over slavery threatens to tear our country apart. If we were to introduce a gag rule in the House of Representatives, barring bills on the slavery issue from being presented to the House, we could hope to at least alleviate some of the worst tensions;Le débat apparament insoluble sur l'esclavage menace de diviser notre pays. Si nous mettions en place une règle du silence ?la Chambre des représentants, afin d'empécher qu'un projet de loi sur l'esclavage soit soumis, nous pourrions au moins espérer calmer les pires tensions.;Die anscheinend unlösbare Debatte über die Sklaverei droht unser Land zu zerreißen. Wenn wir einen Maulkorberlass im Repräsentantenhaus verfügen, der verhindert, dass Gesetzesvorlagen zur Sklaverei dem Haus unterbreitet werden, haben wir wenigstens Hoffnung, die schlimmsten Spannungen zu lindern;;El debate aparentemente irresoluble sobre la esclavitud amenaza con destruir nuestro país. Si limitamos la independencia de la cámara de representantes prohibiendo la presentación de proyectos de ley relativos a la esclavitud, es posible que contribuyamos a aliviar la tensión.;;;;;;;;;
fugitive_slave_act_desc;By introducing a Federal Fugitive Slave Act, we can enforce the return of escaped slaves to their owners in the slave-states. Doing so will, at least for some time, calm southern fears of abolitionism.;Grâce ?une loi fédérale, nous pourrons statuer sur les modalités de capture des esclaves évadés et de leur retour ?leur propriétaire dans les États esclavagistes. Cela devrait momentanément calmer les craintes d'abolitionnisme des Sudistes.;Durch die Verabschiedung eines bundesweiten Fugitive Slave Act können wir die Rückkehr entlaufener Sklaven zu ihren Besitzern in den Sklavenstaaten erzwingen. Dies wird zumindest eine Weile lang die Ängste des Südens vor dem Abolitionismus beschwichtigen.;;Con la aprobación del Acta federal sobre esclavos fugitivos impondremos por ley la devolución de los esclavos fugitivos a sus propietarios. De este modo aplacaremos, al menos por algún tiempo, los temores sureños sobre el abolicionismo.;;;;;;;;;
WE_NOT_GREATNATION;We must be a Great Power to perform this action;Pour accomplir cette action, nous devons posséder le statut de Grande Puissance.;Wir müssen eine Großmacht sein, um diese Handlung auszuführen;;Debemos ser una Gran Potencia para llevar a cabo esta acción.;;;;;;;;;
ACT_NO_SELF;We cannot negotiate with ourselves.;Nous ne pouvons pas négocier avec nous-mêmes.;Wir können nicht mit uns selbst verhandeln.;;No podemos negociar con nosotros mismos.;;;;;;;;;
ENROUTE;We have a diplomat en route, and he will arrive on $DATE$;Nous avons un diplomate en route.\nIl arrivera le §Y$DATE$§W.;Einer unserer Diplomaten ist unterwegs, und er wird am $DATE$ eintreffen.;;Ya hemos enviado un diplomático y llegar?el $DATE$;;;;;;;;;
DIP_NO_DIPLO;You only have §R$CURRENT$§W of the §Y$NEEDED$§W diplomatic points required;Vous possédez seulement §R$CURRENT$§W des §Y$NEEDED$§W points de diplomatie requis.;Sie haben nur §R$CURRENT$§W der benötigten §Y$NEEDED$§W Diplomatiepunkte.;;Solo tienes §R$CURRENT$§W de los §Y$NEEDED$§W puntos diplomáticos necesarios.;;;;;;;;;
DIP_ENOUGH_DIPLO;This will cost us §Y$NEEDED$§W of our §Y$CURRENT$§W diplomatic points.;Cela nous coûtera §Y$NEEDED$§W points de diplomatie sur les §Y$CURRENT$§W points dont nous disposons.;Dies wird uns §Y$NEEDED$§W unserer §Y$CURRENT$§W Diplomatiepunkte kosten.;;Esto nos costar?§Y$NEEDED$§W de nuestros §Y$CURRENT$§W puntos diplomáticos.;;;;;;;;;
DIP_NO_INFLUENCE;You only have §R$CURRENT$§W of the §Y$NEEDED$§W influence required;Vous possédez seulement §R$CURRENT$§W des §Y$NEEDED$§W points d'influence requis.;Sie haben nur §R$CURRENT$§W der benötigten §Y$NEEDED$§W Einflusspunkte.;;Solo tienes §R$CURRENT$§W de los §Y$NEEDED$§W de influencia necesarios.;;;;;;;;;
DIP_ENOUGH_INFLUENCE;This will cost us §Y$NEEDED$§W of our §Y$CURRENT$§W influence.;Cela nous coûtera §Y$NEEDED$§W points d'influence sur les §Y$CURRENT$§W points dont nous disposons.;Dies wird uns §Y$NEEDED$§W unserer §Y$CURRENT$§W Einflusspunkte kosten.;;Esto nos costar?§Y$NEEDED$§W de nuestros §Y$CURRENT$§W puntos de influencia.;;;;;;;;;
CANNOT_TARGET_GREATNATION;We cannot influence other Great Powers;Nous n'avons aucune influence sur les autres Grandes Puissances.;Wir können andere Großmächte nicht beeinflussen.;;No podemos influir en otras Grandes Potencias.;;;;;;;;;
NOT_ENOUGH_RELATION;In order to influence this country, their opinion of us must be at least §Y$NEEDED$§W. Their current opinion is §Y$CURRENT$§W.;Pour influencer ce pays, l'opinion minimum qu'il a de nous doit être la suivante : §Y$NEEDED$§W.\nSon opinion actuelle est : §Y$CURRENT$§W.;Um dieses Land zu beeinflussen, muss ihre Meinung über uns mindestens §Y$NEEDED$§W betragen. Ihre momentane Meinung ist §Y$CURRENT$§W.;;Para poder influir en este país, su opinión sobre nosotros debe ser al menos: §Y$NEEDED$§W. Su opinión actual es: §Y$CURRENT$§W.;;;;;;;;;
ENOUGH_RELATION;Their opinion of us is as good as it can be.;L'opinion que ce pays a de nous est aussi bonne que possible.;Ihre Meinung von uns ist optimal.;;Su opinión sobre nosotros no podría ser mejor.;;;;;;;;;
ALREADY_BAD_RELATION;§Y$RECIPIENT$§W already has a §Y$OPINION$§W opinion of §Y$TARGET$§W.;§Y$RECIPIENT$§W a déj?une opinion §Y$OPINION$§W sur §Y$TARGET$§W.;§Y$RECIPIENT$§W hat schon eine Meinung von §Y$OPINION$§W über §Y$TARGET$§W.;;§Y$RECIPIENT$§W ya tiene una opinión sobre §Y$TARGET$§W: §Y$OPINION$§W.;;;;;;;;;
ALREADY_IN_SPHERE;This country is already in the sphere of influence of §Y$LEADER$§W.;Ce pays est déj?dans la sphère d'influence de §Y$LEADER$§W.;Dieses Land ist schon in der Einflusssphäre von §Y$LEADER$§W.;;Este país ya est?en la esfera de influencia de §Y$LEADER$§W.;;;;;;;;;
IN_NO_SPHERE;This country is not in a sphere of influence.;Ce pays n'est dans aucune sphère d'influence.;Dieses Land ist in keiner Einflusssphäre.;;Este país no est?en ninguna esfera de influencia.;;;;;;;;;
IN_OUR_SPHERE;This country is in our sphere of influence.;Ce pays est dans notre sphère d'influence.;Dieses Land ist in unserer Einflusssphäre.;;Este país est?en nuestra esfera de influencia.;;;;;;;;;
CALL_MUST_BE_ALLIES;We must be allied with country to call them into a war.;Nous devons être alliés avec un pays pour l'appeler ?entrer en guerre.;Wir müssen mit einem Land verbündet sein, um es zum Krieg zu rufen.;;Debemos estar aliados con un país para llamarlo en nuestro auxilio.;;;;;;;;;
CALL_MUST_BE_AT_WAR;We must be at war to call our allies.;Nous devons être en guerre pour faire appel ?nos alliés.;Wir müssen uns im Krieg befinden, um unsere Verbündeten zu Hilfe zu rufen.;;Debemos estar en guerra para llamar a nuestros aliados.;;;;;;;;;
CALL_MUST_HAVE_JOINABLE_WAR;There is no suitable war for our allies to join.;Il n'y a aucune guerre ?laquelle nos alliés peuvent participer.;Es besteht kein passender Krieg, in den unsere Verbündeten eintreten könnten.;;No hay ninguna guerra en la que puedan participar nuestros aliados.;;;;;;;;;
FIGHTING_WAR_TOGETHER;We cannot break our alliance during a mutual war against our enemies.;Nous ne pouvons pas rompre notre alliance lors d'une guerre mutuelle contre nos ennemis.;Wir können unser Bündnis während eines gemeinsamen Krieges gegen unsere Feinde nicht brechen.;;No podemos romper nuestra alianza durante una guerra mutua contra nuestros enemigos.;;;;;;;;;
EMBASSY_IS_BANNED;We cannot influence this country because our ambassadors are banned. We suspect §Y$COUNTRY$§W is behind this. Our new ambassadors will arrive at §Y$DATE$§W.;Nous ne pouvons pas influencer ce pays car nos ambassadeurs y sont interdits de séjour. Nous soupçonnons §Y$COUNTRY$§W d'être derrière tout cela. Nos nouveaux ambassadeurs arriveront le §Y$DATE$§W.;Wir können dieses Land nicht beeinflussen, da unsere Botschafter von dort verbannt sind. Wir vermuten, dass §Y$COUNTRY$§W dahinter steckt. Unsere neuen Botschafter treffen am §Y$DATE$§W ein.;;No podemos influir en este país porque han expulsado a nuestros embajadores. Sospechamos que §Y$COUNTRY$§W est?detrás de esto. Nuestros nuevos embajadores llegarán el §Y$DATE$§W.;;;;;;;;;
REMOVE_WE_ARE_DISCREDITED;We have been discredited by §Y$COUNTRY$§W, which increases the influence cost of our actions by §Y$PERCENT$%§W. We hope to have cleared our reputation by §Y$DATE$§W.;Nous avons ét?discrédités par §Y$COUNTRY$§W, ce qui augmente le coût d'influence de nos actions de §Y$PERCENT$%§W. Nous espérons nous refaire une réputation d'ici le §Y$DATE$§W.;Wir wurden von §Y$COUNTRY$§W in Verruf gebracht, was die Einflusskosten unserer Aktionen um §Y$PERCENT$%§W erhöht. Wir hoffen, unseren Ruf bei §Y$DATE$§W wieder hergestellt zu haben.;;§Y$COUNTRY$§W nos ha desacreditado. Esto incrementa el coste de influencia de nuestras acciones en un §Y$PERCENT$%§W. Esperamos haber restaurado nuestra reputación para el §Y$DATE$§W.;;;;;;;;;
WARSUB_MUST_BE_AT_WAR;Country must be at war in order to receive war subsidies.;Le pays doit être en guerre pour percevoir des indemnités de guerre.; ;;El país debe estar en guerra para recibir subsidios de guerra.;;;;;;;;;
WARSUBSIDIES_THEY_ACCEPT_LOG;We are now giving war subsidies to $RECIPIENT$;Nous versons des indemnités de guerre ?$RECIPIENT$.;Wir zahlen nun Kriegssubventionen an $RECIPIENT$.;;Ahora estamos dando subsidios de guerra a $RECIPIENT$.;;;;;;;;;
WARSUBSIDIES_WE_ACCEPT_LOG;We are now receiving war subsidies from $ACTOR$;Nous percevons des indemnités de guerre de $ACTOR$.;Wir erhalten nun Kriegssubventionen von $ACTOR$.;;Ahora estamos recibiendo subsidios de guerra de $ACTOR$.;;;;;;;;;
WARSUBSIDIES_OTHER_ACCEPT_LOG;$ACTOR$ are now giving war subsidies to $RECIPIENT$;$ACTOR$ verse des indemnités de guerre ?$RECIPIENT$.;$ACTOR$ zahlt nun Kriegssubventionen an $RECIPIENT$.;;Ahora, $ACTOR$ est?dando subsidios de guerra a $RECIPIENT$.;;;;;;;;;
WARSUBSIDIES_BUTTON;War Subsidies;Indemnités de guerre;Kriegssubventionen;;Subsidios de guerra;;;;;;;;;
CANCEL_WARSUBSIDIES_THEY_ACCEPT_LOG;We stopped giving war subsidies to $RECIPIENT$;Nous avons cess?de verser des indemnités de guerre ?$RECIPIENT$.;Wir zahlen keine Kriegssubventionen mehr an $RECIPIENT$.;;Hemos dejado de dar subsidios de guerra a $RECIPIENT$.;;;;;;;;;
CANCEL_WARSUBSIDIES_WE_ACCEPT_LOG;$ACTOR$ stopped giving war subsidies to us;$ACTOR$ a cess?de nous verser des indemnités de guerre.;$ACTOR$ gibt uns keine Kriegssubventionen mehr.;;$ACTOR$ ha dejado de darnos subsidios de guerra.;;;;;;;;;
CANCEL_WARSUBSIDIES_OTHER_ACCEPT_LOG;$ACTOR$ stopped giving war subsidies to $RECIPIENT$;$ACTOR$ a cess?de verser des indemnités de guerre ?$RECIPIENT$.;$ACTOR$ gibt $RECIPIENT$ keine Kriegssubventionen mehr.;;$ACTOR$ ha dejado de dar subsidios de guerra a $RECIPIENT$.;;;;;;;;;
CANCEL_WARSUBSIDIES_DESC;Cancel monetary help to this country;Annuler l'aide financière ?ce pays;Finanzhilfe an dieses Land aufheben;;Cancelar la ayuda monetaria dada a este país.;;;;;;;;;
CANCEL_WARSUBSIDIES_BUTTON;Cancel War Subsidies;Annuler les indemnités;Kriegssubventionen aufheben;;Cancelar subsidios de guerra;;;;;;;;;
ASKMILITARYACCESS_THEY_ACCEPT_LOG;$RECIPIENT$ decided to grant us Military Access.;$RECIPIENT$ a décid?de nous accorder un accès militaire.;$RECIPIENT$ entschied, uns Militärzugang zu gewähren.;;$RECIPIENT$ ha decidido concedernos acceso militar.;;;;;;;;;
ASKMILITARYACCESS_WE_ACCEPT_LOG;We decided to grant $ACTOR$ Military Access.;Nous avons décid?d'accorder un accès militaire ?$ACTOR$.;Wir entschieden, $ACTOR$ Militärzugang zu gewähren.;;Hemos decidido conceder acceso militar a $ACTOR$.;;;;;;;;;
ASKMILITARYACCESS_OTHER_ACCEPT_LOG;$RECIPIENT$ decided to grant $ACTOR$ Military Access.;$RECIPIENT$ a décid?d'accorder un accès militaire ?$ACTOR$.;$RECIPIENT$ entschied, $ACTOR$ Militärzugang zu gewähren.;;$RECIPIENT$ ha decidido conceder acceso militar a $ACTOR$.;;;;;;;;;
ASKMILITARYACCESS_THEY_DECLINE_LOG;$RECIPIENT$ denied us Military Access.;$RECIPIENT$ nous a refus?un accès militaire.;$RECIPIENT$ verweigerte uns Militärzugang.;;$RECIPIENT$ nos ha negado el acceso militar.;;;;;;;;;
ASKMILITARYACCESS_WE_DECLINE_LOG;We denied $ACTOR$ Military Access.;Nous avons refus?un accès militaire ?$ACTOR$.;Wir verweigerten $ACTOR$ Militärzugang.;;Le hemos negado el acceso militar a $ACTOR$.;;;;;;;;;
ASKMILITARYACCESS_OTHER_DECLINE_LOG;$RECIPIENT$ denied $ACTOR$ Military Access.;$RECIPIENT$ a refus?un accès militaire ?$ACTOR$.;$RECIPIENT$ verweigerte $ACTOR$ Militärzugang.;;$RECIPIENT$ le ha negado el acceso militar a $ACTOR$.;;;;;;;;;
ASKMILITARYACCESS_DESC;Allows our troops to move through their country.;Permet ?nos troupes de traverser le pays.;Erlaubt unseren Truppen, durch ihr Land zu marschieren.;;Permite que nuestras tropas se muevan a través de su territorio.;;;;;;;;;
ASKMILITARYACCESS_BUTTON;Military Access;Accès militaire;Militärzugang;;Acceso militar;;;;;;;;;
ASKMILITARYACCESS_OFFER;$ACTOR$ is requesting Military Access from us. Accepting will allow them to move ships and armies into our territory.;$ACTOR$ nous demande un accès militaire. Si nous acceptons, ses navires et armées pourront traverser notre territoire.;$ACTOR$ fordert Militärzugang von uns. Wenn wir zustimmen, dürfen sie Schiffe und Armeen in unser Gebiet bringen.;;$ACTOR$ nos solicita acceso militar. Si aceptamos, podrán mover sus barcos y sus tropas por nuestro territorio.;;;;;;;;;
CANCELASKMILITARYACCESS_THEY_ACCEPT_LOG;We decided we no longer need Military Access through $RECIPIENT$;Nous n'avons plus besoin d'accès militaire ?$RECIPIENT$.;Wir entschieden, dass wir nicht länger Militärzugang durch $RECIPIENT$ brauchen.;;Hemos decidido que ya no necesitamos acceso militar por $RECIPIENT$.;;;;;;;;;
CANCELASKMILITARYACCESS_WE_ACCEPT_LOG;$ACTOR$ decided they no longer need Military Access through our country;$ACTOR$ n'a plus besoin d'accès militaire ?notre territoire.;$ACTOR$ entschied, dass sie nicht länger Militärzugang durch unser Land brauchen.;;$ACTOR$ ha decidido que ya no necesita acceso militar por nuestro país.;;;;;;;;;
CANCELASKMILITARYACCESS_OTHER_ACCEPT_LOG;$ACTOR$ decided they no longer need Military Access through $RECIPIENT$;$ACTOR$ n'a plus besoin d'accès militaire ?$RECIPIENT$.;$ACTOR$ entschied, dass sie nicht länger Militärzugang durch $RECIPIENT$ brauchen.;;$ACTOR$ ha decidido que ya no necesita acceso militar por $RECIPIENT$.;;;;;;;;;
CANCELASKMILITARYACCESS_DESC;Removes our Military Access to this country;Supprime notre accès militaire ?ce pays.;Hebt unseren Militärzugang zu diesem Land auf.;;Eliminar nuestro acceso militar por este país.;;;;;;;;;
CANCELASKMILITARYACCESS_BUTTON;Cancel Military Access;Annuler l'accès militaire;Militärzugang aufheben;;Cancelar acceso militar;;;;;;;;;
GIVEMILITARYACCESS_THEY_ACCEPT_LOG;$RECIPIENT$ accepted our offer of Military Access.;$RECIPIENT$ a accept?notre offre d'accès militaire.;$RECIPIENT$ nahm unser Angebot auf Militärzugang an.;;$RECIPIENT$ ha aceptado nuestra oferta de acceso militar.;;;;;;;;;
GIVEMILITARYACCESS_WE_ACCEPT_LOG;We accepted the Military Access offer from $ACTOR$.;Nous avons accept?l'offre d'accès militaire de $ACTOR$.;Wir nahmen das Angebot auf Militärzugang von $ACTOR$ an.;;Hemos aceptado la oferta de acceso militar de $ACTOR$.;;;;;;;;;
GIVEMILITARYACCESS_OTHER_ACCEPT_LOG;$RECIPIENT$ accepted the Military Access offer from $ACTOR$.;$RECIPIENT$ a accept?l'offre d'accès militaire de $ACTOR$.;$RECIPIENT$ nahm das Angebot auf Militärzugang von $ACTOR$ an.;;$RECIPIENT$ ha aceptado la oferta de acceso militar de $ACTOR$.;;;;;;;;;
GIVEMILITARYACCESS_THEY_DECLINE_LOG;$RECIPIENT$ declined our offer of Military Access.;$RECIPIENT$ a refus?notre offre d'accès militaire.;$RECIPIENT$ lehnte unser Angebot auf Militärzugang ab.;;$RECIPIENT$ ha declinado nuestra oferta de acceso militar.;;;;;;;;;
GIVEMILITARYACCESS_WE_DECLINE_LOG;We declined a Military Access offer from $ACTOR$.;Nous avons refus?l'offre d'accès militaire de $ACTOR$.;Wir lehnten ein Angebot auf Militärzugang von $ACTOR$ ab.;;Hemos declinado una oferta de acceso militar de $ACTOR$.;;;;;;;;;
GIVEMILITARYACCESS_OTHER_DECLINE_LOG;$RECIPIENT$ declined a Military Access offer from $ACTOR$.;$RECIPIENT$ a refus?l'offre d'accès militaire de $ACTOR$.;$RECIPIENT$ lehnte ein Angebot auf Militärzugang von $ACTOR$ ab.;;$RECIPIENT$ ha declinado una oferta de acceso militar de $ACTOR$.;;;;;;;;;
GIVEMILITARYACCESS_DESC;Allows this country's troops to move through our territory.;Permet aux troupes de ce pays de traverser notre territoire.;Erlaubt den Truppen dieses Landes, durch unser Gebiet zu marschieren.;;Permite a las tropas de este país moverse por nuestro territorio.;;;;;;;;;
GIVEMILITARYACCESS_BUTTON;Give Military Access;Accorder accès militaire;Militärzugang gewähren;;Dar acceso militar;;;;;;;;;
GIVEMILITARYACCESS_OFFER;$ACTOR$ is offering us Military Access. Accepting will allow us to move ships and armies into their territory.;$ACTOR$, nous offre un accès militaire. Si nous acceptons, nos navires et armées pourront traverser son territoire.;$ACTOR$ bietet uns Militärzugang an. Wenn wir zustimmen, dürfen wir Schiffe und Armeen in ihr Gebiet bringen.;;$ACTOR$ nos est?ofreciendo acceso militar. Si aceptamos, podremos mover nuestros barcos y tropas por su territorio.;;;;;;;;;
CANCELGIVEMILITARYACCESS_THEY_ACCEPT_LOG;We decided to revoke the Military Access we granted to $RECIPIENT$.;Nous avons décid?d'annuler l'accès militaire que nous avions accord??$RECIPIENT$.;Wir entschieden, den Militärzugang zurückzuziehen, den wir $RECIPIENT$ gewährt hatten.;;Hemos decidido revocar el acceso militar que habíamos concedido a $RECIPIENT$.;;;;;;;;;
CANCELGIVEMILITARYACCESS_WE_ACCEPT_LOG;$ACTOR$ revoked our Military Access through their territory.;$ACTOR$ a annul?notre accès militaire ?son territoire.;$ACTOR$ zog unseren Militärzugang durch ihr Gebiet zurück.;;$ACTOR$ ha revocado el acceso militar que nos había concedido.;;;;;;;;;
CANCELGIVEMILITARYACCESS_OTHER_ACCEPT_LOG;$ACTOR$ revoked the Military Access they granted to $RECIPIENT$.;$ACTOR$ a annul?l'accès militaire précédemment accord??$RECIPIENT$.;$ACTOR$ zog den Militärzugang zurück, den sie $RECIPIENT$ gewährt hatten.;;$ACTOR$ ha revocado el acceso militar que había concedido a $RECIPIENT$.;;;;;;;;;
CANCELGIVEMILITARYACCESS_DESC;Removes the Military Access we are granting to this country.;Annule l'accès militaire accord??ce pays.;Zieht den Militärzugang zurück, den wir diesem Land gewähren.;;Cancela el acceso militar que estamos concediendo a este país.;;;;;;;;;
CANCELGIVEMILITARYACCESS_BUTTON;Remove Military Access;Annuler l'accès militaire;Militärzugang zurückziehen;;Eliminar acceso militar;;;;;;;;;
ALLIANCE_THEY_ACCEPT_LOG;$RECIPIENT$ entered our Military Alliance.;$RECIPIENT$ a rejoint notre alliance militaire.;$RECIPIENT$ ging mit uns ein Militärbündnis ein.;;$RECIPIENT$ ha entrado en nuestra alianza militar.;;;;;;;;;
ALLIANCE_WE_ACCEPT_LOG;We entered a Military Alliance with $ACTOR$.;Nous avons conclu une alliance militaire avec $ACTOR$.;Wir gingen ein Militärbündnis mit $ACTOR$ ein.;;Hemos concertado una alianza militar con $ACTOR$.;;;;;;;;;
ALLIANCE_THEY_DECLINE_LOG;$RECIPIENT$ declined our Military Alliance offer.;$RECIPIENT$ a refus?notre offre d'alliance militaire.;$RECIPIENT$ lehnte unser Angebot auf ein Militärbündnis ab.;;$RECIPIENT$ ha rechazado nuestra oferta de alianza militar.;;;;;;;;;
ALLIANCE_WE_DECLINE_LOG;We declined a Military Alliance offer from $ACTOR$.;Nous avons refus?l'offre d'alliance militaire de $ACTOR$.;Wir lehnten ein Angebot auf ein Militärbündnis von $ACTOR$ ab.;;Hemos rechazado una oferta de alianza militar de $ACTOR$.;;;;;;;;;
ALLIANCE_OTHER_DECLINE_LOG;$RECIPIENT$ declined a Military Alliance offer from $ACTOR$.;$RECIPIENT$ a refus?l'offre d'alliance militaire de $ACTOR$.;$RECIPIENT$ lehnte ein Angebot auf ein Militärbündnis von $ACTOR$ ab.;;$RECIPIENT$ ha rechazado una oferta de alianza militar de $ACTOR$.;;;;;;;;;
ALLIANCE_DESC;If a country accepts our Alliance offer, it may come to our assistance during wars.;Si un pays accepte notre offre d'alliance, il pourra nous venir en aide en cas de guerre.;Wenn ein Land unser Bündnisangebot annimmt, könnte es uns im Krieg zu Hilfe kommen.;;Si un país acepta nuestra oferta de alianza, podr?acudir a ayudarnos durante las guerras.;;;;;;;;;
ALLIANCE_BUTTON;Form Alliance;Former une alliance;Bündnis anbieten;;Formar alianza;;;;;;;;;
ALLIANCE_OFFER;$ACTOR$ offers us an Alliance. By accepting it we are promising to help each other in times of war.;§Y$ACTOR$§W nous propose une alliance. En l'acceptant, nous nous engageons ?nous entraider en cas de guerre.;$ACTOR$ bietet uns ein Bündnis an. Wenn wir annehmen, versprechen wir, einander in Kriegszeiten zu helfen.;;$ACTOR$ nos ofrece una alianza. Al aceptarla nos comprometemos a ayudarnos en tiempos de guerra.;;;;;;;;;
CANCELALLIANCE_THEY_ACCEPT_LOG;We have broken our Alliance with $RECIPIENT$.;Nous avons rompu notre alliance avec $RECIPIENT$.;Wir haben unser Bündnis mit $RECIPIENT$ gebrochen.;;Hemos roto nuestra alianza con $RECIPIENT$.;;;;;;;;;
CANCELALLIANCE_WE_ACCEPT_LOG;$ACTOR$ broke their Alliance with us.;$ACTOR$ a rompu son alliance avec nous.;$ACTOR$ brach das Bündnis mit uns.;;$ACTOR$ ha roto su alianza con nosotros.;;;;;;;;;
CANCELALLIANCE_OTHER_ACCEPT_LOG;$ACTOR$ broke their Alliance with $RECIPIENT$.;$ACTOR$ a rompu son alliance avec $RECIPIENT$.;$ACTOR$ brach das Bündnis mit $RECIPIENT$.;;$ACTOR$ ha roto su alianza con $RECIPIENT$.;;;;;;;;;
CANCELALLIANCE_DESC;Ends our current Alliance with this country and will adversely affect relations.;Met un terme ?notre alliance avec ce pays, ce qui aura des conséquences négatives sur nos relations.;beendet unser momentanes Bündnis mit diesem Land und wird die Beziehungen negativ beeinflussen.;;Rompe la alianza que tenemos actualmente con este país. Afecta de forma adversa a nuestras relaciones.;;;;;;;;;
CANCELALLIANCE_BUTTON;Dissolve Alliance;Dissoudre l'alliance;Bündnis auflösen;;Disolver alianza;;;;;;;;;
CALLALLY_THEY_ACCEPT_LOG;$RECIPIENT$ has come to aid us in our war.;$RECIPIENT$ nous est venu en aide dans notre guerre.;$RECIPIENT$ kam uns in unserem Krieg zu Hilfe.;;$RECIPIENT$ ha acudido a ayudarnos en nuestra guerra.;;;;;;;;;
CALLALLY_WE_ACCEPT_LOG;We've agreed to aid $ACTOR$ in their war.;Nous avons accept?d'aider $ACTOR$ dans sa guerre.;Wir stimmten zu, $ACTOR$ im Krieg zu helfen.;;Hemos accedido a ayudar a $ACTOR$ en la guerra.;;;;;;;;;
CALLALLY_OTHER_ACCEPT_LOG;$RECIPIENT$ agreed to aid $ACTOR$ in their war.;$RECIPIENT$ a accept?d'aider $ACTOR$ dans sa guerre.;$RECIPIENT$ stimmte zu, $ACTOR$ im Krieg zu helfen.;;$RECIPIENT$ ha accedido a ayudar a $ACTOR$ en la guerra.;;;;;;;;;
CALLALLY_THEY_DECLINE_LOG;$RECIPIENT$ declined to aid us in our war.;$RECIPIENT$ a refus?de nous aider dans notre guerre.;$RECIPIENT$ lehnte es ab, uns in unserem Krieg zu Hilfe zu kommen.;;$RECIPIENT$ se ha negado a ayudarnos en nuestra guerra.;;;;;;;;;
CALLALLY_WE_DECLINE_LOG;We've declined to aid $ACTOR$ in their war.;Nous avons refus?d'aider $ACTOR$ dans sa guerre.;Wir lehnten es ab, $ACTOR$ im Krieg zu Hilfe zu kommen.;;Nos hemos negado a ayudar a $ACTOR$ en la guerra.;;;;;;;;;
CALLALLY_OTHER_DECLINE_LOG;$RECIPIENT$ declined to aid $ACTOR$ in their war.;$RECIPIENT$ a refus?d'aider $ACTOR$ dans sa guerre.;$RECIPIENT$ lehnte es ab, $ACTOR$ im Krieg zu Hilfe zu kommen.;;$RECIPIENT$ se ha negado a ayudar a $ACTOR$ en la guerra.;;;;;;;;;
REMOVE_CALLALLY_DESC;Call on our partner to aid us in this conflict.;Faisons appel ?notre alli?pour qu'il nous aide dans ce conflit.;Unseren Bündnispartner zur Hilfe in diesem Konflikt aufrufen.;;Llama a nuestro aliado para que nos ayude en este conflicto.;;;;;;;;;
CALLALLY_BUTTON;Call Ally;Appel ?un alli?Waffenhilfe einfordern;;Llamar aliado;;;;;;;;;;
REMOVE_CALLALLY_OFFER;The nation of $ACTOR$, your faithful ally, is requesting that you come to their aid in the conflict against $LIST$.;La nation de $ACTOR$, votre fidèle alli? demande ?ce que vous lui veniez en aide dans le conflit qui l'oppose ?$LIST$.;Das Land $ACTOR$, Ihr treuer Verbündeter, bittet Sie, ihnen in ihrem Konflikt gegen $LIST$ zu Hilfe zu kommen.;;El país de $ACTOR$, tu fiel aliado, te pide que acudas a ayudarlo en su guerra contra $LIST$.;;;;;;;;;
DISCREDIT_THEY_ACCEPT_LOG;We have discredited $TARGET$, which lessens their influence on $RECIPIENT$;Nous avons discrédit?$TARGET$, ce qui atténue son influence sur $RECIPIENT$;Wir haben $TARGET$ in Verruf gebracht, was ihren Einfluss auf $RECIPIENT$ verringert;;Hemos desacreditado a $TARGET$, lo que reduce su influencia sobre $RECIPIENT$.;;;;;;;;;
DISCREDIT_WE_ACCEPT_LOG;$ACTOR$ has discredited $TARGET$, we will be less influenced by them;$ACTOR$ a discrédit?$TARGET$ qui aura moins d'influence sur nous.;$ACTOR$ hat $TARGET$ in Verruf gebracht, nun werden wir von ihnen weniger beeinflusst.;;$ACTOR$ ha desacreditado a $TARGET$, lo que mermar?su capacidad de influir en nosotros.;;;;;;;;;
DISCREDIT_OTHER_ACCEPT_LOG;$ACTOR$ has discredited $TARGET$, which lessens their influence on $RECIPIENT$;$ACTOR$ a discrédit?$TARGET$, ce qui atténue son influence sur $RECIPIENT$.;$ACTOR$ hat $TARGET$ in Verruf gebracht, was ihren Einfluss auf $RECIPIENT$ verringert.;;$ACTOR$ ha desacreditado a $TARGET$, lo que reduce su influencia sobre $RECIPIENT$.;;;;;;;;;
DISCREDIT_DESC;Discredit another Great Power, making it harder for them to influence this country. Lasts §Y$DAYS$§W days.;Discréditez une autre Grande Puissance pour atténuer son influence sur ce pays. Cela dure §Y$DAYS$§W jours.;Bringt eine andere Großmacht in Verruf, was es ihnen schwerer macht, dieses Land zu beeinflussen. Dauert §Y$DAYS$§W Tage.;;Desacreditas a otra gran potencia, cuya capacidad para influir en este país queda mermada. Dura §Y$DAYS$§W días.;;;;;;;;;
DISCREDIT_BUTTON;Discredit;Discréditer;In Verruf bringen;;Desacreditar;;;;;;;;;
EXPELADVISORS_THEY_ACCEPT_LOG;We convinced $RECIPIENT$ to expel all advisors from $TARGET$.;Nous avons convaincu $RECIPIENT$ d'expulser tous les conseillers de $TARGET$.;Wir überzeugten $RECIPIENT$, alle Berater aus $TARGET$ auszuweisen.;;Hemos convencido a $RECIPIENT$ de que expulse a todos los consejeros de $TARGET$.;;;;;;;;;
EXPELADVISORS_WE_ACCEPT_LOG;We were convinced by $ACTOR$ to expel all advisors from $TARGET$.;$ACTOR$ nous a convaincus d'expulser tous les conseillers de $TARGET$.;$ACTOR$ überzeugte uns, alle Berater aus $TARGET$ auszuweisen.;;$ACTOR$ nos ha convencido de que expulsemos a todos los consejeros de $TARGET$.;;;;;;;;;
EXPELADVISORS_OTHER_ACCEPT_LOG;$ACTOR$ convinced $RECIPIENT$ to expel all advisors from $TARGET$.;$ACTOR$ a convaincu $RECIPIENT$ d'expulser tous les conseillers de $TARGET$.;$ACTOR$ überzeugte $RECIPIENT$, alle Berater aus $TARGET$ auszuweisen.;;$ACTOR$ ha convencido a $RECIPIENT$ de que expulse a todos los consejeros de $TARGET$.;;;;;;;;;
EXPELADVISORS_DESC;This removes all influence from a Great Power in this country. Also removes Discredit effect.;Cela empêche toute Grande Puissance d'exercer son influence dans ce pays. Annule également l'effet de la fonction Discréditer.;Dies entfernt allen Einfluss aller Großmächte auf dieses Land. Entfernt auch den Effekt 'In Verruf bringen'.;;Elimina toda la influencia de una gran potencia sobre este país. También elimina los efectos de la desacreditación.;;;;;;;;;
EXPELADVISORS_BUTTON;Expel Advisors;Expulser les conseillers;Berater ausweisen;;Expulsar consejeros;;;;;;;;;
CEASECOLONIZATION_THEY_ACCEPT_LOG;$RECIPIENT$ agreed to cease colonization of $RSTATE$ if we cease colonizing $ASTATE$.;$RECIPIENT$ a accept?de renoncer ?la colonisation de $RSTATE$ si nous cessons de coloniser $ASTATE$.;$RECIPIENT$ stimmen überein, die Kolonisierung von $RSTATE$ zu beenden, wenn wir mit der Kolonisierung von $ASTATE$ aufhören.;;$RECIPIENT$ ha accedido a poner fin a la colonización de $RSTATE$ si nosotros hacemos lo propio en $ASTATE$.;;;;;;;;;
CEASECOLONIZATION_WE_ACCEPT_LOG;We've agreed to cease colonization of $RSTATE$, if $ACTOR$ cease colonizing $ASTATE$.;Nous avons accept?de renoncer ?la colonisation de $RSTATE$ si $ACTOR$ cesse de coloniser $ASTATE$.;Wir stimmen überein, die Kolonisierung von $RSTATE$ zu beenden, wenn $ACTOR$ mit der Kolonisierung von $ASTATE$ aufhört.;;Hemos accedido a poner fin a la colonización de $RSTATE$ si $ACTOR$ hace lo propio en $ASTATE$.;;;;;;;;;
CEASECOLONIZATION_OTHER_ACCEPT_LOG;$RECIPIENT$ agreed to cease colonization of $RSTATE$ if $ACTOR$ cease colonizing $ASTATE$.;$RECIPIENT$ a accept?de renoncer ?la colonisation de $RSTATE$ si $ACTOR$ cesse de coloniser $ASTATE$.;$RECIPIENT$ stimmt überein, die Kolonisierung von $RSTATE$ zu beenden, wenn $ACTOR$ mit der Kolonisierung von $ASTATE$ aufhört.;;$RECIPIENT$ ha accedido a poner fin a la colonización de $RSTATE$ si $ACTOR$ hace lo propio en $ASTATE$.;;;;;;;;;
CEASECOLONIZATION_THEY_DECLINE_LOG;$RECIPIENT$ declined to cease colonization of $RSTATE$.;$RECIPIENT$ a refus?de renoncer ?la colonisation de $RSTATE$.;$RECIPIENT$ weigerte sich, die Kolonisierung von $RSTATE$ zu beenden.;;$RECIPIENT$ ha accedido a poner fin a la colonización de $RSTATE$.;;;;;;;;;
CEASECOLONIZATION_WE_DECLINE_LOG;We've declined to cease colonization of $RSTATE$.;Nous avons refus?de renoncer ?la colonisation de $RSTATE$.;Wir weigerten uns, die Kolonisierung von $RSTATE$ zu beenden.;;Hemos accedido a poner fin a la colonización de $RSTATE$.;;;;;;;;;
CEASECOLONIZATION_OTHER_DECLINE_LOG;$RECIPIENT$ declined to cease colonization of $RSTATE$, $ACTOR$ offered to cease colonizing $ASTATE$.;$RECIPIENT$ a refus?de renoncer ?la colonisation de $RSTATE$, $ACTOR$ a propos?de cesser de coloniser $ASTATE$.;$RECIPIENT$ weigerte sich, die Kolonisierung von $RSTATE$ zu beenden, $ACTOR$ bot an, mit der Kolonisierung von $ASTATE$ aufzuhören.;;$RECIPIENT$ se ha negado a poner fin a la colonización de $RSTATE$, a pesar de que $ACTOR$ se ofreci?a hacer lo propio en $ASTATE$.;;;;;;;;;
CEASECOLONIZATION_DESC;Ask country to cease colonization of state we are also colonizing and in exchange, we do the same.;Demandez au pays de cesser de coloniser l'État que nous colonisons également, et en échange, nous ferons de même.;Das Land bitten, die Kolonisierung eines Staats zu beenden, den wir auch kolonisieren. Im Gegenzug tun wir dasselbe.;;Pide a un país que ponga fin a la colonización de un estado que estamos colonizando. A cambio, nosotros nos ofrecemos a hacer lo mismo.;;;;;;;;;
CEASECOLONIZATION_BUTTON;Cease Colonization;Cesser la colonisation;Kolonisierung beenden;;Poner fin a colonización;;;;;;;;;
CEASECOLONIZATION_OFFER;$ACTOR$ requests that we cease colonizing $RSTATE$. In return, they will stop colonizing $ASTATE$.;$ACTOR$ nous demande de renoncer ?coloniser $RSTATE$. En échange, sa colonisation de $ASTATE$ cessera.;$ACTOR$ fordert die Aufgabe der Kolonisierung von $RSTATE$. Im Gegenzug beenden sie die Kolonisierung von $ASTATE$.;;$ACTOR$ nos pide que pongamos fin a la colonización de $RSTATE$. A cambio, ellos harán lo propio en $ASTATE$.;;;;;;;;;
BANEMBASSY_THEY_ACCEPT_LOG;We convinced $RECIPIENT$ to ban the ambassadors of $TARGET$.;Nous avons convaincu $RECIPIENT$ d'expulser les ambassadeurs de $TARGET$.;Wir überzeugten $RECIPIENT$, die Botschafter von $TARGET$ zu verbannen.;;Hemos convencido a $RECIPIENT$ de que expulse a los embajadores de $TARGET$.;;;;;;;;;
BANEMBASSY_WE_ACCEPT_LOG;We were convinced by $ACTOR$ to ban the ambassadors from $TARGET$.;$ACTOR$ nous a convaincus d'expulser les ambassadeurs de $TARGET$.;$ACTOR$ überzeugte uns, die Botschafter von $TARGET$ zu verbannen.;;$ACTOR$ nos ha convencido de que expulsemos a los embajadores de $TARGET$.;;;;;;;;;
BANEMBASSY_OTHER_ACCEPT_LOG;$ACTOR$ convinced $RECIPIENT$ to ban the ambassadors from $TARGET$.;$ACTOR$ a convaincu $RECIPIENT$ d'expulser les ambassadeurs de $TARGET$.;$ACTOR$ überzeugte $RECIPIENT$, die Botschafter von $TARGET$ zu verbannen.;;$ACTOR$ ha convencido a $RECIPIENT$ de que expulse a los embajadores de $TARGET$.;;;;;;;;;
BANEMBASSY_DESC;This removes all influence from a Great Power in this country, and prevents them from doing any diplomatic actions there for §Y$DAYS$§W days. Also removes Discredit effect.;Cela empêche toute Grande Puissance d'exercer son influence dans ce pays et d'y entreprendre des actions diplomatiques pendant §Y$DAYS$§W jours. Annule également l'effet de la fonction Discréditer.;Dies entfernt den gesamten Einfluss einer Großmacht auf dieses Land und hindert sie daran, dort §Y$DAYS$§W Tage lang jegliche diplomatische Handlungen auszuführen. Entfernt auch den Effekt 'In Verruf bringen'.;;Elimina toda la influencia de una gran potencia en este país y le impide realizar acciones diplomáticas en él durante §Y$DAYS$§W días. También elimina los efectos de la desacreditación.;;;;;;;;;
BANEMBASSY_BUTTON;Ban Embassy;Fermer l’ambassade;Botschafter ausweisen;;Expulsar embajadores;;;;;;;;;
INCREASEOPINION_THEY_ACCEPT_LOG;We increased the opinion of us in $RECIPIENT$ to $OPINION$.;L'opinion de $RECIPIENT$ ?notre égard s'est améliorée pour passer ?: $OPINION$.;Wir steigerten die Meinung über uns in $RECIPIENT$ auf $OPINION$.;;Hemos mejorado la opinión de $RECIPIENT$ sobre nosotros hasta: $OPINION$.;;;;;;;;;
INCREASEOPINION_WE_ACCEPT_LOG;Our opinion of $ACTOR$ has increased to $OPINION$.;L'opinion que nous avons de $ACTOR$ s'est améliorée pour passer ?: $OPINION$.;Unsere Meinung von $ACTOR$ ist auf $OPINION$ gestiegen.;;Nuestra opinión sobre $ACTOR$ ha mejorado hasta: $OPINION$.;;;;;;;;;
INCREASEOPINION_OTHER_ACCEPT_LOG;$RECIPIENT$'s opinion of $ACTOR$ has increased to $OPINION$.;L'opinion que $RECIPIENT$ a de $ACTOR$ s'est améliorée pour passer ?: $OPINION$.;$RECIPIENT$´s Meinung von $ACTOR$ ist auf $OPINION$ gestiegen.;;La opinión de $RECIPIENT$ sobre $ACTOR$ ha mejorado hasta: $OPINION$.;;;;;;;;;
INCREASEOPINION_DESC;Increases the opinion of us in this country.;Améliore l'opinion de ce pays ?notre égard.;Steigert die Meinung dieses Landes über uns.;;Mejora la opinión de este país sobre nosotros.;;;;;;;;;
INCREASEOPINION_BUTTON;Increase Opinion;Améliorer l'opinion;Meinung steigern;;Mejorar opinión;;;;;;;;;
DECREASEOPINION_THEY_ACCEPT_LOG;We decreased the opinion of $TARGET$ in $RECIPIENT$ to $OPINION$.;L'opinion de $RECIPIENT$ ?l'égard de $TARGET$ s'est dégradée pour passer ?: $OPINION$.;Wir verringerten die Meinung über $TARGET$ in $RECIPIENT$ auf $OPINION$.;;Hemos empeorado la opinión de $RECIPIENT$ sobre $TARGET$ hasta: $OPINION$.;;;;;;;;;
DECREASEOPINION_WE_ACCEPT_LOG;$ACTOR$ has lowered our opinion of $TARGET$ to $OPINION$.;$ACTOR$ a fait baisser notre opinion ?l'égard de $TARGET$ , celle-ci est passée ?: $OPINION$.;$ACTOR$ hat unsere Meinung von $TARGET$ auf $OPINION$ verringert.;;$ACTOR$ ha empeorado nuestra opinión sobre $TARGET$ hasta: $OPINION$.;;;;;;;;;
DECREASEOPINION_OTHER_ACCEPT_LOG;$ACTOR$ has lowered the opinion of $TARGET$ in $RECIPIENT$ to $OPINION$.;$ACTOR$ a fait baisser l'opinion de $TARGET$ ?l'égard de $RECIPIENT$ , celle-ci est passée ?: $OPINION$.;$ACTOR$ hat die Meinung von $TARGET$ in $RECIPIENT$ auf $OPINION$ verringert.;;$ACTOR$ ha empeorado la opinión de $RECIPIENT$ sobre $TARGET$ hasta: $OPINION$.;;;;;;;;;
DECREASEOPINION_DESC;Decreases the opinion of another Great Power in this country.;Fait baisser l'opinion d'une autre Grande Puissance dans ce pays.;Verringert die Meinung über eine andere Großmacht in diesem Land.;;Empeora la opinión sobre otra gran potencia en este país.;;;;;;;;;
DECREASEOPINION_BUTTON;Decrease Opinion;Faire baisser l'opinion;Meinung senken;;Empeorar opinión;;;;;;;;;
ADDTOSPHERE_THEY_ACCEPT_LOG;We have included $RECIPIENT$ in our Sphere of Influence.;Nous avons inclus $RECIPIENT$ dans notre sphère d'influence.;Wir haben $RECIPIENT$ in unsere Einflusssphäre aufgenommen.;;Hemos incluido a $RECIPIENT$ en nuestra esfera de influencia.;;;;;;;;;
ADDTOSPHERE_WE_ACCEPT_LOG;$ACTOR$ has included us in their Sphere of Influence.;$ACTOR$ nous a inclus dans sa sphère d'influence.;$ACTOR$ hat uns in seine Einflusssphäre aufgenommen.;;$ACTOR$ nos ha incluido en su esfera de influencia.;;;;;;;;;
ADDTOSPHERE_OTHER_ACCEPT_LOG;$ACTOR$ has included $RECIPIENT$ in their Sphere of Influence.;$ACTOR$ a inclus $RECIPIENT$ dans sa sphère d'influence.;$ACTOR$ hat $RECIPIENT$ in seine Einflusssphäre aufgenommen.;;$ACTOR$ ha incluido a $RECIPIENT$ en su esfera de influencia.;;;;;;;;;
ADDTOSPHERE_DESC;Adds this country to our Sphere of Influence.;Ajoute ce pays dans notre sphère d'influence.;Fügt dieses Land unserer Einflusssphäre hinzu.;;Añade este país a nuestra esfera de influencia.;;;;;;;;;
ADDTOSPHERE_BUTTON;Add to Sphere;Ajouter ?la sphère;Zu Sphäre hinzufügen;;Añadir a esfera;;;;;;;;;
REMOVEFROMSPHERE_THEY_ACCEPT_LOG;We have removed $RECIPIENT$ from the Sphere of Influence of $TARGET$.;Nous avons retir?$RECIPIENT$ de la sphère d'influence de $TARGET$.;Wir haben $RECIPIENT$ aus der Einflusssphäre von $TARGET$ entfernt.;;Hemos sacado a $RECIPIENT$ de la esfera de influencia de $TARGET$.;;;;;;;;;
REMOVEFROMSPHERE_WE_ACCEPT_LOG;$ACTOR$ has removed us from the Sphere of Influence of $TARGET$.;$ACTOR$ nous a retirés de la sphère d'influence de $TARGET$.;$ACTOR$ hat uns aus der aus der Einflusssphäre von $TARGET$ entfernt.;;$ACTOR$ nos ha sacado de la esfera de influencia de $TARGET$.;;;;;;;;;
REMOVEFROMSPHERE_OTHER_ACCEPT_LOG;$ACTOR$ has removed $RECIPIENT$ from the Sphere of Influence of $TARGET$.;$ACTOR$ a retir?$RECIPIENT$ de la sphère d'influence de $TARGET$.;$ACTOR$ hat $RECIPIENT$ aus der Einflusssphäre von $TARGET$ entfernt.;;$ACTOR$ ha sacado a $RECIPIENT$ de la esfera de influencia de $TARGET$.;;;;;;;;;
REMOVE_REMOVEFROMSPHERE_DESC;Removes country from a Sphere of Influence.;Retire un pays d'une sphère d'influence.;Entfernt Land aus einer Einflusssphäre.;;Saca a un país de la esfera de influencia de otro.;;;;;;;;;
REMOVEFROMSPHERE_BUTTON;Remove from Sphere;Retirer de la sphère;Aus Sphäre entfernen;;Sacar de la esfera;;;;;;;;;
INCREASERELATION_THEY_ACCEPT_LOG;We have increased our relations with $RECIPIENT$.;Nous avons amélior?nos relations avec $RECIPIENT$.;Wir haben unsere Beziehungen mit $RECIPIENT$ verstärkt.;;Hemos mejorado nuestras relaciones con $RECIPIENT$.;;;;;;;;;
REMOVE_INCREASERELATION_WE_ACCEPT_LOG;$RECIPIENT$ has increased their relations with us.;$RECIPIENT$ a amélior?ses relations avec nous.;$RECIPIENT$ hat seine Beziehungen mit uns verstärkt.;;$RECIPIENT$ ha mejorado sus relaciones con nosotros.;;;;;;;;;
INCREASERELATION_OTHER_ACCEPT_LOG;$ACTOR$ has increased their relations with $RECIPIENT$.;$ACTOR$ a amélior?ses relations avec $RECIPIENT$.;$ACTOR$ hat seine Beziehungen mit $RECIPIENT$ verstärkt.;;$ACTOR$ ha mejorado sus relaciones con $RECIPIENT$.;;;;;;;;;
INCREASERELATION_DESC;Increases the relations between our countries.;Améliore les relations entre nos pays.;Verbessert die Beziehungen zwischen unseren Ländern.;;Mejora las relaciones entre nuestros países.;;;;;;;;;
REMOVE_INCREASERELATION_BUTTON;Increase relation;Améliorer les relations;Beziehungen verbessern;;Mejorar relación;;;;;;;;;
DECREASERELATION_THEY_ACCEPT_LOG;We have decreased our relations with $RECIPIENT$.;Nous avons détérior?nos relations avec $RECIPIENT$.;Wir haben unsere Beziehungen mit $RECIPIENT$ verringert.;;Hemos empeorado nuestras relaciones con $RECIPIENT$.;;;;;;;;;
REMOVE_DECREASERELATION_WE_ACCEPT_LOG;$RECIPIENT$ has decreased their relations with us.;$RECIPIENT$ a détérior?ses relations avec nous.;$RECIPIENT$ hat seine Beziehungen mit uns verringert.;;$RECIPIENT$ ha empeorado sus relaciones con nosotros.;;;;;;;;;
DECREASERELATION_OTHER_ACCEPT_LOG;$ACTOR$ has decreased their relations with $RECIPIENT$.;$ACTOR$ a détérior?ses relations avec $RECIPIENT$.;$ACTOR$ hat seine Beziehungen mit $RECIPIENT$ verringert.;;$ACTOR$ ha empeorado sus relaciones con $RECIPIENT$.;;;;;;;;;
DECREASERELATION_DESC;Decreases the relations between our countries.;Détériore les relations entre nos pays.;Verschlechtert die Beziehungen zwischen unseren Ländern.;;Empeora las relaciones entre nuestros países.;;;;;;;;;
REMOVE_DECREASERELATION_BUTTON;Decrease relation;Détériorer les relations;Beziehungen verschlechtern;;Empeorar relaciones;;;;;;;;;
SELECT_WAR_GOAL;Select a war goal;Sélectionnez un objectif de guerre;Kriegsziel auswählen;;Elige un objetivo bélico;;;;;;;;;
WETARGET_DISCREDIT_LOG;$ACTOR$ has discredited us! It will lessen our influence on $RECIPIENT$.;$ACTOR$ nous a discrédités ! Cela va réduire notre influence sur $RECIPIENT$.;$ACTOR$ hat uns in Verruf gebracht! Dies wird unseren Einfluss auf $RECIPIENT$ verringern.;;?ACTOR$ nos ha desacreditado! Eso mermar?nuestra influencia sobre $RECIPIENT$.;;;;;;;;;
WETARGET_EXPELADVISORS_LOG;$ACTOR$ convinced $RECIPIENT$ to expel all our advisors!;$ACTOR$ a convaincu $RECIPIENT$ d'expulser tous nos conseillers.;$ACTOR$ überzeugte $RECIPIENT$, alle unsere Berater aus dem Land zu werfen!;;?ACTOR$ ha convencido a $RECIPIENT$ de que expulse a todos nuestros consejeros!;;;;;;;;;
WETARGET_BANEMBASSY_LOG;$ACTOR$ convinced $RECIPIENT$ to ban all our ambassadors!;$ACTOR$ a convaincu $RECIPIENT$ d'expulser tous nos ambassadeurs.;$ACTOR$ überzeugte $RECIPIENT$, alle unsere Botschafter zu verbannen!;;?ACTOR$ ha convencido a $RECIPIENT$ de que expulse a nuestros embajadores!;;;;;;;;;
WETARGET_DECREASEOPINION_LOG;$ACTOR$ has lowered opinion of us in $RECIPIENT$ to $OPINION$!;$ACTOR$ a fait baisser l'opinion de $RECIPIENT$ ?notre égard , celle-ci est passée ?: $OPINION$.;$ACTOR$ hat die Meinung von uns in $RECIPIENT$ auf $OPINION$ verringert!;;$ACTOR$ ha empeorado la opinión de $RECIPIENT$ sobre nosotros hasta: $OPINION$.;;;;;;;;;
WETARGET_REMOVEFROMSPHERE_LOG;$ACTOR$ has removed $RECIPIENT$ from our Sphere of Influence!;$ACTOR$ a retir?$RECIPIENT$ de notre sphère d'influence.;$ACTOR$ entfernte $RECIPIENT$ aus unserer Einflusssphäre!;;?ACTOR$ ha sacado a $RECIPIENT$ de nuestra esfera de influencia!;;;;;;;;;
DIPL_AT_WAR;Not allowed while at war;Impossible en période de guerre;In Kriegszeiten nicht gestattet;;No est?permitido en tiempos de guerra;;;;;;;;;
CW_WARNINSPHERE_SHORT;They are in $COUNTRY$'s Sphere.;Pays se trouvant dans la sphère de $COUNTRY$.;Sie sind in der Einflusssphäre von $COUNTRY$.;;Están en la esfera de influencia de $COUNTRY$.;;;;;;;;;
WARGOAL_COST_DESC;$BADBOY$ Infamy, $PRESTIGE$ Prestige and $COST$ Peace cost;$BADBOY$ d'infamie, $PRESTIGE$ de prestige et $COST$ de coût de paix;$BADBOY$ Infamie, $PRESTIGE$ Prestige und $COST$ Friedenskosten;;Costes: $BADBOY$ infamia, $PRESTIGE$ prestigio y $COST$ paz.;;;;;;;;;
DIPL_NOT_AT_WAR;We are not at war;Nous ne sommes pas en guerre.;Wir sind nicht im Krieg;;No estamos en guerra.;;;;;;;;;
WAR_BUTTON;Declare War;Déclarer la guerre;Krieg erklären;;Declarar la guerra;;;;;;;;;
PEACE_BUTTON;Propose Peace;Proposer la paix;Frieden vorschlagen;;Proponer paz;;;;;;;;;
WARGOAL_BUTTON;Add war goal;Ajouter objectif;Kriegsziel hinzufügen;;Añadir objetivo bélico;;;;;;;;;
CD_PAYINGREPARATIONS;Paying reparations to $LIST$.;Payer des réparations ?$LIST$.;Reparationszahlungen an $LIST$.;;Estamos pagando reparaciones a: $LIST$.;;;;;;;;;
CD_RECEIVINGPARATIONS;Receiving reparation payments from $LIST$.;Toucher des réparations de $LIST$.;Reparationszahlungen von $LIST$.;;Estamos recibiendo reparaciones de: $LIST$.;;;;;;;;;
BUDGET_WARINDEMNITIES;Reparations: §Y$VAL$§W;Réparations : §Y$VAL$§W;Reparationszahlungen: §Y$VAL$§W;;Reparaciones: §Y$VAL$§W;;;;;;;;;
WARGOAL_PENALTY;Militancy effect if not achieved: §Y$MILITANCY$§W;Effet du militantisme si objectif non atteint : §Y$MILITANCY$§W;Militanzeffekt, wenn nicht ereicht: §Y$MILITANCY$§W;;Efecto sobre la militancia en caso de no conseguirse: §Y$MILITANCY$§W;;;;;;;;;
PO_PD_100;Sire, we have won a devastating victory and can dictate any sort of peace we would like;Sire, nous avons remport?une écrasante victoire et sommes en mesure d'imposer la paix selon nos conditions.;Sire, wir haben einen verheerenden Sieg errungen und können jede Art von Frieden diktieren.;;Excelencia, hemos obtenido una victoria aplastante y podemos dictar los términos de paz que queramos.;;;;;;;;;
REMOVE_PO_PD_70;You have won a devastating victory. You could demand several provinces, a large amount of ducats, or other conditions. ;Nous avons remport?une écrasante victoire. Vous pourriez exiger plusieurs provinces, un montant élev?en or et autres conditions. ;Sie haben einen verheerenden Sieg errungen. Sie könnten mehrere Provinzen verlangen, oder eine große Geldmenge, oder andere Bedingungen.;;Hemos obtenido una victoria aplastante. Podríamos exigir varias provincias, gran cantidad de ducados u otras condiciones. ;;;;;;;;;
REMOVE_PO_PD_40;You have won a total victory. A demand of a province would most likely be accepted.;Nous avons remport?une victoire totale. Vous devriez pouvoir obtenir une province.;Sie haben einen totalen Sieg davongetragen. Die Forderung nach einer Provinz würde höchst wahrscheinlich akzeptiert werden.;;Hemos obtenido una victoria total. Si exigimos una provincia, lo más probable es que acepten.;;;;;;;;;
REMOVE_PO_PD_10;You have won a victory. The enemy would most likely accept a white peace, or a minor settlement of ducats in exchange for peace.;Nous avons remport?une victoire. L'ennemi acceptera certainement une paix blanche ou une modeste somme en or en échange de la paix.;Sie haben einen Sieg errungen. Der Feind würde wahrscheinlich einen Weißen Frieden akzeptieren, oder eine Abmachung über Geld im Austausch gegen Frieden.;;Hemos obtenido la victoria. Es muy probable que el enemigo acepte una paz blanca o un intercambio de una pequeña cantidad de ducados a cambio de la paz.;;;;;;;;;
PO_PD_NEG_5;The war is still undecided.;L'issue de la guerre est toujours incertaine.;Der Krieg ist immer noch unentschieden.;;La guerra est?por decidirse.;;;;;;;;;
REMOVE_PO_PD_NEG_25;The enemy has won. You should offer them a minor sum of ducats or a province you can live without for peace.;L'ennemi a gagn? Pour faire la paix, vous devriez lui offrir une modeste somme en or ou une province dont vous pouvez vous passer.;Der Feind hat gewonnen. Sie sollten ihnen im Austausch gegen Frieden eine kleine Summe Geldes oder eine Provinz anbieten, auf die Sie verzichten können.;;El enemigo ha ganado. Si queremos la paz, debemos ofrecerles una pequeña cantidad de ducados o una provincia de la que podamos prescindir.;;;;;;;;;
REMOVE_PO_PD_NEG_60;The enemy has won a total victory. You should offer them at least two provinces and a large amount of ducats in return for a peace.;L'ennemi a remport?une victoire totale. Vous devriez lui offrir au moins deux provinces et une forte somme en or en échange de la paix.;Der Feind hat einen totalen Sieg errungen. Sie sollten ihnen mindestens zwei Provinzen und eine große Summe Geldes im Austausch gegen Frieden anbieten.;;El enemigo ha obtenido una victoria total. Para obtener la paz, debemos ofrecerle al menos dos provincias y gran cantidad de ducados.;;;;;;;;;
REMOVE_PO_PD_NEG_99;The enemy has won a devastating victory. You should offer them enough provinces to satisfy them, or this may turn out even worse.;L'ennemi a remport?une victoire écrasante. N'hésitez pas ?lui offrir suffisamment de provinces pour le satisfaire si vous ne voulez pas aggraver votre cas.;Der Feind hat einen verheerenden Sieg errungen. Sie sollten ihnen genügend Provinzen anbieten, um sie zufrieden zu stellen, oder das Ganze nimmt ein noch schlimmeres Ende.;;El enemigo ha obtenido una victoria devastadora. Si no les ofrecemos una cantidad suficiente de provincias para satisfacerlos, las cosas podrían empeorar aún más.;;;;;;;;;
PO_PD_NEG_100;We are utterly defeated, and the enemy can dictate any sort of peace he would like.;Nous avons ét?vaincus et l'ennemi peut nous imposer ses conditions de paix.;Wir sind am Boden zerstört, und der Feind kann alle Friedensbedingungen diktieren, die er will.;;Nuestra derrota es total y el enemigo puede dictar los términos que quiera.;;;;;;;;;
PO_WELEAD;We negotiate on behalf of our entire alliance;Nous négocions au nom de toute notre alliance;Wir verhandeln im Namen unseres gesamten Bündnisses;;Negociamos en nombre de nuestra alianza entera;;;;;;;;;
PO_WENOTLEAD;We are merely negotiating for ourselves;Nous négocions en notre seul nom;Wir verhandeln nur für uns selbst;;Solo negociamos en nuestro nombre;;;;;;;;;
PO_THEYLEAD;, and they are negotiating for their entire alliance.;, et ils négocient pour toute leur alliance;, und sie verhandeln im Namen ihres gesamten Bündnisses.;; y ellos negocian en nombre de su alianza.;;;;;;;;;
PO_THEYNOTLEAD;, and they are merely negotiating for themselves.;, et ils négocient en leur nom seul;, und sie verhandeln nur für sich selbst.;; y ellos solo negocian en su propio nombre.;;;;;;;;;
NOT_BROKEN;Their armies are not beaten yet though.;Mais leurs armées ne sont pas encore totalement vaincues.;Ihre Armeen sind aber noch nicht geschlagen.;;Sus ejércitos aún resisten.;;;;;;;;;
DEMAND_PEACE;Demand peace terms;Demandes de paix;Friedensverlangen;;Exigir términos paz;;;;;;;;;
OFFER_PEACE;Offer peace terms;Propositions de paix;Friedensangebot;;Ofrecer términos paz;;;;;;;;;
WARGOAL_DESC;Add war goal;Ajouter un objectif de guerre;Kriegsziel anfügen;;Añadir objetivo bélico;;;;;;;;;
WAR_SCORE;War score;Score de guerre;Kriegspunktzahl;;Puntuación de guerra;;;;;;;;;
CALCULATED_WARSCORE;Peaceoffer value: $VAL$;Valeur de l'offre de paix : $VAL$;Wert des Friedensangebots: $VAL$;;Valor de la oferta de paz: $VAL$;;;;;;;;;
VALID_WARTARGET;We are allowed to declare war against this nation.;Nous sommes autorisés ?déclarer la guerre ?cette nation.;Wir dürfen dieser Nation den Krieg erklären.;;Podemos declararle la guerra a este país.;;;;;;;;;
INVALID_WARTARGET_SHARED_WAR;We are fighting alongside this nation in another war.;Nous combattons aux côtés de cette nation dans une autre guerre.;Wir kämpfen an der Seite dieser Nation in einem anderen Krieg.;;Estamos luchando junto con este país en otra guerra.;;;;;;;;;
TOTAL_MILITARY_STRENGTH;Total Military Strength: §Y$VALUE$§W;Total (de la) des puissances militaires : §Y$VALUE$§W;Gesamte Militärstärke: §Y$VALUE$§W;;Fuerza militar total: §Y$VALUE$§W;;;;;;;;;
GUNBOAT_SETUP_DESC;$RECIPIENT$ will be forced to start paying back their loans with §Y$AMOUNT$§W amounts. Furthermore their taxes will be locked between §Y$LOW_TAX$§W and §Y$HIGH_TAX$§W.;$RECIPIENT$ devra commencer ?rembourser ses emprunts en versant des montants de §Y$AMOUNT$§W. De plus, ses taxes seront verrouillées entre §Y$LOW_TAX$§W et §Y$HIGH_TAX$§W.;$RECIPIENT$ wird gezwungen, ihre Anleihen von §Y$AMOUNT$§W zurückzuzahlen. Weiterhin werden ihre Steuern zwischen §Y$LOW_TAX$§W und §Y$HIGH_TAX$§W festgesetzt.;;$RECIPIENT$ se ver?en la obligación de pagar sus préstamos en plazos de §Y$AMOUNT$§b. Además, sus impuestos quedarán fijados entre §Y$LOW_TAX$§b y §Y$HIGH_TAX$§b.;;;;;;;;;
GUNBOAT_BUTTON;Gunboat Diplomacy;Diplomatie de la canonnière;Kanonenbootdiplomatie;;Diplomacia de cañoneras;;;;;;;;;
GUNBOAT_DESC;Use naval force to make them pay back their debt;Ayez recours ?la force navale pour les obliger ?rembourser leur dette.;Flottenmacht einsetzen, um sie zur Rückzahlung ihrer Schulden zu zwingen;;Usar la fuerza naval para obligarlos a pagar sus deudas.;;;;;;;;;
GUNBOATTITLE;Gunboat Diplomacy;Diplomatie de la canonnière;Kanonenbootdiplomatie;;La diplomacia de las cañoneras;;;;;;;;;
GUNBOAT_NONE_IN_PORT;No fleet positioned near their cores;Aucune flotte positionnée près de leurs territoires clés;Keine Flotte in Position nahe ihren Kernprovinzen;;No tenemos ninguna flota situada cerca de sus núcleos.;;;;;;;;;
GUNBOAT_NO_LOAN;They don't owe us any money;Ils ne nous doivent pas d'argent.;Sie schulden uns kein Geld;;No nos deben dinero.;;;;;;;;;
GUNBOAT_NOT_IN_DEFAULT;They have been meeting their payments to you;Ils vous règlent leurs échéances;Sie haben regelmäßig gezahlt;;Hasta ahora han cumplido con sus pagos para con nosotros.;;;;;;;;;
GUNBOAT_ALREADY_ACTIVE;They are already threatened by $COUNTRY$;Ils sont déj?sous la menace de $COUNTRY$.;Sie werden schon von $COUNTRY$ bedroht;;Ya les amenaza §COUNTRY?;;;;;;;;;
REMOVE_NO_CB_EFFECT;We lack proper justification for this: §R+$INFAMY$ infamy§W;Rien ne justifie ceci : §R+$INFAMY$ d'infamie§W;Wir haben keine echte Rechtfertigung hierfür: §R+$INFAMY$ infamy§W;;Nos falta la justificación para esto: §R+$INFAMY$ infamia§W;;;;;;;;;
PEACE_WILL_ACCEPT;They would accept this offer.;Ils accepteraient cette offre.;Sie würden dieses Angebot annehmen.;;Ellos aceptarían esta oferta.;;;;;;;;;
PEACE_WILL_NOT_ACCEPT;They would not accept this offer.;Ils n'accepteraient pas cette offre.;Sie würden dieses Angebot nicht annehmen.;;Ellos no aceptarían esta oferta.;;;;;;;;;
DIPLOMACY_THEY_BETTER_OPINION;We cannot target §Y$TARGET$§W with this action, since §Y$RECIPIENT$§W has a §Y$OPINION$§W opinion of them.\n;Nous ne pouvons pas viser §Y$TARGET$§W avec cette action, car l'opinion de §Y$RECIPIENT$§W a son égard est la suivante : §Y$OPINION$§W.\n;Wir können §Y$TARGET$§W nicht dieser Handlung aussetzen, da §Y$RECIPIENT$§W eine §Y$OPINION$§W Meinung von ihnen hat.\n;;;;;;;;;;;
DIPLOMACY_THEY_BETTER_OPINION2;They need to have at least equal opinion of us to be able to influence them. Their current opinion of us is §Y$OPINION$§W.;Ils doivent avoir au moins la même opinion de nous pour qu'il soit possible de les influencer.\nLeur opinion ?notre égard est : §Y$OPINION$§W.;Sie brauchen mindestens eine gleichwertige Meinung von uns, um sie beeinflussen zu können. Ihre momentante Meinung von uns ist §Y$OPINION$§W.;;;;;;;;;;;
CW_WARNALLIES;They are allied with $COUNTRY$.;Ils sont alliés avec $COUNTRY$.;Sie sind mit $COUNTRY$ verbündet.;;Se han aliado con $COUNTRY$.;;;;;;;;;
CW_WARNGUARANTEED;They are guaranteed by $COUNTRY$.;$COUNTRY$ se porte garant pour eux.;Sie haben eine Garantie von $COUNTRY$.;;Están garantizados por $COUNTRY$.;;;;;;;;;
CW_WARNWARN;We have been warned by $COUNTRY$, so they may intervene.;Nous avons ét?avertis par $COUNTRY$. Ils peuvent donc intervenir.;Wir wurden von $COUNTRY$ gewarnt, also können sie intervenieren.;;Hemos sido advertidos por $COUNTRY$ de que pueden intervenir.;;;;;;;;;
CW_WARNALLIES2;$ENEMY$ is allied with $COUNTRY$.;$ENEMY$ est alli?avec $COUNTRY$.;$ENEMY$ ist mit $COUNTRY$ verbündet.;;$ENEMY$ se ha aliado con $COUNTRY$.;;;;;;;;;
CW_WARNGUARANTEED2;$ENEMY$ is guaranteed by $COUNTRY$.;$COUNTRY$ se porte garant pour $ENEMY$.;$ENEMY$ ist besitzt eine Garantie von $COUNTRY$.;;$ENEMY$ est?garantizado por $COUNTRY$.;;;;;;;;;
CW_WARNWARN2;$FRIEND$ has been warned by $COUNTRY$, so they may intervene.;$FRIEND$ a ét?averti par $COUNTRY$. Ils peuvent donc intervenir.;$FRIEND$ wurde gewarnt von $COUNTRY$, also könnten sie intervenieren.;;$FRIEND$ ha sido advertido por $COUNTRY$ de que pueden intervenir.;;;;;;;;;
CW_WARNOVERLORD2;$ENEMY$ is a puppet of $COUNTRY$, who will protect them.;$ENEMY$ est une marionnette de $COUNTRY$, qui les protégera.;$ENEMY$ ist eine Marionette von $COUNTRY$, das sie schützen wird.;;$ENEMY$ es un títere de $COUNTRY$ que los proteger?;;;;;;;;;
PW_SEND;Send;Envoyer;Entsenden;;Enviar;;;;;;;;;
NEED;Need;Besoin;Benötigt;;Se necesita;;;;;;;;;
PW_I_DO;I do;Oui;Ja.;Tak;Yo s?S?;Rendben.;J?ano.;;;;;;;
PW_RUN_AWAY;Rather not;Non;Lieber nicht;Nie;Más bien no;Scappa!;Inkább nem!;Radìji ne;;;;;;
INDEPENDANT;Independent Nation;Nation indépendante;Unabhängiges Land;Niezale¿ne pañstwo;Nación independiente;Nazione indipendente;Független állam;Nezávisl?národ;;;;;;
VASSAL_SUBJECT;Puppet of $LORD$;Marionnette de $LORD$;Marionette von $LORD$;;Títere de $LORD$;;;;;;;;;
DIPRELCH_WAR;War;Guerre;Krieg;;Guerra;;;;;;;;;
DIPRELCH_NBOR_PEACE;Neighbours at Peace;Voisins en paix;Nachbarn im Frieden;;Vecinos en paz;;;;;;;;;
DIPRELCH_GUARANTEE;Guarantees;Garanties;Garantien;;Garantías;;;;;;;;;
DIPRELCH_TRADEAGREEMENT;Trade Agreement;Accord commercial;Handelsabkommen;;Acuerdo comercial;;;;;;;;;
DIPRELCH_HASACCESS;Military Access;Accès militaire;Durchmarscherlaubnis;;Derechos de tránsito;;;;;;;;;
ALLIANCE_THEY_ACCEPT_HEADER;The Foreign Minister reports;Le ministre des Affaires étrangères indique :;Der Außenminister berichtet:;;El ministro de exteriores informa;;;;;;;;;
ALLIANCE_THEY_ACCEPT_1;§Y$RECIPIENT$§W;§Y$RECIPIENT$§W ;§Y$RECIPIENT$§W;§Y$RECIPIENT$§W;§Y$RECIPIENT$§W;§Y$RECIPIENT$§W;§Y$RECIPIENT$§W;§Y$RECIPIENT$§W;;;;;;
ALLIANCE_THEY_ACCEPT_2;$MONARCHTITLE$, §Y$RECIPIENT$§W;$MONARCHTITLE$, §Y$RECIPIENT$§W;§Y$RECIPIENT$§W;Pañstwo §Y$RECIPIENT$§W;$MONARCHTITLE$, §Y$RECIPIENT$§W;$MONARCHTITLE$, §Y$RECIPIENT$§W;§Y$RECIPIENT$§W;$MONARCHTITLE$, §Y$RECIPIENT$§W;;;;;;
ALLIANCE_THEY_ACCEPT_3;accepted;a accept?akzeptierte;zgadza si?;ha aceptado;ha accettato;elfogadta;pøijal;;;;;;;
ALLIANCE_THEY_ACCEPT_4;our offer to enter into a;notre offre;unsere Einladung zu einem;wejœæ do;nuestra oferta de entrar en una;di entrare nella nostra;velünk kötend?naši na bídku na uzavøen?;;;;;;;
ALLIANCE_THEY_ACCEPT_5;Military Alliance;d'alliance militaire.;Militärbündnis;sojuszu wojskowego.;Alianza militar;alleanza militare.;katonai szövetséget.;vojensk?aliance;;;;;;
ALLIANCE_THEY_ACCEPT_6;*;*;*;*;*;*;*;;;;;;;
ALLIANCE_THEY_ACCEPT_BTN1;Perfect!;Parfait !;Perfekt!;Œwietnie!;¡Perfecto!;Perfetto!;Tökéletes!;Perfektn?;;;;;;
ALLIANCE_THEY_ACCEPT_BTN2;Perfect!;Parfait !;Perfekt!;Œwietnie!;¡Perfecto!;Perfetto!;Tökéletes!;Perfektn?;;;;;;
ALLIANCE_THEY_ACCEPT_BTN3;Go to;Voir;Goto;Id?do;Ir all?Andare;Menj ide:;Pøejít na;;;;;;;
ALLIANCE_WE_ACCEPT_1;Alliance accepted!;Alliance acceptée !;Bündnis akzeptiert!;Propozycja sojuszu przyjêta!;¡alianza aceptada!;Alleanza accettata!;Szövetség elfogadva!;Aliance pøijata!;;;;;;
ALLIANCE_WE_ACCEPT_2;$MONARCHTITLE$, we;$MONARCHTITLE$, nous;Wir;*;$MONARCHTITLE$, nosotros;$MONARCHTITLE$, abbiamo;Vezérem,;$MONARCHTITLE$, my;;;;;;
ALLIANCE_WE_ACCEPT_3;agreed;avons accept?akzeptierten den;Zgodziliœmy si?;hemos accedido a;accettato;elfogadtuk;jsme pøijali;;;;;;;
ALLIANCE_WE_ACCEPT_4;to enter a;de former une;Beitritt zu einem;wejœæ;entrar en una;di stringere una;a katonai szövetségre;návrh na;;;;;;
ALLIANCE_WE_ACCEPT_5;Military Alliance with;alliance militaire avec;Militärbündnis mit;do sojuszu wojskowego z;alianza militar propuesta por;alleanza militare con:;tett javaslatot a következõvel:;vojenskou alianci s;;;;;;
ALLIANCE_WE_ACCEPT_6;§Y$ACTOR$§W;§Y$ACTOR$§W.;§Y$ACTOR$§W;§Y$ACTOR$§W.;§Y$ACTOR$§W;§Y$ACTOR$§W.;§Y$ACTOR$§W;§Y$ACTOR$§W;;;;;;
ALLIANCE_WE_ACCEPT_BTN1;Perfect!;Parfait !;Perfekt!;Œwietnie!;¡Perfecto!;Perfetto!;Tökéletes!;Perfektn?;;;;;;
ALLIANCE_WE_ACCEPT_BTN2;Perfect!;Parfait !;Perfekt!;Œwietnie!;¡Perfecto!;Perfetto!;Tökéletes!;Perfektn?;;;;;;
ALLIANCE_WE_ACCEPT_BTN3;Go to;Voir;Goto;Id?do;Ir all?Andare;Menj ide:;Pøejít na;;;;;;;
ALLIANCE_OTHER_ACCEPT_HEADER;The Foreign Minister reports;Le ministre des Affaires étrangères indique :;Der Außenminister berichtet:;;El ministro de exteriores informa;;;;;;;;;
ALLIANCE_OTHER_ACCEPT_1;§Y$RECIPIENT$§W;§Y$RECIPIENT$§W ;§Y$RECIPIENT$§W;§Y$RECIPIENT$§W;§Y$RECIPIENT$§W;§Y$RECIPIENT$§W;§Y$RECIPIENT$§W;§Y$RECIPIENT$§W;;;;;;
ALLIANCE_OTHER_ACCEPT_2;$MONARCHTITLE$, §Y$RECIPIENT$§W;$MONARCHTITLE$, §Y$RECIPIENT$§W;§Y$RECIPIENT$§W;Pañstwo §Y$RECIPIENT$§W;$MONARCHTITLE$, §Y$RECIPIENT$§W;$MONARCHTITLE$, §Y$RECIPIENT$§W;§Y$RECIPIENT$§W;$MONARCHTITLE$, §Y$RECIPIENT$§W;;;;;;
ALLIANCE_OTHER_ACCEPT_3;entered a Military Alliance;a conclu une alliance militaire;schloss ein Militärbündnis;wchodzi w sojusz wojskowy;ha entrado en una alianza militar;ha stretto un'alleanza militare;katonai szövetségre lépett;vytvoøili vojenskou alianci;;;;;;
ALLIANCE_OTHER_ACCEPT_4;with their new ally;avec son nouvel alli?;mit ihrem neuen Verbündeten;z nowym sojusznikiem:;con sus nuevos aliados de;con il suo nuovo alleato;új szövetségesével, aki:;se svým novým spojencem;;;;;;
ALLIANCE_OTHER_ACCEPT_5;§Y$ACTOR$§W;§Y$ACTOR$§W.;§Y$ACTOR$§W;§Y$ACTOR$§W.;§Y$ACTOR$§W;§Y$ACTOR$§W;§Y$ACTOR$§W;§Y$ACTOR$§W;;;;;;
ALLIANCE_OTHER_ACCEPT_6;*;*;*;*;*;*;*;;;;;;;
ALLIANCE_OTHER_ACCEPT_LOG;§Y$ACTOR$§W entered a Military Alliance with §Y$RECIPIENT$§W;§Y$ACTOR$§W - §Y$RECIPIENT$§W : signature d'une alliance entre ces deux pays.;§Y$ACTOR$§W schloss ein Militärbündnis mit §Y$RECIPIENT$§W;§Y$ACTOR$§W wchodzi w sojusz wojskowy z pañstwem §Y$RECIPIENT$§W.;§Y$ACTOR$§W ha entrado en una alianza militar con §Y$RECIPIENT$§W;§Y$ACTOR$§W ha stretto un'alleanza militare con §Y$ACTOR$§W.;§Y$ACTOR$§W katonai szövetségre lépett §Y$RECIPIENT$§W nemzetével;§Y$ACTOR$§W vytvoøili vojenskou tradici s §Y$RECIPIENT$§W;;;;;;
ALLIANCE_OTHER_ACCEPT_BTN1;OK;D'accord;OK;OK;OK;Aceptar;OK;Rendben;OK;;;;;
ALLIANCE_OTHER_ACCEPT_BTN2;OK;D'accord;OK;OK;OK;Aceptar;OK;Rendben;OK;;;;;
ALLIANCE_OTHER_ACCEPT_BTN3;Go to;Voir;Goto;Id?do;Ir all?Andare;Menj ide:;Pøejít na;;;;;;;
ALLIANCE_THEY_DECLINE_HEADER;The Foreign Minister reports that;Le ministre des Affaires étrangères indique :;Der Außenminister berichtet:;;El ministro de exteriores informa de que;;;;;;;;;
ALLIANCE_THEY_DECLINE_1;An ambassador from §Y$RECIPIENT$§W;Un ambassadeur de §Y$RECIPIENT$§W;§Y$RECIPIENT$§W;§Y$RECIPIENT$§W;Un embajador de §Y$RECIPIENT$§W;§Y$RECIPIENT$§W;§Y$RECIPIENT$§W;§Y$RECIPIENT$§W;;;;;;
ALLIANCE_THEY_DECLINE_2;$MONARCHTITLE$, we bring serious news:;$MONARCHTITLE$, les nouvelles sont mauvaises.;Wir haben ernste Nachrichten:;Mamy wa¿ne wiadomoœci dla twego dworu:;$MONARCHTITLE$, traemos malas noticias a vuestra corte:;$MONARCHTITLE$, portiamo cattive notizie alla tua corte:;Komoly hírem vannak az udvar számára:;$MONARCHTITLE$, pøin?íme ke dvoru závažn?zprávy:;;;;;;
ALLIANCE_THEY_DECLINE_3;§Y$RECIPIENT$§W;§Y$RECIPIENT$§W ;§Y$RECIPIENT$§W;Pañstwo §Y$RECIPIENT$§W;§Y$RECIPIENT$§W;§Y$RECIPIENT$§W;§Y$RECIPIENT$§W;§Y$RECIPIENT$§W;;;;;;
ALLIANCE_THEY_DECLINE_4;rejected our;a rejet?notre;hat die;odrzuca nasz?ha rechazado nuestra;ha respinto la nostra;elutasította;odmítl n? návrh na;;;;;;;
ALLIANCE_THEY_DECLINE_5;Military Alliance;offre;Einladung in unser Bündnis;propozycj?wejœcia;propuesta de;proposta di alleanza;a katonai szövetség;vojenskou alianci;;;;;;
ALLIANCE_THEY_DECLINE_6;proposal.;d'alliance militaire.;abgelehnt.;do sojuszu wojskowego.;alianza militar.;militare.;ajánlatunkat.;.;;;;;;
ALLIANCE_THEY_DECLINE_BTN1;OK;D'accord;OK;OK;OK;Aceptar;OK;Rendben;OK;;;;;
ALLIANCE_THEY_DECLINE_BTN2;OK;D'accord;OK;OK;OK;Aceptar;OK;Rendben;OK;;;;;
ALLIANCE_THEY_DECLINE_BTN3;Go to;Voir;Goto;Id?do;Ir all?Andare;Menj ide:;Pøejít na;;;;;;;
ALLIANCE_WE_DECLINE_HEADER;The Foreign Minister reports;Le ministre des Affaires étrangères indique :;Der Außenminister berichtet:;;El ministro de exteriores informa;;;;;;;;;
ALLIANCE_WE_DECLINE_1;Alliance rejected!;Alliance rejetée !;Bündnis abgelehnt!;Odmowa wejœcia do sojuszu!;¡alianza rechazada!;Alleanza respinta!;Szövetség elutasítva!;Aliance odmítnuta!;;;;;;
ALLIANCE_WE_DECLINE_2;$MONARCHTITLE$ we rejected;$MONARCHTITLE$ nous avons rejet?Wir haben;Odrzuciliœmy;$MONARCHTITLE$, hemos rechazado;$MONARCHTITLE$, abbiamo respinto;Elutasítottuk;$MONARCHTITLE$, odmítli jsme;;;;;;;
ALLIANCE_WE_DECLINE_3;§Y$ACTOR$§W's;l'offre;§Y$ACTOR$§Ws;propozycj?§Y$ACTOR$§W;la propuesta de §Y$ACTOR$§W de;§Y$ACTOR$§W;§Y$ACTOR$§W;§Y$ACTOR$§W;;;;;;
ALLIANCE_WE_DECLINE_4;Military Alliance;d'alliance militaire;Militärbündnisvorschlag;wejœcia z nimi w;formar una ;e la sua proposta di alleanza;katonai szövetség;návrh na;;;;;;
ALLIANCE_WE_DECLINE_5;proposal.;de §Y$ACTOR$§W.;abgelehnt.;sojusz wojskowy.;Alianza militar.;militare.;ajánlatát.;vojenskou alianci;;;;;;
ALLIANCE_WE_DECLINE_6;*;*;*;*;*;*;*;;;;;;;
ALLIANCE_WE_DECLINE_BTN1;OK;D'accord;OK;OK;OK;Aceptar;OK;Rendben;OK;;;;;
ALLIANCE_WE_DECLINE_BTN2;OK;D'accord;OK;OK;OK;Aceptar;OK;Rendben;OK;;;;;
ALLIANCE_WE_DECLINE_BTN3;Go to;Voir;Goto;Id?do;Ir all?Andare;Menj ide:;Pøejít na;;;;;;;
ALLIANCE_OTHER_DECLINE_HEADER;The Foreign Minister reports;Le ministre des Affaires étrangères indique :;Der Außenminister berichtet:;;El ministro de exteriores informa;;;;;;;;;
ALLIANCE_OTHER_DECLINE_1;§Y$RECIPIENT$§W;§Y$RECIPIENT$§W;§Y$RECIPIENT$§W;§Y$RECIPIENT$§W;§Y$RECIPIENT$§W;§Y$RECIPIENT$§W;§Y$RECIPIENT$§W;§Y$RECIPIENT$§W;;;;;;
ALLIANCE_OTHER_DECLINE_2;$MONARCHTITLE$, §Y$RECIPIENT$§W;$MONARCHTITLE$, §Y$RECIPIENT$§W;§Y$RECIPIENT$§W;Pañstwo §Y$RECIPIENT$§W;$MONARCHTITLE$, §Y$RECIPIENT$§W;$MONARCHTITLE$, §Y$RECIPIENT$§W;§Y$RECIPIENT$§W;$MONARCHTITLE$, §Y$RECIPIENT$§W;;;;;;
ALLIANCE_OTHER_DECLINE_3;declined §Y$ACTOR$§W's request;a refus?l'offre;lehnte §Y$ACTOR$§Ws Bitte ab,;odmawia proœbie pañstwa §Y$ACTOR$§W;ha declinado la solicitud de §Y$ACTOR$§W;ha respinto l'offerta di §Y$ACTOR$§W;elutasította §Y$ACTOR$§W ajánlatát, hogy;odmítl požadavek §Y$ACTOR$§W;;;;;;
ALLIANCE_OTHER_DECLINE_4;to join their;d'alliance militaire;ihrem Militärbündnis;wst¹pienia do ich;de unirse a su;di entrare nella loro;legyen az ?na vytvoøen?;;;;;;;
ALLIANCE_OTHER_DECLINE_5;Military Alliance;de §Y$ACTOR$§W.;beizutreten;sojuszu wojskowego.;Alianza militar;alleanza militare.;katonai szövetségese.;vojensk?aliance;;;;;;
ALLIANCE_OTHER_DECLINE_6;*;*;*;*;*;*;*;;;;;;;
ALLIANCE_OTHER_DECLINE_BTN1;OK;D'accord;OK;OK;OK;Aceptar;OK;Rendben;OK;;;;;
ALLIANCE_OTHER_DECLINE_BTN2;OK;D'accord;OK;OK;OK;Aceptar;OK;Rendben;OK;;;;;
ALLIANCE_OTHER_DECLINE_BTN3;Go to;Voir;Goto;Id?do;Ir all?Andare;Menj ide:;Pøejít na;;;;;;;
CANCELALLIANCE_THEY_ACCEPT_HEADER;The Foreign Minister reports;Le ministre des Affaires étrangères indique :;Der Außenminister berichtet:;;El ministro de exteriores informa;;;;;;;;;
CANCELALLIANCE_THEY_ACCEPT_1;Alliance partner is dismissed!;Membre de l'alliance exclu !;Bündnispartner entlassen!;Zrywamy sojusz!;¡ha sido expulsado un socio de la alianza!;Alleanza sciolta!;Elküldtük a szövetségesünket!;Zrušili jsme alianci!;;;;;;
CANCELALLIANCE_THEY_ACCEPT_2;$MONARCHTITLE$, we;$MONARCHTITLE$, nous;*;*;$MONARCHTITLE$, nosotros;$MONARCHTITLE$, abbiamo;Vezérem,;$MONARCHTITLE$, my;;;;;;
CANCELALLIANCE_THEY_ACCEPT_3;broke our Alliance with;avons rompu notre alliance avec;brach unser Bündnis mit;Zerwaliœmy nasz sojusz z pañstwem;rompimos nuestra alianza con;rotto la nostra alleanza con:;felbontottuk a szövetséget a következõvel szemben:;jsme zrušili svoji alianci s;;;;;;
CANCELALLIANCE_THEY_ACCEPT_4;§Y$RECIPIENT$§W ;§Y$RECIPIENT$§W. ;§Y$RECIPIENT$§W;§Y$RECIPIENT$§W.;§Y$RECIPIENT$§W ;§Y$RECIPIENT$§W. ;§Y$RECIPIENT$§W ;§Y$RECIPIENT$§W;;;;;;
CANCELALLIANCE_THEY_ACCEPT_5;*;*;*;*;*;*;*;;;;;;;
CANCELALLIANCE_THEY_ACCEPT_6;*;*;*;*;*;*;*;;;;;;;
CANCELALLIANCE_THEY_ACCEPT_BTN1;OK;D'accord;OK;OK;OK;Aceptar;OK;Rendben;OK;;;;;
REMOVE_CANCELALLIANCE_THEY_ACCEPT_BTN2;Go to;Voir;Goto;Id?do;Ir all?Andare;Menj ide:;Pøejít na;;;;;;;
CANCELALLIANCE_WE_ACCEPT_HEADER;The Foreign Minister reports;Le ministre des Affaires étrangères indique :;Der Außenminister berichtet:;;El ministro de exteriores informa;;;;;;;;;
CANCELALLIANCE_WE_ACCEPT_1;§Y$ACTOR$§W;§Y$ACTOR$§W;§Y$ACTOR$§W;§Y$ACTOR$§W;§Y$ACTOR$§W;§Y$ACTOR$§W;§Y$ACTOR$§W;§Y$ACTOR$§W;;;;;;
CANCELALLIANCE_WE_ACCEPT_2;$MONARCHTITLE$, §Y$ACTOR$§W;$MONARCHTITLE$, §Y$ACTOR$§W;§Y$ACTOR$§W;§Y$ACTOR$§W;$MONARCHTITLE$, §Y$ACTOR$§W;$MONARCHTITLE$, §Y$ACTOR$§W;§Y$ACTOR$§W;$MONARCHTITLE$, §Y$ACTOR$§W;;;;;;
CANCELALLIANCE_WE_ACCEPT_3;broke their Alliance with;a rompu son alliance avec;brach das Bündnis mit;zerwali sojusz z;rompi?su alianza con;ha rotto l'alleanza con;felbontotta a velünk kötött;zrušili svoji alianci s;;;;;;
CANCELALLIANCE_WE_ACCEPT_4;us;nous.;uns;naszym pañstwem.;nosotros.;noi.;katonai szövetséget.;námi;;;;;;
CANCELALLIANCE_WE_ACCEPT_5;*;*;*;*;*;*;*;;;;;;;
CANCELALLIANCE_WE_ACCEPT_6;*;*;*;*;*;*;*;;;;;;;
CANCELALLIANCE_WE_ACCEPT_BTN1;OK;D'accord;OK;OK;OK;Aceptar;OK;Rendben;OK;;;;;
CANCELALLIANCE_WE_ACCEPT_BTN2;OK;D'accord;OK;OK;OK;Aceptar;OK;Rendben;OK;;;;;
CANCELALLIANCE_WE_ACCEPT_BTN3;Go to;Voir;Goto;Id?do;Ir all?Andare;Menj ide:;Pøejít na;;;;;;;
CANCELALLIANCE_OTHER_ACCEPT_HEADER;The Foreign Minister reports;Le ministre des Affaires étrangères indique :;Der Außenminister berichtet:;;El ministro de exteriores informa;;;;;;;;;
CANCELALLIANCE_OTHER_ACCEPT_1;§Y$ACTOR$§W;§Y$ACTOR$§W;§Y$ACTOR$§W;§Y$ACTOR$§W;§Y$ACTOR$§W;§Y$ACTOR$§W;§Y$ACTOR$§W;§Y$ACTOR$§W;;;;;;
CANCELALLIANCE_OTHER_ACCEPT_2;$MONARCHTITLE$, §Y$ACTOR$§W ;$MONARCHTITLE$, §Y$ACTOR$§W ;§Y$ACTOR$§W ;§Y$ACTOR$§W ;$MONARCHTITLE$, §Y$ACTOR$§W ;$MONARCHTITLE$, §Y$ACTOR$§W ;§Y$ACTOR$§W ;$MONARCHTITLE$, §Y$ACTOR$§W;;;;;;
CANCELALLIANCE_OTHER_ACCEPT_3;broke their Alliance with;a rompu son alliance avec;brach das Bündnis mit;zrywa sojusz z pañstwem;rompi?su alianza con;ha rotto l'alleanza con;felbontotta a szövetséget;zrušili svoji alianci s;;;;;;
CANCELALLIANCE_OTHER_ACCEPT_4;§Y$RECIPIENT$§W;§Y$RECIPIENT$§W.;§Y$RECIPIENT$§W;§Y$RECIPIENT$§W.;§Y$RECIPIENT$§W;§Y$RECIPIENT$§W;§Y$RECIPIENT$§W nemzetével szemben.;§Y$RECIPIENT$§W;;;;;;
CANCELALLIANCE_OTHER_ACCEPT_5;*;*;*;*;*;*;*;;;;;;;
CANCELALLIANCE_OTHER_ACCEPT_6;*;*;*;*;*;*;*;;;;;;;
CANCELALLIANCE_OTHER_ACCEPT_BTN1;OK;D'accord;OK;OK;OK;Aceptar;OK;Rendben;OK;;;;;
CANCELALLIANCE_OTHER_ACCEPT_BTN2;OK;D'accord;OK;OK;OK;Aceptar;OK;Rendben;OK;;;;;
CANCELALLIANCE_OTHER_ACCEPT_BTN3;Go to;Voir;Goto;Id?do;Ir all?Andare;Menj ide:;Pøejít na;;;;;;;
ASKMILITARYACCESS_THEY_ACCEPT_HEADER;The Foreign Minister reports;Le ministre des Affaires étrangères indique :;Der Außenminister berichtet:;;El ministro de exteriores informa;;;;;;;;;
ASKMILITARYACCESS_THEY_ACCEPT_1;§Y$RECIPIENT$§W;§Y$RECIPIENT$§W ;§Y$RECIPIENT$§W;§Y$RECIPIENT$§W;§Y$RECIPIENT$§W;§Y$RECIPIENT$§W;§Y$RECIPIENT$§W;§Y$RECIPIENT$§W;;;;;;
ASKMILITARYACCESS_THEY_ACCEPT_2;$MONARCHTITLE$, we have good news;$MONARCHTITLE$, nous avons de bonnes nouvelles.;Wir haben gute Nachrichten:;Mamy dobre wiadomoœci:;$MONARCHTITLE$, tenemos buenas noticias;$MONARCHTITLE$, abbiamo buone notizie.;J?hírünk van;$MONARCHTITLE$, máme dobr?zprávy;;;;;;
ASKMILITARYACCESS_THEY_ACCEPT_3;§Y$RECIPIENT$§W;§Y$RECIPIENT$§W ;§Y$RECIPIENT$§W;§Y$RECIPIENT$§W;§Y$RECIPIENT$§W;§Y$RECIPIENT$§W;§Y$RECIPIENT$§W;§Y$RECIPIENT$§W;;;;;;
ASKMILITARYACCESS_THEY_ACCEPT_4;has decided to allow our troops Military Access.;a décid?d'octroyer un accès militaire ?nos troupes.;hat beschlossen, unseren Truppen Durchmarscherlaubnis zu gewähren.;;ha decidido conceder a nuestras tropas derechos de tránsito.;;;;;;;;;
ASKMILITARYACCESS_THEY_ACCEPT_5;*;*;*;*;*;*;*;;;;;;;
REMOVE_ASKMILITARYACCESS_THEY_ACCEPT_6;We will deal with them later.;Nous nous occuperons d'eux plus tard.;Wir werden uns später um sie kümmern.;;Nos ocuparemos de ellos después.;;;;;;;;;
ASKMILITARYACCESS_THEY_ACCEPT_BTN1;OK;D'accord;OK;OK;OK;Aceptar;OK;Rendben;OK;;;;;
ASKMILITARYACCESS_THEY_ACCEPT_BTN2;OK;D'accord;OK;OK;OK;Aceptar;OK;Rendben;OK;;;;;
ASKMILITARYACCESS_THEY_ACCEPT_BTN3;Go to;Voir;Goto;Id?do;Ir all?Andare;Ugrás;Pøejít na;;;;;;;
ASKMILITARYACCESS_WE_ACCEPT_HEADER;The Foreign Minister reports;Le ministre des Affaires étrangères indique :;Der Außenminister berichtet:;;El ministro de exteriores informa;;;;;;;;;
ASKMILITARYACCESS_WE_ACCEPT_1;Military Access.;Accès militaire.;Durchmarscherlaubnis.;;Derechos de tránsito;;;;;;;;;
ASKMILITARYACCESS_WE_ACCEPT_2;$MONARCHTITLE$, we have decided to allow;$MONARCHTITLE$, nous avons décid?d'octroyer ?Unserem Beschluss zufolge hat;Wyraziliœmy zgod?dla;$MONARCHTITLE$, hemos decidido permitir a;$MONARCHTITLE$, abbiamo accettato di concedere a:;Úgy döntöttünk, hogy megengedjük a következ?részére:;$MONARCHTITLE$, rozhodli jsme se povolit;;;;;;;
ASKMILITARYACCESS_WE_ACCEPT_3;§Y$ACTOR$§W;§Y$ACTOR$§W;§Y$ACTOR$§W;§Y$ACTOR$§W;§Y$ACTOR$§W;§Y$ACTOR$§W;§Y$ACTOR$§W;§Y$ACTOR$§W;;;;;;
ASKMILITARYACCESS_WE_ACCEPT_4;Military Access to our country.;un droit ?l'accès militaire ?travers notre pays.;Durchmarscherlaubnis durch unser Land.;;el derecho de tránsito por nuestro país.;;;;;;;;;
ASKMILITARYACCESS_WE_ACCEPT_5;*;*;*;*;*;*;*;;;;;;;
ASKMILITARYACCESS_WE_ACCEPT_6;As long as we remain useful, they won't attack us.;Tant que nous leur serons utiles, ils ne nous attaqueront pas.;Solange wir ihnen nützlich sind, werden sie uns nicht angreifen;;Mientras les seamos útiles no nos atacarán.;;;;;;;;;
ASKMILITARYACCESS_WE_ACCEPT_BTN1;OK;D'accord;OK;OK;OK;Aceptar;OK;Rendben;OK;;;;;
ASKMILITARYACCESS_WE_ACCEPT_BTN2;OK;D'accord;OK;OK;OK;Aceptar;OK;Rendben;OK;;;;;
ASKMILITARYACCESS_WE_ACCEPT_BTN3;Go to;Voir;Goto;Id?do;Ir all?Andare;Ugrás;Pøejít na;;;;;;;
ASKMILITARYACCESS_OTHER_ACCEPT_HEADER;The Foreign Minister reports;Le ministre des Affaires étrangères indique :;Der Außenminister berichtet:;;El ministro de exteriores informa;;;;;;;;;
ASKMILITARYACCESS_OTHER_ACCEPT_1;§Y$ACTOR$§W;§Y$ACTOR$§W;§Y$ACTOR$§W;§Y$ACTOR$§W;§Y$ACTOR$§W;§Y$ACTOR$§W;§Y$ACTOR$§W;§Y$ACTOR$§W;;;;;;
ASKMILITARYACCESS_OTHER_ACCEPT_2;$MONARCHTITLE$;$MONARCHTITLE$;*;$MONARCHTITLE$;$MONARCHTITLE$,;$MONARCHTITLE$;   ;$MONARCHTITLE$;;;;;;
ASKMILITARYACCESS_OTHER_ACCEPT_3;§Y$RECIPIENT$§W;§Y$RECIPIENT$§W ;§Y$RECIPIENT$§W;Pañstwo §Y$RECIPIENT$§W;§Y$RECIPIENT$§W;§Y$RECIPIENT$§W;§Y$RECIPIENT$§W;§Y$RECIPIENT$§W;;;;;;
ASKMILITARYACCESS_OTHER_ACCEPT_4;now grants Military Access to;octroie un droit ?l'accès militaire ?gewährt nun;;ahora garantiza derechos de tránsito a;;;;;;;;;;
ASKMILITARYACCESS_OTHER_ACCEPT_5;§Y$ACTOR$§W;§Y$ACTOR$§W.;§Y$ACTOR$§W Durchmarscherlaubnis;§Y$ACTOR$§W.;§Y$ACTOR$§W;§Y$ACTOR$§W;§Y$ACTOR$§W;§Y$ACTOR$§W;;;;;;
ASKMILITARYACCESS_OTHER_ACCEPT_6;This may be a significant development.;Cela peut constituer une évolution importante.;Dies könnte eine einschneidende Entwicklung sein.;;Esto puede significar un desarrollo importante.;;;;;;;;;
ASKMILITARYACCESS_OTHER_ACCEPT_BTN1;OK;D'accord;OK;OK;OK;Aceptar;OK;Rendben;OK;;;;;
ASKMILITARYACCESS_OTHER_ACCEPT_BTN2;OK;D'accord;OK;OK;OK;Aceptar;OK;*;OK;;;;;
ASKMILITARYACCESS_OTHER_ACCEPT_BTN3;Go to;Voir;Goto;Id?do;Ir all?Andare;Ugrás;Pøejít na;;;;;;;
ASKMILITARYACCESS_THEY_DECLINE_HEADER;The Foreign Minister reports;Le ministre des Affaires étrangères indique :;Der Außenminister berichtet:;;El ministro de exteriores informa;;;;;;;;;
ASKMILITARYACCESS_THEY_DECLINE_1;§Y$RECIPIENT$§W;§Y$RECIPIENT$§W ;§Y$RECIPIENT$§W;§Y$RECIPIENT$§W;§Y$RECIPIENT$§W;§Y$RECIPIENT$§W;§Y$RECIPIENT$§W;§Y$RECIPIENT$§W;;;;;;
ASKMILITARYACCESS_THEY_DECLINE_2;$MONARCHTITLE$;$MONARCHTITLE$;*;*;$MONARCHTITLE$,;$MONARCHTITLE$;Vezérem,;$MONARCHTITLE$;;;;;;
ASKMILITARYACCESS_THEY_DECLINE_3;§Y$RECIPIENT$§W;§Y$RECIPIENT$§W ;§Y$RECIPIENT$§W;Pañstwo §Y$RECIPIENT$§W;§Y$RECIPIENT$§W;§Y$RECIPIENT$§W;§Y$RECIPIENT$§W;§Y$RECIPIENT$§W;;;;;;
ASKMILITARYACCESS_THEY_DECLINE_4;has outrageously refused to grant us Military Access;a os?refuser de nous accorder un droit ?l'accès militaire.;uns infamerweise die Durchmarscherlaubnis verweigert;;ha rechazado concedernos derechos de tránsito de manera indignante;;;;;;;;;
ASKMILITARYACCESS_THEY_DECLINE_5;*;*;*;*;*;*;*;;;;;;;
REMOVE_ASKMILITARYACCESS_THEY_DECLINE_6;We must have those rights, one way or the other;Il nous faut ces droits, d'une manière ou d'une autre.;Wir müssen diese Rechte haben, koste es, was es wolle;;Debemos tener esos derechos, de un modo u otro;;;;;;;;;
ASKMILITARYACCESS_THEY_DECLINE_BTN1;OK;D'accord;OK;OK;OK;Aceptar;OK;Rendben;OK;;;;;
ASKMILITARYACCESS_THEY_DECLINE_BTN2;OK;D'accord;OK;OK;OK;Aceptar;OK;Rendben;OK;;;;;
ASKMILITARYACCESS_THEY_DECLINE_BTN3;Go to;Voir;Goto;Id?do;Ir all?Andare;Ugrás;Pøejít na;;;;;;;
ASKMILITARYACCESS_WE_DECLINE_HEADER;The Foreign Minister reports;Le ministre des Affaires étrangères indique :;Der Außenminister berichtet:;;El ministro de exteriores informa;;;;;;;;;
ASKMILITARYACCESS_WE_DECLINE_1;Military Access.;Accès militaire.;Durchmarscherlaubnis.;;derechos de tránsito.;;;;;;;;;
ASKMILITARYACCESS_WE_DECLINE_2;$MONARCHTITLE$, we have, of course, declined the request by ;$MONARCHTITLE$, nous avons évidemment rejet?la demande de ;Wir haben natürlich das Ansinnen von;Oczywiœcie odrzuciliœmy proœb?;$MONARCHTITLE$, por supuesto, hemos rechazado la petición de ;$MONARCHTITLE$, naturalmente abbiamo respinto la richiesta di: ;Természetesen úgy dönttük, hogy elutasítjuk;$MONARCHTITLE$, samozøejm?jsme odmítli požadavek;;;;;;
ASKMILITARYACCESS_WE_DECLINE_3;§Y$ACTOR$§W;§Y$ACTOR$§W;§Y$ACTOR$§W;§Y$ACTOR$§W;§Y$ACTOR$§W;§Y$ACTOR$§W;§Y$ACTOR$§W;§Y$ACTOR$§W;;;;;;
ASKMILITARYACCESS_WE_DECLINE_4;for Military Access.;concernant un droit d'accès militaire.;auf Durchmarscherlaubnis abgelehnt.;;de derechos de tránsito.;;;;;;;;;
ASKMILITARYACCESS_WE_DECLINE_5;*;*;*;*;*;*;*;;;;;;;
ASKMILITARYACCESS_WE_DECLINE_6;We have no need for their good will.;Nous n'avons que faire de leur bonne volont?;Wir haben keine Verwendung für ihren guten Willen.;;No necesitamos su buena voluntad.;;;;;;;;;
ASKMILITARYACCESS_WE_DECLINE_BTN1;OK;D'accord;OK;OK;OK;Aceptar;OK;Rendben;OK;;;;;
ASKMILITARYACCESS_WE_DECLINE_BTN2;OK;D'accord;OK;OK;OK;Aceptar;OK;Rendben;OK;;;;;
ASKMILITARYACCESS_WE_DECLINE_BTN3;Go to;Voir;Goto;Id?do;Ir all?Andare;Ugrás;Pøejít na;;;;;;;
ASKMILITARYACCESS_OTHER_DECLINE_HEADER;The Foreign Minister reports;Le ministre des Affaires étrangères indique :;Der Außenminister berichtet:;;El ministro de exteriores informa;;;;;;;;;
ASKMILITARYACCESS_OTHER_DECLINE_1;§Y$RECIPIENT$§W;§Y$RECIPIENT$§W ;§Y$RECIPIENT$§W;§Y$RECIPIENT$§W;§Y$RECIPIENT$§W;§Y$RECIPIENT$§W;§Y$RECIPIENT$§W;§Y$RECIPIENT$§W;;;;;;
ASKMILITARYACCESS_OTHER_DECLINE_2;$MONARCHTITLE$;$MONARCHTITLE$;*;*;$MONARCHTITLE$,;$MONARCHTITLE$;Vezérem,;$MONARCHTITLE$;;;;;;
ASKMILITARYACCESS_OTHER_DECLINE_3;§Y$RECIPIENT$§W;§Y$RECIPIENT$§W ;§Y$RECIPIENT$§W;§Y$RECIPIENT$§W;§Y$RECIPIENT$§W;§Y$RECIPIENT$§W;§Y$RECIPIENT$§W;§Y$RECIPIENT$§W;;;;;;
ASKMILITARYACCESS_OTHER_DECLINE_4;refuses to grant Military Access to;refuse d'octroyer un droit d'accès militaire ?hat die Durchmarscherlaubnis für;;se niega a conceder derechos de tránsito a;;;;;;;;;;
ASKMILITARYACCESS_OTHER_DECLINE_5;§Y$ACTOR$§W;§Y$ACTOR$§W.;§Y$ACTOR$§W verweigert.;§Y$ACTOR$§W.;§Y$ACTOR$§W;§Y$ACTOR$§W;§Y$ACTOR$§W;§Y$ACTOR$§W;;;;;;
ASKMILITARYACCESS_OTHER_DECLINE_6;We laugh at their inferior diplomatic skills.;Nous nous gaussons de leur maladresse diplomatique.;Wir lachen über ihre unterlegenen diplomatischen Fertigkeiten.;Œmiejemy si?z ich niewielkich umiejêtnoœci dyplomatycznych.;Nos burlamos de su aptitud diplomática inferior.;La loro insipienza sul piano diplomatico ci fa ridere.;Csak nevetni tudunk csapnival?diplomáciai képességeiken.;Jejich nedostateèn?diplomacie nám m?e být leda k smíchu.;;;;;;
ASKMILITARYACCESS_OTHER_DECLINE_BTN1;OK;D'accord;OK;OK;OK;Aceptar;OK;Rendben;OK;;;;;
ASKMILITARYACCESS_OTHER_DECLINE_BTN2;OK;D'accord;OK;OK;OK;Aceptar;OK;Rendben;OK;;;;;
ASKMILITARYACCESS_OTHER_DECLINE_BTN3;Go to;Voir;Goto;Id?do;Ir all?Andare;Ugrás;Pøejít na;;;;;;;
CANCELASKMILITARYACCESS_THEY_ACCEPT_HEADER;The Foreign Minister reports;Le ministre des Affaires étrangères indique :;Der Außenminister berichtet:;;El ministro de exteriores informa;;;;;;;;;
CANCELASKMILITARYACCESS_THEY_ACCEPT_1;§Y$ACTOR$§W;§Y$ACTOR$§W;§Y$ACTOR$§W;§Y$ACTOR$§W;§Y$ACTOR$§W;§Y$ACTOR$§W;§Y$ACTOR$§W;§Y$ACTOR$§W;;;;;;
CANCELASKMILITARYACCESS_THEY_ACCEPT_2;$MONARCHTITLE$, we have grown tired of the foul presence of the troops of ;$MONARCHTITLE$, nous sommes las de la présence des troupes de ;Wir sind es leid, die widerlichen Truppen von;Mamy doœæ obecnoœci wojsk nale¿¹cych do kraju;$MONARCHTITLE$, nos hemos cansado de la presencia de las tropas de ;$MONARCHTITLE$, ci siamo stancati delle insopportabili truppe di: ;Belefáradtunk a következ?nemzet csapatainak bolondozásába: ;$MONARCHTITLE$, u?na svém územ?nem?eme dále sn?et pøítomnost voják?z;;;;;;
CANCELASKMILITARYACCESS_THEY_ACCEPT_3;§Y$RECIPIENT$§W;§Y$RECIPIENT$§W ;§Y$RECIPIENT$§W;§Y$RECIPIENT$§W;§Y$RECIPIENT$§W;§Y$RECIPIENT$§W;§Y$RECIPIENT$§W;§Y$RECIPIENT$§W;;;;;;
CANCELASKMILITARYACCESS_THEY_ACCEPT_4;on our soil so we have cancelled the Military Access they were so generously given;sur notre territoire. C'est pourquoi nous avons annul?le droit d'accès militaire qui leur avait ét?si généreusement octroy?;auf unserem Gebiet zu haben, daher haben wir die ihnen großzügig gewährte Durchmarscherlaubnis aufgekündigt;;en nuestra tierra y hemos cancelado los derechos de tránsito que tan generosamente concedimos;;;;;;;;;
CANCELASKMILITARYACCESS_THEY_ACCEPT_5;*;*;*;*;*;*;*;;;;;;;
CANCELASKMILITARYACCESS_THEY_ACCEPT_6;The people of §Y$ACTOR$§W rejoice at the news.;§Y$ACTOR$§W : le peuple se réjouit de la nouvelle.;Das Volk von §Y$ACTOR$§W bejubelt die Neuigkeiten.;Ludnoœæ w §Y$ACTOR$§W cieszy si? s³ysz¹c te wieœci.;El pueblo de §Y$ACTOR$§W celebra la noticia.;Il popolo di: §Y$ACTOR$§W ?felice di saperlo.;§Y$ACTOR$§W népe örül ezen hír bejelentésének.;Lid §Y$ACTOR$§W se raduje z nových zpráv.;;;;;;
CANCELASKMILITARYACCESS_THEY_ACCEPT_BTN1;OK;D'accord;OK;OK;OK;Aceptar;OK;Rendben;OK;;;;;
CANCELASKMILITARYACCESS_THEY_ACCEPT_BTN2;OK;D'accord;OK;OK;OK;Aceptar;OK;Rendben;OK;;;;;
CANCELASKMILITARYACCESS_THEY_ACCEPT_BTN3;Go to;Voir;Goto;Id?do;Ir all?Andare;Ugrás;Pøejít na;;;;;;;
CANCELASKMILITARYACCESS_WE_ACCEPT_HEADER;The Foreign Minister reports;Le ministre des Affaires étrangères indique :;Der Außenminister berichtet:;;El ministro de exteriores informa;;;;;;;;;
CANCELASKMILITARYACCESS_WE_ACCEPT_1;§Y$ACTOR$§W;§Y$ACTOR$§W;§Y$ACTOR$§W;§Y$ACTOR$§W;§Y$ACTOR$§W;§Y$ACTOR$§W;§Y$ACTOR$§W;§Y$ACTOR$§W;;;;;;
CANCELASKMILITARYACCESS_WE_ACCEPT_2;$MONARCHTITLE$ we are outraged to discover that ;$MONARCHTITLE$, nous sommes outrés de découvrir que ;Wir sind außer uns, weil;Jesteœmy oburzeni faktem, ¿e ;$MONARCHTITLE$ estamos indignados al descubrir que ;$MONARCHTITLE$, siamo molto offesi per avere scoperto che ;Felháborodottan tudatjuk, hogy;$MONARCHTITLE$, s hnìvem jsme zjistili, že;;;;;;
CANCELASKMILITARYACCESS_WE_ACCEPT_3;§Y$ACTOR$§W;§Y$ACTOR$§W;§Y$ACTOR$§W;§Y$ACTOR$§W;§Y$ACTOR$§W;§Y$ACTOR$§W;§Y$ACTOR$§W;§Y$ACTOR$§W;;;;;;
CANCELASKMILITARYACCESS_WE_ACCEPT_4;has cancelled the Military Access they have generously been given by us.;a annul?le droit d'accès militaire qui nous avait ét?généreusement octroy?;die von uns großmütig gewährte Durchmarscherlaubnis aufgekündigt hat.;;ha cancelado los derechos de tránsito que generosamente les habíamos dado.;;;;;;;;;
CANCELASKMILITARYACCESS_WE_ACCEPT_5;*;*;*;*;*;*;*;;;;;;;
CANCELASKMILITARYACCESS_WE_ACCEPT_6;Although we should really have beaten them to it.;Nous aurions d?les battre ?ce petit jeu-l?;Meiner Meinung nach hätten wir sie dafür züchtigen sollen.;Chocia?uwa¿amy, ¿e powinniœmy byli temu jako?przeciwdzia³a?;Aunque deberíamos haberles derrotado.;Tuttavia, personalmente riteniamo che avremmo dovuto prevenirli.;Noha személyesen nekünk kellene levernünk õket.;I kdy?bychom jim to nejsp? nemìli nechat projít jen tak.;;;;;;
CANCELASKMILITARYACCESS_WE_ACCEPT_BTN1;OK;D'accord;OK;OK;OK;Aceptar;OK;Rendben;OK;;;;;
CANCELASKMILITARYACCESS_WE_ACCEPT_BTN2;OK;D'accord;OK;OK;OK;Aceptar;OK;Rendben;OK;;;;;
CANCELASKMILITARYACCESS_WE_ACCEPT_BTN3;Go to;Voir;Goto;Id?do;Ir all?Andare;Ugrás;Pøejít na;;;;;;;
CANCELASKMILITARYACCESS_OTHER_ACCEPT_HEADER;The Foreign Minister reports;Le ministre des Affaires étrangères indique :;Der Außenminister berichtet:;;El ministro de exteriores informa;;;;;;;;;
CANCELASKMILITARYACCESS_OTHER_ACCEPT_1;§Y$ACTOR$§W;§Y$ACTOR$§W;§Y$ACTOR$§W;§Y$ACTOR$§W;§Y$ACTOR$§W;§Y$ACTOR$§W;§Y$ACTOR$§W;§Y$ACTOR$§W;;;;;;
CANCELASKMILITARYACCESS_OTHER_ACCEPT_2;$MONARCHTITLE$;$MONARCHTITLE$;*;*;$MONARCHTITLE$,;$MONARCHTITLE$;Vezérem,;$MONARCHTITLE$;;;;;;
CANCELASKMILITARYACCESS_OTHER_ACCEPT_3;§Y$ACTOR$§W;§Y$ACTOR$§W;§Y$ACTOR$§W;§Y$ACTOR$§W;§Y$ACTOR$§W;§Y$ACTOR$§W;§Y$ACTOR$§W;§Y$ACTOR$§W;;;;;;
CANCELASKMILITARYACCESS_OTHER_ACCEPT_4;has cancelled the Military Access they have been given by;a annul?le droit d'accès militaire qui lui avait ét?octroy?par;hat die Durchmarscherlaubnis widerrufen, die;;ha cancelado los derechos de tránsito que le había dado;;;;;;;;;
CANCELASKMILITARYACCESS_OTHER_ACCEPT_5;§Y$RECIPIENT$§W;§Y$RECIPIENT$§W.;§Y$RECIPIENT$§W ihnen gewährt hatte.;§Y$RECIPIENT$§W.;§Y$RECIPIENT$§W;§Y$RECIPIENT$§W;§Y$RECIPIENT$§W;§Y$RECIPIENT$§W;;;;;;
CANCELASKMILITARYACCESS_OTHER_ACCEPT_6;Looks like trouble is brewing. We could profit from this.;La situation se dégrade. Nous pourrions en tirer avantage.;Es sieht so aus, als ob sich etwas zusammenbrauen würde. Wir könnten davon profitieren.;Wygl¹da na to, ¿e zanosi si?na k³opoty. Mo¿emy sporo na tym zyska?;Parece que se avecinan problemas. Podríamos aprovecharnos de ello.;A quanto pare ci sono guai in vista: potremmo approfittarne.;úgy tûnik, hogy bajba került, de mi talán profitálhatunk belõle.;vypad?to, že budou trable, možn?bychom z toho mohli profitovat.;;;;;;
CANCELASKMILITARYACCESS_OTHER_ACCEPT_BTN1;OK;D'accord;OK;OK;OK;Aceptar;OK;Rendben;OK;;;;;
CANCELASKMILITARYACCESS_OTHER_ACCEPT_BTN2;OK;D'accord;OK;OK;OK;Aceptar;OK;Rendben;OK;;;;;
CANCELASKMILITARYACCESS_OTHER_ACCEPT_BTN3;Go to;Voir;Goto;Id?do;Ir all?Andare;Ugrás;Pøejít na;;;;;;;
REMOVE_CALLALLY_THEY_ACCEPT_HEADER;The Foreign Minister reports;Le ministre des Affaires étrangères indique :;Der Außenminister berichtet:;;El ministro de exteriores informa;;;;;;;;;
REMOVE_CALLALLY_THEY_ACCEPT_1;§Y$RECIPIENT$§W;§Y$RECIPIENT$§W ;§Y$RECIPIENT$§W;§Y$RECIPIENT$§W;§Y$RECIPIENT$§W;§Y$RECIPIENT$§W;§Y$RECIPIENT$§W;§Y$RECIPIENT$§W;;;;;;
REMOVE_CALLALLY_THEY_ACCEPT_2;$MONARCHTITLE$, we are not surprised to learn that;$MONARCHTITLE$, nous ne sommes pas surpris d'apprendre que;Es überrascht uns nicht, dass;Wcale nie dziwi nas wieœæ, ¿e pañstwo;$MONARCHTITLE$, no nos sorprende saber que;$MONARCHTITLE$, non ci ha sorpreso sapere che;Nem lepõdtünk meg azon, hogy;$MONARCHTITLE$, nen?žádným pøekvapením, že;;;;;;
REMOVE_CALLALLY_THEY_ACCEPT_3;§Y$RECIPIENT$§W;§Y$RECIPIENT$§W ;§Y$RECIPIENT$§W;§Y$RECIPIENT$§W;§Y$RECIPIENT$§W;§Y$RECIPIENT$§W;§Y$RECIPIENT$§W;§Y$RECIPIENT$§W;;;;;;
REMOVE_CALLALLY_THEY_ACCEPT_4;has honoured our Military Alliance and joined our invincible armies in declaring war on;a honor?notre alliance militaire et se joint ?nos invincibles armées en déclarant la guerre ?hat überraschend unser Militärbündnis geehrt und verstärkt nun unsere unbesiegbaren Armeen durch Kriegserklärung an ;uhonorowa³o nasz sojusz wojskowy i do³¹czy³o do naszych niezwyciê¿onych armii, wypowiadaj¹c wojn?ha cumplido con nuestra alianza militar y se uni?a nuestros ejércitos invencibles para declarar la guerra a;ha rispettato la nostra alleanza militare e si ?unito ai nostri invincibili eserciti per dichiarare guerra a:;elfogadta a katonai szövetségünket, és csatlakozott legyõzhetetlen seregünkhöz, a következ?nemzet ellen:;dodržel sv?vojensk?závazky a pøipojil se k naší neporaziteln?armád?ve válce proti;;;;;;;;
REMOVE_CALLALLY_THEY_ACCEPT_5;$VERSUS$;$VERSUS$.;$VERSUS$;$VERSUS$.;$VERSUS$;$VERSUS$.;$VERSUS$;$VERSUS$;;;;;;
REMOVE_CALLALLY_THEY_ACCEPT_6;They are now at war with $TARGETLIST$.;Ils sont maintenant en guerre contre : $TARGETLIST$.;Sie befinden sich nun mit $TARGETLIST$ im Krieg.;S?teraz w stanie wojny z $TARGETLIST$.;Ahora están en guerra con $TARGETLIST$.;Ora ?in guerra con: $TARGETLIST$.;Most már õk is háborúban állnak a következõvel: $TARGETLIST$.;Nyn?jsou ve válce s $TARGETLIST$.;;;;;;
REMOVE_CALLALLY_THEY_ACCEPT_BTN1;Great!;Formidable !;Großartig!;Œwietnie!;¡Magnífico!;Magnifico!;Nagyszer?;Skvìl?;;;;;;
REMOVE_CALLALLY_THEY_ACCEPT_BTN2;Great!;Formidable !;Großartig!;Œwietnie!;¡Magnífico!;Magnifico!;Nagyszer?;Skvìl?;;;;;;
REMOVE_CALLALLY_THEY_ACCEPT_BTN3;Go to;Voir;Goto;Id?do;Ir all?Andare;Menj ide;Pøejít na;;;;;;;
REMOVE_CALLALLY_WE_ACCEPT_HEADER;The Foreign Minister reports;Le ministre des Affaires étrangères indique :;Der Außenminister berichtet:;;El ministro de exteriores informa;;;;;;;;;
REMOVE_CALLALLY_WE_ACCEPT_1;Military Alliance Honoured.;Alliance militaire honorée.;Militärbündnis geehrt.;Honorujemy sojusz wojskowy. ;Alianza militar cumplida.;Alleanza militare rispettata.;Katonai szövetség elfogadva;Vojensk?závazky dodrženy.;;;;;;
REMOVE_CALLALLY_WE_ACCEPT_2;$MONARCHTITLE$, we have decided that;$MONARCHTITLE$, nous avons décid?que;Unserer Ansicht nach ist;Zdecydowaliœmy, ¿e;$MONARCHTITLE$, hemos decidido que;$MONARCHTITLE$, abbiamo deciso che:;Úgy döntöttünk, hogy;$MONARCHTITLE$, rozhodli jsme se, že;;;;;;
REMOVE_CALLALLY_WE_ACCEPT_3;§Y$ACTOR$§W;§Y$ACTOR$§W;§Y$ACTOR$§W;pañstwo §Y$ACTOR$§W;§Y$ACTOR$§W;§Y$ACTOR$§W;§Y$ACTOR$§W;§Y$ACTOR$§W;;;;;;
REMOVE_CALLALLY_WE_ACCEPT_4;is only just worthy of our support in their war against;était digne de notre soutien dans sa guerre contre;verdient nur gerade noch so unsere Unterstützung im Kampf gegen;zas³uguje, aby wspomóc je w wojnie przeciwko;merece nuestro apoyo en su guerra contra;merita il nostro appoggio nella sua guerra contro:;érdemes arra, hogy támogassuk a háborújukat a következ?ellen:;je hoden naší podpory ve válce proti;;;;;;
REMOVE_CALLALLY_WE_ACCEPT_5;$VERSUS$;$VERSUS$.;$VERSUS$;$VERSUS$.;$VERSUS$;$VERSUS$;$VERSUS$;$VERSUS$;;;;;;
REMOVE_CALLALLY_WE_ACCEPT_6;We are now at war with $TARGETLIST$.;Nous sommes désormais en guerre contre $TARGETLIST$.;Wir sind nun mit $TARGETLIST$ im Krieg.;Jesteœmy w stanie wojny z: $TARGETLIST$.;Ahora estamos en guerra con $TARGETLIST$.;Ora siamo in guerra con: $TARGETLIST$.;Most már mi is háborúban állunk a következõvel: $TARGETLIST$.;Nyn?jsme ve válce s $TARGETLIST$.;;;;;;
REMOVE_CALLALLY_WE_ACCEPT_BTN1;OK;D'accord;OK;OK;OK;Aceptar;OK;Rendben;OK;;;;;
REMOVE_CALLALLY_WE_ACCEPT_BTN2;OK;D'accord;OK;OK;OK;Aceptar;OK;Rendben;OK;;;;;
REMOVE_CALLALLY_WE_ACCEPT_BTN3;Go to;Voir;Goto;Id?do;Ir all?Andare;Ugrás;Pøejít na;;;;;;;
REMOVE_CALLALLY_OTHER_ACCEPT_HEADER;The Foreign Minister reports;Le ministre des Affaires étrangères indique :;Der Außenminister berichtet:;;El ministro de exteriores informa;;;;;;;;;
REMOVE_CALLALLY_OTHER_ACCEPT_1;§Y$RECIPIENT$§W;§Y$RECIPIENT$§W ;§Y$RECIPIENT$§W;§Y$RECIPIENT$§W;§Y$RECIPIENT$§W;§Y$RECIPIENT$§W;§Y$RECIPIENT$§W;§Y$RECIPIENT$§W;;;;;;
REMOVE_CALLALLY_OTHER_ACCEPT_2;$MONARCHTITLE$, §Y$RECIPIENT$§W have honoured their;$MONARCHTITLE$, §Y$RECIPIENT$§W a honor?son;§Y$RECIPIENT$§W hat das;Pañstwo §Y$RECIPIENT$§W uszanowali ich;$MONARCHTITLE$, §Y$RECIPIENT$§W han cumplido con su;$MONARCHTITLE$, §Y$RECIPIENT$§W ha rispettato la sua;§Y$RECIPIENT$§W elfogadta a;$MONARCHTITLE$, §Y$RECIPIENT$§W dodrželi;;;;;;
REMOVE_CALLALLY_OTHER_ACCEPT_3;MILITARY ALLIANCE;ALLIANCE MILITAIRE;Militärbündnis;SOJUSZ WOJSKOWY;ALIANZA MILITAR;ALLEANZA MILITARE;KATONAI SZÖVETSÉGRÕL;VOJENSK?ZÁVAZKY;;;;;;
REMOVE_CALLALLY_OTHER_ACCEPT_4;with;avec;mit;z;con;con:;szól?ajánlatot a következõtõl:;k;;;;;;
REMOVE_CALLALLY_OTHER_ACCEPT_5;§Y$ACTOR$§W;§Y$ACTOR$§W.;§Y$ACTOR$§W;§Y$ACTOR$§W.;§Y$ACTOR$§W;§Y$ACTOR$§W.;§Y$ACTOR$§W;§Y$ACTOR$§W;;;;;;
REMOVE_CALLALLY_OTHER_ACCEPT_6;They are now at war with $TARGETLIST$.;Ils sont maintenant en guerre contre : $TARGETLIST$.;Sie befinden sich nun mit $TARGETLIST$ im Krieg.;S?teraz w stanie wojny z $TARGETLIST$.;Ahora están en guerra con $TARGETLIST$.;Ora ?in guerra con: $TARGETLIST$.;Most már õk is háborúban állnak a következõvel: $TARGETLIST$.;Nyn?jsou ve válce s $TARGETLIST$.;;;;;;
REMOVE_CALLALLY_OTHER_ACCEPT_BTN1;OK;D'accord;OK;OK;OK;Aceptar;OK;Rendben;OK;;;;;
REMOVE_CALLALLY_OTHER_ACCEPT_BTN2;OK;D'accord;OK;OK;OK;Aceptar;OK;Rendben;OK;;;;;
REMOVE_CALLALLY_OTHER_ACCEPT_BTN3;Go to;Voir;Goto;Id?do;Ir all?Andare;Ugrás;Pøejít na;;;;;;;
CALLALLY_THEY_DECLINE_HEADER;The Foreign Minister reports;Le ministre des Affaires étrangères indique :;Der Außenminister berichtet:;;El ministro de exteriores informa;;;;;;;;;
CALLALLY_THEY_DECLINE_1;§Y$RECIPIENT$§W;§Y$RECIPIENT$§W ;§Y$RECIPIENT$§W;§Y$RECIPIENT$§W;§Y$RECIPIENT$§W;§Y$RECIPIENT$§W;§Y$RECIPIENT$§W;§Y$RECIPIENT$§W;;;;;;
CALLALLY_THEY_DECLINE_2;$MONARCHTITLE$;$MONARCHTITLE$,;*;*;$MONARCHTITLE$,;$MONARCHTITLE$;Vezérem,;$MONARCHTITLE$;;;;;;
CALLALLY_THEY_DECLINE_3;The traitorous §Y$RECIPIENT$§W;Ces traîtres de §Y$RECIPIENT$§W;Die verräterischen §Y$RECIPIENT$§W;Zdrajcy z §Y$RECIPIENT$§W;§Y$RECIPIENT$§W;§Y$RECIPIENT$§W ci ha tradito:;Az árul?§Y$RECIPIENT$§W;Zrádn?§Y$RECIPIENT$§W;;;;;;
CALLALLY_THEY_DECLINE_4;have refused join us in our just and noble war.;ont refus?de se joindre ?notre noble et juste guerre.;haben sich geweigert, unserer gerechten und noblen Sache Unterstützung zu erweisen.;odmówili przy³¹czenia si?do naszej s³usznej i sprawiedliwej wojny.;ha rechazado unirse a nosotros en nuestra guerra noble y justa.;ha rifiutato di schierarsi con noi nella nostra guerra nobile e giusta.;elutasította a mi jogos és nemes harcunkhoz val?csatlakozást.;se odmítli pøipojit k našemu váleènému tažen?;;;;;;
CALLALLY_THEY_DECLINE_5;We will deal with this stab in the back later.;Nous nous occuperons de cette trahison plus tard.;Wir werden uns später noch um diesen niederträchtigen Verrat kümmern.;;Nos ocuparemos de esta puñalada por la espalda después.;;;;;;;;;
CALLALLY_THEY_DECLINE_6;This is exactly the kind of dishonourable behaviour we shall take a long time to forget.;C'est une attitude que nous ne sommes pas près d'oublier.;Dies ist genau die Art unehrenhaften Gebarens, an die wir uns noch lange Zeit erinnern werden.;Tego niegodnego postêpku jeszcze d³ugo nie bêdziemy w stanie zapomnie?;Este es exactamente el tipo de comportamiento deshonroso que tardaremos mucho tiempo en olvidar.;Questo ?un esempio di comportamento spregevole che non si dimentica tanto facilmente.;Ez egy olyan fajta tiszteletlen viselkedés, amit nem fogunk egyhamar elfeledni.;To je pøesn?ten druh chován? na kter?se jen tak nezapomín?;;;;;;
CALLALLY_THEY_DECLINE_BTN1;OK;D'accord;OK;OK;OK;Aceptar;OK;Rendben;OK;;;;;
CALLALLY_THEY_DECLINE_BTN2;OK;D'accord;OK;OK;OK;Aceptar;OK;Rendben;OK;;;;;
CALLALLY_THEY_DECLINE_BTN3;Go to;Voir;Goto;Id?do;Ir all?Andare;Ugrás;Pøejít na;;;;;;;
CALLALLY_WE_DECLINE_HEADER;The Foreign Minister reports;Le ministre des Affaires étrangères indique :;Der Außenminister berichtet:;;El ministro de exteriores informa;;;;;;;;;
CALLALLY_WE_DECLINE_1;Military Alliance Dishonoured.;Alliance militaire déshonorée.;Militärbündnis missachtet.;Nie honorujemy sojuszu wojskowego.;Alianza militar incumplida;Alleanza militare non rispettata.;Katonai szövetség elutasítva.;Vojensk?aliance nesplnìna.;;;;;;
CALLALLY_WE_DECLINE_2;$MONARCHTITLE$, we have decided that the war declared by;$MONARCHTITLE$, nous estimons que la guerre déclarée par;Unserem Beschluss zufolge ist der Krieg, begonnen von;Doszliœmy do wniosku, ¿e wojna wypowiedziana przez;$MONARCHTITLE$, hemos decidido que la guerra declarada por;$MONARCHTITLE$, abbiamo deciso che la guerra dichiarata da:;Úgy döntöttünk, hogy a/az;$MONARCHTITLE$, rozhodli jsme se, že válka vyhl?en?;;;;;;
CALLALLY_WE_DECLINE_3;§Y$ACTOR$§W;§Y$ACTOR$§W;§Y$ACTOR$§W;§Y$ACTOR$§W;§Y$ACTOR$§W;§Y$ACTOR$§W;§Y$ACTOR$§W;§Y$ACTOR$§W;;;;;;
CALLALLY_WE_DECLINE_4;is not really in our interest at this time;est contraire ?nos intérêts actuels.;diesmal wirklich nicht in unserem Interesse.;nie jest w naszym interesie.;no est?realmente en nuestro interés en este momento;non era affar nostro, in questo momento.;nemzete ellen irányul?hábor?most minket nem nagyon érdekel.;nen?ve skuteènosti v našem zájmu;;;;;;
CALLALLY_WE_DECLINE_5;*;*;*;*;*;*;*;;;;;;;
CALLALLY_WE_DECLINE_6;We have taken great delight in telling them that they are on their own for this war.;Ce fut un grand plaisir de leur signifier qu'il ne fallait pas compter sur nous pour cette guerre.;Wir haben ihnen mit großer Freude mitgeteilt, dass sie bei diesem Krieg auf sich selbst gestellt sind.;Z rozkosz?poinformowaliœmy ich, ¿e w tej wojnie musz?radzi?sobie sami.;Hemos disfrutado enormemente diciéndoles que están solos en esta guerra.;Con grande piacere li abbiamo quindi informati che dovranno vedersela da soli.;Nagyon felvillanyozott minket, amikor elmondhattuk nekik, hogy saját maguk vívják meg ezt a háborút.;S pot?ením jsme jim sdìlili, že jsou v tom sami.;;;;;;
CALLALLY_WE_DECLINE_BTN1;OK;D'accord;OK;OK;OK;Aceptar;OK;Rendben;OK;;;;;
CALLALLY_WE_DECLINE_BTN2;OK;D'accord;OK;OK;OK;Aceptar;OK;Rendben;OK;;;;;
CALLALLY_WE_DECLINE_BTN3;Go to;Voir;Goto;Id?do;Ir all?Andare;Ugrás;Pøejít na;;;;;;;
CALLALLY_OTHER_DECLINE_HEADER;The Foreign Minister reports;Le ministre des Affaires étrangères indique :;Der Außenminister berichtet:;;El ministro de exteriores informa;;;;;;;;;
CALLALLY_OTHER_DECLINE_1;§Y$RECIPIENT$§W;§Y$RECIPIENT$§W ;§Y$RECIPIENT$§W;§Y$RECIPIENT$§W;§Y$RECIPIENT$§W;§Y$RECIPIENT$§W;§Y$RECIPIENT$§W;§Y$RECIPIENT$§W;;;;;;
CALLALLY_OTHER_DECLINE_2;$MONARCHTITLE$, §Y$RECIPIENT$§W have dishonoured their;$MONARCHTITLE$, §Y$RECIPIENT$§W a déshonor?son;§Y$RECIPIENT$§W missachtete sein ;§Y$RECIPIENT$§W nie honoruj?;$MONARCHTITLE$, §Y$RECIPIENT$§W han incumplido su;$MONARCHTITLE$, §Y$RECIPIENT$§W non ha rispettato la sua;§Y$RECIPIENT$§W visszautasította a ;$MONARCHTITLE$, §Y$RECIPIENT$§W nedodržel sv?;;;;;;
CALLALLY_OTHER_DECLINE_3;MILITARY ALLIANCE;ALLIANCE MILITAIRE;Militärbündnis;SOJUSZU WOJSKOWEGO;ALIANZA MILITAR;ALLEANZA MILITARE;KATONAI SZÖVETSÉGET;VOJENSK?ZÁVAZKY;;;;;;
CALLALLY_OTHER_DECLINE_4;with;avec;mit;z;con;con:;a következõvel szemben;vùèi;;;;;;
CALLALLY_OTHER_DECLINE_5;§Y$ACTOR$§W;§Y$ACTOR$§W.;§Y$ACTOR$§W;§Y$ACTOR$§W.;§Y$ACTOR$§W;§Y$ACTOR$§W.;§Y$ACTOR$§W;§Y$ACTOR$§W;;;;;;
CALLALLY_OTHER_DECLINE_6;Fools!, The more divided they are the quicker they fall to our might.;Les imbéciles ! Plus ils seront divisés, plus vite ils seront ?notre merci.;Diese Narren, je mehr sie sich streiten, desto schneller werden sie uns anheim fallen!;G³upcy. Im bardziej bêd?podzieleni, tym szybciej ich podbijemy.;¡Insensatos! Cuanto más divididos estén, más rápido caerán bajo nuestro poder.;Stolti, pi?sono divisi tra loro, pi?in fretta cadranno ai nostri piedi.;Bolondok, minél megosztottabbak, annál könnyebben végzünk velük.;Blázni, èím víc spor?budou mít, tím døív je pokoøíme.;;;;;;
CALLALLY_OTHER_DECLINE_BTN1;§Y$RECIPIENT$§W refused to join §Y$ACTOR$§Ws war against $TARGETLIST$.;§Y$RECIPIENT$§W a refus?de se joindre ?la guerre que §Y$ACTOR$§W mène contre $TARGETLIST$.;§Y$RECIPIENT$§W weigerte sich, §Y$ACTOR$§Ws im Krieg gegen $TARGETLIST$ zu unterstützen.;Pañstwo §Y$RECIPIENT$§W odmawia §Y$ACTOR$§W i nie zamierza wypowiada?wojny $TARGETLIST$.;§Y$RECIPIENT$§W rechazaron unirse a §Y$ACTOR$§Ws en la guerra contra $TARGETLIST$.;§Y$RECIPIENT$§W non si ?unito a: §Y$ACTOR$§W nella guerra contro: $TARGETLIST$.;§Y$RECIPIENT$§W elutasította a/az §Y$ACTOR$§W val?szövetséget a következ?ellen: $TARGETLIST$.;§Y$RECIPIENT$§W se odmítl pøipojit k §Y$ACTOR$§W ve válce proti $TARGETLIST$.;;;;;;
CALLALLY_OTHER_DECLINE_BTN2;OK;D'accord;OK;OK;OK;Aceptar;OK;Rendben;OK;;;;;
CALLALLY_OTHER_DECLINE_BTN3;Go to;Voir;Goto;Id?do;Ir all?Andare;Menj ide;Pøejít na;;;;;;;
GIVEMILITARYACCESS_THEY_ACCEPT_HEADER;The Foreign Minister reports;Le ministre des Affaires étrangères indique :;Der Außenminister berichtet:;;El ministro de exteriores informa;;;;;;;;;
GIVEMILITARYACCESS_THEY_ACCEPT_1;§Y$RECIPIENT$§W;§Y$RECIPIENT$§W ;§Y$RECIPIENT$§W;;§Y$RECIPIENT$§W;;;;;;;;;
GIVEMILITARYACCESS_THEY_ACCEPT_2;$MONARCHTITLE$, in order to further our goals, we have decided that the troops of;$MONARCHTITLE$, afin de poursuivre nos objectifs, nous estimons que les troupes de;Um unsere Ziele zu erreichen, haben wir beschlossen, den Truppen von;;$MONARCHTITLE$, para cumplir nuestros objetivos, hemos decidido que las tropas de;;;;;;;;;
GIVEMILITARYACCESS_THEY_ACCEPT_3;§Y$RECIPIENT$§W;§Y$RECIPIENT$§W ;§Y$RECIPIENT$§W;;§Y$RECIPIENT$§W;;;;;;;;;
GIVEMILITARYACCESS_THEY_ACCEPT_4;should be allowed Military Access to our nation.;doivent bénéficier d'un accès militaire ?notre pays.;Durchmarscherlaubnis durch unsere Nation zu erlauben.;;deberían tener acceso militar a nuestra nación.;;;;;;;;;
GIVEMILITARYACCESS_THEY_ACCEPT_5;*;*;*;;*;;;;;;;;;
GIVEMILITARYACCESS_THEY_ACCEPT_6;We hope they all perish in a pointless war.;Nous espérons qu'ils vont tous périr au cours de cette guerre inutile.;Wir hoffen, sie verrecken alle in einem sinnlosen Krieg.;;Esperamos que todos perezcan en una guerra inútil.;;;;;;;;;
GIVEMILITARYACCESS_THEY_ACCEPT_BTN1;OK;D'accord;OK;OK;;Aceptar;;;;;;;;
GIVEMILITARYACCESS_THEY_ACCEPT_BTN2;OK;D'accord;OK;OK;;Aceptar;;;;;;;;
GIVEMILITARYACCESS_THEY_ACCEPT_BTN3;Go to;Voir;Goto;;Ir all?;;;;;;;;;
GIVEMILITARYACCESS_WE_ACCEPT_HEADER;$MESSENGER$;$MESSENGER$;$MESSENGER$;;$MESSENGER$;;;;;;;;;
GIVEMILITARYACCESS_WE_ACCEPT_1;Military Access.;Accès militaire.;Durchmarscherlaubnis.;;Acceso militar.;;;;;;;;;
GIVEMILITARYACCESS_WE_ACCEPT_2;$MONARCHTITLE$, out of fear of our mighty armies;$MONARCHTITLE$, par peur de nos puissantes armées,;Aus Furcht vor unseren gewaltigen Armeen hat;;$MONARCHTITLE$, lejos de temer a nuestros potentes ejércitos;;;;;;;;;
GIVEMILITARYACCESS_WE_ACCEPT_3;§Y$ACTOR$§W;§Y$ACTOR$§W;§Y$ACTOR$§W;;§Y$ACTOR$§W;;;;;;;;;
GIVEMILITARYACCESS_WE_ACCEPT_4;has offered us Military Access which we have decided to accept.;nous a propos?un accès militaire que nous avons décid?d'accepter.;uns Durchmarscherlaubnis gewährt, die wir akzeptierten.;;nos ha ofrecido acceso militar y hemos decidido aceptarlo.;;;;;;;;;
GIVEMILITARYACCESS_WE_ACCEPT_5;*;*;*;;*;;;;;;;;;
GIVEMILITARYACCESS_WE_ACCEPT_6;Let us hope they remember their place;Espérons qu'ils resteront ?leur place.;Hoffen wir, dass sie wissen, wo ihr Platz ist;;Esperamos que recuerden cuál es su lugar;;;;;;;;;
GIVEMILITARYACCESS_WE_ACCEPT_BTN1;OK;D'accord;OK;OK;;Aceptar;;;;;;;;
GIVEMILITARYACCESS_WE_ACCEPT_BTN2;OK;D'accord;OK;OK;;Aceptar;;;;;;;;
GIVEMILITARYACCESS_WE_ACCEPT_BTN3;Go to;Voir;Goto;;Ir all?;;;;;;;;;
GIVEMILITARYACCESS_OTHER_ACCEPT_HEADER;The Foreign Minister reports;Le ministre des Affaires étrangères indique :;Der Außenminister berichtet:;;El ministro de exteriores informa;;;;;;;;;
GIVEMILITARYACCESS_OTHER_ACCEPT_1;§Y$ACTOR$§W;§Y$ACTOR$§W;§Y$ACTOR$§W;;§Y$ACTOR$§W;;;;;;;;;
GIVEMILITARYACCESS_OTHER_ACCEPT_2;$MONARCHTITLE$;$MONARCHTITLE$;*;;$MONARCHTITLE$,;;;;;;;;;
GIVEMILITARYACCESS_OTHER_ACCEPT_3;§Y$RECIPIENT$§W;§Y$RECIPIENT$§W ;§Y$RECIPIENT$§W;;§Y$RECIPIENT$§W;;;;;;;;;
GIVEMILITARYACCESS_OTHER_ACCEPT_4;have accepted Military Access offered by;a accept?l'offre d'accès militaire faite par;haben die Durchmarscherlaubnis akzeptiert, die;;ha aceptado el acceso militar ofrecido por;;;;;;;;;
GIVEMILITARYACCESS_OTHER_ACCEPT_5;§Y$ACTOR$§W;§Y$ACTOR$§W.;§Y$ACTOR$§W anbot.;;§Y$ACTOR$§W;;;;;;;;;
GIVEMILITARYACCESS_OTHER_ACCEPT_6;The actions of such minor states as §Y$ACTOR$§W are usually beneath our notice.;Les mesures prises par un pays aussi insignifiant que §Y$ACTOR$§W n'ont généralement aucun intérêt pour nous.;Die Handlungen solch winziger Staaten wie §Y$ACTOR$§W sind üblicherweise unterhalb unseres Radars.;;Las acciones de esos estados menores como §Y$ACTOR$§W suelen pasar desapercibidas.;;;;;;;;;
GIVEMILITARYACCESS_OTHER_ACCEPT_BTN1;OK;D'accord;OK;OK;;Aceptar;;;;;;;;
GIVEMILITARYACCESS_OTHER_ACCEPT_BTN2;OK;D'accord;OK;OK;;Aceptar;;;;;;;;
GIVEMILITARYACCESS_OTHER_ACCEPT_BTN3;Go to;Voir;Goto;;Ir all?;;;;;;;;;
GIVEMILITARYACCESS_THEY_DECLINE_HEADER;The Foreign Minister reports;Le ministre des Affaires étrangères indique :;Der Außenminister berichtet:;;El ministro de exteriores informa;;;;;;;;;
GIVEMILITARYACCESS_THEY_DECLINE_1;§Y$RECIPIENT$§W;§Y$RECIPIENT$§W ;§Y$RECIPIENT$§W;;§Y$RECIPIENT$§W;;;;;;;;;
GIVEMILITARYACCESS_THEY_DECLINE_2;$MONARCHTITLE$ we were surprised to learn that ;$MONARCHTITLE$, nous avons ét?surpris d'apprendre que ;Mit Überraschung mussten wir hören, dass;;$MONARCHTITLE$, nos sorprende saber que ;;;;;;;;;
GIVEMILITARYACCESS_THEY_DECLINE_3;§Y$RECIPIENT$§W;§Y$RECIPIENT$§W ;§Y$RECIPIENT$§W;;§Y$RECIPIENT$§W;;;;;;;;;
GIVEMILITARYACCESS_THEY_DECLINE_4;has somehow refused our generous offer of Military Access.;a refus?notre offre d'accès militaire.;aus irgendeinem Grunde unser großzügiges Angebot über Durchmarscherlaubnis abgelehnt hat.;;ha rechazado nuestra oferta generosa de acceso militar.;;;;;;;;;
GIVEMILITARYACCESS_THEY_DECLINE_5;*;*;*;;*;;;;;;;;;
GIVEMILITARYACCESS_THEY_DECLINE_6;We will need to try to find another means of snaring them in our web.;Nous allons devoir trouver d'autres moyens de les attirer dans nos filets.;Wir werden andere Möglichkeiten finden müssen, sie an unseren Busen zu holen.;;Buscaremos otro modo de atraparlos en nuestra red.;;;;;;;;;
GIVEMILITARYACCESS_THEY_DECLINE_BTN1;OK;D'accord;OK;OK;;Aceptar;;;;;;;;
GIVEMILITARYACCESS_THEY_DECLINE_BTN2;OK;D'accord;OK;OK;;Aceptar;;;;;;;;
GIVEMILITARYACCESS_THEY_DECLINE_BTN3;Go to;Voir;Goto;;Ir all?;;;;;;;;;
GIVEMILITARYACCESS_WE_DECLINE_HEADER;$MESSENGER$;$MESSENGER$;$MESSENGER$;;$MESSENGER$;;;;;;;;;
GIVEMILITARYACCESS_WE_DECLINE_1;Military Access.;Accès militaire.;Durchmarscherlaubnis.;;Acceso militar.;;;;;;;;;
GIVEMILITARYACCESS_WE_DECLINE_2;$MONARCHTITLE$, we have found that;$MONARCHTITLE$, nous trouvons la proposition de;Wir haben entdeckt, dass;;$MONARCHTITLE$, hemos decidido que;;;;;;;;;
GIVEMILITARYACCESS_WE_DECLINE_3;§Y$ACTOR$§W's;§Y$ACTOR$§W;§Y$ACTOR$§Ws;;la propuesta de §Y$ACTOR$§W de;;;;;;;;;
GIVEMILITARYACCESS_WE_DECLINE_4;invitation to host our troops was unworthy;d'accueillir nos troupes indigne de notre nation.;Einladung an unsere Truppen es nicht wert war;;ser anfitrión de nuestras tropas no valía la pena;;;;;;;;;
GIVEMILITARYACCESS_WE_DECLINE_5;*;*;*;;*;;;;;;;;;
GIVEMILITARYACCESS_WE_DECLINE_6;These upstart nations should learn their place.;Ces nouveaux-venus devraient apprendre ?rester ?leur place.;Diese Emporkömmlingsländer sollten lernen, wo ihr Platz ist.;;Estas naciones incipientes deberían aprender cuál es el sitio que les corresponde.;;;;;;;;;
GIVEMILITARYACCESS_WE_DECLINE_BTN1;OK;D'accord;OK;OK;;Aceptar;;;;;;;;
GIVEMILITARYACCESS_WE_DECLINE_BTN2;OK;D'accord;OK;OK;;Aceptar;;;;;;;;
GIVEMILITARYACCESS_WE_DECLINE_BTN3;Go to;Voir;Goto;;Ir all?;;;;;;;;;
GIVEMILITARYACCESS_OTHER_DECLINE_HEADER;The Foreign Minister reports;Le ministre des Affaires étrangères indique :;Der Außenminister berichtet:;;El ministro de exteriores informa;;;;;;;;;
GIVEMILITARYACCESS_OTHER_DECLINE_1;§Y$RECIPIENT$§W;§Y$RECIPIENT$§W ;§Y$RECIPIENT$§W;;§Y$RECIPIENT$§W;;;;;;;;;
GIVEMILITARYACCESS_OTHER_DECLINE_2;$MONARCHTITLE$;$MONARCHTITLE$;*;;$MONARCHTITLE$,;;;;;;;;;
GIVEMILITARYACCESS_OTHER_DECLINE_3;§Y$RECIPIENT$§W;§Y$RECIPIENT$§W ;§Y$RECIPIENT$§W;;§Y$RECIPIENT$§W;;;;;;;;;
GIVEMILITARYACCESS_OTHER_DECLINE_4;refused the offer of Military Access offered by;a refus?l'offre d'accès militaire faite par;wies das Angebot über Durchmarscherlaubnis von;;rechaz?la oferta de tratado de acceso militar ofrecido por;;;;;;;;;
GIVEMILITARYACCESS_OTHER_DECLINE_5;§Y$ACTOR$§W;§Y$ACTOR$§W.;§Y$ACTOR$§W zurück;;§Y$ACTOR$§W;;;;;;;;;
GIVEMILITARYACCESS_OTHER_DECLINE_6;The more disharmony there is between the nations, the better.;Plus leurs relations sont mauvaises, mieux ça vaut.;Je mehr Zwist zwischen den Nationen, desto besser.;;Cuanta más discordia haya entre las naciones, mejor.;;;;;;;;;
GIVEMILITARYACCESS_OTHER_DECLINE_BTN1;OK;D'accord;OK;OK;;Aceptar;;;;;;;;
GIVEMILITARYACCESS_OTHER_DECLINE_BTN2;OK;D'accord;OK;OK;;Aceptar;;;;;;;;
GIVEMILITARYACCESS_OTHER_DECLINE_BTN3;Go to;Voir;Goto;;Ir all?;;;;;;;;;
DISCREDIT_THEY_ACCEPT_HEADER;The Foreign Minister reports;Le ministre des Affaires étrangères indique :;Der Außenminister berichtet:;;El ministro de exteriores informa;;;;;;;;;
DISCREDIT_THEY_ACCEPT_1;§Y$RECIPIENT$§W;§Y$RECIPIENT$§W ;§Y$RECIPIENT$§W;;§Y$RECIPIENT$§W;;;;;;;;;
DISCREDIT_THEY_ACCEPT_2;$MONARCHTITLE$, we managed to;$MONARCHTITLE$, nous avons réussi ?Uns gelang;;$MONARCHTITLE$, hemos conseguido;;;;;;;;;;
DISCREDIT_THEY_ACCEPT_3;discredit the name of §Y$TARGET$§W in §Y$RECIPIENT$§W.;discréditer le nom de §Y$TARGET$§W aux yeux de §Y$RECIPIENT$§W.;die Diskreditierung des Namens von §Y$TARGET$§W in §Y$RECIPIENT$§W.;;desacreditar a §Y$TARGET$§W en §Y$RECIPIENT$§W.;;;;;;;;;
DISCREDIT_THEY_ACCEPT_4;This will severely limit their influence there!;Cela limitera considérablement leur influence sur place !;Dies wird ihren Einfluss dort stark einschränken!;;¡Su influencia all?se ver?afectada!;;;;;;;;;
DISCREDIT_THEY_ACCEPT_5;*;*;*;*;*;*;*;;;;;;;
DISCREDIT_THEY_ACCEPT_6;*;*;*;*;*;*;*;;;;;;;
DISCREDIT_THEY_ACCEPT_BTN1;OK;D'accord;OK;OK;;Aceptar;;;;;;;;
DISCREDIT_THEY_ACCEPT_BTN2;OK;D'accord;OK;OK;;Aceptar;;;;;;;;
DISCREDIT_THEY_ACCEPT_BTN3;Go to;Voir;Goto;;Ir all?;;;;;;;;;
DISCREDIT_WE_ACCEPT_HEADER;The Foreign Minister reports;Le ministre des Affaires étrangères indique :;Der Außenminister berichtet:;;El ministro de exteriores informa;;;;;;;;;
DISCREDIT_WE_ACCEPT_1;§Y$ACTOR$§W;§Y$ACTOR$§W;§Y$ACTOR$§W;;§Y$ACTOR$§W;;;;;;;;;
DISCREDIT_WE_ACCEPT_2;$MONARCHTITLE$, §Y$ACTOR$§W has told;$MONARCHTITLE$, §Y$ACTOR$§W nous a dit;§Y$ACTOR$§W hat berichtet, dass;;$MONARCHTITLE$, §Y$ACTOR$§W nos ha informado de que;;;;;;;;;
DISCREDIT_WE_ACCEPT_3;us that §Y$TARGET$§W has bad intentions;que §Y$TARGET$§W avait de mauvaises intentions;dass §Y$TARGET$§W schlechte Absichten;;§Y$TARGET$§W tiene malas intenciones;;;;;;;;;
DISCREDIT_WE_ACCEPT_4;regarding our country!;?l'égard de notre pays.;unserem Land gegenüber hegt!;;con respecto a nuestro país.;;;;;;;;;
DISCREDIT_WE_ACCEPT_5;We should limit their influence and watch them closely.;Nous devrions limiter leur influence et les surveiller de près.;Wir sollten ihren Einfluss einschränken und sie genau beobachten.;;Deberíamos limitar su influencia y vigilarlos de cerca.;;;;;;;;;
DISCREDIT_WE_ACCEPT_6;*;*;*;*;*;*;*;;;;;;;
DISCREDIT_WE_ACCEPT_BTN1;OK;D'accord;OK;OK;;Aceptar;;;;;;;;
DISCREDIT_WE_ACCEPT_BTN2;OK;D'accord;OK;OK;;Aceptar;;;;;;;;
DISCREDIT_WE_ACCEPT_BTN3;Go to;Voir;Goto;;Ir all?;;;;;;;;;
DISCREDIT_OTHER_ACCEPT_HEADER;The Foreign Minister reports;Le ministre des Affaires étrangères indique :;Der Außenminister berichtet:;;El ministro de exteriores informa;;;;;;;;;
DISCREDIT_OTHER_ACCEPT_1;§Y$RECIPIENT$§W;§Y$RECIPIENT$§W ;§Y$RECIPIENT$§W;;§Y$RECIPIENT$§W;;;;;;;;;
DISCREDIT_OTHER_ACCEPT_2;$MONARCHTITLE$, we found out;$MONARCHTITLE$, nous avons découvert;Wir haben herausgefunden,;;$MONARCHTITLE$, hemos descubierto;;;;;;;;;
DISCREDIT_OTHER_ACCEPT_3;that §Y$ACTOR$§W has discredited;que §Y$ACTOR$§W a discrédit?dass §Y$ACTOR$§W;;que §Y$ACTOR$§W ha desacreditado;;;;;;;;;;
DISCREDIT_OTHER_ACCEPT_4;§Y$TARGET$§W in §Y$RECIPIENT$§W.;§Y$TARGET$§W aux yeux de §Y$RECIPIENT$§W.;§Y$TARGET$§W in §Y$RECIPIENT$§W in Verruf gebracht hat.;;a §Y$TARGET$§W en §Y$RECIPIENT$§W.;;;;;;;;;
DISCREDIT_OTHER_ACCEPT_5;This will limit their influence over them.;Cela limitera leur influence sur eux.;Dies wird ihren Einfluss über sie einschränken.;;Esto limitar?su influencia sobre ellos.;;;;;;;;;
DISCREDIT_OTHER_ACCEPT_6;*;*;*;*;*;*;*;;;;;;;
DISCREDIT_OTHER_ACCEPT_BTN1;OK;D'accord;OK;OK;;Aceptar;;;;;;;;
DISCREDIT_OTHER_ACCEPT_BTN2;OK;D'accord;OK;OK;;Aceptar;;;;;;;;
DISCREDIT_OTHER_ACCEPT_BTN3;Go to;Voir;Goto;;Ir all?;;;;;;;;;
EXPELADVISORS_THEY_ACCEPT_HEADER;The Foreign Minister reports;Le ministre des Affaires étrangères indique :;Der Außenminister berichtet:;;El ministro de exteriores informa;;;;;;;;;
EXPELADVISORS_THEY_ACCEPT_1;§Y$RECIPIENT$§W;§Y$RECIPIENT$§W ;§Y$RECIPIENT$§W;;§Y$RECIPIENT$§W;;;;;;;;;
EXPELADVISORS_THEY_ACCEPT_2;$MONARCHTITLE$, we managed to convince;$MONARCHTITLE$, nous avons réussi ?convaincre;Uns gelang die Überzeugung von;;$MONARCHTITLE$, hemos conseguido convencer;;;;;;;;;
EXPELADVISORS_THEY_ACCEPT_3;§Y$RECIPIENT$§W to expel all advisors from;§Y$RECIPIENT$§W d'expulser tous les conseillers de;§Y$RECIPIENT$§W zur Ausweisung sämtlicher Berater aus;;a §Y$RECIPIENT$§W de que expulse a todos los consejeros de;;;;;;;;;
EXPELADVISORS_THEY_ACCEPT_4;§Y$TARGET$§W;§Y$TARGET$§W;§Y$TARGET$§W;;§Y$TARGET$§W.;;;;;;;;;
EXPELADVISORS_THEY_ACCEPT_5;§Y$RECIPIENT$§W is now free of all of their influence!;§Y$RECIPIENT$§W n'est désormais plus sous leur influence.;§Y$RECIPIENT$§W hat sich nun komplett ihres Einflusses entledigt!;;Ahora, §Y$RECIPIENT$§W es libre de su influencia.;;;;;;;;;
EXPELADVISORS_THEY_ACCEPT_6;*;*;*;*;*;*;*;;;;;;;
EXPELADVISORS_THEY_ACCEPT_BTN1;OK;D'accord;OK;OK;;Aceptar;;;;;;;;
EXPELADVISORS_THEY_ACCEPT_BTN2;OK;D'accord;OK;OK;;Aceptar;;;;;;;;
EXPELADVISORS_THEY_ACCEPT_BTN3;Go to;Voir;Goto;;Ir all?;;;;;;;;;
EXPELADVISORS_WE_ACCEPT_HEADER;The Foreign Minister reports;Le ministre des Affaires étrangères indique :;Der Außenminister berichtet:;;El ministro de exteriores informa;;;;;;;;;
EXPELADVISORS_WE_ACCEPT_1;§Y$ACTOR$§W;§Y$ACTOR$§W;§Y$ACTOR$§W;;§Y$ACTOR$§W;;;;;;;;;
EXPELADVISORS_WE_ACCEPT_2;$MONARCHTITLE$, §Y$ACTOR$§W convinced us;$MONARCHTITLE$, §Y$ACTOR$§W nous a convaincus;§Y$ACTOR$§W hat uns zu Folgendem überzeugt:;;$MONARCHTITLE$, §Y$ACTOR$§W nos ha convencido;;;;;;;;;
EXPELADVISORS_WE_ACCEPT_3;to expel all advisors from;d'expulser tous les conseillers de;Die Ausweisung sämtlicher Berater aus;;de que expulsemos a todos los consejeros de;;;;;;;;;
EXPELADVISORS_WE_ACCEPT_4;§Y$TARGET$§W;§Y$TARGET$§W;§Y$TARGET$§W;;§Y$TARGET$§W.;;;;;;;;;
EXPELADVISORS_WE_ACCEPT_5;We are no longer subject to their influence.;Nous ne sommes plus soumis ?leur influence.;Wir stehen nun nicht mehr unter ihrem Einfluss.;;Ya no tienen influencia sobre nosotros.;;;;;;;;;
EXPELADVISORS_WE_ACCEPT_6;*;*;*;*;*;*;*;;;;;;;
EXPELADVISORS_WE_ACCEPT_BTN1;OK;D'accord;OK;OK;;Aceptar;;;;;;;;
EXPELADVISORS_WE_ACCEPT_BTN2;OK;D'accord;OK;OK;;Aceptar;;;;;;;;
EXPELADVISORS_WE_ACCEPT_BTN3;Go to;Voir;Goto;;Ir all?;;;;;;;;;
EXPELADVISORS_OTHER_ACCEPT_HEADER;The Foreign Minister reports;Le ministre des Affaires étrangères indique :;Der Außenminister berichtet:;;El ministro de exteriores informa;;;;;;;;;
EXPELADVISORS_OTHER_ACCEPT_1;§Y$RECIPIENT$§W;§Y$RECIPIENT$§W ;§Y$RECIPIENT$§W;;§Y$RECIPIENT$§W;;;;;;;;;
EXPELADVISORS_OTHER_ACCEPT_2;$MONARCHTITLE$, we heard that;$MONARCHTITLE$, il paraît que;Wir hörten von;;$MONARCHTITLE$, nos hemos enterado de que;;;;;;;;;
EXPELADVISORS_OTHER_ACCEPT_3;§Y$ACTOR$§W convinced §Y$RECIPIENT$§W;§Y$ACTOR$§W a convaincu §Y$RECIPIENT$§W;§Y$ACTOR$§Ws Überzeugung von §Y$RECIPIENT$§W,;;§Y$ACTOR$§W ha convencido a §Y$RECIPIENT$§W;;;;;;;;;
EXPELADVISORS_OTHER_ACCEPT_4;to expel all advisors from §Y$TARGET$§W;d'expulser tous les conseillers de §Y$TARGET$§W;sämtliche Berater aus §Y$TARGET$§W auszuweisen.;;de que expulse a todos los consejeros de §Y$TARGET$§W.;;;;;;;;;
EXPELADVISORS_OTHER_ACCEPT_5;§Y$RECIPIENT$§W is now free of all of their influence.;§Y$RECIPIENT$§W n'est désormais plus sous leur influence.;§Y$RECIPIENT$§W hat sich nun komplett ihres Einflusses entledigt.;;Ahora, §Y$RECIPIENT$§W es libre de su influencia.;;;;;;;;;
EXPELADVISORS_OTHER_ACCEPT_6;*;*;*;*;*;*;*;;;;;;;
EXPELADVISORS_OTHER_ACCEPT_BTN1;OK;D'accord;OK;OK;;Aceptar;;;;;;;;
EXPELADVISORS_OTHER_ACCEPT_BTN2;OK;D'accord;OK;OK;;Aceptar;;;;;;;;
EXPELADVISORS_OTHER_ACCEPT_BTN3;Go to;Voir;Goto;;Ir all?;;;;;;;;;
BANEMBASSY_THEY_ACCEPT_HEADER;The Foreign Minister reports;Le ministre des Affaires étrangères indique :;Der Außenminister berichtet:;;El ministro de exteriores informa;;;;;;;;;
BANEMBASSY_THEY_ACCEPT_1;§Y$RECIPIENT$§W;§Y$RECIPIENT$§W ;§Y$RECIPIENT$§W;;§Y$RECIPIENT$§W;;;;;;;;;
BANEMBASSY_THEY_ACCEPT_2;$MONARCHTITLE$, we managed to;$MONARCHTITLE$, nous avons réussi ?Es ist uns gelungen,;;$MONARCHTITLE$, hemos conseguido;;;;;;;;;;
BANEMBASSY_THEY_ACCEPT_3;ban the ambassadors of §Y$TARGET$§W in §Y$RECIPIENT$§W.;expulser les ambassadeurs de §Y$TARGET$§W de §Y$RECIPIENT$§W.;die Botschafter von §Y$TARGET$§W in §Y$RECIPIENT$§W zu verbannen.;;expulsar a los embajadores de §Y$TARGET$§W en §Y$RECIPIENT$§W.;;;;;;;;;
BANEMBASSY_THEY_ACCEPT_4;We won't be seeing them there again anytime soon!;Nous ne sommes pas près de les revoir !;Hier werden wir sie sicherlich nicht mehr so schnell sehen!;;¡No volveremos a verlos hasta dentro de algún tiempo!;;;;;;;;;
BANEMBASSY_THEY_ACCEPT_5;*;*;*;*;*;*;*;;;;;;;
BANEMBASSY_THEY_ACCEPT_6;*;*;*;*;*;*;*;;;;;;;
BANEMBASSY_THEY_ACCEPT_BTN1;OK;D'accord;OK;OK;;Aceptar;;;;;;;;
BANEMBASSY_THEY_ACCEPT_BTN2;OK;D'accord;OK;OK;;Aceptar;;;;;;;;
BANEMBASSY_THEY_ACCEPT_BTN3;Go to;Voir;Goto;;Ir all?;;;;;;;;;
BANEMBASSY_WE_ACCEPT_HEADER;The Foreign Minister reports;Le ministre des Affaires étrangères indique :;Der Außenminister berichtet:;;El ministro de exteriores informa;;;;;;;;;
BANEMBASSY_WE_ACCEPT_1;§Y$ACTOR$§W;§Y$ACTOR$§W;§Y$ACTOR$§W;;§Y$ACTOR$§W;;;;;;;;;
BANEMBASSY_WE_ACCEPT_2;$MONARCHTITLE$, §Y$ACTOR$§W convinced us to;$MONARCHTITLE$, §Y$ACTOR$§W nous a convaincus;§Y$ACTOR$§W überzeugte uns,;;$MONARCHTITLE$, §Y$ACTOR$§W nos ha convencido;;;;;;;;;
BANEMBASSY_WE_ACCEPT_3;ban the ambassadors of §Y$TARGET$§W.;d'expulser les ambassadeurs de §Y$TARGET$§W.;die Botschafter von §Y$TARGET$§W zu verbannen.;;de que expulsemos a los embajadores de §Y$TARGET$§W.;;;;;;;;;
BANEMBASSY_WE_ACCEPT_4;It's about time we got rid of their influence!;Il était temps de nous dégager de leur influence !;Es war auch an der Zeit, dass wir uns ihres Einflusses entledigten!;;¡Ya era hora de que nos libráramos de su influencia!;;;;;;;;;
BANEMBASSY_WE_ACCEPT_5;*;*;*;*;*;*;*;;;;;;;
BANEMBASSY_WE_ACCEPT_6;*;*;*;*;*;*;*;;;;;;;
BANEMBASSY_WE_ACCEPT_BTN1;OK;D'accord;OK;OK;;Aceptar;;;;;;;;
BANEMBASSY_WE_ACCEPT_BTN2;OK;D'accord;OK;OK;;Aceptar;;;;;;;;
BANEMBASSY_WE_ACCEPT_BTN3;Go to;Voir;Goto;;Ir all?;;;;;;;;;
BANEMBASSY_OTHER_ACCEPT_HEADER;The Foreign Minister reports;Le ministre des Affaires étrangères indique :;Der Außenminister berichtet:;;El ministro de exteriores informa;;;;;;;;;
BANEMBASSY_OTHER_ACCEPT_1;§Y$RECIPIENT$§W;§Y$RECIPIENT$§W ;§Y$RECIPIENT$§W;;§Y$RECIPIENT$§W;;;;;;;;;
BANEMBASSY_OTHER_ACCEPT_2;$MONARCHTITLE$, we heard that §Y$ACTOR$§W;$MONARCHTITLE$, il paraît que §Y$ACTOR$§W;Wir hörten, dass §Y$ACTOR$§W;;$MONARCHTITLE$, nos hemos enterado de que §Y$ACTOR$§W;;;;;;;;;
BANEMBASSY_OTHER_ACCEPT_3;managed to ban the ambassadors of §Y$TARGET$§W;a réussi ?expulser les ambassadeurs de §Y$TARGET$§W;es geschafft hat, die Botschafter von §Y$TARGET$§W;;ha logrado expulsar a los embajadores de §Y$TARGET$§W;;;;;;;;;
BANEMBASSY_OTHER_ACCEPT_4;in §Y$RECIPIENT$§W.;?§Y$RECIPIENT$§W.;in §Y$RECIPIENT$§W zu verbannen.;;de §Y$RECIPIENT$§W.;;;;;;;;;
BANEMBASSY_OTHER_ACCEPT_5;It seems that §Y$RECIPIENT$§W just does whatever;Il semble que §Y$RECIPIENT$§W fasse les quatre volontés de;Es scheint, dass §Y$RECIPIENT$§W genau das macht,;;Parece que §Y$RECIPIENT$§W hace todo lo que;;;;;;;;;
BANEMBASSY_OTHER_ACCEPT_6;§Y$ACTOR$§W wants them to do.;§Y$ACTOR$§W.;was §Y$ACTOR$§W ihnen aufträgt.;;§Y$ACTOR$§W le pide que haga.;;;;;;;;;
BANEMBASSY_OTHER_ACCEPT_BTN1;OK;D'accord;OK;OK;;Aceptar;;;;;;;;
BANEMBASSY_OTHER_ACCEPT_BTN2;OK;D'accord;OK;OK;;Aceptar;;;;;;;;
BANEMBASSY_OTHER_ACCEPT_BTN3;Go to;Voir;Goto;;Ir all?;;;;;;;;;
ADDTOSPHERE_THEY_ACCEPT_HEADER;The Foreign Minister reports;Le ministre des Affaires étrangères indique :;Der Außenminister berichtet:;;El ministro de exteriores informa;;;;;;;;;
ADDTOSPHERE_THEY_ACCEPT_1;§Y$RECIPIENT$§W;§Y$RECIPIENT$§W ;§Y$RECIPIENT$§W;;§Y$RECIPIENT$§W;;;;;;;;;
ADDTOSPHERE_THEY_ACCEPT_2;$MONARCHTITLE$, we have included;$MONARCHTITLE$, nous avons inclus;Wir haben;;$MONARCHTITLE$, hemos agregado a;;;;;;;;;
ADDTOSPHERE_THEY_ACCEPT_3;§Y$RECIPIENT$§W in our Sphere of Influence.;§Y$RECIPIENT$§W ?notre sphère d'influence.;§Y$RECIPIENT$§W in unsere Einflusssphäre aufgenommen.;;§Y$RECIPIENT$§W a nuestra esfera de influencia.;;;;;;;;;
ADDTOSPHERE_THEY_ACCEPT_4;*;*;*;*;*;*;*;;;;;;;
ADDTOSPHERE_THEY_ACCEPT_5;*;*;*;*;*;*;*;;;;;;;
ADDTOSPHERE_THEY_ACCEPT_6;*;*;*;*;*;*;*;;;;;;;
ADDTOSPHERE_THEY_ACCEPT_BTN1;OK;D'accord;OK;OK;;Aceptar;;;;;;;;
ADDTOSPHERE_THEY_ACCEPT_BTN2;OK;D'accord;OK;OK;;Aceptar;;;;;;;;
ADDTOSPHERE_THEY_ACCEPT_BTN3;Go to;Voir;Goto;;Ir all?;;;;;;;;;
ADDTOSPHERE_WE_ACCEPT_HEADER;The Foreign Minister reports;Le ministre des Affaires étrangères indique :;Der Außenminister berichtet:;;El ministro de exteriores informa;;;;;;;;;
ADDTOSPHERE_WE_ACCEPT_1;§Y$RECIPIENT$§W;§Y$RECIPIENT$§W ;§Y$RECIPIENT$§W;;§Y$RECIPIENT$§W;;;;;;;;;
ADDTOSPHERE_WE_ACCEPT_2;$MONARCHTITLE$, we have been included in;$MONARCHTITLE$, nous avons ét?inclus ?Wir wurden;;$MONARCHTITLE$, nos han agregado a;;;;;;;;;;
ADDTOSPHERE_WE_ACCEPT_3;the Sphere of Influence of §Y$ACTOR$§W.;la sphère d'influence de §Y$ACTOR$§W.;in die Einflusssphäre von §Y$ACTOR$§W aufgenommen.;;la esfera de influencia de §Y$ACTOR$§W.;;;;;;;;;
ADDTOSPHERE_WE_ACCEPT_4;*;*;*;*;*;*;*;;;;;;;
ADDTOSPHERE_WE_ACCEPT_5;*;*;*;*;*;*;*;;;;;;;
ADDTOSPHERE_WE_ACCEPT_6;*;*;*;*;*;*;*;;;;;;;
ADDTOSPHERE_WE_ACCEPT_BTN1;OK;D'accord;OK;OK;;Aceptar;;;;;;;;
ADDTOSPHERE_WE_ACCEPT_BTN2;OK;D'accord;OK;OK;;Aceptar;;;;;;;;
ADDTOSPHERE_WE_ACCEPT_BTN3;Go to;Voir;Goto;;Ir all?;;;;;;;;;
ADDTOSPHERE_OTHER_ACCEPT_HEADER;The Foreign Minister reports;Le ministre des Affaires étrangères indique :;Der Außenminister berichtet:;;El ministro de exteriores informa;;;;;;;;;
ADDTOSPHERE_OTHER_ACCEPT_1;§Y$RECIPIENT$§W;§Y$RECIPIENT$§W ;§Y$RECIPIENT$§W;;§Y$RECIPIENT$§W;;;;;;;;;
ADDTOSPHERE_OTHER_ACCEPT_2;$MONARCHTITLE$, we heard news that;$MONARCHTITLE$, il paraît que;Wir hörten die Neuigkeit, dass;;$MONARCHTITLE$, nos hemos enterado de que;;;;;;;;;
ADDTOSPHERE_OTHER_ACCEPT_3;§Y$RECIPIENT$§W has been included in the ;§Y$RECIPIENT$§W a ét?inclus ?;§Y$RECIPIENT$§W in die Einflusssphäre;;han agregado a §Y$RECIPIENT$§W a ;;;;;;;;;
ADDTOSPHERE_OTHER_ACCEPT_4;Sphere of Influence of §Y$ACTOR$§W.;la sphère d'influence de §Y$ACTOR$§W.;von §Y$ACTOR$§W aufgenommen worden ist.;;la esfera de influencia de §Y$ACTOR$§W.;;;;;;;;;
ADDTOSPHERE_OTHER_ACCEPT_5;*;*;*;*;*;*;*;;;;;;;
ADDTOSPHERE_OTHER_ACCEPT_6;*;*;*;*;*;*;*;;;;;;;
ADDTOSPHERE_OTHER_ACCEPT_BTN1;OK;D'accord;OK;OK;;Aceptar;;;;;;;;
ADDTOSPHERE_OTHER_ACCEPT_BTN2;OK;D'accord;OK;OK;;Aceptar;;;;;;;;
ADDTOSPHERE_OTHER_ACCEPT_BTN3;Go to;Voir;Goto;;Ir all?;;;;;;;;;
REMOVEFROMSPHERE_THEY_ACCEPT_HEADER;The Foreign Minister reports;Le ministre des Affaires étrangères indique :;Der Außenminister berichtet:;;El ministro de exteriores informa;;;;;;;;;
REMOVEFROMSPHERE_THEY_ACCEPT_1;§Y$RECIPIENT$§W;§Y$RECIPIENT$§W ;§Y$RECIPIENT$§W;;§Y$RECIPIENT$§W;;;;;;;;;
REMOVEFROMSPHERE_THEY_ACCEPT_2;$MONARCHTITLE$, we managed to remove;$MONARCHTITLE$, nous avons réussi ?retirer;Es ist uns gelungen,;;$MONARCHTITLE$, hemos conseguido sacar a;;;;;;;;;
REMOVEFROMSPHERE_THEY_ACCEPT_3;§Y$RECIPIENT$§W from the Sphere of Influence of §Y$TARGET$§W.;§Y$RECIPIENT$§W de la sphère d'influence de §Y$TARGET$§W.;§Y$RECIPIENT$§W aus der Einflusssphäre von §Y$TARGET$§W zu entfernen.;;§Y$RECIPIENT$§W de la esfera de influencia de §Y$TARGET$§W.;;;;;;;;;
REMOVEFROMSPHERE_THEY_ACCEPT_4;*;*;*;*;*;*;*;;;;;;;
REMOVEFROMSPHERE_THEY_ACCEPT_5;*;*;*;*;*;*;*;;;;;;;
REMOVEFROMSPHERE_THEY_ACCEPT_6;*;*;*;*;*;*;*;;;;;;;
REMOVEFROMSPHERE_THEY_ACCEPT_BTN1;OK;D'accord;OK;OK;;Aceptar;;;;;;;;
REMOVEFROMSPHERE_THEY_ACCEPT_BTN2;OK;D'accord;OK;OK;;Aceptar;;;;;;;;
REMOVEFROMSPHERE_THEY_ACCEPT_BTN3;Go to;Voir;Goto;;Ir all?;;;;;;;;;
REMOVEFROMSPHERE_WE_ACCEPT_HEADER;The Foreign Minister reports;Le ministre des Affaires étrangères indique :;Der Außenminister berichtet:;;El ministro de exteriores informa;;;;;;;;;
REMOVEFROMSPHERE_WE_ACCEPT_1;§Y$ACTOR$§W;§Y$ACTOR$§W;§Y$ACTOR$§W;;§Y$ACTOR$§W;;;;;;;;;
REMOVEFROMSPHERE_WE_ACCEPT_2;$MONARCHTITLE$, §Y$ACTOR$§W managed to remove us;$MONARCHTITLE$, §Y$ACTOR$§W a réussi ?nous retirer;§Y$ACTOR$§W hat es geschafft, uns;;$MONARCHTITLE$, §Y$ACTOR$§W ha logrado sacarnos;;;;;;;;;
REMOVEFROMSPHERE_WE_ACCEPT_3;from the Sphere of Influence of §Y$TARGET$§W.;de la sphère d'influence de §Y$TARGET$§W.;aus der Einflusssphäre von §Y$TARGET$§W zu entfernen.;;de la esfera de influencia de §Y$TARGET$§W.;;;;;;;;;
REMOVEFROMSPHERE_WE_ACCEPT_4;*;*;*;*;*;*;*;;;;;;;
REMOVEFROMSPHERE_WE_ACCEPT_5;*;*;*;*;*;*;*;;;;;;;
REMOVEFROMSPHERE_WE_ACCEPT_6;*;*;*;*;*;*;*;;;;;;;
REMOVEFROMSPHERE_WE_ACCEPT_BTN1;OK;D'accord;OK;OK;;Aceptar;;;;;;;;
REMOVEFROMSPHERE_WE_ACCEPT_BTN2;OK;D'accord;OK;OK;;Aceptar;;;;;;;;
REMOVEFROMSPHERE_WE_ACCEPT_BTN3;Go to;Voir;Goto;;Ir all?;;;;;;;;;
REMOVEFROMSPHERE_OTHER_ACCEPT_HEADER;The Foreign Minister reports;Le ministre des Affaires étrangères indique :;Der Außenminister berichtet:;;El ministro de exteriores informa;;;;;;;;;
REMOVEFROMSPHERE_OTHER_ACCEPT_1;§Y$RECIPIENT$§W;§Y$RECIPIENT$§W ;§Y$RECIPIENT$§W;;§Y$RECIPIENT$§W;;;;;;;;;
REMOVEFROMSPHERE_OTHER_ACCEPT_2;$MONARCHTITLE$, we have been informed that;$MONARCHTITLE$, nous avons ét?informés que;Wir wurden informiert, dass;;$MONARCHTITLE$, nos han informado de que;;;;;;;;;
REMOVEFROMSPHERE_OTHER_ACCEPT_3;§Y$ACTOR$§W removed;§Y$ACTOR$§W a retir?§Y$ACTOR$§W;;§Y$ACTOR$§W ha sacado;;;;;;;;;;
REMOVEFROMSPHERE_OTHER_ACCEPT_4;§Y$RECIPIENT$§W from the;§Y$RECIPIENT$§W de la;§Y$RECIPIENT$§W aus der;;a §Y$RECIPIENT$§W de la;;;;;;;;;
REMOVEFROMSPHERE_OTHER_ACCEPT_5;Sphere of Influence of §Y$TARGET$§W.;sphère d'influence de §Y$TARGET$§W.;Einflusssphäre von §Y$TARGET$§W entfernt hat.;;esfera de influencia de §Y$TARGET$§W.;;;;;;;;;
REMOVEFROMSPHERE_OTHER_ACCEPT_6;*;*;*;*;*;*;*;;;;;;;
REMOVEFROMSPHERE_OTHER_ACCEPT_BTN1;OK;D'accord;OK;OK;;Aceptar;;;;;;;;
REMOVEFROMSPHERE_OTHER_ACCEPT_BTN2;OK;D'accord;OK;OK;;Aceptar;;;;;;;;
REMOVEFROMSPHERE_OTHER_ACCEPT_BTN3;Go to;Voir;Goto;;Ir all?;;;;;;;;;
CEASECOLONIZATION_THEY_ACCEPT_HEADER;The Foreign Minister reports;Le ministre des Affaires étrangères indique :;Der Außenminister berichtet:;;El ministro de exteriores informa;;;;;;;;;
CEASECOLONIZATION_THEY_ACCEPT_1;§Y$RECIPIENT$§W;§Y$RECIPIENT$§W ;§Y$RECIPIENT$§W;;§Y$RECIPIENT$§W;;;;;;;;;
CEASECOLONIZATION_THEY_ACCEPT_2;$MONARCHTITLE$, we agreed to cease colonization of;$MONARCHTITLE$, nous nous sommes engagés ?renoncer ?la colonisation de;Wir haben der Beendigung der Kolonisation von;;$MONARCHTITLE$, hemos accedido a poner fin a la colonización de;;;;;;;;;
CEASECOLONIZATION_THEY_ACCEPT_3;$ASTATE$. In return,;$ASTATE$. En échange,;$ASTATE$ zugestimmt. Als Gegenleistung;;$ASTATE$. A cambio,;;;;;;;;;
CEASECOLONIZATION_THEY_ACCEPT_4;§Y$RECIPIENT$§W agreed to cease colonizing;§Y$RECIPIENT$§W a accept?de cesser de coloniser;zeigte sich §Y$RECIPIENT$§W einverstanden mit dem Ende für ihre Kolonie in;;§Y$RECIPIENT$§W se ha comprometido a hacer lo propio en;;;;;;;;;
CEASECOLONIZATION_THEY_ACCEPT_5;$RSTATE$;$RSTATE$.;$RSTATE$;;$RSTATE$.;;;;;;;;;
CEASECOLONIZATION_THEY_ACCEPT_6;*;*;*;*;*;*;*;;;;;;;
CEASECOLONIZATION_THEY_ACCEPT_BTN1;OK;D'accord;OK;OK;;Aceptar;;;;;;;;
CEASECOLONIZATION_THEY_ACCEPT_BTN2;OK;D'accord;OK;OK;;Aceptar;;;;;;;;
CEASECOLONIZATION_THEY_ACCEPT_BTN3;Go to;Voir;Goto;;Ir all?;;;;;;;;;
CEASECOLONIZATION_WE_ACCEPT_HEADER;The Foreign Minister reports;Le ministre des Affaires étrangères indique :;Der Außenminister berichtet:;;El ministro de exteriores informa;;;;;;;;;
CEASECOLONIZATION_WE_ACCEPT_1;§Y$ACTOR$§W;§Y$ACTOR$§W;§Y$RECIPIENT$§W;;§Y$ACTOR$§W;;;;;;;;;
CEASECOLONIZATION_WE_ACCEPT_2;$MONARCHTITLE$, we agreed to cease colonization of;$MONARCHTITLE$, nous nous sommes engagés ?renoncer ?la colonisation de;Wir haben der Beendigung der Kolonisation von;;$MONARCHTITLE$, hemos accedido a poner fin a la colonización de;;;;;;;;;
CEASECOLONIZATION_WE_ACCEPT_3;$RSTATE$. In return,;$RSTATE$. En échange,;$ASTATE$ zugestimmt. Als Gegenleistung;;$RSTATE$. A cambio,;;;;;;;;;
CEASECOLONIZATION_WE_ACCEPT_4;§Y$ACTOR$§W agreed to cease colonizing;§Y$ACTOR$§W a accept?de cesser de coloniser;zeigte sich §Y$ACTOR$§W einverstanden mit dem Ende der Kolonie in;;§Y$ACTOR$§W se ha comprometido a hacer lo propio en;;;;;;;;;
CEASECOLONIZATION_WE_ACCEPT_5;$RSTATE$;$RSTATE$.;$RSTATE$;;$RSTATE$.;;;;;;;;;
CEASECOLONIZATION_WE_ACCEPT_6;*;*;*;*;*;*;*;;;;;;;
CEASECOLONIZATION_WE_ACCEPT_BTN1;OK;D'accord;OK;OK;;Aceptar;;;;;;;;
CEASECOLONIZATION_WE_ACCEPT_BTN2;OK;D'accord;OK;OK;;Aceptar;;;;;;;;
CEASECOLONIZATION_WE_ACCEPT_BTN3;Go to;Voir;Goto;;Ir all?;;;;;;;;;
CEASECOLONIZATION_OTHER_ACCEPT_HEADER;The Foreign Minister reports;Le ministre des Affaires étrangères indique :;Der Außenminister berichtet:;;El ministro de exteriores informa;;;;;;;;;
CEASECOLONIZATION_OTHER_ACCEPT_1;§Y$RECIPIENT$§W;§Y$RECIPIENT$§W ;§Y$RECIPIENT$§W;;§Y$RECIPIENT$§W;;;;;;;;;
CEASECOLONIZATION_OTHER_ACCEPT_2;$MONARCHTITLE$, we've been informed that;$MONARCHTITLE$, nous avons ét?informés que;Wir wurden informiert, dass;;$MONARCHTITLE$, nos han informado de que;;;;;;;;;
CEASECOLONIZATION_OTHER_ACCEPT_3;§Y$ACTOR$§W signed an agreement with §Y$RECIPIENT$§W.;§Y$ACTOR$§W avait conclu un accord avec §Y$RECIPIENT$§W.;§Y$ACTOR$§W ein Abkommen mit §Y$RECIPIENT$§W unterzeichnet hat.;;§Y$ACTOR$§W ha alcanzado un acuerdo con §Y$RECIPIENT$§W.;;;;;;;;;
CEASECOLONIZATION_OTHER_ACCEPT_4;§Y$ACTOR$§W agreed to cease colonizing $ASTATE$.;§Y$ACTOR$§W s'est engag??renoncer ?la colonisation de $ASTATE$.;§Y$ACTOR$§W stimmte darin zu, die Kolonisation von $ASTATE$ einzustellen.;;§Y$ACTOR$§W ha accedido a poner fin a la colonización de $ASTATE$.;;;;;;;;;
CEASECOLONIZATION_OTHER_ACCEPT_5;In return, §Y$RECIPIENT$§W agreed to cease colonizing $RSTATE$.;En échange, §Y$RECIPIENT$§W a accept?de cesser de coloniser $RSTATE$.;Als Gegenleistung zeigte sich §Y$RECIPIENT$§W einverstanden, die Kolonisation von $RSTATE$ zu stoppen.;;A cambio, §Y$RECIPIENT$§W ha accedido a hacer lo propio en $RSTATE$.;;;;;;;;;
CEASECOLONIZATION_OTHER_ACCEPT_6;*;*;*;*;*;*;*;;;;;;;
CEASECOLONIZATION_OTHER_ACCEPT_BTN1;OK;D'accord;OK;OK;;Aceptar;;;;;;;;
CEASECOLONIZATION_OTHER_ACCEPT_BTN2;OK;D'accord;OK;OK;;Aceptar;;;;;;;;
CEASECOLONIZATION_OTHER_ACCEPT_BTN3;Go to;Voir;Goto;;Ir all?;;;;;;;;;
CEASECOLONIZATION_THEY_DECLINE_HEADER;The Foreign Minister reports;Le ministre des Affaires étrangères indique :;Der Außenminister berichtet:;;El ministro de exteriores informa;;;;;;;;;
CEASECOLONIZATION_THEY_DECLINE_1;§Y$RECIPIENT$§W;§Y$RECIPIENT$§W ;§Y$RECIPIENT$§W;;§Y$RECIPIENT$§W;;;;;;;;;
CEASECOLONIZATION_THEY_DECLINE_2;$MONARCHTITLE$, §Y$RECIPIENT$§W declined our request;$MONARCHTITLE$, §Y$RECIPIENT$§W a refus?§Y$RECIPIENT$§W hat unsere Forderung abgelehnt,;;$MONARCHTITLE$, §Y$RECIPIENT$§W ha rechazado nuestra petición;;;;;;;;;;
CEASECOLONIZATION_THEY_DECLINE_3;to stop colonizing $RSTATE$.;de cesser de coloniser $RSTATE$.;die Kolonisation von $RSTATE$ zu beenden.;;de poner fin a la colonización de $RSTATE$.;;;;;;;;;
CEASECOLONIZATION_THEY_DECLINE_4;We generously offered to cease colonizing;Nous avons généreusement propos?de cesser de coloniser;Wir haben großzügig die Beendigung der Kolonisation von;;Nos hemos ofrecido generosamente a poner fin a la colonización;;;;;;;;;
CEASECOLONIZATION_THEY_DECLINE_5;$ASTATE$, but now we have to seek other means;$ASTATE$, mais nous allons devoir trouver d'autre moyens;$ASTATE$ angeboten, aber jetzt müssen wir auf andere Mittel zurückgreifen,;;de $ASTATE$, pero ahora debemos buscar otros medios para;;;;;;;;;
CEASECOLONIZATION_THEY_DECLINE_6;to end their colonization attempts there.;pour mettre un terme ?leurs tentatives de colonisation.;um ihre Kolonisationsversuche dort zu stoppen.;;detener sus proyectos de colonización all?;;;;;;;;;
CEASECOLONIZATION_THEY_DECLINE_BTN1;OK;D'accord;OK;OK;;Aceptar;;;;;;;;
CEASECOLONIZATION_THEY_DECLINE_BTN2;OK;D'accord;OK;OK;;Aceptar;;;;;;;;
CEASECOLONIZATION_THEY_DECLINE_BTN3;Go to;Voir;Goto;;Ir all?;;;;;;;;;
CEASECOLONIZATION_WE_DECLINE_HEADER;The Foreign Minister reports;Le ministre des Affaires étrangères indique :;Der Außenminister berichtet:;;El ministro de exteriores informa;;;;;;;;;
CEASECOLONIZATION_WE_DECLINE_1;§Y$RECIPIENT$§W;§Y$RECIPIENT$§W ;§Y$RECIPIENT$§W;;§Y$RECIPIENT$§W;;;;;;;;;
CEASECOLONIZATION_WE_DECLINE_2;$MONARCHTITLE$, we declined a request;$MONARCHTITLE$, nous avons rejet?une requête;Wir haben eine Forderung von;;$MONARCHTITLE$, hemos rechazado la petición;;;;;;;;;
CEASECOLONIZATION_WE_DECLINE_3;from §Y$ACTOR$§W to stop colonizing $RSTATE$.;de §Y$ACTOR$§W nous demandant de cesser de coloniser $RSTATE$.;§Y$ACTOR$§W zur Beendigung der Kolonisation von $RSTATE$ abgelehnt.;;de §Y$ACTOR$§W de que pusiéramos fin a la colonización de $RSTATE$.;;;;;;;;;
CEASECOLONIZATION_WE_DECLINE_4;They have to offer us something better than;Ils vont devoir nous proposer mieux qu'un;Sie müssen uns etwas Besseres als;;Deben ofrecernos algo mejor que el;;;;;;;;;
CEASECOLONIZATION_WE_DECLINE_5;to cease colonizing $ASTATE$;arrêt de la colonisation de $ASTATE$;die Einstellung der Kolonisation von $ASTATE$ anbieten,;;fin de sus proyectos de colonización en $ASTATE$;;;;;;;;;
CEASECOLONIZATION_WE_DECLINE_6;if they are going to be worth our time.;s'ils veulent obtenir notre attention.;bevor wir ihre Forderung berücksichtigen können.;;si quieren que los escuchemos.;;;;;;;;;
CEASECOLONIZATION_WE_DECLINE_BTN1;OK;D'accord;OK;OK;;Aceptar;;;;;;;;
CEASECOLONIZATION_WE_DECLINE_BTN2;OK;D'accord;OK;OK;;Aceptar;;;;;;;;
CEASECOLONIZATION_WE_DECLINE_BTN3;Go to;Voir;Goto;;Ir all?;;;;;;;;;
CEASECOLONIZATION_OTHER_DECLINE_HEADER;The Foreign Minister reports;Le ministre des Affaires étrangères indique :;Der Außenminister berichtet:;;El ministro de exteriores informa;;;;;;;;;
CEASECOLONIZATION_OTHER_DECLINE_1;§Y$RECIPIENT$§W;§Y$RECIPIENT$§W ;§Y$RECIPIENT$§W;;§Y$RECIPIENT$§W;;;;;;;;;
CEASECOLONIZATION_OTHER_DECLINE_2;$MONARCHTITLE$, we heard that;$MONARCHTITLE$, il paraît que;Wir haben gehört, dass;;$MONARCHTITLE$, nos hemos enterado de que;;;;;;;;;
CEASECOLONIZATION_OTHER_DECLINE_3;§Y$RECIPIENT$§W declined to stop colonizing $RSTATE$.;§Y$RECIPIENT$§W a refus?de cesser de coloniser $RSTATE$.;§Y$RECIPIENT$§W sich weigert, die Kolonisation von $RSTATE$ einzustellen.;;§Y$RECIPIENT$§W se ha negado a poner fin a la colonización de $RSTATE$.;;;;;;;;;
CEASECOLONIZATION_OTHER_DECLINE_4;In return, §Y$ACTOR$§W offered to stop colonizing;En échange, §Y$ACTOR$§W a propos?de renoncer ?la colonisation de;Im Gegenzug hat §Y$ACTOR$§W angeboten, die Kolonisation von;;A cambio, §Y$ACTOR$§W se había ofrecido a hacer lo propio en;;;;;;;;;
CEASECOLONIZATION_OTHER_DECLINE_5;$ASTATE$.;$ASTATE$.;$ASTATE$ zu beenden.;;$ASTATE$.;;;;;;;;;
CEASECOLONIZATION_OTHER_DECLINE_6;*;*;*;*;*;*;*;;;;;;;
CEASECOLONIZATION_OTHER_DECLINE_BTN1;OK;D'accord;OK;OK;;Aceptar;;;;;;;;
CEASECOLONIZATION_OTHER_DECLINE_BTN2;OK;D'accord;OK;OK;;Aceptar;;;;;;;;
CEASECOLONIZATION_OTHER_DECLINE_BTN3;Go to;Voir;Goto;;Ir all?;;;;;;;;;
INCREASEOPINION_THEY_ACCEPT_HEADER;The Foreign Minister reports;Le ministre des Affaires étrangères indique :;Der Außenminister berichtet:;;El ministro de exteriores informa;;;;;;;;;
INCREASEOPINION_THEY_ACCEPT_1;§Y$RECIPIENT$§W;§Y$RECIPIENT$§W ;§Y$RECIPIENT$§W;;§Y$RECIPIENT$§W;;;;;;;;;
INCREASEOPINION_THEY_ACCEPT_2;$MONARCHTITLE$, we have improved;$MONARCHTITLE$, nous avons amélior?Wir haben;;$MONARCHTITLE$, hemos mejorado;;;;;;;;;;
INCREASEOPINION_THEY_ACCEPT_3;the opinion of us in;l'opinion de;die Meinung über uns in;;la opinión que tenían sobre nosotros en;;;;;;;;;
INCREASEOPINION_THEY_ACCEPT_4;§Y$RECIPIENT$§W;§Y$RECIPIENT$§W ?notre égard.;§Y$RECIPIENT$§W verbessert.;;§Y$RECIPIENT$§W;;;;;;;;;
INCREASEOPINION_THEY_ACCEPT_5;Their opinion of us is now §Y$OPINION$§W;Celle-ci est passée ?§Y$OPINION$§W.;Ihre Meinung von uns ist nun §Y$OPINION$§W;;Su opinión sobre nosotros es ahora: §Y$OPINION$§W.;;;;;;;;;
INCREASEOPINION_THEY_ACCEPT_6;*;*;*;*;*;*;*;;;;;;;
INCREASEOPINION_THEY_ACCEPT_BTN1;OK;D'accord;OK;OK;;Aceptar;;;;;;;;
INCREASEOPINION_THEY_ACCEPT_BTN2;OK;D'accord;OK;OK;;Aceptar;;;;;;;;
INCREASEOPINION_THEY_ACCEPT_BTN3;Go to;Voir;Goto;;Ir all?;;;;;;;;;
INCREASEOPINION_WE_ACCEPT_HEADER;The Foreign Minister reports;Le ministre des Affaires étrangères indique :;Der Außenminister berichtet:;;El ministro de exteriores informa;;;;;;;;;
INCREASEOPINION_WE_ACCEPT_1;§Y$ACTOR$§W;§Y$ACTOR$§W;§Y$ACTOR$§W;;§Y$ACTOR$§W;;;;;;;;;
INCREASEOPINION_WE_ACCEPT_2;$MONARCHTITLE$, our opinion;$MONARCHTITLE$, notre opinion;Unsere Meinung;;$MONARCHTITLE$, nuestra opinión;;;;;;;;;
INCREASEOPINION_WE_ACCEPT_3;of §Y$ACTOR$§W has increased.;?l'égard de §Y$ACTOR$§W s'est améliorée.;von §Y$ACTOR$§W hat sich gebessert.;;sobre §Y$ACTOR$§W ha mejorado.;;;;;;;;;
INCREASEOPINION_WE_ACCEPT_4;We now feel §Y$OPINION$§W towards them.;Celle-ci est passée ?§Y$OPINION$§W.;Wir empfinden für sie nun §Y$OPINION$§W.;;Ahora, nuestra opinión hacia ellos es: §Y$OPINION$§W.;;;;;;;;;
INCREASEOPINION_WE_ACCEPT_5;*;*;*;*;*;*;*;;;;;;;
INCREASEOPINION_WE_ACCEPT_6;*;*;*;*;*;*;*;;;;;;;
INCREASEOPINION_WE_ACCEPT_BTN1;OK;D'accord;OK;OK;;Aceptar;;;;;;;;
INCREASEOPINION_WE_ACCEPT_BTN2;OK;D'accord;OK;OK;;Aceptar;;;;;;;;
INCREASEOPINION_WE_ACCEPT_BTN3;Go to;Voir;Goto;;Ir all?;;;;;;;;;
INCREASEOPINION_OTHER_ACCEPT_HEADER;The Foreign Minister reports;Le ministre des Affaires étrangères indique :;Der Außenminister berichtet:;;El ministro de exteriores informa;;;;;;;;;
INCREASEOPINION_OTHER_ACCEPT_1;§Y$ACTOR$§W;§Y$ACTOR$§W;§Y$ACTOR$§W;;§Y$ACTOR$§W;;;;;;;;;
INCREASEOPINION_OTHER_ACCEPT_2;$MONARCHTITLE$;$MONARCHTITLE$;*;;$MONARCHTITLE$;;;;;;;;;
INCREASEOPINION_OTHER_ACCEPT_3;§Y$ACTOR$§W has managed to increase;§Y$ACTOR$§W a réussi ?améliorer;§Y$ACTOR$§W hat es geschafft, die;;§Y$ACTOR$§W ha logrado mejorar;;;;;;;;;
INCREASEOPINION_OTHER_ACCEPT_4;the opinion of themselves in §Y$RECIPIENT$§W.;l'opinion de §Y$RECIPIENT$§W ?son égard.;Meinung über sie in §Y$RECIPIENT$§W zu verbessern.;;la opinión que tienen sobre ellos en §Y$RECIPIENT$§W.;;;;;;;;;
INCREASEOPINION_OTHER_ACCEPT_5;The opinion towards them is now §Y$OPINION$§W.;Celle-ci est passée ?§Y$OPINION$§W.;Die Meinung über sie ist nun §Y$OPINION$§W.;;Su opinión es ahora: §Y$OPINION$§W.;;;;;;;;;
INCREASEOPINION_OTHER_ACCEPT_6;*;*;*;*;*;*;*;;;;;;;
INCREASEOPINION_OTHER_ACCEPT_BTN1;OK;D'accord;OK;OK;;Aceptar;;;;;;;;
INCREASEOPINION_OTHER_ACCEPT_BTN2;OK;D'accord;OK;OK;;Aceptar;;;;;;;;
INCREASEOPINION_OTHER_ACCEPT_BTN3;Go to;Voir;Goto;;Ir all?;;;;;;;;;
DECREASEOPINION_THEY_ACCEPT_HEADER;The Foreign Minister reports;Le ministre des Affaires étrangères indique :;Der Außenminister berichtet:;;El ministro de exteriores informa;;;;;;;;;
DECREASEOPINION_THEY_ACCEPT_1;§Y$RECIPIENT$§W;§Y$RECIPIENT$§W ;§Y$RECIPIENT$§W;;§Y$RECIPIENT$§W;;;;;;;;;
DECREASEOPINION_THEY_ACCEPT_2;$MONARCHTITLE$, we have successfully;$MONARCHTITLE$, nous avons réussi ?Wir haben die Meinung über;;$MONARCHTITLE$, hemos logrado;;;;;;;;;;
DECREASEOPINION_THEY_ACCEPT_3;lowered the opinion of §Y$TARGET$§W;faire baisser l'opinion de §Y$RECIPIENT$§W;§Y$TARGET$§W in;;empeorar la opinión que tienen sobre §Y$TARGET$§W;;;;;;;;;
DECREASEOPINION_THEY_ACCEPT_4;in §Y$RECIPIENT$§W.;?l'égard de §Y$TARGET$§W.;§Y$RECIPIENT$§W erfolgreich verschlechtert.;;en §Y$RECIPIENT$§W.;;;;;;;;;
DECREASEOPINION_THEY_ACCEPT_5;Their opinion of them is now §Y$OPINION$§W.;Celle-ci est passée ?§Y$OPINION$§W.;Die Meinung über sie ist nun §Y$OPINION$§W.;;Su opinión sobre ellos es ahora: §Y$OPINION$§W.;;;;;;;;;
DECREASEOPINION_THEY_ACCEPT_6;*;*;*;*;*;*;*;;;;;;;
DECREASEOPINION_THEY_ACCEPT_BTN1;OK;D'accord;OK;OK;;Aceptar;;;;;;;;
DECREASEOPINION_THEY_ACCEPT_BTN2;OK;D'accord;OK;OK;;Aceptar;;;;;;;;
DECREASEOPINION_THEY_ACCEPT_BTN3;Go to;Voir;Goto;;Ir all?;;;;;;;;;
DECREASEOPINION_WE_ACCEPT_HEADER;The Foreign Minister reports;Le ministre des Affaires étrangères indique :;Der Außenminister berichtet:;;El ministro de exteriores informa;;;;;;;;;
DECREASEOPINION_WE_ACCEPT_1;§Y$TARGET$§W;§Y$TARGET$§W;§Y$TARGET$§W;;§Y$TARGET$§W.;;;;;;;;;
DECREASEOPINION_WE_ACCEPT_2;$MONARCHTITLE$, we have been;$MONARCHTITLE$,;Wir wurden von;;$MONARCHTITLE$,;;;;;;;;;
DECREASEOPINION_WE_ACCEPT_3;convinced by §Y$ACTOR$§W that;§Y$ACTOR$§W nous a convaincus que;§Y$ACTOR$§W überzeugt, dass;;§Y$ACTOR$§W nos ha convencido de que;;;;;;;;;
DECREASEOPINION_WE_ACCEPT_4;§Y$TARGET$§W is not to be trusted.;§Y$TARGET$§W n'est pas digne de confiance.;§Y$TARGET$§W nicht vertrauenswürdig ist.;;§Y$TARGET$§W no es de fiar.;;;;;;;;;
DECREASEOPINION_WE_ACCEPT_5;Our opinion of them has been lowered to §Y$OPINION$§W;Notre opinion ?son égard s'est dégradée pour passer ?§Y$OPINION$§W;Unsere Meinung über sie hat sich auf §Y$OPINION$§W verschlechtert.;;Nuestra opinión sobre ellos se ha reducido a: §Y$OPINION$§W;;;;;;;;;
DECREASEOPINION_WE_ACCEPT_6;*;*;*;*;*;*;*;;;;;;;
DECREASEOPINION_WE_ACCEPT_BTN1;OK;D'accord;OK;OK;;Aceptar;;;;;;;;
DECREASEOPINION_WE_ACCEPT_BTN2;OK;D'accord;OK;OK;;Aceptar;;;;;;;;
DECREASEOPINION_WE_ACCEPT_BTN3;Go to;Voir;Goto;;Ir all?;;;;;;;;;
DECREASEOPINION_OTHER_ACCEPT_HEADER;The Foreign Minister reports;Le ministre des Affaires étrangères indique :;Der Außenminister berichtet:;;El ministro de exteriores informa;;;;;;;;;
DECREASEOPINION_OTHER_ACCEPT_1;§Y$RECIPIENT$§W;§Y$RECIPIENT$§W ;§Y$RECIPIENT$§W;;§Y$RECIPIENT$§W;;;;;;;;;
DECREASEOPINION_OTHER_ACCEPT_2;$MONARCHTITLE$, we have been;$MONARCHTITLE$, on nous a;Wir wurden informiert, dass;;$MONARCHTITLE$, nos han;;;;;;;;;
DECREASEOPINION_OTHER_ACCEPT_3;informed that §Y$ACTOR$§W has spread;informés que §Y$ACTOR$§W fait circuler;§Y$ACTOR$§W über;;informado de que §Y$ACTOR$§W ha estado propagando;;;;;;;;;
DECREASEOPINION_OTHER_ACCEPT_4;rumors about §Y$TARGET$§W in §Y$RECIPIENT$§W.;des rumeurs sur §Y$TARGET$§W ?§Y$RECIPIENT$§W.;§Y$TARGET$§W Gerüchte in §Y$RECIPIENT$§W verbreitet hat.;;rumores sobre §Y$TARGET$§W en §Y$RECIPIENT$§W.;;;;;;;;;
DECREASEOPINION_OTHER_ACCEPT_5;It seems that this lowered;Il semble que;Es scheint, als ob dies die;;Al parecer, esto ha empeorado la;;;;;;;;;
DECREASEOPINION_OTHER_ACCEPT_6;the opinion of them to §Y$OPINION$§W.;l'opinion du pays ?son égard se soit dégradée pour passer ?§Y$OPINION$§W.;Meinung über sie auf §Y$OPINION$§W verschlechtert hätte.;;opinión que tienen sobre ellos hasta: §Y$OPINION$§W.;;;;;;;;;
DECREASEOPINION_OTHER_ACCEPT_BTN1;OK;D'accord;OK;OK;;Aceptar;;;;;;;;
DECREASEOPINION_OTHER_ACCEPT_BTN2;OK;D'accord;OK;OK;;Aceptar;;;;;;;;
DECREASEOPINION_OTHER_ACCEPT_BTN3;Go to;Voir;Goto;;Ir all?;;;;;;;;;
INCREASERELATION_THEY_ACCEPT_HEADER;The Foreign Minister reports;Le ministre des Affaires étrangères indique :;Der Außenminister berichtet:;;El ministro de exteriores informa;;;;;;;;;
INCREASERELATION_THEY_ACCEPT_1;§Y$RECIPIENT$§W;§Y$RECIPIENT$§W ;§Y$RECIPIENT$§W;;§Y$RECIPIENT$§W;;;;;;;;;
INCREASERELATION_THEY_ACCEPT_2;$MONARCHTITLE$, we have successfully;$MONARCHTITLE$, nous avons réussi;Wir haben die Beziehungen;;$MONARCHTITLE$, hemos logrado;;;;;;;;;
INCREASERELATION_THEY_ACCEPT_3;raised the relations between us and §Y$RECIPIENT$§W;?améliorer nos relations avec §Y$RECIPIENT$§W.;zwischen uns und §Y$RECIPIENT$§W erfolgreich verbessert.;;mejorar nuestras relaciones con §Y$RECIPIENT$§W.;;;;;;;;;
REMOVE_INCREASERELATION_THEY_ACCEPT_4;*;*;*;*;*;*;*;;;;;;;
INCREASERELATION_THEY_ACCEPT_5;*;*;*;*;*;*;*;;;;;;;
INCREASERELATION_THEY_ACCEPT_6;*;*;*;*;*;*;*;;;;;;;
INCREASERELATION_THEY_ACCEPT_BTN1;OK;D'accord;OK;OK;;Aceptar;;;;;;;;
INCREASERELATION_THEY_ACCEPT_BTN2;OK;D'accord;OK;OK;;Aceptar;;;;;;;;
INCREASERELATION_THEY_ACCEPT_BTN3;Go to;Voir;Goto;;Ir all?;;;;;;;;;
INCREASERELATION_WE_ACCEPT_HEADER;The Foreign Minister reports;Le ministre des Affaires étrangères indique :;Der Außenminister berichtet:;;El ministro de exteriores informa;;;;;;;;;
INCREASERELATION_WE_ACCEPT_1;§Y$ACTOR$§W;§Y$ACTOR$§W;§Y$ACTOR$§W;;§Y$ACTOR$§W;;;;;;;;;
INCREASERELATION_WE_ACCEPT_2;$MONARCHTITLE$, we have had a pleasant;$MONARCHTITLE$, nous avons eu une agréable;Wir hatten ein erfreuliches Gespräch;;$MONARCHTITLE$, hemos tenido una grata;;;;;;;;;
INCREASERELATION_WE_ACCEPT_3;conversation with the diplomat sent from §Y$ACTOR$§W.;conversation avec le diplomate envoy?par §Y$ACTOR$§W.;mit einem von §Y$ACTOR$§W entsandten Diplomaten.;;conversación con el diplomático enviado por §Y$ACTOR$§W.;;;;;;;;;
REMOVE_INCREASERELATION_WE_ACCEPT_4;The relation between our countries has increased somewhat.;Les relations entre nos pays se sont un peu améliorées.;Die Beziehung zwischen unseren Ländern hat sich dadurch etwas verbessert.;;La relación entre nuestros países ha mejorado un poco.;;;;;;;;;
INCREASERELATION_WE_ACCEPT_5;*;*;*;*;*;*;*;;;;;;;
INCREASERELATION_WE_ACCEPT_6;*;*;*;*;*;*;*;;;;;;;
INCREASERELATION_WE_ACCEPT_BTN1;OK;D'accord;OK;OK;;Aceptar;;;;;;;;
INCREASERELATION_WE_ACCEPT_BTN2;OK;D'accord;OK;OK;;Aceptar;;;;;;;;
INCREASERELATION_WE_ACCEPT_BTN3;Go to;Voir;Goto;;Ir all?;;;;;;;;;
INCREASERELATION_OTHER_ACCEPT_HEADER;The Foreign Minister reports;Le ministre des Affaires étrangères indique :;Der Außenminister berichtet:;;El ministro de exteriores informa;;;;;;;;;
INCREASERELATION_OTHER_ACCEPT_1;§Y$RECIPIENT$§W;§Y$RECIPIENT$§W ;§Y$RECIPIENT$§W;;§Y$RECIPIENT$§W;;;;;;;;;
INCREASERELATION_OTHER_ACCEPT_2;$MONARCHTITLE$, we heard;$MONARCHTITLE$, il paraît;Wir haben gehört, dass;;$MONARCHTITLE$, nos hemos enterado;;;;;;;;;
INCREASERELATION_OTHER_ACCEPT_3;that §Y$ACTOR$§W has shown a nice gesture towards §Y$RECIPIENT$§W.;que §Y$ACTOR$§W a fait un beau geste envers §Y$RECIPIENT$§W.;§Y$ACTOR$§W §Y$RECIPIENT$§W gegenüber eine schöne Geste gezeigt hat.;;de que §Y$ACTOR$§W ha tenido un buen gesto con §Y$RECIPIENT$§W.;;;;;;;;;
INCREASERELATION_OTHER_ACCEPT_4;The relation between their countries has increased somewhat.;Les relations entre leurs pays se sont un peu améliorées.;Die Beziehung zwischen ihren Ländern hat sich dadurch etwas verbessert.;;La relación entre sus países ha mejorado un poco.;;;;;;;;;
INCREASERELATION_OTHER_ACCEPT_5;*;*;*;*;*;*;*;;;;;;;
INCREASERELATION_OTHER_ACCEPT_6;*;*;*;*;*;*;*;;;;;;;
INCREASERELATION_OTHER_ACCEPT_BTN1;OK;D'accord;OK;OK;;Aceptar;;;;;;;;
INCREASERELATION_OTHER_ACCEPT_BTN2;OK;D'accord;OK;OK;;Aceptar;;;;;;;;
INCREASERELATION_OTHER_ACCEPT_BTN3;Go to;Voir;Goto;;Ir all?;;;;;;;;;
DECREASERELATION_THEY_ACCEPT_HEADER;The Foreign Minister reports;Le ministre des Affaires étrangères indique :;Der Außenminister berichtet:;;El ministro de exteriores informa;;;;;;;;;
DECREASERELATION_THEY_ACCEPT_1;§Y$RECIPIENT$§W;§Y$RECIPIENT$§W ;§Y$RECIPIENT$§W;;§Y$RECIPIENT$§W;;;;;;;;;
DECREASERELATION_THEY_ACCEPT_2;$MONARCHTITLE$, we all know that we really despise;$MONARCHTITLE$, chacun sait que nous méprisons;Wir alle wissen, dass wir;;$MONARCHTITLE$, todos sabemos que en realidad despreciamos a;;;;;;;;;
DECREASERELATION_THEY_ACCEPT_3;§Y$RECIPIENT$§W. Which we had no trouble telling them.;§Y$RECIPIENT$§W. Nous ne sommes d'ailleurs pas privés de le leur dire.;§Y$RECIPIENT$§W wahrlich verachten, und wir hatten auch kein Problem, sie damit zu konfrontieren.;;§Y$RECIPIENT$§W. Y as?se lo hemos hecho saber.;;;;;;;;;
DECREASERELATION_THEY_ACCEPT_4;They seemed shocked by the news,;Mais ils ont eu l'air choqués;Sie zeigten sich schockiert von dieser Neuigkeit,;;Parecen sorprendidos por la noticia,;;;;;;;;;
DECREASERELATION_THEY_ACCEPT_5;which have led to increased tension between our countries.;et les tensions se sont accrues entre nos deux pays.;was die Spanungen zwischen unseren Ländern erhöht hat.;;lo que ha alimentado la tensión entre nuestros países.;;;;;;;;;
REMOVE_DECREASERELATION_THEY_ACCEPT_6;;;;;;;;;;;;;;
DECREASERELATION_THEY_ACCEPT_BTN1;OK;D'accord;OK;OK;;Aceptar;;;;;;;;
DECREASERELATION_THEY_ACCEPT_BTN2;OK;D'accord;OK;OK;;Aceptar;;;;;;;;
DECREASERELATION_THEY_ACCEPT_BTN3;Go to;Voir;Goto;;Ir all?;;;;;;;;;
DECREASERELATION_WE_ACCEPT_HEADER;The Foreign Minister reports;Le ministre des Affaires étrangères indique :;Der Außenminister berichtet:;;El ministro de exteriores informa;;;;;;;;;
DECREASERELATION_WE_ACCEPT_1;§Y$ACTOR$§W;§Y$ACTOR$§W;§Y$ACTOR$§W;;§Y$ACTOR$§W;;;;;;;;;
DECREASERELATION_WE_ACCEPT_2;$MONARCHTITLE$, we have been informed by;$MONARCHTITLE$, ;Wir wurden von;;$MONARCHTITLE$,;;;;;;;;;
DECREASERELATION_WE_ACCEPT_3;§Y$ACTOR$§W that they don't like our ways.;§Y$ACTOR$§W nous a fait savoir qu'il n'appréciait pas nos méthodes.;§Y$ACTOR$§W informiert, dass sie unsere Gepflogenheiten nicht mögen.;;§Y$ACTOR$§W nos ha informado de que no le gusta nuestra actitud.;;;;;;;;;
DECREASERELATION_WE_ACCEPT_4;That's ok, we don't like their ways either.;Tant pis. De toute façon, c'est réciproque.;Das ist aber in Ordnung, denn es beruht auf Gegenseitigkeit.;;No pasa nada, tampoco a nosotros nos gusta la suya.;;;;;;;;;
REMOVE_DECREASERELATION_WE_ACCEPT_5;*;*;*;*;*;*;*;;;;;;;
DECREASERELATION_WE_ACCEPT_6;*;*;*;*;*;*;*;;;;;;;
DECREASERELATION_WE_ACCEPT_BTN1;OK;D'accord;OK;OK;;Aceptar;;;;;;;;
DECREASERELATION_WE_ACCEPT_BTN2;OK;D'accord;OK;OK;;Aceptar;;;;;;;;
DECREASERELATION_WE_ACCEPT_BTN3;Go to;Voir;Goto;;Ir all?;;;;;;;;;
DECREASERELATION_OTHER_ACCEPT_HEADER;The Foreign Minister reports;Le ministre des Affaires étrangères indique :;Der Außenminister berichtet:;;El ministro de exteriores informa;;;;;;;;;
DECREASERELATION_OTHER_ACCEPT_1;§Y$RECIPIENT$§W;§Y$RECIPIENT$§W ;§Y$RECIPIENT$§W;;§Y$RECIPIENT$§W;;;;;;;;;
DECREASERELATION_OTHER_ACCEPT_2;$MONARCHTITLE$, we have heard that;$MONARCHTITLE$, il paraît que;Wir haben gehört, dass;;$MONARCHTITLE$, nos hemos enterado de que;;;;;;;;;
DECREASERELATION_OTHER_ACCEPT_3;§Y$ACTOR$§W has insulted §Y$RECIPIENT$§W.;§Y$ACTOR$§W a insult?§Y$RECIPIENT$§W.;§Y$ACTOR$§W §Y$RECIPIENT$§W beleidigt hat.;;§Y$ACTOR$§W ha insultado a §Y$RECIPIENT$§W.;;;;;;;;;
DECREASERELATION_OTHER_ACCEPT_4;Their relations have taken a turn for the worse.;Leurs relations se sont dégradées.;Dadurch hat sich ihre Beziehung zum Schlechten gewendet.;;Sus relaciones han dado un giro para peor.;;;;;;;;;
DECREASERELATION_OTHER_ACCEPT_5;*;*;*;*;*;*;*;;;;;;;
DECREASERELATION_OTHER_ACCEPT_6;*;*;*;*;*;*;*;;;;;;;
DECREASERELATION_OTHER_ACCEPT_BTN1;OK;D'accord;OK;OK;;Aceptar;;;;;;;;
DECREASERELATION_OTHER_ACCEPT_BTN2;OK;D'accord;OK;OK;;Aceptar;;;;;;;;
DECREASERELATION_OTHER_ACCEPT_BTN3;Go to;Voir;Goto;;Ir all?;;;;;;;;;
WARSUBSIDIES_THEY_ACCEPT_HEADER;The Foreign Minister reports;Le ministre des Affaires étrangères indique :;Der Außenminister berichtet:;;El ministro de exteriores informa;;;;;;;;;
WARSUBSIDIES_THEY_ACCEPT_1;§Y$RECIPIENT$§W;§Y$RECIPIENT$§W ;§Y$RECIPIENT$§W;;§Y$RECIPIENT$§W;;;;;;;;;
WARSUBSIDIES_THEY_ACCEPT_2;$MONARCHTITLE$, we decided to fund;$MONARCHTITLE$, nous avons décid?de financer;Wir haben beschlossen;;$MONARCHTITLE$, hemos decidido financiar;;;;;;;;;
WARSUBSIDIES_THEY_ACCEPT_3;the war effort of §Y$RECIPIENT$§W.;l'effort de guerre de §Y$RECIPIENT$§W.;die Kriegsbemühungen von §Y$RECIPIENT$§W zu finanzieren.;;los esfuerzos de guerra de §Y$RECIPIENT$§W.;;;;;;;;;
WARSUBSIDIES_THEY_ACCEPT_4;They will receive §Y$VALUE$§W each day from us,;Nous leur verserons §Y$VALUE$§W par jour;Sie erhalten täglich §Y$VALUE$§W von uns,;;Recibirán de nosotros §Y$VALUE$§W cada día,;;;;;;;;;
WARSUBSIDIES_THEY_ACCEPT_5;as long as they are in war.;tant qu'ils seront en guerre.;so lange sie sich im Krieg befinden.;;mientras dure la guerra.;;;;;;;;;
WARSUBSIDIES_THEY_ACCEPT_6;*;*;*;*;*;*;*;;;;;;;
WARSUBSIDIES_THEY_ACCEPT_BTN1;OK;D'accord;OK;OK;;Aceptar;;;;;;;;
WARSUBSIDIES_THEY_ACCEPT_BTN2;OK;D'accord;OK;OK;;Aceptar;;;;;;;;
WARSUBSIDIES_THEY_ACCEPT_BTN3;Go to;Voir;Goto;;Ir all?;;;;;;;;;
WARSUBSIDIES_WE_ACCEPT_HEADER;The Foreign Minister reports;Le ministre des Affaires étrangères indique :;Der Außenminister berichtet:;;El ministro de exteriores informa;;;;;;;;;
WARSUBSIDIES_WE_ACCEPT_1;§Y$RECIPIENT$§W;§Y$RECIPIENT$§W ;§Y$RECIPIENT$§W;;§Y$RECIPIENT$§W;;;;;;;;;
WARSUBSIDIES_WE_ACCEPT_2;$MONARCHTITLE$, we have received;$MONARCHTITLE$, nous avons;Wir haben Neuigkeiten darüber erhalten,;;$MONARCHTITLE$, hemos recibido;;;;;;;;;
WARSUBSIDIES_WE_ACCEPT_3;news that §Y$ACTOR$§W will sponsor our war efforts.;appris que §Y$ACTOR$§W allait parrainer nos efforts de guerre.;dass §Y$ACTOR$§W unsere Kriegsbemühungen finanzieren wird.;;la noticia de que §Y$ACTOR$§W financiar?nuestros esfuerzos de guerra.;;;;;;;;;
WARSUBSIDIES_WE_ACCEPT_4;They will pay us §Y$VALUE$§W each day,;Ils nous verseront §Y$VALUE$§W par jour;Sie werden uns täglich §Y$VALUE$§W zahlen,;;Nos pagarán §Y$VALUE$§W al día,;;;;;;;;;
WARSUBSIDIES_WE_ACCEPT_5;as long as we're in war.;tant que nous serons en guerre.;so lange wir uns im Krieg befinden.;;mientras estemos en guerra.;;;;;;;;;
WARSUBSIDIES_WE_ACCEPT_6;*;*;*;*;*;*;*;;;;;;;
WARSUBSIDIES_WE_ACCEPT_BTN1;OK;D'accord;OK;OK;;Aceptar;;;;;;;;
WARSUBSIDIES_WE_ACCEPT_BTN2;OK;D'accord;OK;OK;;Aceptar;;;;;;;;
WARSUBSIDIES_WE_ACCEPT_BTN3;Go to;Voir;Goto;;Ir all?;;;;;;;;;
WARSUBSIDIES_OTHER_ACCEPT_HEADER;The Foreign Minister reports;Le ministre des Affaires étrangères indique :;Der Außenminister berichtet:;;El ministro de exteriores informa;;;;;;;;;
WARSUBSIDIES_OTHER_ACCEPT_1;§Y$RECIPIENT$§W;§Y$RECIPIENT$§W ;§Y$RECIPIENT$§W;;§Y$RECIPIENT$§W;;;;;;;;;
WARSUBSIDIES_OTHER_ACCEPT_2;$MONARCHTITLE$, we have received;$MONARCHTITLE$, nous avons;Wir haben Neuigkeiten darüber erhalten,;;$MONARCHTITLE$, hemos recibido;;;;;;;;;
WARSUBSIDIES_OTHER_ACCEPT_3;news that §Y$ACTOR$§W will sponsor the war fought by;appris que §Y$ACTOR$§W allait parrainer la guerre de;dass §Y$ACTOR$§W den Krieg von;;la noticia de que §Y$ACTOR$§W financiar?la guerra de;;;;;;;;;
WARSUBSIDIES_OTHER_ACCEPT_4;§Y$RECIPIENT$§W.;§Y$RECIPIENT$§W.;§Y$RECIPIENT$§W finanziell unterstützen wird.;;§Y$RECIPIENT$§W.;;;;;;;;;
WARSUBSIDIES_OTHER_ACCEPT_5;They apparently will pay them §Y$VALUE$§W each day.;Apparemment, ils leur verseront §Y$VALUE$§W par jour.;Anscheinend werden sie ihnen täglich §Y$VALUE$§W zahlen.;;Según parece, les pagarán §Y$VALUE$§W al día.;;;;;;;;;
WARSUBSIDIES_OTHER_ACCEPT_6;*;*;*;*;*;*;*;;;;;;;
WARSUBSIDIES_OTHER_ACCEPT_BTN1;OK;D'accord;OK;OK;;Aceptar;;;;;;;;
WARSUBSIDIES_OTHER_ACCEPT_BTN2;OK;D'accord;OK;OK;;Aceptar;;;;;;;;
WARSUBSIDIES_OTHER_ACCEPT_BTN3;Go to;Voir;Goto;;Ir all?;;;;;;;;;
CANCEL_WARSUBSIDIES_THEY_ACCEPT_HEADER;The Foreign Minister reports;Le ministre des Affaires étrangères indique :;Der Außenminister berichtet:;;El ministro de exteriores informa;;;;;;;;;
CANCEL_WARSUBSIDIES_THEY_ACCEPT_1;§Y$RECIPIENT$§W;§Y$RECIPIENT$§W ;§Y$RECIPIENT$§W;;§Y$RECIPIENT$§W;;;;;;;;;
CANCEL_WARSUBSIDIES_THEY_ACCEPT_2;$MONARCHTITLE$, we decided to stop giving;$MONARCHTITLE$, nous avons décid?de cesser de verser;Wir haben beschlossen;;$MONARCHTITLE$, hemos decidido dejar de financiar;;;;;;;;;
CANCEL_WARSUBSIDIES_THEY_ACCEPT_3;§Y$RECIPIENT$§W war subsidies.;des indemnités de guerre ?§Y$RECIPIENT$§W.;die Leistung von Kriegssubventionen an §Y$RECIPIENT$§W einzustellen.;;a §Y$RECIPIENT$§W con subsidios de guerra.;;;;;;;;;
CANCEL_WARSUBSIDIES_THEY_ACCEPT_4;The money is better spent elsewhere.;Cet argent sera mieux utilis?ailleurs.;Das Geld können wir für andere Zwecke besser einsetzen.;;Tenemos mejores cosas en que gastar ese dinero.;;;;;;;;;
CANCEL_WARSUBSIDIES_THEY_ACCEPT_5;*;*;*;*;*;*;*;;;;;;;
CANCEL_WARSUBSIDIES_THEY_ACCEPT_6;*;*;*;*;*;*;*;;;;;;;
CANCEL_WARSUBSIDIES_THEY_ACCEPT_BTN1;OK;D'accord;OK;OK;;Aceptar;;;;;;;;
CANCEL_WARSUBSIDIES_THEY_ACCEPT_BTN2;OK;D'accord;OK;OK;;Aceptar;;;;;;;;
CANCEL_WARSUBSIDIES_THEY_ACCEPT_BTN3;Go to;Voir;Goto;;Ir all?;;;;;;;;;
CANCEL_WARSUBSIDIES_WE_ACCEPT_HEADER;The Foreign Minister reports;Le ministre des Affaires étrangères indique :;Der Außenminister berichtet:;;El ministro de exteriores informa;;;;;;;;;
CANCEL_WARSUBSIDIES_WE_ACCEPT_1;§Y$RECIPIENT$§W;§Y$RECIPIENT$§W ;§Y$RECIPIENT$§W;;§Y$RECIPIENT$§W;;;;;;;;;
CANCEL_WARSUBSIDIES_WE_ACCEPT_2;$MONARCHTITLE$, we have stopped receiving;$MONARCHTITLE$, nous avons cess?de toucher;Wir erhalten von;;$MONARCHTITLE$, hemos dejado de recibir;;;;;;;;;
CANCEL_WARSUBSIDIES_WE_ACCEPT_3;war subsidies from §Y$ACTOR$§W.;des indemnités de guerre de §Y$ACTOR$§W.;§Y$ACTOR$§W keine Kriegssubventionen mehr.;;subsidios de guerra de §Y$ACTOR$§W.;;;;;;;;;
CANCEL_WARSUBSIDIES_WE_ACCEPT_4;We're on our own now.;Désormais, nous sommes seuls.;Wir sind jetzt auf uns alleine gestellt.;;A partir de ahora estamos solos.;;;;;;;;;
CANCEL_WARSUBSIDIES_WE_ACCEPT_5;*;*;*;*;*;*;*;;;;;;;
CANCEL_WARSUBSIDIES_WE_ACCEPT_6;*;*;*;*;*;*;*;;;;;;;
CANCEL_WARSUBSIDIES_WE_ACCEPT_BTN1;OK;D'accord;OK;OK;;Aceptar;;;;;;;;
CANCEL_WARSUBSIDIES_WE_ACCEPT_BTN2;OK;D'accord;OK;OK;;Aceptar;;;;;;;;
CANCEL_WARSUBSIDIES_WE_ACCEPT_BTN3;Go to;Voir;Goto;;Ir all?;;;;;;;;;
CANCEL_WARSUBSIDIES_OTHER_ACCEPT_HEADER;The Foreign Minister reports;Le ministre des Affaires étrangères indique :;Der Außenminister berichtet:;;El ministro de exteriores informa;;;;;;;;;
CANCEL_WARSUBSIDIES_OTHER_ACCEPT_1;§Y$RECIPIENT$§W;§Y$RECIPIENT$§W ;§Y$RECIPIENT$§W;;§Y$RECIPIENT$§W;;;;;;;;;
CANCEL_WARSUBSIDIES_OTHER_ACCEPT_2;$MONARCHTITLE$, we heard that;$MONARCHTITLE$, il paraît que;Wir haben gehört, dass;;$MONARCHTITLE$, nos hemos enterado de que;;;;;;;;;
CANCEL_WARSUBSIDIES_OTHER_ACCEPT_3;§Y$ACTOR$§W stopped giving §Y$RECIPIENT$§W war subsidies.;§Y$ACTOR$§W a cess?de verser des indemnités de guerre ?§Y$RECIPIENT$§W.;§Y$ACTOR$§W die Zahlung von Kriegssubventionen an §Y$RECIPIENT$§W eingestellt hat.;;§Y$ACTOR$§W ha dejado de dar subsidios de guerra a §Y$RECIPIENT$§W.;;;;;;;;;
CANCEL_WARSUBSIDIES_OTHER_ACCEPT_4;*;*;*;*;*;*;*;;;;;;;
CANCEL_WARSUBSIDIES_OTHER_ACCEPT_5;*;*;*;*;*;*;*;;;;;;;
CANCEL_WARSUBSIDIES_OTHER_ACCEPT_6;*;*;*;*;*;*;*;;;;;;;
CANCEL_WARSUBSIDIES_OTHER_ACCEPT_BTN1;OK;D'accord;OK;OK;;Aceptar;;;;;;;;
CANCEL_WARSUBSIDIES_OTHER_ACCEPT_BTN2;OK;D'accord;OK;OK;;Aceptar;;;;;;;;
CANCEL_WARSUBSIDIES_OTHER_ACCEPT_BTN3;Go to;Voir;Goto;;Ir all?;;;;;;;;;
WETARGET_DISCREDIT_HEADER;The Foreign Minister reports;Le ministre des Affaires étrangères indique :;Der Außenminister berichtet:;;El ministro de exteriores informa;;;;;;;;;
WETARGET_DISCREDIT_1;§Y$RECIPIENT$§W;§Y$RECIPIENT$§W ;§Y$RECIPIENT$§W;;§Y$RECIPIENT$§W;;;;;;;;;
WETARGET_DISCREDIT_2;$MONARCHTITLE$, our name has been discredited!;$MONARCHTITLE$, notre nom a ét?discrédit?!;Unser Name wurde in Verruf gebracht!;;?MONARCHTITLE$, han manchado nuestro buen nombre!;;;;;;;;;
WETARGET_DISCREDIT_3;§Y$RECIPIENT$§W is accusing us of things we never even heard of!;§Y$RECIPIENT$§W, nous accuse de choses dont nous n'avons jamais entendu parler !;§Y$RECIPIENT$§W beschuldigt uns mit Dingen, von denen wir noch nie gehört haben!;;¡§Y$RECIPIENT$§W nos est?acusando de cosas que ni conocíamos!;;;;;;;;;
WETARGET_DISCREDIT_4;We suspect §Y$ACTOR$§W is behind this!;Nous soupçonnons §Y$ACTOR$§W d'être derrière tout cela.;Wir vermuten, dass §Y$ACTOR$§W dahinter steckt!;;¡Sospechamos que §Y$ACTOR$§W est?detrás de esto!;;;;;;;;;
WETARGET_DISCREDIT_5;*;*;*;*;*;*;*;;;;;;;
WETARGET_DISCREDIT_6;*;*;*;*;*;*;*;;;;;;;
WETARGET_DISCREDIT_BTN1;OK;D'accord;OK;OK;;Aceptar;;;;;;;;
WETARGET_DISCREDIT_BTN2;OK;D'accord;OK;OK;;Aceptar;;;;;;;;
WETARGET_DISCREDIT_BTN3;Go to;Voir;Goto;;Ir all?;;;;;;;;;
WETARGET_EXPELADVISORS_HEADER;The Foreign Minister reports;Le ministre des Affaires étrangères indique :;Der Außenminister berichtet:;;El ministro de exteriores informa;;;;;;;;;
WETARGET_EXPELADVISORS_1;§Y$RECIPIENT$§W;§Y$RECIPIENT$§W ;§Y$RECIPIENT$§W;;§Y$RECIPIENT$§W;;;;;;;;;
WETARGET_EXPELADVISORS_2;$MONARCHTITLE$, our advisors have been expelled!;$MONARCHTITLE$, nos conseillers ont ét?expulsés.;Unsere Berater wurden ausgewiesen!;;?MONARCHTITLE$, han expulsado a nuestros consejeros!;;;;;;;;;
WETARGET_EXPELADVISORS_3;§Y$RECIPIENT$§W threw them out without giving us a reason.;§Y$RECIPIENT$§W les a jetés dehors sans explication.;§Y$RECIPIENT$§W hat sie ohne Angabe eines Grundes hinausgeworfen.;;§Y$RECIPIENT$§W los ha echado del país sin ofrecernos una explicación.;;;;;;;;;
WETARGET_EXPELADVISORS_4;We suspect §Y$ACTOR$§W is behind this!;Nous soupçonnons §Y$ACTOR$§W d'être derrière tout cela.;Wir vermuten, dass §Y$ACTOR$§W dahinter steckt!;;¡Sospechamos que §Y$ACTOR$§W est?detrás de esto!;;;;;;;;;
WETARGET_EXPELADVISORS_5;*;*;*;*;*;*;*;;;;;;;
WETARGET_EXPELADVISORS_6;*;*;*;*;*;*;*;;;;;;;
WETARGET_EXPELADVISORS_BTN1;OK;D'accord;OK;OK;;Aceptar;;;;;;;;
WETARGET_EXPELADVISORS_BTN2;OK;D'accord;OK;OK;;Aceptar;;;;;;;;
WETARGET_EXPELADVISORS_BTN3;Go to;Voir;Goto;;Ir all?;;;;;;;;;
WETARGET_BANEMBASSY_HEADER;The Foreign Minister reports;Le ministre des Affaires étrangères indique :;Der Außenminister berichtet:;;El ministro de exteriores informa;;;;;;;;;
WETARGET_BANEMBASSY_1;§Y$RECIPIENT$§W;§Y$RECIPIENT$§W ;§Y$RECIPIENT$§W;;§Y$RECIPIENT$§W;;;;;;;;;
WETARGET_BANEMBASSY_2;$MONARCHTITLE$, our ambassadors has been banned!;$MONARCHTITLE$, nos ambassadeurs ont ét?expulsés.;Unsere Botschafter wurden verbannt!;;?MONARCHTITLE$, han expulsado a nuestros embajadores!;;;;;;;;;
WETARGET_BANEMBASSY_3;§Y$RECIPIENT$§W gave us no reason why they acted the way they did.;§Y$RECIPIENT$§W ne nous a donn?aucune explication.;§Y$RECIPIENT$§W hat uns nicht mitgeteilt, warum sie dies getan haben.;;§Y$RECIPIENT$§W no nos ha dado ninguna explicación para sus actos.;;;;;;;;;
WETARGET_BANEMBASSY_4;We suspect §Y$ACTOR$§W is behind this!;Nous soupçonnons §Y$ACTOR$§W d'être derrière tout cela.;Wir vermuten, dass §Y$ACTOR$§W dahinter steckt!;;¡Sospechamos que §Y$ACTOR$§W est?detrás de esto!;;;;;;;;;
WETARGET_BANEMBASSY_5;*;*;*;*;*;*;*;;;;;;;
WETARGET_BANEMBASSY_6;*;*;*;*;*;*;*;;;;;;;
WETARGET_BANEMBASSY_BTN1;OK;D'accord;OK;OK;;Aceptar;;;;;;;;
WETARGET_BANEMBASSY_BTN2;OK;D'accord;OK;OK;;Aceptar;;;;;;;;
WETARGET_BANEMBASSY_BTN3;Go to;Voir;Goto;;Ir all?;;;;;;;;;
WETARGET_DECREASEOPINION_HEADER;The Foreign Minister reports;Le ministre des Affaires étrangères indique :;Der Außenminister berichtet:;;El ministro de exteriores informa;;;;;;;;;
WETARGET_DECREASEOPINION_1;§Y$RECIPIENT$§W;§Y$RECIPIENT$§W ;§Y$RECIPIENT$§W;;§Y$RECIPIENT$§W;;;;;;;;;
WETARGET_DECREASEOPINION_2;$MONARCHTITLE$, someone has talked ill of us behind our backs!;$MONARCHTITLE$, quelqu'un nous a critiqués dans notre dos.;Jemand hat hinter unserem Rücken schlecht über uns gesprochen!;;?MONARCHTITLE$, alguien ha estado hablando mal de nosotros a nuestras espaldas!;;;;;;;;;
WETARGET_DECREASEOPINION_3;The opinion of us in §Y$RECIPIENT$§W dropped to §Y$OPINION$§W.;L'opinion qu'ont les gens de nous ?§Y$RECIPIENT$§W a chut?pour passer ?: §Y$OPINION$§W.;Dadurch hat sich die Meinung über uns in §Y$RECIPIENT$§W auf §Y$OPINION$§W verschlechtert.;;La opinión que se tiene en §Y$RECIPIENT$§W sobre nosotros ha caído a: §Y$OPINION$§W.;;;;;;;;;
WETARGET_DECREASEOPINION_4;We suspect §Y$ACTOR$§W is behind this!;Nous soupçonnons §Y$ACTOR$§W d'être derrière tout cela.;Wir vermuten, dass §Y$ACTOR$§W dahinter steckt!;;¡Sospechamos que §Y$ACTOR$§W est?detrás de esto!;;;;;;;;;
WETARGET_DECREASEOPINION_5;*;*;*;*;*;*;*;;;;;;;
WETARGET_DECREASEOPINION_6;*;*;*;*;*;*;*;;;;;;;
WETARGET_DECREASEOPINION_BTN1;OK;D'accord;OK;OK;;Aceptar;;;;;;;;
WETARGET_DECREASEOPINION_BTN2;OK;D'accord;OK;OK;;Aceptar;;;;;;;;
WETARGET_DECREASEOPINION_BTN3;Go to;Voir;Goto;;Ir all?;;;;;;;;;
WETARGET_REMOVEFROMSPHERE_HEADER;The Foreign Minister reports;Le ministre des Affaires étrangères indique :;Der Außenminister berichtet:;;El ministro de exteriores informa;;;;;;;;;
WETARGET_REMOVEFROMSPHERE_1;§Y$RECIPIENT$§W;§Y$RECIPIENT$§W ;§Y$RECIPIENT$§W;;§Y$RECIPIENT$§W;;;;;;;;;
WETARGET_REMOVEFROMSPHERE_2;$MONARCHTITLE$, someone is tampering with our empire!;$MONARCHTITLE$, quelqu'un cherche ?nuire ?notre empire.;Ein anderes Land versucht, unser Reich zu manipulieren!;;?MONARCHTITLE$, alguien pretende sabotear nuestro imperio!;;;;;;;;;
WETARGET_REMOVEFROMSPHERE_3;§Y$RECIPIENT$§W is no longer in our Sphere of Influence!;§Y$RECIPIENT$§W n'est plus dans notre sphère d'influence.;§Y$RECIPIENT$§W befindet sich nicht mehr in unserer Einflusssphäre!;;¡§Y$RECIPIENT$§W ya no est?en nuestra esfera de influencia!;;;;;;;;;
WETARGET_REMOVEFROMSPHERE_4;We suspect §Y$ACTOR$§W is behind this!;Nous soupçonnons §Y$ACTOR$§W d'être derrière tout cela.;Wir vermuten, dass §Y$ACTOR$§W dahinter steckt!;;¡Sospechamos que §Y$ACTOR$§W est?detrás de esto!;;;;;;;;;
WETARGET_REMOVEFROMSPHERE_5;*;*;*;*;*;*;*;;;;;;;
WETARGET_REMOVEFROMSPHERE_6;*;*;*;*;*;*;*;;;;;;;
WETARGET_REMOVEFROMSPHERE_BTN1;OK;D'accord;OK;OK;;Aceptar;;;;;;;;
WETARGET_REMOVEFROMSPHERE_BTN2;OK;D'accord;OK;OK;;Aceptar;;;;;;;;
WETARGET_REMOVEFROMSPHERE_BTN3;Go to;Voir;Goto;;Ir all?;;;;;;;;;
PEACE_WE_ACCEPT_HEADER;$MESSENGER$;$MESSENGER$;$MESSENGER$;;$MESSENGER$;;;;;;;;;
PEACE_WE_ACCEPT_1;$ACTOR$;$ACTOR$;$ACTOR$;;$ACTOR$;;;;;;;;;
PEACE_WE_ACCEPT_2;We have accepted a peaceoffer from;Nous avons accept?une offre de paix de;Wir haben ein Friedensangebot von;;Hemos aceptado una oferta de paz de;;;;;;;;;
PEACE_WE_ACCEPT_3;$ACTOR$;$ACTOR$;$ACTOR$;;$ACTOR$;;;;;;;;;
PEACE_WE_ACCEPT_4;on the following terms:;aux conditions suivantes :;zu folgenden Bedingungen angenommen:;;en los siguientes términos:;;;;;;;;;
PEACE_WE_ACCEPT_5; $TERMS$; §Y$TERMS$§W; $TERMS$;; $TERMS$;;;;;;;;;
PEACE_WE_ACCEPT_6;*;*;*;*;*;*;*;;;;;;;
PEACE_WE_ACCEPT_LOG;We accepted the peace offer from $ACTOR$.;Nous avons accept?l'offre de paix de $ACTOR$.;Wir haben das Friedensangebot von $ACTOR$ angenommen.;;Hemos aceptado una oferta de paz de $ACTOR$.;;;;;;;;;
PEACE_WE_ACCEPT_BTN1;Fine!;Parfait !;Gut!;;¡Bien!;;;;;;;;;
PEACE_WE_ACCEPT_BTN2;Fine!;Parfait !;Gut!;;¡Bien!;;;;;;;;;
PEACE_WE_ACCEPT_BTN3;Goto;Voir;Goto;;Ir all?;;;;;;;;;
PEACE_WE_ACCEPT_MAP;Peace!;Paix !;Frieden!;;¡Paz!;;;;;;;;;
PEACE_THEY_ACCEPT_HEADER;$MESSENGER$;$MESSENGER$;$MESSENGER$;;$MESSENGER$;;;;;;;;;
PEACE_THEY_ACCEPT_1;$RECIPIENT$;$RECIPIENT$;$RECIPIENT$;;$RECIPIENT$;;;;;;;;;
PEACE_THEY_ACCEPT_2;$RECIPIENT$;$RECIPIENT$;$RECIPIENT$;;$RECIPIENT$;;;;;;;;;
PEACE_THEY_ACCEPT_3;accepted our generous offer of peace;a accept?notre généreuse offre de paix.;akzeptierte unser großzügiges Friedensangebot;;ha aceptado nuestra generosa oferta de paz.;;;;;;;;;
PEACE_THEY_ACCEPT_4;*;*;*;;*;;;;;;;;;
PEACE_THEY_ACCEPT_5;*;*;*;;*;;;;;;;;;
PEACE_THEY_ACCEPT_6;Terms: $TERMS$;Conditions : $TERMS$;Bedingungen: $TERMS$;;Términos: $TERMS$;;;;;;;;;
PEACE_THEY_ACCEPT_LOG;$RECIPIENT$ accepted our peace offer.;$RECIPIENT$ a accept?notre offre de paix.;$RECIPIENT$ akzeptierte unser Friedensangebot.;;$RECIPIENT$ ha aceptado nuestra oferta de paz.;;;;;;;;;
PEACE_THEY_ACCEPT_BTN1;Fine!;Parfait !;Gut!;;¡Bien!;;;;;;;;;
PEACE_THEY_ACCEPT_BTN2;Fine!;Parfait !;Gut!;;¡Bien!;;;;;;;;;
PEACE_THEY_ACCEPT_BTN3;Goto;Voir;Goto;;Ir all?;;;;;;;;;
PEACE_THEY_ACCEPT_MAP;Peace!;Paix !;Frieden!;;¡Paz!;;;;;;;;;
PEACE_OTHER_ACCEPT_HEADER;$MESSENGER$;$MESSENGER$;$MESSENGER$;;$MESSENGER$;;;;;;;;;
PEACE_OTHER_ACCEPT_1;$RECIPIENT$;$RECIPIENT$;$RECIPIENT$;;$RECIPIENT$;;;;;;;;;
PEACE_OTHER_ACCEPT_2;$RECIPIENT$;$RECIPIENT$;$RECIPIENT$;;$RECIPIENT$;;;;;;;;;
PEACE_OTHER_ACCEPT_3;accepted the offer of peace from;a accept?l'offre de paix de;akzeptierte das Friedensangebot von;;ha aceptado la oferta de paz de;;;;;;;;;
PEACE_OTHER_ACCEPT_4;$ACTOR$;$ACTOR$.;$ACTOR$;;$ACTOR$;;;;;;;;;
PEACE_OTHER_ACCEPT_5;*;*;*;;*;;;;;;;;;
PEACE_OTHER_ACCEPT_6;Terms: $TERMS$;Conditions : $TERMS$;Bedingungen: $TERMS$;;Términos: $TERMS$;;;;;;;;;
PEACE_OTHER_ACCEPT_LOG;$RECIPIENT$ accepted the peace offer from $ACTOR$.;$RECIPIENT$ a accept?l'offre de paix de $ACTOR$.;$RECIPIENT$ akzeptierte das Friedensangebot von $ACTOR$.;;$RECIPIENT$ ha aceptado una oferta de paz de $ACTOR$.;;;;;;;;;
PEACE_OTHER_ACCEPT_BTN1;Fine!;Parfait !;Gut!;;¡Bien!;;;;;;;;;
PEACE_OTHER_ACCEPT_BTN2;Fine!;Parfait !;Gut!;;¡Bien!;;;;;;;;;
PEACE_OTHER_ACCEPT_BTN3;Goto;Voir;Goto;;Ir all?;;;;;;;;;
PEACE_OTHER_ACCEPT_MAP;Peace!;Paix !;Frieden!;;¡Paz!;;;;;;;;;
PEACE_WE_DECLINE_HEADER;$MESSENGER$;$MESSENGER$;$MESSENGER$;;$MESSENGER$;;;;;;;;;
PEACE_WE_DECLINE_1;$ACTOR$;$ACTOR$;$ACTOR$;;$ACTOR$;;;;;;;;;
PEACE_WE_DECLINE_2;We have declined the peaceoffer from;Nous avons refus?l'offre de paix de;Wir haben ein Friedensangebot von;;Hemos rechazado la oferta de paz de;;;;;;;;;
PEACE_WE_DECLINE_3;$ACTOR$;$ACTOR$;$ACTOR$;;$ACTOR$;;;;;;;;;
PEACE_WE_DECLINE_4;on the following terms:;aux conditions suivantes :;zu folgenden Bedingungen abgelehnt:;;en los siguientes términos:;;;;;;;;;
PEACE_WE_DECLINE_5;*;*;*;;*;;;;;;;;;
REMOVE_PEACE_WE_DECLINE_6;*;*;*;;*;;;;;;;;;
PEACE_WE_DECLINE_LOG;We declined the peace offer from $ACTOR$.;Nous avons refus?l'offre de paix de $ACTOR$.;Wir haben das Friedensangebot von $ACTOR$ abgelehnt.;;Hemos rechazado la oferta de paz de $ACTOR$.;;;;;;;;;
PEACE_WE_DECLINE_BTN1;Fine!;Parfait !;Gut!;;¡Bien!;;;;;;;;;
PEACE_WE_DECLINE_BTN2;Fine!;Parfait !;Gut!;;¡Bien!;;;;;;;;;
PEACE_WE_DECLINE_BTN3;Goto;Voir;Goto;;Ir all?;;;;;;;;;
PEACE_WE_DECLINE_MAP;Declined!;Paix !;Frieden!;;¡Rechazada!;;;;;;;;;
PEACE_THEY_DECLINE_HEADER;$MESSENGER$;$MESSENGER$;$MESSENGER$;;$MESSENGER$;;;;;;;;;
PEACE_THEY_DECLINE_1;$RECIPIENT$;$RECIPIENT$;$RECIPIENT$;;$RECIPIENT$;;;;;;;;;
PEACE_THEY_DECLINE_2;$RECIPIENT$;$RECIPIENT$;$RECIPIENT$;;$RECIPIENT$;;;;;;;;;
PEACE_THEY_DECLINE_3;rejected our generous offer of peace;a rejet?notre généreuse offre de paix.;hat Ihr großzügiges Friedensangebot abgelehnt.;;ha rechazado nuestra generosa oferta de paz.;;;;;;;;;
PEACE_THEY_DECLINE_4;*;*;*;;*;;;;;;;;;
REMOVE_PEACE_THEY_DECLINE_5;*;*;*;;*;;;;;;;;;
PEACE_THEY_DECLINE_6;*;*;*;;*;;;;;;;;;
PEACE_THEY_DECLINE_LOG;$RECIPIENT$ rejected our peace offer.;$RECIPIENT$ a rejet?notre offre de paix.;$RECIPIENT$ hat unser Friedensangebot abgelehnt.;;$RECIPIENT$ ha rechazado nuestra oferta de paz.;;;;;;;;;
PEACE_THEY_DECLINE_BTN1;Fine!;Parfait !;Gut!;;¡Bien!;;;;;;;;;
PEACE_THEY_DECLINE_BTN2;Fine!;Parfait !;Gut!;;¡Bien!;;;;;;;;;
PEACE_THEY_DECLINE_BTN3;Goto;Voir;Goto;;Ir all?;;;;;;;;;
PEACE_THEY_DECLINE_MAP;Declined!;Paix !;Frieden!;;¡Rechazada!;;;;;;;;;
PEACE_OTHER_DECLINE_HEADER;$MESSENGER$;$MESSENGER$;$MESSENGER$;;$MESSENGER$;;;;;;;;;
PEACE_OTHER_DECLINE_1;$RECIPIENT$;$RECIPIENT$;$RECIPIENT$;;$RECIPIENT$;;;;;;;;;
PEACE_OTHER_DECLINE_2;$RECIPIENT$;$RECIPIENT$;$RECIPIENT$;;$RECIPIENT$;;;;;;;;;
PEACE_OTHER_DECLINE_3;rejected the offer of peace from;a rejet?l'offre de paix de;lehnte das Friedensangebot von;;ha rechazado la oferta de paz de;;;;;;;;;
PEACE_OTHER_DECLINE_4;$ACTOR$;$ACTOR$.;$ACTOR$ ab.;;$ACTOR$;;;;;;;;;
PEACE_OTHER_DECLINE_5;*;*;*;;*;;;;;;;;;
REMOVE_PEACE_OTHER_DECLINE_6;*;*;*;;*;;;;;;;;;
PEACE_OTHER_DECLINE_LOG;$RECIPIENT$ rejected the peace offer from $ACTOR$.;$RECIPIENT$ a rejet?l'offre de paix de $ACTOR$.;$RECIPIENT$ lehnte das Friedensangebot von $ACTOR$ ab.;;$RECIPIENT$ ha rechazado una oferta de paz de $ACTOR$.;;;;;;;;;
PEACE_OTHER_DECLINE_BTN1;Fine!;Parfait !;Gut!;;¡Bien!;;;;;;;;;
PEACE_OTHER_DECLINE_BTN2;Fine!;Parfait !;Gut!;;¡Bien!;;;;;;;;;
PEACE_OTHER_DECLINE_BTN3;Goto;Voir;Goto;;Ir all?;;;;;;;;;
PEACE_OTHER_DECLINE_MAP;Declined!;Paix !;Frieden!;;¡Rechazada!;;;;;;;;;
PEACEOFFERDESC;We have received an offer of peace from $COUNTRY$. They are offering us the following terms: ;Nous avons reçu une offre de paix de $COUNTRY$. Les conditions suivantes nous sont proposées : ;Wir haben ein Friedensangebot von $COUNTRY$ erhalten. Sie bieten uns die folgenden Bedingungen an: ;;Hemos recibido una oferta de paz de $COUNTRY$. Nos ofrecen los siguientes términos: ;;;;;;;;;
INTERVENTION_OUR_SIDE_HEADER;$MESSENGER$;$MESSENGER$;$MESSENGER$;;$MESSENGER$;;;;;;;;;
INTERVENTION_OUR_SIDE_1;$RECIPIENT$;$RECIPIENT$;$RECIPIENT$;;$RECIPIENT$;;;;;;;;;
INTERVENTION_OUR_SIDE_2;$RECIPIENT$;$RECIPIENT$;$RECIPIENT$;;$RECIPIENT$;;;;;;;;;
INTERVENTION_OUR_SIDE_3;has intervened joined our side in the;a rejoint notre camp dans la guerre;griff auf unserer Seite in den;;se ha unido a nuestro bando en la;;;;;;;;;
INTERVENTION_OUR_SIDE_4;$WAR$;$WAR$.;$WAR$ ein.;;$WAR$;;;;;;;;;
INTERVENTION_OUR_SIDE_5;*;*;*;;*;;;;;;;;;
INTERVENTION_OUR_SIDE_6;*;*;*;;*;;;;;;;;;
INTERVENTION_OUR_SIDE_LOG;$RECIPIENT$ intervened in the $WAR$.;$RECIPIENT$ a pris parti dans la guerre $WAR$.;$RECIPIENT$ griff in den $WAR$ ein.;;$RECIPIENT$ ha intervenido en la $WAR$.;;;;;;;;;
INTERVENTION_OUR_SIDE_BTN1;Yay!;Ouais !;Juhu!;;¡Yupi!;;;;;;;;;
INTERVENTION_OUR_SIDE_BTN2;Yay!;Ouais !;Juhu!;;¡Yupi!;;;;;;;;;
INTERVENTION_OUR_SIDE_BTN3;Goto;Voir;Goto;;Ir all?;;;;;;;;;
INTERVENTION_THEIR_SIDE_HEADER;$MESSENGER$;$MESSENGER$;$MESSENGER$;;$MESSENGER$;;;;;;;;;
INTERVENTION_THEIR_SIDE_1;$RECIPIENT$;$RECIPIENT$;$RECIPIENT$;;$RECIPIENT$;;;;;;;;;
INTERVENTION_THEIR_SIDE_2;$RECIPIENT$;$RECIPIENT$;$RECIPIENT$;;$RECIPIENT$;;;;;;;;;
INTERVENTION_THEIR_SIDE_3;has joined our enemies in the;a rejoint nos ennemis dans la guerre;hat sich unseren Feinden im;;se ha unido a nuestros enemigos en la;;;;;;;;;
INTERVENTION_THEIR_SIDE_4;$WAR$;$WAR$.;$WAR$ angeschlossen.;;$WAR$;;;;;;;;;
INTERVENTION_THEIR_SIDE_5;*;*;*;;*;;;;;;;;;
INTERVENTION_THEIR_SIDE_6;*;*;*;;*;;;;;;;;;
INTERVENTION_THEIR_SIDE_LOG;$RECIPIENT$ intervened in the $WAR$.;$RECIPIENT$ a pris parti dans la guerre $WAR$.;$RECIPIENT$ griff in den $WAR$ ein.;;$RECIPIENT$ ha intervenido en la $WAR$.;;;;;;;;;
INTERVENTION_THEIR_SIDE_BTN1;Oh no!;Oh non !;Oh nein!;;¡Oh, no!;;;;;;;;;
INTERVENTION_THEIR_SIDE_BTN2;Oh no!;Oh non !;Oh nein!;;¡Oh, no!;;;;;;;;;
INTERVENTION_THEIR_SIDE_BTN3;Goto;Voir;Goto;;Ir all?;;;;;;;;;
INTERVENTION_OTHER_SIDE_HEADER;$MESSENGER$;$MESSENGER$;$MESSENGER$;;$MESSENGER$;;;;;;;;;
INTERVENTION_OTHER_SIDE_1;$RECIPIENT$;$RECIPIENT$;$RECIPIENT$;;$RECIPIENT$;;;;;;;;;
INTERVENTION_OTHER_SIDE_2;$RECIPIENT$;$RECIPIENT$;$RECIPIENT$;;$RECIPIENT$;;;;;;;;;
INTERVENTION_OTHER_SIDE_3;has intervened in the;a pris parti dans la guerre;griff in den;;ha intervenido en la;;;;;;;;;
INTERVENTION_OTHER_SIDE_4;$WAR$;$WAR$.;$WAR$ ein.;;$WAR$;;;;;;;;;
INTERVENTION_OTHER_SIDE_5;*;*;*;;*;;;;;;;;;
INTERVENTION_OTHER_SIDE_6;*;*;*;;*;;;;;;;;;
INTERVENTION_OTHER_SIDE_LOG;$RECIPIENT$ intervened in the $WAR$.;$RECIPIENT$ a pris parti dans la guerre $WAR$.;$RECIPIENT$ griff in den $WAR$ ein.;;$RECIPIENT$ ha intervenido en la $WAR$.;;;;;;;;;
INTERVENTION_OTHER_SIDE_BTN1;OK;D'accord;OK;OK;;Aceptar;;;;;;;;
INTERVENTION_OTHER_SIDE_BTN2;OK;D'accord;OK;OK;;Aceptar;;;;;;;;
INTERVENTION_OTHER_SIDE_BTN3;Goto;Voir;Goto;;Ir all?;;;;;;;;;
WE_INTERVENED_HEADER;$MESSENGER$;$MESSENGER$;$MESSENGER$;;$MESSENGER$;;;;;;;;;
WE_INTERVENED_1;War intervention!;Intervention dans la guerre !;Kriegsintervention!;;¡Intervención militar!;;;;;;;;;
WE_INTERVENED_2;We;Nous;Wir;;Hemos;;;;;;;;;
WE_INTERVENED_3;decided to intervene in the;avons décid?de prendre parti dans la guerre;haben uns entschlossen, in den;;decidido intervenir en la;;;;;;;;;
WE_INTERVENED_4;$WAR$;$WAR$.;$WAR$ einzugreifen.;;$WAR$;;;;;;;;;
WE_INTERVENED_5;*;*;*;;*;;;;;;;;;
WE_INTERVENED_6;*;*;*;;*;;;;;;;;;
WE_INTERVENED_LOG;We decided to intervene in the $WAR$.;Nous avons décid?de prendre parti dans la guerre $WAR$.;Wir haben uns entschlossen, in den $WAR$ einzugreifen.;;Hemos decidido intervenir en la $WAR$.;;;;;;;;;
WE_INTERVENED_BTN1;Yay!;Ouais !;Juhu!;;¡Yupi!;;;;;;;;;
WE_INTERVENED_BTN2;Yay!;Ouais !;Juhu!;;¡Yupi!;;;;;;;;;
WE_INTERVENED_BTN3;Goto;Voir;Goto;;Ir all?;;;;;;;;;
GUNBOAT_WE_ACCEPT_SETUP;Someone used gunboat diplomacy on us;Quelqu'un a us?de la diplomatie de la canonnière contre nous;Ein Land hat Kanonenbootdiplomatie gegen uns eingesetzt.;;Alguien ha utilizado contra nosotros la diplomacia de las cañoneras.;;;;;;;;;
GUNBOAT_WE_ACCEPT_HEADER;$MESSENGER$;$MESSENGER$;$MESSENGER$;;$MESSENGER$;;;;;;;;;
GUNBOAT_WE_ACCEPT_1;Gunboat Diplomacy!;Diplomatie de la canonnière !;Kanonenbootdiplomatie!;;¡La diplomacia de las cañoneras!;;;;;;;;;
GUNBOAT_WE_ACCEPT_2;$ACTOR$;$ACTOR$;$ACTOR$;;$ACTOR$;;;;;;;;;
GUNBOAT_WE_ACCEPT_3;have placed gunboats in our ports;a positionn?des canonnières dans nos ports;hat Kanonenboote in unseren Häfen positioniert;;ha emplazado cañoneras en nuestros puertos;;;;;;;;;
GUNBOAT_WE_ACCEPT_4;and demand that we start paying back our loans;et exige que nous commencions ?rembourser nos emprunts;und verlangt, dass wir mit der Rückzahlung unserer Schulden beginnen.;;y exige que comencemos a devolver nuestros préstamos;;;;;;;;;
GUNBOAT_WE_ACCEPT_5;with §Y$VALUE$§W?each day.;?hauteur de §Y$VALUE$§W¤par jour.;Wir sollen täglich §Y$VALUE$§W?zurückzahlen.;;a razón de §Y$VALUE$§W?al día.;;;;;;;;;
GUNBOAT_WE_ACCEPT_6;*;*;*;*;*;*;*;;;;;;;
REMOVE_GUNBOAT_WE_ACCEPT_LOG;We accepted the peace offer from $ACTOR$.;Nous avons accept?l'offre de paix de $ACTOR$.;Wir haben das Friedensangebot von $ACTOR$ akzeptiert.;;Hemos aceptado una oferta de paz de $ACTOR$.;;;;;;;;;
GUNBOAT_WE_ACCEPT_BTN1;No more free lunch!;Finis les déjeuners gratuits !;Nichts gibt es mehr umsonst!;;¡Se acab?el almuerzo gratis!;;;;;;;;;
GUNBOAT_WE_ACCEPT_BTN3;Goto;Voir;Goto;;Ir all?;;;;;;;;;
GUNBOAT_THEY_ACCEPT_HEADER;$MESSENGER$;$MESSENGER$;$MESSENGER$;;$MESSENGER$;;;;;;;;;
GUNBOAT_THEY_ACCEPT_1;Gunboat Diplomacy!;Diplomatie de la canonnière !;Kanonenbootdiplomatie;;¡La diplomacia de las cañoneras!;;;;;;;;;
GUNBOAT_THEY_ACCEPT_2;We have placed gunboats in the ports of;Nous avons positionn?des canonnières dans les ports de;Wir haben Kanonenbooten in den Häfen von;;Hemos emplazado cañoneras en los puertos de;;;;;;;;;
GUNBOAT_THEY_ACCEPT_3;$RECIPIENT$;$RECIPIENT$;$RECIPIENT$ positioniert, und zwingen sie dadurch,;;$RECIPIENT$;;;;;;;;;
GUNBOAT_THEY_ACCEPT_4;forcing them to start paying back their loans.;pour les obliger ?rembourser leurs emprunts.;mit der Rückzahlung ihrer Schulden zu beginnen.;;para obligarles a empezar a devolver los préstamos.;;;;;;;;;
GUNBOAT_THEY_ACCEPT_5;they will pay off §Y$VALUE$§W?each day.;Ils rembourseront §Y$VALUE$§W¤par jour.;Sie werden täglich §Y$VALUE$§W?zurückzahlen.;;Nos pagarán §Y$VALUE$§W al día.;;;;;;;;;
GUNBOAT_THEY_ACCEPT_6;*;*;*;;*;;;;;;;;;
REMOVE_GUNBOAT_THEY_ACCEPT_LOG;;;;;;;;;;;;;;
GUNBOAT_THEY_ACCEPT_BTN1;About time!;Il serait temps !;Wurde auch Zeit!;;¡Ya era hora!;;;;;;;;;
GUNBOAT_THEY_ACCEPT_BTN3;Goto;Voir;Goto;;Ir all?;;;;;;;;;
GUNBOAT_OTHER_ACCEPT_HEADER;$MESSENGER$;$MESSENGER$;$MESSENGER$;;$MESSENGER$;;;;;;;;;
GUNBOAT_OTHER_ACCEPT_1;Gunboat Diplomacy!;Diplomatie de la canonnière !;Kanonenbootpolitik!;;¡La diplomacia de las cañoneras!;;;;;;;;;
GUNBOAT_OTHER_ACCEPT_2;$ACTOR$;$ACTOR$;$ACTOR$;;$ACTOR$;;;;;;;;;
GUNBOAT_OTHER_ACCEPT_3;have placed gunboats in the ports of;a positionn?des canonnières dans les ports de;hat Kanonenboote in den Häfen von;;ha emplazado cañoneras en los puertos de;;;;;;;;;
GUNBOAT_OTHER_ACCEPT_4;$RECIPIENT$;$RECIPIENT$;$RECIPIENT$ positioniert und zwingt sie,;;$RECIPIENT$;;;;;;;;;
GUNBOAT_OTHER_ACCEPT_5;forcing them to start paying back their loans.;pour les obliger ?rembourser leurs emprunts.;mit der Rückzahlung ihrer Schulden zu beginnen.;;para obligarles a empezar a devolver los préstamos.;;;;;;;;;
GUNBOAT_OTHER_ACCEPT_6;they will pay off §Y$VALUE$§W?each day.;Ils rembourseront §Y$VALUE$§W?par jour.;Sie werden täglich §Y$VALUE$§W?0zurückzahlen.;;Nos pagarán §Y$VALUE$§W al día.;;;;;;;;;
REMOVE_GUNBOAT_OTHER_ACCEPT_LOG;;;;;;;;;;;;;;
GUNBOAT_OTHER_ACCEPT_BTN1;Ok;Ok;Ok;;Aceptar;;;;;;;;;
GUNBOAT_OTHER_ACCEPT_BTN3;Goto;Voir;Goto;;Ir all?;;;;;;;;;
ALLYTAKEOVER_SETUP;When an ally takes over leadership in our war;Si un alli?prend les rênes de notre guerre;Wenn ein Verbündeter die Führung in unserem Krieg übernimmt;Kiedy sojusznik obejmuje przywództwo w wojnie;Cuando un aliado toma el liderazgo en nuestra guerra.;Quando un alleato prende il comando nella nostra guerra;Ha egy szövetséges átveszi a vezet?szerepet a háborúban;Kdy?se spojenec ujme velen?v naší válce;;;;;;
ALLYTAKEOVER_HEADER;The Foreign Minister reports;Le ministre des Affaires étrangères indique :;:;;El ministro de exteriores informa;;;;;;;;;
ALLYTAKEOVER_1;$ACTOR$;$ACTOR$;$ACTOR$;$ACTOR$;$ACTOR$;$ACTOR$;$ACTOR$;$ACTOR$;;;;;;
ALLYTAKEOVER_2;They inform us that because of their superior might and military expertise they have assumed;Ils nous informent que leur supériorit?en termes de puissance et d'expérience militaire leur a permis de prendre;Sie informieren uns, dass sie aufgrund ihrer überragenden Macht und militärischen Expertise;informuje nas, ¿e z powodu ich wiêkszej si³y oraz doœwiadczenia wojskowego przejêli;Nos informan que debido a su superioridad y experiencia militar han asumido el;Ci informano che data la maggiore potenza ed esperienza militare, hanno assunto il;Szeretnék tudatni velünk, hogy rendkívüli erõfeszítéseikért cserébe átveszik;Informuj?nás o tom, že se kvùli sv?vìtší vojensk?síle a nasazen?ujali;;;;;;
ALLYTAKEOVER_3;Leadership in the war;les rênes de la guerre;die Führung des Krieges übernommen haben;przywództwo w wojnie;Liderazgo de la guerra;comando della guerra;a háborúban a vezet?szerepet;velen?ve válce;;;;;;
ALLYTAKEOVER_4;against;contre;gegen;przeciwko;contra;contro:;   ;proti;;;;;;
ALLYTAKEOVER_5;$TARGETLIST$;$TARGETLIST$.;$TARGETLIST$.;$TARGETLIST$.;$TARGETLIST$;$TARGETLIST$;$TARGETLIST$;$TARGETLIST$;;;;;;
ALLYTAKEOVER_6;From now on they will handle all negotiations.;?partir de maintenant, ils vont gérer toutes les négociations.;Von nun an werden sie alle Verhandlungen führen.;Od tej pory oni bêd?prowadzi?wszystkie negocjacje.;De ahora en adelante, se ocuparán de las negociaciones.;D'ora in poi gestiranno loro tutti i negoziati.;Ellen. Mostantól õk tárgyalnak.;Od nynìjška povedou vešker?jednán?oni.;;;;;;
ALLYTAKEOVER_LOG;$ACTOR$ assumed leadership in our war against $TARGETLIST$.;$ACTOR$ a pris les rênes de notre guerre contre $TARGETLIST$.;$ACTOR$ übernahm die Führung in unserem Krieg gegen $TARGETLIST$.;$ACTOR$ przejêli przywództwo w wojnie przeciwko $TARGETLIST$.;$ACTOR$ asumi?el liderazgo contra $TARGETLIST$.;$ACTOR$ ha assunto il comando della nostra guerra contro: $TAGETLIST$.;$ACTOR$a vezetést  $TAGETLIST$ ellen vezetett háborúban.;$ACTOR$ se ujali velen?v naší válce proti $TARGETLIST$.;;;;;;
ALLYTAKEOVER_BTN1;OK;D'accord;OK;OK;OK;Aceptar;OK;Rendben;OK;;;;;
ALLYTAKEOVER_BTN2;OK;D'accord;OK;OK;OK;Aceptar;OK;Rendben;OK;;;;;
ALLYTAKEOVER_BTN3;Go to;Voir;Goto;Id?do;Ir all?Andare;Ugrás;Pøejít na;;;;;;;
ALLYTAKEOVER_MAP;*;*;*;*;*;*;*;;;;;;;
ALLYTAKEOVERWE_SETUP;When we take over leadership in a war;Si nous prenons les rênes dans une guerre;Wenn wir die Führung in einem Krieg übernehmen;Kiedy obejmujemy przywództwo w wojnie;Cuando asumimos el liderazgo en una guerra.;Quando noi assumiamo il comando in una guerra;Átvesszük a vezetést a háborúban;Kdy?se ujmeme velen?ve válce;;;;;;
ALLYTAKEOVERWE_HEADER;$MESSENGER$;$MESSENGER$;$MESSENGER$;$MESSENGER$;$MESSENGER$;$MESSENGER$;$MESSENGER$;$MESSENGER$;;;;;;
ALLYTAKEOVERWE_1;The Foreign Minister reports;Le ministre des Affaires étrangères indique :;Der Außenminister berichtet:;;El ministro de exteriores informa;;;;;;;;;
ALLYTAKEOVERWE_2;Because of our superior strength and unmatched leadership, we have assumed;Grâce ?la supériorit?de notre force militaire et ?notre statut, nous avons pris;Dank unserer überragenden Stärke und unübertroffenen Führungsgeschicks übernahmen wir die;Z powodu naszej si³y oraz umiejêtnoœci przywódczych przejêliœmy;Debido a la superioridad de nuestra fuerza y liderazgo hemos asumido el;A causa della nostra maggiore potenza e delle nostre impareggiabili capacit? abbiamo assunto il;Rendkívüli erõnkre és mérhetetlen erõfeszítéseinkre alapozva úgy döntöttünk,;Protože máme vojensky navrch, ujali jsme se;;;;;;
ALLYTAKEOVERWE_3;Leadership in the war;les rênes de la guerre;Führung im Krieg;przywództwo w wojnie;Liderazgo de la guerra;comando della guerra;átvesszük a vezetést a háborúban, melyet;velen?ve válce;;;;;;
ALLYTAKEOVERWE_4;against;contre;gegen;przeciwko;contra;contro:;   ;proti;;;;;;
ALLYTAKEOVERWE_5;$TARGETLIST$;$TARGETLIST$.;$TARGETLIST$.;$TARGETLIST$.;$TARGETLIST$;$TARGETLIST$;$TARGETLIST$;$TARGETLIST$;;;;;;
ALLYTAKEOVERWE_6;from now on, we will handle all negotiations.;?partir de maintenant, nous nous chargerons de toutes les négociations.;Von nun an führen wir alle Verhandlungen.;Od teraz my bêdziemy prowadzi?wszystkie negocjacje.;a partir de ahora nos ocuparemos de todas las negociaciones.;d'ora in poi saremo noi a gestire tutti i negoziati.;ellen vezetünk. Mostantól mi foglalkozunk a tárgyalásokkal.;Od nynìjška povedeme vešker?jednán?;;;;;;
ALLYTAKEOVERWE_LOG;We assumed leadership in the war against $TARGETLIST$.;Nous avons pris les rênes dans la guerre contre $TARGETLIST$.;Wir übernahmen die Führung im Krieg gegen $TARGETLIST$.;Objêliœmy przywództwo w wojnie przeciwko $TAGETLIST$.;Asumimos el liderazgo en la guerra contra $TARGETLIST$.;Abbiamo assunto il comando della guerra contro: $TAGETLIST$.;Átvettük a vezet?szerepet $TARGETLIST$ elleni háborúban.;Ujali jsme se velen?ve válce proti $TARGETLIST$.;;;;;;
ALLYTAKEOVERWE_BTN1;OK;D'accord;OK;OK;OK;Aceptar;OK;Rendben;OK;;;;;
ALLYTAKEOVERWE_BTN2;OK;D'accord;OK;OK;OK;Aceptar;OK;Rendben;OK;;;;;
ALLYTAKEOVERWE_BTN3;Go to;Voir;Goto;Id?do;Ir all?Andare;Ugrás;Pøejít na;;;;;;;
ALLYTAKEOVERWE_MAP;*;*;*;*;*;*;*;;;;;;;
ANNEX_SETUP;When a nation Annexes another nation;Si une nation en annexe une autre;Wenn eine Nation eine andere Nation annektiert.;;Cuando una nación se anexione otra;;;;;;;;;
ANNEX_HEADER;The Foreign Ministry reports;Le $ministre des Affaire étrangères$ indique :;Der Außenminister berichtet:;;El ministro de exteriores informa;;;;;;;;;
ANNEX_1;$ACTOR$;$ACTOR$;$ACTOR$;;$ACTOR$;;;;;;;;;
ANNEX_2;$MONARCHTITLE$,;$MONARCHTITLE$,;*;;$MONARCHTITLE$,;;;;;;;;;
ANNEX_3;$ACTOR$ annexed $RECIPIENT$;$ACTOR$ a annex?$RECIPIENT$;$ACTOR$ annektierte $RECIPIENT$,;;$ACTOR$ se ha anexionado $RECIPIENT$,;;;;;;;;;
ANNEX_4;which now is part of their country.;qui fait désormais partie de son pays.;das nun Teil ihrer Nation ist;;que ahora forma parte de su país.;;;;;;;;;
ANNEX_5;*;*;*;;*;;;;;;;;;
ANNEX_6;*;*;*;;*;;;;;;;;;
ANNEX_LOG;$ACTOR$ annexed $RECIPIENT$.;$ACTOR$ a annex?$RECIPIENT$.;$ACTOR$ annektierte $RECIPIENT$.;;$ACTOR$ se ha anexionado $RECIPIENT$.;;;;;;;;;
ANNEX_BTN1;OK;D'accord;OK;OK;;Aceptar;;;;;;;;
ANNEX_BTN2;OK;D'accord;OK;OK;;Aceptar;;;;;;;;
ANNEX_BTN3;Goto;Voir;Goto;;Ir all?;;;;;;;;;
ANNEX_MAP;*;*;*;;*;;;;;;;;;
DIST_ADMINISTRATION;Administration;Administration;Verwaltung;;Administración;;;;;;;;;
DIST_EDUCATION;Education;Éducation;Bildung;;Educación;;;;;;;;;
DIST_DEFENCE;Defence Spending;Dépenses consacrées ?la défense;Verteidigungsausgaben;;Gasto en defensa;;;;;;;;;
DIST_SOCIAL;Social Spending;Dépenses sociales;Sozialausgaben;;Gasto social;;;;;;;;;
REMOVE_ADM_DESC;Spending on administration allows your bureaucrats to run and maintain a healthy bureaucracy, increasing your tax efficiency.;Les dépenses administratives permettent de veiller ?la bonne gestion de votre nation.;Die Verwaltungsausgaben gehen an diejenigen, die dafür sorgen, dass Ihre Nation reibungslos funktioniert.;;El gasto en administración permite que tus burócratas mantengan una burocracia firme que aumentar?la eficacia de la recaudación de impuestos.;;;;;;;;;
PAYED_POPS;§Y$NUM$§W §Y$TYPE$s§W getting §Y$MONEY$§W;§Y$NUM$§W §Y$TYPE$s§W reçoivent §Y$MONEY$§W;§Y$NUM$§W §Y$TYPE$s§W erhalten §Y$MONEY$§W;;§Y$NUM$§W §Y$TYPE$s§W obtienen §Y$MONEY$§W;;;;;;;;;
REMOVE_EDU_DESC;The educational budget goes to pay the clergy as well as producing research points;Le budget de l'enseignement permet de payer le clerg?et de produire des points de recherche.;Der Bildungshaushalt wird zur Bezahlung des Klerus und zur Produktion von Forschungspunkten verwendet.;;El presupuesto educativo sirve para pagar al clero, además de para producir puntos de investigación.;;;;;;;;;
DEFENCE_DESC;The defence spending goes towards paying your soldiers and officers;Les dépenses consacrées ?la défense permettent de payer vos soldats et officiers.;Die Verteidigungsausgaben gehen an Ihre Offiziere und Soldaten.;;El gasto de defensa se destina al pago de tus soldados y oficiales.;;;;;;;;;
SOCIAL_DESC;The educational budget goes towards funding your social reforms.;Le budget de l'enseignement permet de financer vos réformes sociales.;Der Bildungshaushalt fließt in die Finanzierung Ihrer Sozialreformen.;;El presupuesto de educativo se destina a financiar tus reformas sociales.;;;;;;;;;
MODIFIER_ADDED;$WHERE$ gets '§Y$WHAT$§W' until §Y$DATE$§W, giving the following effects:\n$EFFECT$\n\n;Pour $WHERE$ : §Y$WHAT$§W jusqu'au §Y$DATE$§W, avec les effets suivants :\n$EFFECT$\n;$WHERE$ bekommt '§Y$WHAT$§W' bis §Y$DATE$§W, was die folgenden Effekte hat:\n$EFFECT$\n\n;;$WHERE$ obtiene '§Y$WHAT$§W' hasta §Y$DATE$§W, dando los siguientes efectos:\n$EFFECT$\n\n;;;;;;;;;
IN_;in;en;in;;en;;;;;;;;;
ALL_;All ;Tous ;Alle;;Todo(s) ;;;;;;;;;
PLURALITY_EFFECT;$DIRECTION$ $VALUE$ Plurality.\n;$DIRECTION$ $VALUE$ en pluralit?\n;$DIRECTION$ $VALUE$Pluralität.\n;;$DIRECTION$ $VALUE$ Pluralidad.\n;;;;;;;;;
CONSCIOUSNESS_EFFECT;$DIRECTION$ $VALUE$ Consciousness.\n;$DIRECTION$ $VALUE$ en conscience nationale.\n;$DIRECTION$ $VALUE$ Bewusstsein.\n;;$DIRECTION$ $VALUE$ Conciencia.\n;;;;;;;;;
MILITANCY_EFFECT;$DIRECTION$ $VALUE$ Militancy.\n;$DIRECTION$ $VALUE$ en militantisme.\n;$DIRECTION$ $VALUE$ Militanz.\n;;$DIRECTION$ $VALUE$ Militancia.\n;;;;;;;;;
REMOVE_MINISTER_EFFECT;§Y$NAME$§W Will be removed§W.\n;§Y$NAME$§W sera destitué§W.\n;§Y$NAME$§W wird entfernt§W.\n;;§Y$NAME$§W desaparecerá§W.\n;;;;;;;;;
ADD_UNITY_EFFECT;Gain §G$VALUE$§W unity§W.\n;Gain de §G$VALUE$§W unités§W.\n;Erlangt §G$VALUE$§W an Zusammenhalt§W.\n;;Gana §G$VALUE$§W unidad§W.\n ;;;;;;;;;
REMOVE_UNITY_EFFECT;Lose §R$VALUE$§W unity§W.\n;Perte de §R$VALUE$§W unités§W.\n;Büßt §R$VALUE$§W an Zusammenhalt ein§W.\n;;Pierde §R$VALUE$§W unidad§W.\n;;;;;;;;;
ADD_CRUDE_OIL_EFFECT;Gain §G$VALUE$§W crude oil§W.\n;Gain de §G$VALUE$§W en pétrole non raffiné§W.\n;Erlangt §G$VALUE$§W an Rohöl §W.\n;;Gana §G$VALUE$§W crudo§W.\n;;;;;;;;;
REMOVE_CRUDE_OIL_EFFECT;Lose §R$VALUE$§W crude oil§W.\n;Perte de §R$VALUE$§W en pétrole non raffiné§W.\n;Büßt §R$VALUE$§W an Rohöl ein§W.\n;;Pierde §R$VALUE$§W crudo§W.\n;;;;;;;;;
ADD_METAL_EFFECT;Gain §G$VALUE$§W metal§W.\n;Gain de §G$VALUE$§W en métaux§W.\n;Erlangt §G$VALUE$§W an Metallen§W.\n;;Gana §G$VALUE$§W metal§W.\n;;;;;;;;;
REMOVE_METAL_EFFECT;Lose §R$VALUE$§W metal§W.\n;Perte de §R$VALUE$§W en métaux§W.\n;Büßt §R$VALUE$§W an Metallen ein§W.\n;;Pierde §R$VALUE$§W metal§W.\n;;;;;;;;;
ADD_ENERGY_EFFECT;Gain §G$VALUE$§W energy§W.\n;Gain de §G$VALUE$§W en énergie§W.\n;Erlangt §G$VALUE$§W an Energie§W.\n;;Gana §G$VALUE$§W energía§W.\n;;;;;;;;;
REMOVE_ENERGY_EFFECT;Lose §R$VALUE$§W energy§W.\n;Perte de §R$VALUE$§W en énergie§W.\n;Büßt §R$VALUE$§W an Energie ein§W.\n;;Pierde §R$VALUE$§W energía§W.\n;;;;;;;;;
ADD_RARE_MATERIALS_EFFECT;Gain §G$VALUE$§W rare materials§W.\n;Gain de §G$VALUE$§W en matériaux rares§W.\n;Erlangt §G$VALUE$§W an seltenen Materialien§W.\n;;Gana §G$VALUE$§W materiales raros§W.\n;;;;;;;;;
REMOVE_RARE_MATERIALS_EFFECT;Lose §R$VALUE$§W rare materials§W.\n;Perte de §R$VALUE$§W en matériaux rares§W.\n;Büßt §R$VALUE$§W an seltenen Materialien ein§W.\n;;Pierde §R$VALUE$§W materiales raros§W.\n;;;;;;;;;
ADD_SUPPLIES_EFFECT;Gain §G$VALUE$§W supplies§W.\n;Gain de §G$VALUE$§W en ravitaillement§W.\n;Erlangt §G$VALUE$§W an Nachschub§W.\n;;Gana §G$VALUE$§W suministros§W.\n;;;;;;;;;
REMOVE_SUPPLIES_EFFECT;Lose §R$VALUE$§W supplies§W.\n;Perte de §R$VALUE$§W en ravitaillement§W.\n;Büßt §R$VALUE$§W an Nachschub ein§W.\n;;Pierde §R$VALUE$§W suministros§W.\n;;;;;;;;;
ADD_MONEY_EFFECT;Gain §G$VALUE$§W¤§W.\n;Gain de §G$VALUE$§W¤§W.\n;zahlt §R$VALUE$§W¤§W.\n;;Gana §G$VALUE$§W dinero§W.\n;;;;;;;;;
MONEY_EFFECT;Pay §R$VALUE$§W¤§W.\n;Paiement de §R$VALUE$§W¤§W.\n;Zahlt §R$VALUE$§W¤§W.\n;;Pagar §R$VALUE$§W¤§W.\n;;;;;;;;;
REMOVE_MONEY_EFFECT;Lose §R$VALUE$§W¤§W.\n;Perte de §R$VALUE$§W¤§W.\n;Büßt §R$VALUE$§W¤§W an Geld ein.\n;;Pierde §R$VALUE$§W dinero§W.\n;;;;;;;;;
START_GUARANTEE_EFFECT;§Y$COUNTRY$§W will start guaranteeing §Y$TARGET_COUNTRY$§W.\n;§Y$COUNTRY$§W va se porter garant pour §Y$TARGET_COUNTRY$§W.\n;§Y$COUNTRY$§W gibt Garantie für §Y$TARGET_COUNTRY$§W.\n;;§Y$COUNTRY$§W empezar?a garantizar a §Y$TARGET_COUNTRY$§W.\n;;;;;;;;;
END_GUARANTEE_EFFECT;§Y$COUNTRY$§W will end its guarantee to §Y$TARGET_COUNTRY$§W.\n;§Y$COUNTRY$§W va cesser de se porter garant pour §Y$TARGET_COUNTRY$§W.\n;§Y$COUNTRY$§W beendet Garantie für §Y$TARGET_COUNTRY$§W.\n;;§Y$COUNTRY$§W cesar?de garantizar a §Y$TARGET_COUNTRY$§W.\n;;;;;;;;;
GRANT_MILITARY_ACCESS_EFFECT;§Y$TARGET_COUNTRY$§W will grant §Y$COUNTRY$§W military access§W.\n;§Y$COUNTRY$§W va accorder un accès militaire ?§Y$TARGET_COUNTRY$§W§W.\n;§Y$COUNTRY$§W gewährt §Y$TARGET_COUNTRY$§W Militärzugang§W.\n;;§Y$COUNTRY$§W conceder?a §Y$TARGET_COUNTRY$§W acceso militar§W.\n;;;;;;;;;
REVOKE_MILITARY_ACCESS_EFFECT;§Y$COUNTRY$§W will revoke military access with §Y$TARGET_COUNTRY$§W.\n;§Y$COUNTRY$§W va annuler l'accès militaire accord??§Y$TARGET_COUNTRY$§W.\n;§Y$COUNTRY$§W entzieht Militärzugang für §Y$TARGET_COUNTRY$§W.\n;;§Y$COUNTRY$§W revocar?el acceso militar a §Y$TARGET_COUNTRY$§W.\n;;;;;;;;;
START_NON_AGGRESSION_PACT_EFFECT;§Y$COUNTRY$§W will be in a  non-aggression pact with §Y$TARGET_COUNTRY$§W.\n;§Y$COUNTRY$§W va appliquer le pacte de non agression sign?avec §Y$TARGET_COUNTRY$§W.\n;§Y$COUNTRY$§W unterzeichnet Nichtangriffspakt mit §Y$TARGET_COUNTRY$§W.\n;;§Y$COUNTRY$§W iniciar?un pacto de no agresión con §Y$TARGET_COUNTRY$§W.\n;;;;;;;;;
END_NON_AGGRESSION_PACT_EFFECT;§Y$COUNTRY$§W will end a non-aggression pact with §Y$TARGET_COUNTRY$§W.\n;§Y$COUNTRY$§W va cesser d'appliquer le pacte de non agression sign?avec §Y$TARGET_COUNTRY$§W.\n;§Y$COUNTRY$§W beendet Nichtangriffspakt mit §Y$TARGET_COUNTRY$§W.\n;;§Y$COUNTRY$§W finalizar?un pacto de no agresión con §Y$TARGET_COUNTRY$§W.\n;;;;;;;;;
LEAVE_ALLIANCE_EFFECT;§Y$COUNTRY$§W will end its alliance with §Y$TARGET_COUNTRY$§W.\n;§Y$COUNTRY$§W va rompre son alliance avec §Y$TARGET_COUNTRY$§W.\n;§Y$COUNTRY$§W verlässt Bündnis mit §Y$TARGET_COUNTRY$§W.\n;;§Y$COUNTRY$§W romper?la alianza con §Y$TARGET_COUNTRY$§W.\n;;;;;;;;;
REPLACE_MINISTER_EFFECT;§Y$NAME$§W will become §Y$POSITION$§W.\n;§Y$NAME$§W va devenir §Y$POSITION$§W.\n;§Y$NAME$§W wird §Y$POSITION$§W.\n;;§Y$NAME$§W se convertir?en §Y$POSITION$§W.\n;;;;;;;;;
END_WAR_EFFECT;§Y$COUNTRY$§W and §Y$TARGET_COUNTRY$§W will no longer be enemies§W.\n;§Y$COUNTRY$§W et §Y$TARGET_COUNTRY$§W ne vont plus être ennemis§W.\n;§Y$COUNTRY$§W und §Y$TARGET_COUNTRY$§W sind nicht länger Feinde§W.\n;;§Y$COUNTRY$§W y §Y$TARGET_COUNTRY$§W no seguirán siendo enemigos§W.\n;;;;;;;;;
JOIN_ALLIANCE_EFFECT;§Y$COUNTRY$§W will join an alliance with §Y$TARGET_COUNTRY$§W.\n;§Y$COUNTRY$§W va s'allier ?§Y$TARGET_COUNTRY$§W.\n;§Y$COUNTRY$§W geht ein Bündnis mit §Y$TARGET_COUNTRY$§W ein.\n;;§Y$COUNTRY$§W se unir?a la alianza con §Y$TARGET_COUNTRY$§W.\n;;;;;;;;;
START_WAR_EFFECT;§Y$COUNTRY$§W and §Y$TARGET_COUNTRY$§W become enemies§W.\n;§Y$COUNTRY$§W et §Y$TARGET_COUNTRY$§W deviennent ennemis§W.\n;§Y$COUNTRY$§W und §Y$TARGET_COUNTRY$§W werden zu Feinden§W.\n;;§Y$COUNTRY$§W y §Y$TARGET_COUNTRY$§W se convertirán en enemigos§W.\n;;;;;;;;;
REMOVE_PROVINCE_CRUDE_OIL_EFFECT;Lose §R$VALUE$§W crude oil in §Y$PROVINCE$§W.\n;Perte de §R$VALUE$§W en pétrole non raffin?en §Y$PROVINCE$§W.\n;§R$VALUE$§W büßt Rohöl in §Y$PROVINCE$§W ein.\n;;Pierde §R$VALUE$§W crudo en §Y$PROVINCE$§W.\n;;;;;;;;;
ADD_THREAT_EFFECT;§Y$COUNTRY$§W gains §R$VALUE$§W threat on §Y$TARGET_COUNTRY$§W.\n;La menace de §Y$COUNTRY$§W envers §Y$TARGET_COUNTRY$§W croît de §R$VALUE$§W.\n;§Y$COUNTRY$§W steigert Bedrohung gegen §Y$TARGET_COUNTRY$§W um §R$VALUE$§W.\n;;§Y$COUNTRY$§W gana §R$VALUE$§W amenazando a §Y$TARGET_COUNTRY$§W.\n;;;;;;;;;
REMOVE_THREAT_EFFECT;§Y$COUNTRY$§W loses §G$VALUE$§W threat on §Y$TARGET_COUNTRY$§W.\n;La menace de §Y$COUNTRY$§W envers §Y$TARGET_COUNTRY$§W décroit de §G$VALUE$§W.\n;§Y$COUNTRY$§W verliert an Bedrohung gegen §Y$TARGET_COUNTRY$§W um §G$VALUE$§W.\n;;§Y$COUNTRY$§W pierde §G$VALUE$§W amenazando a §Y$TARGET_COUNTRY$§W.\n;;;;;;;;;
ADD_PROVINCE_CRUDE_OIL_EFFECT;Gain §G$VALUE$§W crude oil in §Y$PROVINCE$§W.\n;Gain de §G$VALUE$§W en pétrole non raffin?en §Y$PROVINCE$§W.\n;§G$VALUE$§W erlangt Rohöl in §Y$PROVINCE$§W.\n;;Gana §G$VALUE$§W crudo en §Y$PROVINCE$§W.\n;;;;;;;;;
REMOVE_PROVINCE_METAL_EFFECT;Lose §R$VALUE$§W metal in §Y$PROVINCE$§W.\n;Perte de §R$VALUE$§W en métaux en §Y$PROVINCE$§W.\n;§R$VALUE$§W büßt Metalle in §Y$PROVINCE$§W ein.\n;;Pierde §R$VALUE$§W metal en §Y$PROVINCE$§W.\n;;;;;;;;;
ADD_PROVINCE_METAL_EFFECT;Gain §G$VALUE$§W metal in §Y$PROVINCE$§W.\n;Gain de §G$VALUE$§W en métaux en §Y$PROVINCE$§W.\n;§G$VALUE$§W erlangt Metalle in §Y$PROVINCE$§W.\n;;Gana §G$VALUE$§W metal en §Y$PROVINCE$§W.\n;;;;;;;;;
REMOVE_PROVINCE_ENERGY_EFFECT;Lose §R$VALUE$§W energy in §Y$PROVINCE$§W.\n;Perte de §R$VALUE$§W en énergie en §Y$PROVINCE$§W.\n;§R$VALUE$§W büßt Energie in §Y$PROVINCE$§W ein.\n;;Pierde §R$VALUE$§W energía en §Y$PROVINCE$§W.\n;;;;;;;;;
ADD_PROVINCE_ENERGY_EFFECT;Gain §G$VALUE$§W energy in §Y$PROVINCE$§W.\n;Gain de §G$VALUE$§W en énergie en §Y$PROVINCE$§W.\n;§G$VALUE$§W erlangt Energie in §Y$PROVINCE$§W.\n;;Gana §G$VALUE$§W energía en §Y$PROVINCE$§W.\n;;;;;;;;;
REMOVE_PROVINCE_RARE_MATERIALS_EFFECT;Lose §R$VALUE$§W rare materials in §Y$PROVINCE$§W.\n;Perte de §R$VALUE$§W en matériaux rares en §Y$PROVINCE$§W.\n;§R$VALUE$§W büßt seltene Materialien in §Y$PROVINCE$§W ein.\n;;Pierde §R$VALUE$§W materiales raros en §Y$PROVINCE$§W.\n;;;;;;;;;
ADD_PROVINCE_RARE_MATERIALS_EFFECT;Gain §G$VALUE$§W rare materials in §Y$PROVINCE$§W.\n;Gain de §G$VALUE$§W en matériaux rares en §Y$PROVINCE$§W.\n;§G$VALUE$§W erlangt seltene Materialien in §Y$PROVINCE$§W.\n;;Gana §G$VALUE$§W materiales raros en §Y$PROVINCE$§W.\n;;;;;;;;;
REMOVE_PROVINCE_SUPPLIES_EFFECT;Lose §R$VALUE$§W supplies in §Y$PROVINCE$§W.\n;Perte de §R$VALUE$§W en ravitaillements en §Y$PROVINCE$§W.\n;§R$VALUE$§W büßt Nachschub in §Y$PROVINCE$§W ein.\n;;Pierde §R$VALUE$§W suministros en §Y$PROVINCE$§W.\n;;;;;;;;;
ADD_PROVINCE_SUPPLIES_EFFECT;Gain §G$VALUE$§W supplies in §Y$PROVINCE$§W.\n;Gain de §G$VALUE$§W en ravitaillements en §Y$PROVINCE$§W.\n;§G$VALUE$§W erlangt Nachschub in §Y$PROVINCE$§W.\n;;Gana §G$VALUE$§W suministros en §Y$PROVINCE$§W.\n;;;;;;;;;
REMOVE_PROVINCE_MONEY_EFFECT;Lose §R$VALUE$§W ?in §Y$PROVINCE$§W.\n;Perte de §R$VALUE$§W¤en §Y$PROVINCE$§W.\n;§R$VALUE$§W büßt Geld in §Y$PROVINCE$§W ein.\n;;Pierde §R$VALUE$§W dinero en §Y$PROVINCE$§W.\n;;;;;;;;;
ADD_PROVINCE_MONEY_EFFECT;Gain §G$VALUE$§W ?in §Y$PROVINCE$§W.\n;Gain de §G$VALUE$§W¤en §Y$PROVINCE$§W.\n;§G$VALUE$§W erlangt Geld in §Y$PROVINCE$§W.\n;;Gana §G$VALUE$§W dinero en §Y$PROVINCE$§W.\n;;;;;;;;;
CREATE_VASSAL_EFFECT;§Y$TARGET_COUNTRY$§W becomes a puppet of §Y$COUNTRY$§W.\n;§Y$TARGET_COUNTRY$§W devient la marionnette de §Y$COUNTRY$§W.\n;§Y$TARGET_COUNTRY$§W wird zur Marionette von §Y$COUNTRY$§W.\n;;§Y$TARGET_COUNTRY$§W se convierte en un títere de §Y$COUNTRY$§W.\n;;;;;;;;;
ADD_BUILDING_EFFECT;Gain a §Y$BUILDING$§W with level §Y$VALUE$§W in §Y$PROVINCE$§W.\n;Gain d'un bâtiment §Y$BUILDING$§W de niveau §Y$VALUE$§W en §Y$PROVINCE$§W.\n;Bau von §Y$BUILDING$§W der Stufe §Y$VALUE$§W in §Y$PROVINCE$§W.\n;;Gana un §Y$BUILDING$§W con nivel §Y$VALUE$§W en §Y$PROVINCE$§W.\n;;;;;;;;;
REMOVE_BUILDING_EFFECT;Set §Y$BUILDING$§W to level §Y$VALUE$§W in §Y$PROVINCE$§W.\n;Définir ?§Y$VALUE$§W le niveau du bâtiment §Y$BUILDING$§W en §Y$PROVINCE$§W.\n;§Y$BUILDING$§W nun auf Stufe §Y$VALUE$§W in §Y$PROVINCE$§W.\n;;Establece §Y$BUILDING$§W al nivel §Y$VALUE$§W en §Y$PROVINCE$§W.\n;;;;;;;;;
ADD_ORGANISATION_POPULARITY_EFFECT;§Y$IDEOLOGY$§W gains §G$ORGANISATION$§W in organisation and §G$POPULARITY$§W in popularity§W.\n;L'idéologie §Y$IDEOLOGY$§W procure un gain de §G$ORGANISATION$§W en organisation et de §G$POPULARITY$§W en popularité§W.\n;§Y$IDEOLOGY$§W erlangt §G$ORGANISATION$§W an Organisation und §G$POPULARITY$§W an Beliebtheit§W.\n;;§Y$IDEOLOGY$§W gana §G$ORGANISATION$§W en organización y §G$POPULARITY$§W en popularidad§W.\n;;;;;;;;;
REMOVE_ORGANISATION_POPULARITY_EFFECT;§Y$IDEOLOGY$§W loses §R$ORGANISATION$§W in organisation and §R$POPULARITY$§W in popularity§W.\n;L'idéologie §Y$IDEOLOGY$§W produit une perte de §R$ORGANISATION$§W en organisation et de §R$POPULARITY$§W en popularité§W.\n;§Y$IDEOLOGY$§W verliert §R$ORGANISATION$§W an Organisation und §R$POPULARITY$§W an Beliebtheit§W.\n;;§Y$IDEOLOGY$§W pierde §R$ORGANISATION$§W en organización y §R$POPULARITY$§W en popularidad§W.\n;;;;;;;;;
ADD_NEUTRALITY_EFFECT;§Y$COUNTRY$§W gains §R$VALUE$§W in neutrality§W.\n;La neutralit?de §Y$COUNTRY$§W augmente de §R$VALUE$§W§W.\n;§Y$COUNTRY$§W erlangt §R$VALUE$§W an Neutralität§W.\n;;§Y$COUNTRY$§W gana §G$VALUE$§W en neutralidad§W.\n;;;;;;;;;
REMOVE_NEUTRALITY_EFFECT;§Y$COUNTRY$§W loses §G$VALUE$§W in neutrality§W.\n;La neutralit?de §Y$COUNTRY$§W régresse de §G$VALUE$§W§W.\n;§Y$COUNTRY$§W verliert §G$VALUE$§W an Neutralität§W.\n;;§Y$COUNTRY$§W pierde §R$VALUE$§W en neutralidad§W.\n;;;;;;;;;
ADD_DISSENT_EFFECT;Gain §R$VALUE$§W in dissent§W.\n;Augmentation de §R$VALUE$§W de dissidence§W.\n;Unmut um §R$VALUE$§W gesteigert§W.\n;;Gana §R$VALUE$§W en disención§W.\n;;;;;;;;;
REMOVE_DISSENT_EFFECT;Lose §G$VALUE$§W in dissent§W.\n;Baisse de §G$VALUE$§W de dissidence§W.\n;Unmut um §G$VALUE$§W verringert§W.\n;;Pierde §G$VALUE$§W en disención§W.\n;;;;;;;;;
FORM_GOVERMENT_IN_EXILE;Form a Government in Exile.\n;Former un gouvernement en exil.\n;Exilregierung bilden.\n;;Forma un gobierno en el exilio.\n;;;;;;;;;
REVOKE_GOVERMENT_IN_EXILE;Revoke the Government in Exile.\n;Destituer le gouvernement en exil.\n;Exilregierung auflösen.\n;;Revoca el gobierno en el exilio.\n;;;;;;;;;
ADD_RULING_PARTY_ORG_EFFECT;$NAME$ gains §Y$VALUE$§W organisation.;L'organisation de $NAME$ augmente de §Y$VALUE$§W.;$NAME$ erlangt §Y$VALUE$§W an Organisation.;;$NAME$ gana §Y$VALUE$§W en organización.;;;;;;;;;
REMOVE_RULING_PARTY_ORG_EFFECT;$NAME$ loses §Y$VALUE$§W organisation.\n;L'organisation de $NAME$ diminue de §Y$VALUE$§W.\n;$NAME$ verliert §Y$VALUE$§W an Organisation.\n;;$NAME$ pierde §Y$VALUE$§W en organización.\n;;;;;;;;;
ADD_RULING_PARTY_POP_EFFECT;$NAME$ gains §Y$VALUE$§W popularity.\n;La popularit?de $NAME$ augmente de §Y$VALUE$§W.\n;$NAME$ erlangt §Y$VALUE$§W an Beliebtheit.\n;;$NAME$ gana §Y$VALUE$§W en popularidad.\n;;;;;;;;;
REMOVE_RULING_PARTY_POP_EFFECT;$NAME$ loses §Y$VALUE$§W popularity.\n;La popularit?de $NAME$ baisse de §Y$VALUE$§W.\n;$NAME$ büßt §Y$VALUE$§W an Beliebtheit ein.\n;;$NAME$ pierde §Y$VALUE$§W en popularidad.\n;;;;;;;;;
JOIN_FACTION_EFFECT;Join $FACTION$.\n;Rejoindre $FACTION$.\n;$FACTION$ beitreten.\n;;Se une a $FACTION$.\n;;;;;;;;;
LEAVE_FACTION_EFFECT;Leave $FACTION$.\n;Quitter $FACTION$.\n;$FACTION$ verlassen.\n;;Abandona $FACTION$.\n;;;;;;;;;
SPLIT_TROOPS_EFF;Gain §Y$VALUE$%§W of all military forces of §Y$NAME$§W.\n;Gain de §Y$VALUE$%§W de toutes les forces militaires de §Y$NAME$§W.\n;Erlangt §Y$VALUE$%§W aller Streitkräfte von §Y$NAME$§W.\n;;Gana §Y$VALUE$%§W de todas las fuerzas militares de §Y$NAME$§W.\n;;;;;;;;;
WAREXHAUSTION_EFFECT;$DIRECTION$ $VALUE$ war exhaustion.\n;$DIRECTION$ $VALUE$ en épuisement de guerre.\n;$DIRECTION$ $VALUE$ Kriegsmüdigkeit.\n;;$DIRECTION$ $VALUE$ agotamiento bélico.\n;;;;;;;;;
ARMYTRADITION_EFFECT;$DIRECTION$ $VALUE$ army tradition.\n;$DIRECTION$ $VALUE$ en tradition militaire.\n;$DIRECTION$ $VALUE$ Armeetradition.\n;$DIRECTION$ $VALUE$ wyczerpania wojn?\n;$DIRECTION$ $VALUE$ tradición militar.\n;Esaurimento di guerra: $DIRECTION$ $VALUE$.\n;$DIRECTION$ $VALUE$ háborús kimerültség.\n;$DIRECTION$ $VALUE$ váleèného vyèerpán?\n;;;;;;
NAVYTRADITION_EFFECT;$DIRECTION$ $VALUE$ navy tradition.\n;$DIRECTION$ $VALUE$ en tradition navale.\n;$DIRECTION$ $VALUE$ Flottentradition.\n;$DIRECTION$ $VALUE$ tradycji wojskowej.\n;$DIRECTION$ $VALUE$ tradición marina.\n;Tradizione esercito: $DIRECTION$ $VALUE$.\n;$DIRECTION$ $VALUE$ hadi szokás.\n;$DIRECTION$ $VALUE$ vojensk?tradice.\n;;;;;;
REMOVE_BADBOY_EFFECT;$DIRECTION$ $VALUE$ reputation.\n;$DIRECTION$ $VALUE$ en réputation.\n;$DIRECTION$ $VALUE$ Aggressionswert.\n;$DIRECTION$ $VALUE$ tradycji morskiej.\n;$DIRECTION$ $VALUE$ reputación.\n;Tradizione navale: $DIRECTION$ $VALUE$.\n;$DIRECTION$ $VALUE$ hadiflotta tradíci?\n;$DIRECTION$ $VALUE$ námoøn?tradice.\n;;;;;;
CAPITAL_CHANGE;§Y$NEW$§W will become the new capital.\n;§Y$NEW$§W deviendra la nouvelle capitale.\n;$NEW$ wird zur Hauptstadt.\n;$DIRECTION$ $VALUE$ reputacji.\n;§Y$NEW$§W se convertir?en la nueva capital.\n;Bad boy: $DIRECTION$ $VALUE$.\n;$DIRECTION$ $VALUE$ rosszfi?\n;$DIRECTION$ $VALUE$ reputace.\n;;;;;;
NEW_CORE_EFFECT;Gain core on §Y$NEW$§W.\n;Prend le contrôle de §Y$NEW$§W.\n;Neue Kernprovinz in $NEW$.\n;$NEW$ bêdzie odt¹d now?stolic?\n;Gana núcleo en §Y$NEW$§W.\n;$NEW$ diventer?la capitale.\n;$NEW$ fõváross?válik.\n;$NEW$ se stane novým hlavním mìstem.\n;;;;;;
LOSE_CORE_EFFECT;Lose core on §Y$LOSE$§W.\n;Perd le contrôle de §Y$LOSE$§W.\n;Kernprovinz in $LOSE$ verloren.\n;Zyskujesz prowincj?narodow? $NEW$.\n;Pierde núcleo en §Y$LOSE$§W.\n;Ottieni una provincia nazionale da: $NEW$.\n;Alapvet?nyereség a következõn: $NEW$.\n;Získat støed na $NEW$.\n;;;;;;
GAIN_CB;Gain $TYPE$ Casus-Belli on §Y$WHO$§W.\n;Obtention du Casus Belli ""$TYPE$"" contre §Y$WHO$§W.\n";$TYPE$ Kriegsgrund gegen $WHO$ erhalten.\n;Tracisz prowincj?narodow? $LOSE$.\n;Gana casus belli sobre §Y$WHO$§W.\n;Perdi una provincia nazionale nei confronti di: $LOSE$.\n;Alapvet?veszteség a következõn: $LOSE$.\n;Ztratit støed na $LOSE$.\n;;;;;;
REV_GAIN_CB;§Y$ACTIVE$§W gains a $TYPE$ Casus-Belli on §Y$PASSIVE$§W.\n;§Y$ACTIVE$§W obtient le Casus Belli "$TYPE$" contre §Y$PASSIVE$§W.\n;§Y$ACTIVE$§W erhält einen $TYPE$ Kriegsgrund gegen §Y$PASSIVE$§W.\n;Zyskuje casus belli wzglêdem: $WHO$.\n;§Y$ACTIVE$§W gana un casus belli sobre §Y$PASSIVE$§W.\n;Ottieni casus belli per: $WHO$.\n;Casus Belli a következõvel szemben: $WHO$.\n;Získat záminku k válce s $WHO$.\n;;;;;;
RELATION_CHANGE;Relation between §Y$ACTIVE$§W and §Y$PASSIVE$§W changed by $MUCH$.\n;La relation entre §Y$ACTIVE$§W et §Y$PASSIVE$§W évolue de $MUCH$.\n;Die Beziehung zwischen §Y$ACTIVE$§W und §Y$PASSIVE$§W änderten sich um $MUCH$.\n;$ACTIVE$ zyskuje casus belli wobec: $PASSIVE$.\n;La relación entre §Y$ACTIVE$§W y §Y$PASSIVE$§W cambia en $MUCH$.\n;$ACTIVE$ ottiene un casus belli per: $PASSIVE$.\n;$ACTIVE$ háborús okot talált $PASSIVE$ nemzetével szemben.\n;$ACTIVE$ získáv?záminku k válce s $PASSIVE$.\n;;;;;;
GOV_CHANGE;The type of government changes to §Y$GOV$§W.\n;Le type de gouvernement devient §Y$GOV$§W.\n;Die Regierungsform wurde zu §Y$GOV$§W geändert.\n;Stosunek pomiêdzy $ACTIVE$ i $PASSIVE$ zmieni?si?o $MUCH$.\n;El tipo de gobierno cambia a §Y$GOV$§W.\n;La relazione tra $ACTIVE$ e $PASSIVE$ ?cambiata di $MUCH$.\n;A kapcsolat $ACTIVE$ és $PASSIVE$ között $MUCH$ változott.\n;Vztah mezi $ACTIVE$ a $PASSIVE$ se zmìnil o $MUCH$.\n;;;;;;
CHANGE_TAG;Become §Y$NEW$§W.\n;Devenir §Y$NEW$§W.\n;§Y$NEW$§W werden.\n;Forma rz¹dów zmieni³a si?na: $GOV$.\n;Se convierte en §Y$NEW$§W.\n;La forma di governo ?diventata: $GOV$.\n;Az államforma megváltozott, mostantól már $GOV$.\n;Typ vlády se zmìnil na $GOV$.\n;;;;;;
CREATE_REVOLT;§R$SIZE$§W brigade(s) rises up in revolt in §Y$WHERE$§W.\n;§R$SIZE$§W régiments se révoltent ?§Y$WHERE$§W.\n;§R$SIZE$§W Brigaden revoltieren in §Y$WHERE$§W\n;Nowy status: $NEW$.\n;§R$SIZE$§W regimiento(s) inicia(n) una revuelta en §Y$WHERE$§W.\n;Diventa: $NEW$.\n;$NEW$ lett.\n;Stát se $NEW$.\n;;;;;;
BECOME;become;devenir;wird;$SIZE$ pu³k(-ów) wznieca bunt w: $WHERE$.\n;se convierte;$WHERE$: $SIZE$ reggimenti in rivolta\n;$SIZE$ hadsereg fellázadt a $WHERE$ -i forradalomban\n;$SIZE$ regiment?povstalo v $WHERE$.\n;;;;;;
NOLONGER;no longer be;cesser d'être;ist nicht länger;stanie si?deja de ser;diventa;lesz;bude;;;;;;;
ADD_BUILDING;Gain §Y$NAME$§W in §Y$WHERE$§W.\n;Obtention de §Y$NAME$§W ?§Y$WHERE$§W.\n;§Y$NAME$§W in §Y$WHERE$§W erhalten.\n;nie bêdzie d³u¿ej;Gana §G$NAME$§W en §Y$WHERE$§W.\n;cessa di essere;már nem az;u?nebude;;;;;;
REM_BUILDING;Lose §R$NAME$§W in §Y$WHERE$§W.\n;Perte de §R$NAME$§W ?§Y$WHERE$§W.\n;§Y$NAME$§W in §Y$WHERE$§W verlieren.\n;$NAME$ w $WHERE$ - zyskane.\n;Pierde §R$NAME$§W in §Y$WHERE$§W.\n;$WHERE$: ottieni $NAME$.\n;$WHERE$ $NAME$-t kapott.\n;Získ?$NAME$ v $WHERE$.\n;;;;;;
SECEDE_PROVINCE;Cede §Y$WHERE$§W to §Y$WHO$§W.\n;Cession de §Y$WHERE$§W ?§Y$WHO$§W.\n;Abfall von §Y$WHERE$§W nach §Y$WHO$§W.\n;$NAME$ w $WHERE$ - stracone.\n;Cede §Y$WHERE$§W a §Y$WHO$§W.\n;$WHERE$: perdi $NAME$.\n;$WHERE$ $NAME$-t veszített.\n;Ztrat?$NAME$ v $WHERE$.\n;;;;;;
INHERIT;Inherit §Y$WHO$§W.\n;Hérite de §Y$WHO$§W.\n;§Y$WHO$§W erben.\n;Zrzekasz si?$WHERE$ na rzecz $WHO$.\n;Hereda §Y$WHO$§W.\n;$WHERE$: cedi a $WHO$.\n;$WHERE$ $WHO$ országhoz kerül.\n;Odtrhnout $WHERE$ od $WHO$.\n;;;;;;
RELEASE;Release §Y$WHO$§W as a independent state.\n;Libération de §Y$WHO$§W qui deviendra un État indépendant.\n;§Y$WHO$§W entlassen.\n;$WHO$ - dziedziczenie.\n;Libera a §Y$WHO$§W como estado independiente.\n;Eredita $WHO$.\n;$WHO$ örökli.\n;Zdìdit $WHO$.\n;;;;;;
RELATION_CHANGE_SHORT;Relation with §Y$PASSIVE$§W changed by $MUCH$.\n;La relation avec §Y$PASSIVE$§W évolue de $MUCH$.\n;Beziehung mit §Y$PASSIVE$§W änderte sich um $MUCH$.\n;$WHO$ - uwolnienie.\n;La relación con §Y$PASSIVE$§W cambia en $MUCH$.\n ;Libera $WHO$.\n;$WHO$ elengedése.\n;Propustit $WHO$.\n;;;;;;
IDEOLOGY_ENABLED;Enable §Y$NAME$§W in the world.\n;Autoriser §Y$NAME$§W dans le monde.\n;§Y$NAME$§W in der Welt aktivieren.\n;;Activar §Y$NAME$§W en el mundo.\n;;;;;;;;;
CHANGE_GOODS;Change tradegoods in §Y$PROV$§W to §Y$GOOD$§W.\n;Remplacer les marchandises de §Y$PROV$§W par §Y$GOOD$§W.\n;Handelsgüter in §Y$PROV$§W auf §Y$GOOD$§W ändern.\n;;Cambiar bienes comerciales en §Y$PROV$§W por §Y$GOOD$§W.\n;;;;;;;;;
CHANGE_NATIONALVALUE;National value changes to §Y$NATIONALVALUE$§W.\n;La valeur nationale passe ?§Y$NATIONALVALUE$§W.\n;Nationalwerte ändern sich zu §Y$NATIONALVALUE$§W.\n;;El valor nacional cambia a: §Y$NATIONALVALUE$§W.\n;;;;;;;;;
ADD_ACCEPTED_CULTURE;§Y$CULTURE$§W added as accepted culture.\n;§Y$CULTURE$§W ajout?en tant que culture acceptée.\n;§Y$CULTURE$§W als akzeptierte Kultur hinzugefügt.\n;;La cultura §Y$CULTURE$§W se ha añadido como cultura aceptada.\n;;;;;;;;;
REMOVE_ACCEPTED_CULTURE;§Y$CULTURE$§W removed from accepted cultures.\n;§Y$CULTURE$§W supprim?des cultures acceptées.\n;§Y$CULTURE$§W aus akzeptierten Kulturen entfernt.\n;;La cultura §Y$CULTURE$§W se ha eliminado como cultura aceptada.\n;;;;;;;;;
CHANGE_RELIGION_EFFECT;Change religion to §Y$NAME$§W.\n;Religion remplacée par §Y$NAME$§W.\n;Religion zu §Y$NAME$§W ändern.\n;;Cambiar religión a: §Y$NAME$§W.\n;;;;;;;;;
SET_SOCIAL_REFORM_EFFECT;Social reform selected: §Y$NAME$§W.\n;Réforme sociale sélectionnée : §Y$NAME$§W.\n;Ausgewählte Sozialreform: §Y$NAME$§W.\n;;Reforma social seleccionada: §Y$NAME$§W.\n;;;;;;;;;
SET_POLITICAL_REFORM_EFFECT;Political reform selected: §Y$NAME$§W.\n;Réforme politique sélectionnée : §Y$NAME$§W.\n;Ausgewählte politische Reform: §Y$NAME$§W.\n;;Reforma política seleccionada: §Y$NAME$§W.\n;;;;;;;;;
CHANGE_POP_TYPE_EFFECT;Pop change to: §Y$POPTYPE$§W.\n;POP remplac?par §Y$POPTYPE$§W.\n;Bevölk. ändert sich zu: §Y$POPTYPE$§W.\n;;Cambiar POB a: §Y$POPTYPE$§W.\n;;;;;;;;;
MOVE_POP_EFFECT;Pop moved to §Y$WHERE$§W.\n;POP déplac?vers §Y$WHERE$§W.\n;Bevölk. umbewegt nach §Y$WHERE$§W.\n;;Trasladar POB a §Y$WHERE$§W.\n;;;;;;;;;
MODIFY_STOCKPILE_EFFECT;Stockpile changed by §Y$VALUE$§W §W$GOODS$.\n;Réserve nationale de '§W$GOODS$' modifiée de §Y$VALUE$§W unités.\n;Vorrat geändert mit §Y$VALUE$§W §W$GOODS$.\n;;Reservas cambiadas en: §Y$VALUE$§W §W$GOODS$.\n;;;;;;;;;
POP_DOMINANT_IDEOLOGY_EFFECT;become §Y$PERCENTAGE$§W more §Y$IDEOLOGY$§W.\n;seront §Y$PERCENTAGE$§W de plus ?approuver §Y$IDEOLOGY$§W.\n;Bis zu §Y$PERCENTAGE$§W mehr werden §Y$IDEOLOGY$§W vorziehen.\n;;Se ha vuelto un §Y$PERCENTAGE$§W más §Y$IDEOLOGY$§W.\n;;;;;;;;;
POP_DOMINANT_ISSUE_EFFECT;become §Y$PERCENTAGE$§W more in favour of §Y$ISSUE$§W.\n;seront §Y$PERCENTAGE$§W de plus ?approuver §Y$ISSUE$§W.\n;Bis zu §Y$PERCENTAGE$§W mehr werden §Y$ISSUE$§W vorziehen.\n;;Se ha vuelto un §Y$PERCENTAGE$§W más a favor de §Y$ISSUE$§W.\n;;;;;;;;;
UPPER_HOUSE_EFFECT;$DIRECTION$ up to $VALUE$ $NAME$ in the upper house.\n;§Y$NAME$§W $DIRECTION$ $VALUE$ ?la Chambre haute.\n;$DIRECTION$ bis zu $VALUE$ $NAME$ im Oberhaus.\n;;$DIRECTION$ hasta un $VALUE$ de $NAME$ en la Cámara Alta.\n;;;;;;;;;
ALL_POPS_IN;All pops in $LOC$;Tous les POP de $LOC$ :;Alle Bevölkerungen in $LOC$;;Todas las POB en $LOC$;;;;;;;;;
ALL_POPS_IN_THAT;All pops in $LOC$ where;Tous les POP de $LOC$, pour qui ;Alle Bevölkerungen in $LOC$, die;;Todas las POB en $LOC$ donde;;;;;;;;;
WILL_GET;will\n;dès lors\n;werden\n;;\n;;;;;;;;;
SCAL_MILITANCY_EFFECT;The percentage of people that $VERB$ §Y$CAT$§W $DIRECTION$ $VALUE$ Militancy.\n;Pour les gens qui $VERB$ §Y$CAT$§W : $DIRECTION$ $VALUE$ en militantisme.\n;Der Prozentsatz der Leute, die $VERB$ §Y$CAT$§W $DIRECTION$ $VALUE$ Militanz.\n;;El porcentaje de gente que $VERB$ §Y$CAT$§W $DIRECTION$ $VALUE$ de militancia.\n;;;;;;;;;
SME_UNEMPLOYMENT;Unemployed;Sans emploi;Arbeitslos;;Desempleados;;;;;;;;;
SCAL_CON_EFFECT;The percentage of people that $VERB$ §Y$CAT$§W $DIRECTION$ $VALUE$ Consciousness.\n;Pour les gens qui $VERB$ §Y$CAT$§W : $DIRECTION$ $VALUE$ en conscience nationale.\n;Der Prozentsatz der Leute, die $VERB$ §Y$CAT$§W $DIRECTION$ $VALUE$ Bewusstsein.\n;;El porcentaje de gente que $VERB$ §Y$CAT$§W $DIRECTION$ $VALUE$ de conciencia.\n;;;;;;;;;
SME_ARE;are;sont;sind;;es;;;;;;;;;
SME_SUPPORT;support;soutiennent;unterstützen;;apoya;;;;;;;;;
TRIGGER_RISING_EFFECT;The §Y$NAME$§W will rise.\n;Les §Y$NAME$§W vont se soulever.\n;§Y$NAME$§W wird ansteigen.\n;;El §Y$NAME$§W aumentar?\n;;;;;;;;;
TREASURY_EFFECT;$DIRECTION$ $VALUE$ ?\n;$DIRECTION$ $VALUE$?\n;$DIRECTION$ $VALUE$ ?\n;;$DIRECTION$ $VALUE$ ?\n;;;;;;;;;
PRESTIGE_EFFECT;$DIRECTION$ $VALUE$ prestige.\n;$DIRECTION$ $VALUE$ en prestige.\n;$DIRECTION$ $VALUE$ Prestige.\n;;$DIRECTION$ $VALUE$ prestigio.\n;;;;;;;;;
YEARS_OF_RESEARCH_EFFECT;$DIRECTION$ $VALUE$ research points.\n;$DIRECTION$ $VALUE$ points de recherche.\n;$DIRECTION$ $VALUE$ Forschungspunkte.\n;;$DIRECTION$ $VALUE$ puntos de investigación.\n;;;;;;;;;
REDUCE_POP_EFFECT;Population changed by $PERC$.\n;ont $PERC$ % de population.\n;Bevölkerung geändert um $PERC$.\n;;Población cambiada en $PERC$.\n;;;;;;;;;
RIP_EFFECT;$NAME$ will become the new ruling party.\n;$NAME$ va devenir le nouveau parti dirigeant.\n;$NAME$ wird zur neuen Regierungspartei.\n;;$NAME$ ser?el nuevo partido gobernante.\n;;;;;;;;;
CREATE_ADMIRAL_EFFECT;Gain new §Yadmiral§W.\n;Obtention d'un nouvel §Yamiral§W.\n;§YAdmiral§W erhalten.\n;;Obtiene un nuevo §Yalmirante§W.\n;;;;;;;;;
CREATE_GENERAL_EFFECT;Gain new §Ygeneral§W.\n;Obtention d'un nouveau §Ygénéral§W.\n;§YGeneral§W erhalten.\n;;Obtiene un nuevo §Ygeneral§W.\n;;;;;;;;;
RESEARCH_POINTS_EFFECT;Gain §G$VALUE$§W Research Points.\n;Gain de §G$VALUE$§W points de recherche.\n;§G$VALUE$§W Forschungspunkte erhalten.\n;;Gana §G$VALUE$§W puntos de investigación.\n;;;;;;;;;
LIMITED_BY;Limited by:\n;Limit?e) par :\n;Beschränkt durch:\n;;Limitado por:\n;;;;;;;;;
INFRASTRUCTURE_EFFECT;$DIRECTION$ $VALUE$ level of railroad\n;$DIRECTION$ $VALUE$ niveau de chemin de fer\n;$DIRECTION$ $VALUE$ Eisenbahnstufen\n;;$DIRECTION$ $VALUE$ nivel de ferrocarril.\n;;;;;;;;;
RENAME_PROV_EFF;$OLD$ renamed to §Y$NEW$§W.\n;$OLD$ renomm?e) §Y$NEW$§W.\n;$OLD$ umbenannt zu §Y$NEW$§W.\n;;$OLD$ cambia su nombre por §Y$NEW$§W.\n;;;;;;;;;
RENAME_REGION_EFF;$OLD$ renamed to §Y$NEW$§W.\n;$OLD$ renomm?e) §Y$NEW$§W.\n;$OLD$ umbenannt zu §Y$NEW$§W.\n;;$OLD$ cambia su nombre por §Y$NEW$§W.\n;;;;;;;;;
LITERACY_EFFECT;$DIRECTION$ $VALUE$ literacy\n;$DIRECTION$ $VALUE$ en alphabétisation\n;$DIRECTION$ $VALUE$ Alphabetisierung\n;;$DIRECTION$ $VALUE$ alfabetización.\n;;;;;;;;;
trek_boers;Trek Boers;Le Trek des Boers;Treck-Buren;;Viajeros boers;;;;;;;;;
desc_trek_boers;Boers from the Cape Colony are migrating to this province. A small trickle in the stream that what will later be known as 'The Great Trek'.;Les Boers de la colonie du Cap migrent vers cette province. C'est ce que l'on appellera plus tard le "Grand Trek".;Buren aus der Kapkolonie wandern in diese Provinz ein. Ein kleines Rinnsal im großen Fluss, der einst als der 'Große Treck' bekannt wird.;;Los boers de la colonia de El Cabo están emigrando a esta provincia. Un pequeño reguero del torrente que la posteridad conocer?como 'La Gran Marcha'.;;;;;;;;;
gold_rush;Gold Rush;Ruée vers l'or;Goldrausch;;La fiebre del oro;;;;;;;;;
desc_gold_rush;This province is booming due to the discovery of gold;Cette province prospère grâce ?la découverte d'or.;Diese Provinz floriert, weil Gold gefunden wurde.;;Esta provincia est?en auge debido al descubrimiento de oro.;;;;;;;;;
REMOVE_suffragette_movements;Suffragette Movements;Mouvement des suffragettes;Sufragettenbewegungen;;Movimientos sufragistas;;;;;;;;;
REMOVE_desc_suffragette_movements;;;#;;;;;;;;;;;
REMOVE_mud_march;Mud March;La marche Mud;Schlamm-Marsch;;La Marcha del Barro;;;;;;;;;
REMOVE_desc_mud_march;3,000 women participated in a demonstration which later became known as the Mud March.;Trois mille femmes ont particip??une manifestation que l'on appela plus tard la Mud March.;3000 Frauen nahmen an einer Demonstration teil, die später als der Mud March (Schlamm-Marsch) bekannt wurde.;;Tres mil mujeres han participado en una demostración, a la que más tarde se denominaría la Marcha del Barro.;;;;;;;;;
REMOVE_nuwss_suffrage;National Union of Women's Suffrage Society;L'union national "Women's Suffrage Society";National Union of Women's Suffrage Society;;Unión Nacional de Sociedades para el Sufragio de la Mujer;;;;;;;;;
REMOVE_desc_nuwss_suffrage;A new society named NUWSS have appeared in your province.;Une nouvelle organisation baptisée NUWSS est apparue dans votre province.;Eine neue Gesellschaft namens NUWSS ist in Ihrer Provinz aufgetaucht.;;En tu provincia ha surgido una nueva sociedad llamada NUWSS.;;;;;;;;;
REMOVE_nswvr_suffrage;National Society of Women's Right to Vote;La sociét?national "Women's Right to Vote";National Society of Women's Right to Vote;;Asociación Nacional Americana del Sufragio para la Mujer ;;;;;;;;;
REMOVE_desc_nswvr_suffrage;A new society named NSWRV have appeared in your province.;Une nouvelle organisation baptisée NSWRV est apparue dans votre province.;Eine neue Gesellschaft namens NSWRV ist in Ihrer Provinz aufgetaucht.;;En tu provincia ha surgido una nueva sociedad llamada NSWRV.;;;;;;;;;
REMOVE_neutral_suffrage;Neutral;Neutralit?Neutral;;Neutrales;;;;;;;;;;
REMOVE_desc_neutral_suffrage;You are neutral towards the NUWSS and NSWRV.;Vous êtes neutre vis-?vis de la NUWSS et de la NSWRV.;Sie stehen sowohl NUWSS als auch NSWRV neutral gegenüber.;;Eres neutral hacia la NUWSS y la NSWRV.;;;;;;;;;
REMOVE_women_suffrage;Women's Suffrage;Droit de vote des femmes;Suffragetten;;Sufragio de la mujer;;;;;;;;;
REMOVE_desc_women_suffrage;Women want the same rights as men has.;Les femmes réclament les mêmes droits que les hommes.;Frauen wollen dieselben Rechte wie Männer.;;Las mujeres quieren tener los mismos derechos que los hombres.;;;;;;;;;
REMOVE_nswrv_women_education;Education for Women;Éducation des femmes;Bildung für Frauen;;Educación para las mujeres;;;;;;;;;
REMOVE_desc_nswrv_women_education;Women in your province have gotten the opportunity to train at colleges;Les femmes de votre province ont désormais accès aux universités.;Die Frauen in Ihrer Provinz haben die Gelegenheit bekommen, am College zu studieren;;Las mujeres de tu provincia han conseguido la oportunidad de formarse en la universidad. ;;;;;;;;;
REMOVE_nuwss_women_education;Education for Women;Éducation des femmes;Bildung für Frauen;;Educación para las mujeres;;;;;;;;;
REMOVE_desc_nuwss_women_education;Women in your province have gotten the opportunity to train at colleges;Les femmes de votre province ont désormais accès aux universités.;Die Frauen in Ihrer Provinz haben die Gelegenheit bekommen, am College zu studieren;;Las mujeres de tu provincia han conseguido la oportunidad de formarse en la universidad. ;;;;;;;;;
REMOVE_right_vote;Right to Vote;Droit de vote;Wahlrecht;;Derecho al voto;;;;;;;;;
REMOVE_desc_right_vote;A solution to the Women's Suffrage might be near.;Les femmes pourraient bientôt obtenir le droit de vote.;Eine Lösung für die Forderungen der Frauenbewegung scheint in greifbarer Nähe.;;Podría faltar poco para conseguir una solución para el sufragio de las mujeres.;;;;;;;;;
REMOVE_wrong_vote;Wrong Vote;Pas de droit de vote;Keine Wahl;;Voto inapropiado;;;;;;;;;
REMOVE_desc_wrong_vote;A solution to the Women's Suffrage is nowhere to be seen.;Les femmes ne sont pas près d'obtenir le droit de vote.;Eine Lösung für die Forderungen der Frauenbewegung scheint nirgends in Aussicht.;;No parece que se llegue a una solución sobre el sufragio femenino.;;;;;;;;;
REMOVE_lawless_suffragettes;Lawless Suffragettes;Des suffragettes sans foi ni loi;Gesetzlose Suffragetten;;Sufragistas radicales;;;;;;;;;
REMOVE_desc_lawless_suffragettes;Suffragettes are using more drastic methods to try and gain support for their cause.;Les suffragettes ont recours ?des méthodes plus drastiques pour se faire entendre.;Suffragetten setzen drastischere Methoden ein, um Unterstützer für ihre Sache anzuwerben.;;Las sufragistas están usando métodos más drásticos para conseguir apoyo para su causa.;;;;;;;;;
REMOVE_immigrant_employment;Employment for Immigrants;Du travail pour les immigrés;Arbeit für Einwanderer;;Empleo para inmigrantes;;;;;;;;;
REMOVE_desc_immigrant_employment; ; ;;; ;;;;;;;;;
REMOVE_no_immigrant_employment; No Employment for Immigrants; Pas de travail pour les immigrés;Keine Arbeit für Einwanderer;; No hay empleo para inmigrantes;;;;;;;;;
REMOVE_desc_no_immigrant_employment; ; ;;; ;;;;;;;;;
REMOVE_institutional_community;Institutional Community;Communaut?institutionnelle;Institutionalgemeinde;;Comunidad institucional;;;;;;;;;
REMOVE_desc_institutional_community;An institutional community for immigrants built in the province.;Des immigrés ont créé une communaut?institutionnelle dans la province.;Eine Institutionalgemeinde für Einwanderer wurde in der Provinz gegründet.;;Una comunidad institucional para inmigrantes construida en la provincia.;;;;;;;;;
REMOVE_no_institutional_community;No Institutional Community;Pas de communaut?institutionnelle;Keine Institutionalgemeinde;;No a la comunidad institucional;;;;;;;;;
REMOVE_desc_no_institutional_community;The immigrants were not allowed to build the institutional community.;Les immigrés n'ont pas eu le droit de créer de communaut?institutionnelle.;Die Einwanderer durften die Institutionalgemeinde nicht gründen.;;A los inmigrantes no se les ha permitido montar la comunidad institucional.;;;;;;;;;
REMOVE_intermarriage;Intermarriage;Mariage mixte;Mischehe;;Matrimonio interracial;;;;;;;;;
REMOVE_desc_intermarriage;An immigrant and a native has married each other.;Un immigr?et une citoyenne de souche se sont mariés.;Ein Einwanderer und eine Eingeborene haben einander geheiratet.;;Un inmigrante y una nativa se han casado.;;;;;;;;;
REMOVE_change_name;Change Your Name;Changement de nom;Namensänderung;;Cambiar tu nombre;;;;;;;;;
REMOVE_desc_change_name;Immigrants may have to change their name in order to get a job.;Les immigrés peuvent être contraints de changer de nom pour trouver un emploi.;Einwanderer müssen vielleicht ihren Namen ändern, um Arbeit zu finden.;;Puede que los inmigrantes tengan que cambiarse de apellido para poder conseguir un trabajo.;;;;;;;;;
REMOVE_own_home;Owning a Home;Être propriétaire d'un logement;Hausbesitz;;Poseer una casa;;;;;;;;;
REMOVE_desc_own_home;To own a house may do wonders for the assimilation of immigrants.;Le fait de posséder un logement peut faire des merveilles pour l'assimilation des immigrés.;Hausbesitz mag für die Assimilierung von Einwanderern Wunder wirken.;;Poseer una casa puede ser estupendo de cara a la integración de los inmigrantes.;;;;;;;;;
REMOVE_naturalization;Naturalization;Naturalisation;Einbürgerung;;Naturalización;;;;;;;;;
REMOVE_desc_naturalization;A couple of immigrants have become citizens of the country.;Quelques immigrés sont devenus citoyens du pays.;Eine Reihe von Einwanderern sind Bürger dieses Landes geworden.;;Un par de inmigrantes se han convertido en ciudadanos del país.;;;;;;;;;
REMOVE_advanced_naturalization;Advanced Naturalization;Naturalisation avancée;Fortgeschrittene Einbürgerung;;Naturalización avanzada;;;;;;;;;
REMOVE_desc_advanced_naturalization;Many immigrants have become citizens of the country.;De nombreux immigrés sont devenus citoyens du pays.;Viele Einwanderer sind Bürger dieses Landes geworden.;;Muchos inmigrantes se han convertido en ciudadanos del país.;;;;;;;;;
REMOVE_massive_naturalization;Massive Naturalizations;Naturalisations massives;Einbürgerungswelle;;Naturalizaciones masivas;;;;;;;;;
REMOVE_desc_massive_naturalization;All immigrants have become citizens of the country.;Tous les immigrés sont devenus citoyens du pays.;Alle Einwanderer sind Bürger dieses Landes geworden.;;Todos los inmigrantes se han convertido en ciudadanos del país.;;;;;;;;;
REMOVE_denaturalization;Denaturalization;Dénaturalisation;Ausbürgerung;;Desnaturalización;;;;;;;;;
REMOVE_desc_denaturalization;An immigrant in $COUNTRY$ have been deprived of his citizenship.;Un immigr?originaire de $COUNTRY$ a ét?déposséd?de sa citoyennet?;Einem Einwanderer in $COUNTRY$ wurde seine Staatsbürgerschaft aberkannt.;;Un inmigrante de $COUNTRY$ ha sido privado de su ciudadanía.;;;;;;;;;
REMOVE_segregation;Segregation;Ségrégation;Segregation;;Segregación;;;;;;;;;
REMOVE_desc_segregation;Segregation between foreigners and citizens have caused discontent.;La ségrégation entre étrangers et citoyens est source de mécontentement.;Segregation zwischen Ausländern und Bürgern hat zu Unzufriedenheit geführt.;;La segregación entre ciudadanos y extranjeros ha causado descontento.;;;;;;;;;
REMOVE_ghetto;Ghetto;Ghetto;Ghetto;;Gueto;;;;;;;;;
REMOVE_desc_ghetto;Ghettos are filled to the brim with immigrants and minorities of various kinds.;Les ghettos débordent d'immigrés et de minorités diverses.;Die Ghettos sind randvoll mit Einwanderern und Minderheiten der verschiedensten Art.;;Los guetos están llenos hasta arriba de inmigrantes y minorías de diversos tipos.;;;;;;;;;
REMOVE_diaspora;Diaspora;Diaspora;Diaspora;;Diáspora;;;;;;;;;
REMOVE_desc_diaspora;A diaspora have been created.;Des immigrés ont créé une diaspora.;Ein Diaspora wurde gegründet.;;Se ha formado una diáspora.;;;;;;;;;
REMOVE_no_diaspora;No Diaspora;Pas de diaspora;Keine Diaspora;;No hay diáspora;;;;;;;;;
REMOVE_desc_no_diaspora;The immigrants were not allowed to create a diaspora.;Les immigrés n'ont pas ét?autorisés ?créer une diaspora.;Die Einwohner durften keine Diaspora gründen.;;A los inmigrantes no se les ha permitido formar una diáspora.;;;;;;;;;
REMOVE_anarchist_exclusion;Anarchist Exclusion Act;L'acte de l'exclusion des anarchistes;Anarchist Exclusion Act;;Acta de Exclusión Anarquista;;;;;;;;;
REMOVE_desc_anarchist_exclusion;The Anarchist Exclusion Act enables immigrants to be deported if they subscribe to anarchist ideas.;L'Anarchist Exclusion Act interdit l'entrée du territoire aux migrants suspectés d'opinion anarchiste.;Der Anarchist Exclusion Act erlaubt die Ausweisung von Einwanderern, wenn sie sich anarchistischen Ideen verschrieben haben.;;El Acta de Exclusión Anarquista permite la deportación de inmigrantes si albergan ideas anarquistas.;;;;;;;;;
government_sanitarium;Sanitarium;Sanatorium;Sanitarium;;Sanatorio;;;;;;;;;
desc_government_sanitarium;The Government operates a sanitarium for tuberculosis patients in this province.;Le gouvernement met un sanatorium ?la disposition des tuberculeux de cette province.;Die Regierung betreibt ein Sanitarium für Tuberkulosepatienten in dieser Provinz.;;El gobierno gestiona un sanatorio para tuberculosos en esta provincia.;;;;;;;;;
REMOVE_colonial_crash;Colonial Crash;Débâcle coloniale;Kolonialer Zusammenbruch;;Derrumbe colonial;;;;;;;;;
REMOVE_desc_colonial_crash;The natives are fighting for justice.;La population locale se bat pour plus de justice.;Die Eingeborenen kämpfen für Gerechtigkeit.;;Los nativos luchan por la justicia.;;;;;;;;;
REMOVE_enraged_soldiers;Enraged Soldiers;Soldats furieux;Wütende Soldaten;;Soldados enfurecidos;;;;;;;;;
REMOVE_desc_enraged_soldiers;Enraged soldiers roam the colony.;Des soldats furieux parcourent la colonie.;Wütende Soldaten ziehen durch die Kolonie.;;Soldados enfurecidos campan por la colonia.;;;;;;;;;
REMOVE_unsatisfied_soldiers;Unsatisfied Soldiers;Soldats mécontents;Unzufriedene Soldaten;;Soldados insatisfechos;;;;;;;;;
REMOVE_desc_unsatisfied_soldiers;The soldiers are unsatisfied.;Les soldats sont mécontents.;Die Soldaten sind unzufrieden.;;Los soldados están insatisfechos.;;;;;;;;;
REMOVE_satisified_soldiers;Satisified Soldiers;Soldats satisfaits;Zufriedene Soldaten;;Soldados satisfechos;;;;;;;;;
REMOVE_desc_satisified_soldiers;The soldiers are satisfied.;Les soldats sont satisfaits.;Die Soldaten sind zufrieden.;;Los soldados están satisfechos.;;;;;;;;;
REMOVE_colony_rebellion;Colony Rebellion;Rébellion de la colonie;Kolonieaufstand;;Rebelión colonial;;;;;;;;;
REMOVE_desc_colony_rebellion;The colony rebels against you.;La colonie se rebelle contre vous.;Die Kolonie rebelliert gegen Sie.;;La colonia se rebela contra ti.;;;;;;;;;
REMOVE_retaliation_colony;Retaliation;Riposte;Vergeltung;;Represalia;;;;;;;;;
REMOVE_desc_retaliation;You have the opportunity to retaliate against the rebellions.;Vous avez la possibilit?de riposter contre les rébellions.;Sie haben die Gelegenheit, gegen die Rebellionen Vergeltung zu üben.;;Tienes la oportunidad de tomar represalias contra los rebeldes.;;;;;;;;;
REMOVE_secret_organization;Secret Organization;Organisation secrète;Geheimorganisation;;Organización secreta;;;;;;;;;
REMOVE_desc_secret_organization;Your colony has a secret organisation which seem to plan a revolt.;Votre colonie abrite une organisation secrète qui semble préparer une révolte.;Ihre Kolonie hat eine Geheimorganisation, die eine Revolte zu planen scheint.;;Tu colonia tiene una organización secreta que planea rebelarse.;;;;;;;;;
REMOVE_rebel_meeting;Rebel Meeting;Réunion de rebelles;Rebellentreffen;;Mitin rebelde;;;;;;;;;
REMOVE_desc_rebel_meeting;A rebel meeting in the colony have upset the residents.;Une réunion de rebelles a perturb?les habitants de la colonie.;Ein Rebellentreffen in der Kolonie hat die Anwohner aufgebracht.;;Un mitin rebelde en la colonia ha molestado a los residentes.;;;;;;;;;
REMOVE_anti_propaganda;Anti Propaganda;Antipropagande;Antipropaganda;;Propaganda adversa;;;;;;;;;
REMOVE_desc_anti_propaganda;You handled the criticism great.;Vous avez bien gér?la critique.;Sie sind mit der Kritik großartig umgegangen.;;Has manejado estupendamente las críticas.;;;;;;;;;
REMOVE_colony_propaganda;Colony Propaganda;Propagande coloniale;Koloniepropaganda;;Propaganda colonial;;;;;;;;;
REMOVE_desc_colony_propaganda;Reports from witnesses have made other countries criticise how you handled the situation in your colony.;Sur la foi de témoignages, certains pays critiquent la façon dont vous gérez la situation dans votre colonie.;Augenzeugenberichte führten zu Kritik anderer Länder an Ihrem Umgang mit der Situation in Ihrer Kolonie.;;Los informes de los testigos han hecho que los otros países critiquen la forma en la que has llevado la situación en la colonia.;;;;;;;;;
REMOVE_colonial_war;Colonial War;Guerre coloniale;Kolonialkrieg;;Guerra colonial;;;;;;;;;
REMOVE_desc_colonial_war;A colonial war have broken out.;Une guerre coloniale a éclat?;Ein Kolonialkrieg ist ausgebrochen.;;Ha estallado una guerra colonial.;;;;;;;;;
REMOVE_court_martial;Court Martial;Tribunal militaire;Kriegsgericht;;Consejo de guerra;;;;;;;;;
REMOVE_desc_court_martial;A court-martial have been held.;Un procès a eu lieu devant un tribunal militaire.;Ein Kriegsgericht wurde abgehalten.;;Se ha celebrado un consejo de guerra.;;;;;;;;;
REMOVE_prison_break;Prison Break;Évasion;Gefängnisausbruch;;Fuga;;;;;;;;;
REMOVE_desc_prison_break;Prisoners have managed to flee from prison.;Des prisonniers ont réussi ?s'évader.;Insassen sind aus dem Gefängnis ausgebrochen.;;Unos prisioneros han logrado evadirse de la cárcel.;;;;;;;;;
REMOVE_rescue_helpless;Rescuing the Helpless;Sauvetage de personnes sans défense;Rettung der Hilfsbedürftigen;;Rescate de desamparados;;;;;;;;;
REMOVE_desc_rescue_helpless;Soldiers have rescued the helpless.;Des soldats ont secouru des personnes sans défense.;Soldaten haben die Hilfsbedürftigen gerettet.;;Los soldados han rescatado a los desamparados.;;;;;;;;;
REMOVE_quench_rebels;Quench the Rebels;Mater les rebelles;Zerquetscht die Rebellen;;Aplastar a los rebeldes;;;;;;;;;
REMOVE_desc_quench_rebels;More military can be deployed to quench the last of the wildfires.;D'autres militaires peuvent être déployés pour éteindre le dernier foyer.;Wir können mehr Soldaten einsetzen, um die Reste der Rebellion niederzuringen.;;Es posible desplegar más unidades militares para apagar las últimas llamas de la insurgencia.;;;;;;;;;
REMOVE_eliminate_rebels;Eliminating the Rebels;Élimination des rebelles;Eliminierung der Rebellen;;Eliminar a los rebeldes;;;;;;;;;
REMOVE_desc_eliminate_rebels;You have dealt with nearly all rebels, just a few remains.;Vous avez élimin?presque tous les rebelles. Il n'en reste plus que quelques-uns.;Sie haben fast alle Rebellen niedergerungen - nur noch wenige sind übrig.;;Ya te has encargado de casi todos los rebeldes, solo quedan unos pocos.;;;;;;;;;
REMOVE_rebel_workers;Rebelling Workers;Ouvriers rebelles;Rebellierende Arbeiter;;Trabajadores rebeldes;;;;;;;;;
REMOVE_desc_rebel_workers;Rebelling workers complain about the low security levels;Des ouvriers rebelles se plaignent du manque de sécurit?;Rebellierende Arbeiter beschweren sich über die mangelnde Sicherheit.;;Los trabajadores rebeldes se quejan de las escasas medidas de seguridad.;;;;;;;;;
REMOVE_rebel_slaves;Rebelling Slaves;Esclaves rebelles;Rebellierende Sklaven;;Esclavos rebeldes;;;;;;;;;
REMOVE_desc_rebel_slaves;Slaves in $PROVINCENAME$ are rebelling;Des esclaves de $PROVINCENAME$ se rebellent.;Sklaven in $PROVINCENAME$ rebellieren.;;Los esclavos de $PROVINCENAME$ se están rebelando.;;;;;;;;;
REMOVE_protest_religion;Protesting Against Religion;Protestation contre la religion;Proteste gegen Religion;;Protesta antirreligiosa;;;;;;;;;
REMOVE_desc_protest_religion;The inhabitants of the colony protests against the missionaries.;Les habitants de la colonie protestent contre les missionnaires.;Die Einwohner der Kolonie protestieren gegen die Missionare.;;Los habitantes de la colonia protestan contra los misioneros.;;;;;;;;;
REMOVE_measles_disease;Measles;Rougeole;Masern;;Sarampión;;;;;;;;;
REMOVE_desc_measles_disease;Measles are killing your residents;La rougeole tue votre population.;Ihre Anwohner fallen den Masern zum Opfer;;El sarampión esta aniquilando a tus habitantes.;;;;;;;;;
REMOVE_vote_right;Right to Vote;Droit de vote;Wahlrecht;;Derecho al voto;;;;;;;;;
REMOVE_desc_vote_right;A solution to the Women's Suffrage might be near.;Les femmes pourraient bientôt obtenir le droit de vote.;Eine Lösung für die Forderungen der Frauenbewegung scheint in greifbarer Nähe.;;Podría faltar poco para conseguir una solución para el sufragio de las mujeres.;;;;;;;;;
germania_werft;The Germaniawerft;L'arsenal Germania;Die Germaniawerft;;El Germaniawerft;;;;;;;;;
germania_werft_desc;Ships steam out of the drydock in Kiel at an amazing rate, thanks to the Krupp family's Germaniawerft.;Les bateaux ?vapeur sortent de la cale sèche de Kiel ?un rythme effrén?grâce ?l'arsenal Germania de la famille Krupp.;Im Trockendock in Kiel werden Schiffe dank der Germaniawerft der Familie Krupp mit erstaunlicher Geschwindigkeit gebaut.;;Los barcos salen de los diques secos de Kiel a un ritmo increíble, gracias al astillero Germaniawerft de la familia Krupp.;;;;;;;;;
REMOVE_EVTDESC1002;Anarcho-Liberals are campaigning on the streets: 'Instead of the state controlling the law enforcement, the courts and the national defence, the different law systems should be provided by voluntarily-founded private competitors. Money should be privately and competitively provided in an open market and personal and economic activities should be regulated by the natural laws of the market and through private law rather than through politics.'\n\nAnarcho-Liberals try to get their voices heard among the other politicians in the country.;Les anarcho-libéraux font campagne dans les rues "au lieu de l'Etat le contrôle de la police, des tribunaux et de la défense nationale, les différents systèmes de lois, devraient être fournis par des concurrents privés. L'argent devrait être priv?et la concurrence prévue dans un march?ouvert et les activités personnelles et économiques devrait être régies par les lois naturelles du march?et par le droit priv?plutôt que par la politique".\n\n Les Anarcho-libéraux tentent de faire entendre leur voix parmi les autres hommes politiques du pays.;Anarcho-Liberale ziehen durch die Straßen: 'Anstatt dass der Staat die Polizei, die Gerichte und die nationale Verteidigung kontrolliert, sollten die verschiedenen Gesetzessysteme eher mit freiwilligen, privaten Mitbewerbern besetzt werden. Geld sollte privat und im freien Wettbewerb auf einem offenen Markt angeboten werden, und persönliche sowie wirtschaftliche Aktivitäten sollten statt durch Politik durch die natürlichen Marktgesetze und durch Privatgesetze reguliert werden.'\n\nAnarcho-Liberale versuchen, ihre Meinung neben der der anderen Politiker des Landes geltend zu machen.;;Los anarcoliberales están en plena campaña en las calles: 'En lugar de un estado que controle a las fuerzas policiales, los tribunales y la defensa nacional, deberíamos tener diversos competidores, financiados de forma voluntaria, que proporcionasen diferentes sistemas legales. El dinero lo debería proporcionar de forma privada y competitiva un mercado abierto que regulase las diferentes actividades personales y económicas mediante sus leyes naturales y en base a normas privadas en lugar de normas políticas'.\n\nLos anarcoliberales intentan que su voz sea escuchada entre las de los demás políticos del país.;;;;;;;;;
# Crime and Corruption Buildings;;;;;;;;;;;;;;
REMOVE_EVTNAME2000;Institutional Community;Communaut?institutionnelle;Institutionale Gemeinde;;Comunidad institucional;;;;;;;;;
REMOVE_EVTDESC2000;The immigrants arrived in their new country and began searching for a place to call their own. Together, they tried to create a institutional community but needed permission to do so. Since few of the newly arrived immigrants knew the language of the new country, they hired a dragoman who helped them formulate a document, a humble plea for the construction of their community.;Les immigrants sont arrivés dans leur nouveau pays et ont commenc??chercher un endroit bien ?eux. Ensemble, ils ont essay?de créer une communaut?institutionnelle, mais ils devaient obtenir la permission de le faire. Depuis quelques temps, les immigrants nouvellement arrivés apprennent la langue du nouveau pays, et ils ont engag?un traducteur qui a aid??formuler un document, un humble appel ?la construction de leur communaut?;Die Einwanderer trafen in ihrem neuen Land ein und begannen sogleich, nach einem Heim zu suchen. Zusammen versuchten sie, eine institutionale Gemeinde zu schaffen, brauchten dazu aber Erlaubnis. Da nur wenige der neuen Einwanderer die Sprache der neuen Heimat beherrschten, stellten sie einen Übersetzer ein, der ihnen bei der Formulierung eines Dokuments half, einer bescheidenen Bitte um den Bau ihrer Gemeinde.;;Los inmigrantes llegaron a su nuevo país y empezaron a buscar un sitio a que pudieran considerar suyo. Juntos, intentaron crear una comunidad institucional, pero necesitaban permiso para ello. Ya que no hay muchos de los recién llegados que conozcan el lenguaje del nuevo país, contrataron a un intérprete que los ayud?a formular un documento que sirviese de humilde solicitud para la construcción de su comunidad.;;;;;;;;;
REMOVE_EVTOPTB2000;Too much trouble. No community.;Trop d'ennuis. Pas de communaut?;Lasst sie ihre Gemeinde bauen.;;Demasiadas molestias. No a la comunidad institucional.;;;;;;;;;
REMOVE_EVTOPTA2000;Let them build their community.;Laissons-les bâtir leur communaut?;Zu viele Umstände. Keine Gemeinde.;;Que construyan su comunidad.;;;;;;;;;
EVTNAME2010;Employment for Immigrants;Du travail pour les immigrés;Arbeit für Einwanderer;;Empleo para inmigrantes;;;;;;;;;
EVTDESC2010;It has been twenty days. Twenty days without work, without money, without any chance to feed or clothe my family. Twenty days... Twenty days is an eternity when you have to rummage through the garbage to find something to eat. I don't want to beg, I don't want to steal, but twenty days without work...'\n\nFew immigrants, who left their country to live and work in your country, are able to find work.;Vingt jours sans travail, sans argent, sans aucune chance de se nourrir ou de vêtir ma famille. Vingt jours... Vingt jours sont une éternit?quand vous avez ?fouiller dans les poubelles pour trouver quelque chose ?manger. Je ne veux pas prier, je ne veux pas voler, mais vingt jours de travail...\n\n Peu d'immigrants, qui ont quitt?leur pays pour vivre et travailler dans votre pays, sont en mesure de trouver du travail.;Es sind schon 20 Tage vergangen. 20 Tage ohne Arbeit, ohne Geld, ohne eine Möglichkeit, meine Familie zu ernähren oder zu kleiden. 20 Tage ... 20 Tage sind eine Ewigkeit, wenn man die Mülltonnen nach Essbarem durchsuchen muss. Ich will nicht betteln oder stehlen, aber 20 Tage ohne Arbeit ...'\n\nWenige Einwanderer, die ihr Land verließen, um in Ihrem Land zu leben und zu arbeiten, finden tatsächlich Arbeit.';;Han pasado veinte días. Veinte días sin trabajo, sin dinero, sin posibilidad alguna de alimentar o vestir a mi familia. Veinte días... Veinte días es una eternidad cuando tienes que buscar en la basura para encontrar algo para comer. No quiero mendigar, no quiero robar, pero veinte días sin trabajar...\n\nPocos de los inmigrantes que dejaron su país para vivir y trabajar en el tuyo han podido encontrar trabajo.;;;;;;;;;
EVTOPTA2010;Ignore them.;Les ignorer.;Ignoriert sie.;;Ignoradlos.;;;;;;;;;
EVTOPTB2010;Encourage local business to employ;Leur donner du travail.;Gebt ihnen Arbeit.;;Animad a los negocios para que les den empleo.;;;;;;;;;
REMOVE_EVTNAME2020;Intermarriage;Mariage mixte;Mischehen;;Matrimonio interracial;;;;;;;;;
REMOVE_EVTDESC2020;Her eyes shone as her husband danced the first dance with her. Ignoring the murmurs and whispers, the sneers and leers, she smiled at her husband, with his dark skin and white teeth. The society was appalled by the marriage between a dark-skinned man and a white upper-class lady, but the young couple did not care.';Ses yeux brillaient quand son mari a dans?la première danse avec elle. Ignorant les chuchotements et les murmures, les ricanements et les regards, elle sourit ?son mari, avec sa peau sombre et ses dents blanches. La sociét?a ét?consternée par le mariage entre un homme ?la peau foncée et une dame blanche de la classe supérieure, mais le jeune couple ne se souciait pas.;Ihr Augen glänzten, als ihr Gatte den ersten Tanz mit ihr tanzte. Sie ignorierte das Gemurmel, das Flüstern, die Blicke und die Grimassen, und lächelte ihren Gatten mit seiner dunklen Haut und seinen weißen Zähnen an. Die Gesellschaft war schockiert ob der Ehezwischen zwischen einem dunkelhäutigen Mann und einer Dame der Oberklasse, aber das junge Paar kümmerte sich nicht darum.';;Sus ojos brillaban mientras bailaba por primera vez con su marido. Ignorando los murmullos y los susurros, las muecas de desprecio y las miradas maliciosas, sonri?a su marido, con su piel oscura y sus blancos dientes. La sociedad estaba aturdida por el matrimonio entre un hombre de piel oscura y una mujer blanca de clase alta, pero a la joven pareja no le importaba.;;;;;;;;;
REMOVE_EVTOPTA2020;I wish them good luck.;Je leur souhaite bonne chance.;Ich wünsche ihnen alles Gute.;;Les deseo buena suerte.;;;;;;;;;
REMOVE_EVTOPTB2020;I'm shocked!;Cela me choque !;Ich bin schockiert!;;¡Qu?escándalo!;;;;;;;;;
EVTNAME2030;Change Your Name;Changement de nom;Namensänderung;;Cambiar tu nombre;;;;;;;;;
EVTDESC2030;Anja Yesi-whatnow?'\n'Aniya Yezierska. Is my name unpronounceable?'\n'Kind of. Would you like to change it? It could be difficult for you to get a job otherwise.'\n\nUnpronounceable names and strange spellings could cause trouble for job-seeking immigrants.;Anja Yesi-whatnow ? \n Aniya Yezierska. Mon nom est imprononçable ? \n "En quelques sortes". Souhaitez-vous le changer ? Il pourrait être difficile pour vous de trouver un emploi ailleurs.\n\n Les noms étranges, imprononçables et avec une drôle d'orthographe pourraient causer des ennuis ?la recherche d'emploi des immigrants.;Anja Yesi-was?'\n'Aniya Yezierska. Ist mein Name unaussprechbar?'\n'Irgendwie schon. Möchten Sie ihn ändern? Es kann sonst schwierig für Sie sein, Arbeit zu finden.'\n\nUnaussprechliche Namen und merkwürdige Buchstabierungen können für arbeitsuchende Einwanderer Ärger bedeuten;;¿Anja Yesi-qu?\n'Aniya Yezierska. ¿Es que mi nombre es impronunciable?'\n'Bastante. ¿Querrías cambiarlo? De otro modo, te costar?encontrar trabajo.'\n\nLos nombres impronunciables y difíciles de deletrear pueden causar problemas a los inmigrantes en busca de trabajo.;;;;;;;;;
EVTOPTA2030;Change to Anja Jessek';Remplacer par Anja Jessek; Ändern zu Anja Jessek';;Cambiadlo a Anja Jessek;;;;;;;;;
EVTOPTB2030;I will keep Aniya Yezierska';Je vais conserver Aniya Yezierska;Ich behalte Aniya Yezierska';;Mantendr?Aniya Yezierska.;;;;;;;;;
EVTNAME2040;Owning a Home;Être propriétaire d'un logement;Hausbesitz;;Poseer una casa;;;;;;;;;
EVTDESC2040;The many immigrants who have arrived in the country have created a demand for housing. The construction of new homes must be speeded up when reports show that many immigrants share housing with up to ten or twenty people. This is a minor disaster as this could create epidemics, revolts and other disturbances.;Le nombre d'immigrants qui sont arrivés dans le pays a créé une forte demande pour le logement. La construction de nouveaux logements doit être accélérée car les rapports montrent que de nombreux immigrants partagent un logement avec un maximum de dix ou vingt personnes. Il s'agit d'un désastre mineur, car cela pourrait créer des épidémies, des révoltes et d'autres perturbations.;Die vielen ins Land strömenden Einwanderer haben einen Bauboom ausgelöst. Der Bau neuer Häuser muss beschleunigt werden, da Berichten zufolge viele Einwanderer sich zu zehnt oder zwanzigst ein Haus teilen. Dies ist eine kleine Katastrophe, da diese Umstände zu Epidemien, Revolten und anderen Unannehmlichkeiten führen könnten.;;Los muchos inmigrantes que han llegado al país han generado una demanda de alojamiento. La construcción de nuevas casas tiene que acelerarse. Los informes muestran que muchos inmigrantes comparten casa con grupos de entre diez y veinte personas. Se trata de un pequeño desastre que puede generar epidemias, revueltas y otras molestias.;;;;;;;;;
EVTOPTA2040;Let us speed this up.;Accélérons les choses.;Beschleunigen wir es.;;Vamos a acelerar esto.;;;;;;;;;
EVTOPTB2040;No need to hurry.;Inutile de se dépêcher.;Kein Grund zur Eile.;;No hay que darse prisa.;;;;;;;;;
REMOVE_EVTNAME2050;Naturalization;Naturalisation;Einbürgerung;;Naturalización;;;;;;;;;
REMOVE_EVTDESC2050;It's been five years since the first immigrants came to this country. After these five years, immigrants can apply for membership in the country, become real citizens and not have to be called aliens any more.;Les premiers immigrés du pays sont arrivés il y a cinq ans. Au bout de cette période de cinq ans, les immigrés peuvent souhaiter être membres ?part entière du pays, devenir de vrais citoyens et ne plus être traités d'étrangers.;Vor fünf Jahren kamen die ersten Einwanderer in dieses Land. Nach diesen fünf Jahren können Einwanderer die Einbürgerung ins Land beantragen, echte Staatsangehörige werden und brauchen nicht mehr Fremde genannt werden.;;Hace cinco años que llegaron los primeros inmigrantes a este país. Tras estos cinco años, los inmigrantes pueden solicitar la ciudadanía del país, para ser miembros de pleno derecho y no tener que ser considerados extranjeros nunca más.;;;;;;;;;
REMOVE_EVTOPTA2050;Give them citizenship.;Leur accorder la citoyennet?;Gebt ihnen Staatsbürgerschaft.;;Dadles la ciudadanía.;;;;;;;;;
REMOVE_EVTOPTB2050;Just a few more years...;Encore quelques années...;Nur noch ein paar Jahre mehr ...;;Solo unos años más.;;;;;;;;;
REMOVE_EVTNAME2060;Advanced Naturalization;Naturalisation avancée;Schnellere Einbürgerung;;Naturalización avanzada;;;;;;;;;
REMOVE_EVTDESC2060;Five years living in the country, passing the Life in $COUNTRY$ test, speaks the language nearly perfect and married to a wonderful, native woman... You do qualify for a citizenship. Congratulations! Now you only need to sign here and here...'\nMore specified rules for aliens to become citizens don't seem to stop them.;Cinq ans de vie dans le pays, passer le test ‘Vivre en $COUNTRY$? parler la langue couramment, et être mari??une autochtone... Vous venez d’acquérir notre nationalit? Félicitations ! A présent veuillez signer ?cet endroit, puis encore ici...\n Des règles tatillonnes et sévères pour obtenir une pleine citoyennet?ne semblent pas arrêter les étrangers.;Nach fünf Jahren im Land besteht er den Test Leben in $COUNTRY$, spricht die Sprache nahezu perfekt und ist mit einer sehr netten Eingeborenen verheiratet ... Sie sind für die Staatsbürgerschaft qualifiziert. Glückwünsche! Nun müssen Sie nur noch hier und hier unterschreiben...'\nImmer spezieller werdende Regeln für die Einbürgerung Fremder scheinen sie nicht zu stoppen.;;Tras cinco años viviendo en $COUNTRY$, hablas el idioma nativa casi a la perfección y te has casado con una mujer nativa maravillosa... Cumples los requisitos para la ciudadanía. ¡Felicidades! Ahora solo has de firmar aqu?..\nEl hecho de que las reglas para obtener la ciudadanía sean más específicas, no parece detener a los inmigrantes.;;;;;;;;;
REMOVE_EVTOPTA2060;Good.;Bien.;Gut.;;Bien.;;;;;;;;;
REMOVE_EVTOPTB2060;Irritating.;Agaçant.;Irritierend.;;Irritante.;;;;;;;;;
REMOVE_EVTNAME2070;Massive Naturalizations;Naturalisations massives;Massive Einbürgerungen;;Naturalizaciones masivas;;;;;;;;;
REMOVE_EVTDESC2070;Immigrants arriving to $PROVINCENAME$ have fled from a tyrant and need to be assimilated into the country as soon as possible. A proposal for comprehensive naturalization has been approved and the country welcomes immigrants with open arms.;Des immigrants qui arrivent en $PROVINCENAME$ ont fui un tyran et ont besoin d'être assimilés au pays le plus rapidement possible. Une proposition de naturalisation massive a ét?approuvée et le pays accueille les immigrants les bras ouverts.;Einwanderer in $PROVINCENAME$ sind vor einem Tyrannen geflohen und müssen schnellstmöglich ins Land assimiliert werden. Ein Vorschlag auf umfassende Einbürgerung wurde genehmigt, und das Land heißt Einwanderer mit offenen Armen willkommen.;;Los inmigrantes llegados a $PROVINCENAME$ han huido de una tiranía y necesitan ser asimilados en el país lo antes posible. Se ha aprobado una propuesta de naturalización general y el país recibe a los inmigrantes con los brazos abiertos.;;;;;;;;;
REMOVE_EVTOPTA2070;Okay.;D'accord.;Okay.;;Muy bien.;;;;;;;;;
REMOVE_EVTNAME2080;Denaturalization;Dénaturalisation;Ausbürgerung;;Desnaturalización;;;;;;;;;
REMOVE_EVTDESC2080;You have been deemed unworthy of citizenship in this country. You have thirty days to leave $COUNTRY$, otherwise you risk imprisonment for up to four years.'\n\nThe judge was harsh but just. The man's crime against the state was not severe enough to make him serve time in prison, but severe enough to strip him of his citizenship and getting him deported.;Vous avez ét?jug?indigne de conserver la nationalit?de notre pays ! Vous avez donc trente jours pour quitter $COUNTRY$, dans le cas contraire vous risquez jusqu’à quatre ans d’emprisonnement.\n\n Le juge fut inflexible mais juste. Le crime de cet homme n'était pas assez grave pour le conduire directement en prison, mais néanmoins suffisamment important pour le faire expulser et lui retirer la nationalit?;Man hat Sie als der Staatsbürgerschaft in diesem Lande unwürdig befunden. Sie haben 30 Tage, $COUNTRY$ zu verlassen, ansonsten drohen Ihnen bis zu vier Jahre Gefängnis.'\n\nDer Richter war hart, aber gerecht. Das Verbrechen des Mannes gegen den Staat war nicht schwer genug, um ihn ins Gefängnis zu werfen, aber reichte aus, um ihm seine Staatsbürgerschaft abzunehmen und ihn auszuweisen.;;Has resultado ser indigno de la ciudadanía de este país. Tienes treinta días para abandonar $COUNTRY$. De otro modo, te expones a una pena de prisión de hasta cuatro años.\n\nEl juez fue duro pero justo. El crimen contra el estado no fue lo suficientemente grave como para hacer que ingresase en prisión, pero si lo bastante como para privarlo de su ciudadanía y deportarlo.;;;;;;;;;
REMOVE_EVTOPTA2080;Okay;D'accord;Okay.;;Muy bien.;;;;;;;;;
REMOVE_EVTNAME2090;Segregation;Ségrégation;Segregation;;Segregación;;;;;;;;;
REMOVE_EVTDESC2090;Separate schools, separate shops, even separate washrooms. The segregation between immigrants and citizens have risen to a new level, causing irritation and discontent.;Écoles, magasins et même toilettes séparés. En franchissant l'étape supérieure, la ségrégation entre immigrés et citoyens entraîne irritation et mécontentement.;Getrennte Schulen, getrennte Läden, selbst getrennte Toiletten. Die Segregation zwischen Emigranten und Bürgern hat eine neue Stufe erreicht und zu Unmut und Unzufriedenheit geführt.;;Escuelas segregadas, tiendas segregadas e incluso lavabos segregados. La segregación entre inmigrantes y ciudadanos ha alcanzado un nuevo nivel, causando irritación y descontento.;;;;;;;;;
REMOVE_EVTOPTA2090;Good.;Bien.;Gut;;Bien.;;;;;;;;;
REMOVE_EVTOPTB2090;That's sad.;C'est triste.;Das ist traurig.;;Qu?triste.;;;;;;;;;
REMOVE_EVTNAME2100;Ghetto;Ghetto;Ghetto;;Gueto;;;;;;;;;
REMOVE_EVTDESC2100;As more and more immigrants arrives the housing becomes even worse. So-called ghettos, special areas in cities where minorities gather, is slowly emerging. They are often poor areas with narrow streets and tall, crowded houses filled to the brim with immigrants or minorities of various kinds.;La crise du logement pour les immigrants s’aggrave. Des ghettos, zones circonscrites dans les villes o?les minorités se massent, émergent progressivement. Ce sont souvent des lieux très pauvres avec des rues étroites et de grands immeubles serrées remplies d'immigrés et de minorités diverses.;Mit steigender Einwandererzahl wird die Wohnungssituation immer schlimmer. Es bilden sich langsam sogenannte Ghettos, besondere Gebiete, wo sich Minderheiten ansammeln. Dies sind oft arme Gebiete mit engen Straßen und hohen Häusern, die mit Einwanderern oder Minderheiten der verschiedensten Art vollgedrängt sind.;;A medida que van llegando más inmigrantes, el problema del alojamiento es cada vez peor. Están empezando a surgir los denominados guetos, zonas especiales donde se reúnen las minorías. Suelen ser áreas pobres con calles estrechas y casas altas atestadas de inmigrantes y minorías de diversos tipos.;;;;;;;;;
REMOVE_EVTOPTA2100;Oh, great...;Oh, parfait...;Na super ...;;Oh, estupendo...;;;;;;;;;
REMOVE_EVTNAME2110;Diaspora;Diaspora;Diaspora;;Diáspora;;;;;;;;;
REMOVE_EVTDESC2110;One last look at their old home, one final teardrop down his cheek. With a shrug, the man tried to ignore the fact that he would leave his hometown, perhaps forever. The vessel, filled with neighbors and relatives, could not wait much longer for him. He picked up his luggage and climbed on board and hoped that he would leave hunger behind, looking forward to a brighter future in the new world. On arrival in the new country, the man and his fellow travelers wanted to create a diaspora, which would contain all their hope to be able to return to their homeland one day.';Un dernier regard ?sa vieille maison, une dernière larme coule sur sa joue. L'homme a essay?d'occulter le fait qu'il devrait quitter sa ville natale, peut-être pour toujours. Mais le navire, rempli de voisins et de parents, ne peut pas attendre beaucoup plus longtemps. Il a donc pris son baluchon et s'est hiss??bord. Il espère qu'il laissera la faim derrière lui, et qu’il aura un avenir plus prometteur sur cette terre nouvelle. Dès l'arrivée dans leur nouveau pays, cet homme et ses compagnons d’infortune ont voulu créer une diaspora, symbole de leur espoir de pouvoir retourner un jour dans leur pays d’origine.;Ein letzter Blick auf ihr altes Haus, eine letzte Träne auf seiner Wange. Mit einem Schulterzucken versuchte der Mann, die Tatsache zu ignorieren, dass er seine Heimatstadt verlassen würde - vielleicht für immer. Das Schiff voller Nachbarn und Verwandten konnte nicht länger auf ihn warten. Er nahm sein Gepäck auf, kletterte an Bord, und hoffte, dass er den Hunger hinter sich lassen würde und in der neuen Welt eine bessere Zukunft auf ihn wartete. Bei der Ankunft im neuen Land wollten der Mann und seine Gefährten eine Diaspora aufbauen, die all ihre Hoffnungen enthielt, eines Tages wieder in ihr Heimatland zurückkehren zu können.';;Una última mirada a su viejo hogar y una última lágrima corriendo por su mejilla. Encogiéndose de hombros, el hombre intentaba ignorar el hecho de que iba a abandonar su hogar, quizás para siempre. El navío, lleno de vecinos y parientes, no iba a esperarlo mucho más tiempo. Recogi?su equipaje, subi?abordo y rez?por dejar el hambre atrás, buscando un futuro más brillante en el nuevo mundo. Al llegar al nuevo país, el hombre y sus compañeros de viaje deseaban crear una diáspora, que contendría toda su ilusión de poder regresar algún día a su tierra natal.;;;;;;;;;
REMOVE_EVTOPTA2110;Let them create a diaspora.;Les laisser créer une diaspora.;Lasst sie eine Diaspora bauen.;;Dejadles crear la diáspora.;;;;;;;;;
REMOVE_EVTOPTB2110;They will never return.;Ils ne rentreront jamais.;Sie werden nie zurückkehren.;;Nunca volverán.;;;;;;;;;
REMOVE_EVTNAME2120;Anarchist Exclusion Act;L'acte "d'exclusion anarchiste";Anarchist Exclusion Act;;Acta de Exclusión Anarquista;;;;;;;;;
REMOVE_EVTDESC2120;Troubled voices in the country are now demanding immigrants who subscribes to anarchist ideas shall be deported. The 'Anarchist Exclusion Act' specifically barres anyone who disbelieves in or who is opposed to all organized government, or who is a member of or affiliated with any organization entertaining or teaching such disbelief in or opposition to all organized government. The passing of this act depends on your vote.;Des voix se lèvent pour réclamer que les immigrants qui souscrivent ?la pensée anarchiste soient expulsés du pays. La loi d'exclusion des anarchistes devrait permettre de sanctionner ceux qui ne croient pas ou sont opposés ?tout Etat organis? et particulièrement ceux qui militent activement dans une organisation opposée au gouvernement en place. L’adoption de cette loi dépend de votre vote.;Besorgte Stimmen im Lande verlangen nun, dass dem Anarchismus zugewandte Einwanderer ausgewiesen werden sollen. Der 'Anarchist Exclusion Act' verbannt ganz spezifisch all jene, die nicht an organisierte Regierungsformen glauben oder sich ihnen widersetzen, bzw. Mitglieder von Vereinigungen, die nicht an organisierte Regierungsformen glauben oder sich ihnen widersetzen. Die Verabschiedung dieses Gesetzes hängt von Ihrer Stimme ab.;;En el país se han alzado voces preocupadas que solicitan que los inmigrantes que apoyen ideas anarquistas sean expulsados. La 'Acta de Exclusión Anarquista', excluye de forma específica a cualquiera que no crea en el gobierno o se oponga a cualquier forma de gobierno organizado, sea miembro o est?afiliado a cualquier organización que albergue o enseñe tal creencia en oposición a todo gobierno organizado. La promulgación de esta acta depende de tu voto.;;;;;;;;;
REMOVE_EVTOPTA2120;I vote 'Yes'.;Je vote "Oui".;Ich stimme 'Ja'.;;Voto 'S?.;;;;;;;;;
REMOVE_EVTOPTB2120;I vote 'No'.;Je vote "Non".;Ich stimme 'Nein'.;;Voto 'No'.;;;;;;;;;
REMOVE_EVTNAME2130;Anarchist Exclusion Act: Immigrant Deported;Acte d'exclusion anarchiste: immigr?expuls?Anarchist Exclusion Act: Einwanderer deportiert;;Acta de Exclusión Anarquista: inmigrantes deportados;;;;;;;;;;
REMOVE_EVTDESC2130;Liberate the human mind from the dominion of religion, liberate the human body from the dominion of property and liberate us from the shackles and restraint of government! We should be able to enjoy all necessities of life, independent of individual desires, tastes and inclinations! Liberate us, and let anarchism lead us into this free life!'\n\nThe first immigrant anarchist have been deported after the Anarchist Exclusion Act passed.;Libérez l'esprit humain du joug de la religion, libérez le corps humain du joug de la propriét?privée et libérez-nous de l’oppression du gouvernement ! Nous devrions pouvoir apprécier par nous-mêmes les bienfaits de la vie, quels que soient nos désirs, nos goûts et nos inclinations ! Libérez-nous, et laissez l'anarchisme nous guider dans cette voie ! \n\n Les premiers immigrants anarchistes ont ét?expulsés suite ?l’adoption de la loi d'expulsion des anarchistes.;Befreit den menschlichen Geist von den Fesseln der Religion, befreit den menschlichen Körper von den Fesseln des Besitztums, und befreit uns von den Fesseln der Regierungen! Wir sollten in der Lage sein, alle Aspekte des Lebens zu genießen, unabhängig von individuellen Bedürfnissen, Geschmäckern und Neigungen! Befreien wir uns, und lassen wir den Anarchismus uns zu einem freien Leben führen!'\n\nDer erste eingewanderte Anarchist wurde deportiert, nachdem der Anarchist Exclusion Act verabschiedet wurde.;;Liberad la mente humana del dominio de la religión, liberad el cuerpo humano del dominio de la propiedad y ¡liberadnos a nosotros de los grilletes y el control del estado! ¡Tenemos que poder disfrutar de todas las necesidades de la vida, independientemente de deseos individuales, gustos o inclinaciones! ¡Liberadnos y que el anarquismo nos conduzca a esta nueva vida!\n\nTras la aprobación del Acta de Exclusión Anarquista, ha sido deportado el primer inmigrante de esta ideología.;;;;;;;;;
REMOVE_EVTOPTA2130;Okay.;D'accord.;Okay.;;Muy bien.;;;;;;;;;
REMOVE_EVTNAME10000;Spring of Nations;Le printemps des nations;Frühling der Nationen;;La primavera de las naciones;;;;;;;;;
REMOVE_EVTDESC10000;A wind of revolution blows, the storm is on the horizon. A fervor of liberalism sweeps through $COUNTRYNAME$.;Un vent de révolution souffle, la tempête menace ?l'horizon. Une ferveur de libéralisme balaie $COUNTRYNAME$.;Ein Wind der Revolution weht, und der Sturm ist am Horizont. Eine Welle des Liberalismus schwappt über $COUNTRYNAME$.;;Sopla un viento de revolución, la tormenta est?en el horizonte. Un fervor liberal recorre $COUNTRYNAME$.;;;;;;;;;
REMOVE_EVTOPTA10000;You don't need a weatherman to know which way the wind blows.;Vous n'avez besoin d'aucun météorologue pour savoir dans quelle direction souffle le vent.;Man braucht keinen Wetterfrosch, um zu wissen, woher der Wind bläst.;;No hace falta el parte del tiempo para saber la dirección en la que sopla la brisa.;;;;;;;;;
REMOVE_EVTNAME10105;The Blight Ends!;Fin du mildiou !;Ende der Kartoffelfäule!;;¡Fin de la plaga!;;;;;;;;;
REMOVE_EVTDESC10105;Our crops came up healthy in $PROVINCENAME$ this spring. The potato blight that has been plaguing $PROVINCENAME$ has finally ended.;Les récoltes de $PROVINCENAME$ sont saines ce printemps. Le mildiou de la pomme de terre qui ravageait $PROVINCENAME$ est enfin termin?;Unsere Ernten waren diesen Frühling in $PROVINCENAME$ sehr erfolgreich. Die Kartoffelfäule in $PROVINCENAME$ ist endlich vorüber.;;Nuestros cultivos crecen sanos en $PROVINCENAME$ esta primavera. La plaga de la patata que asolaba $PROVINCENAME$ ha acabado por fin.;;;;;;;;;
REMOVE_EVTOPTA10105;Oh bless the Almighty.;Oh, Dieu soit lou?!;Lobet den Herrn!;;Gracias al Todopoderoso.;;;;;;;;;
REMOVE_EVTNAME10110;The Watch on $PROVINCENAME$;Manifestations en $PROVINCENAME$;Die Wacht in $PROVINCENAME$;;La vigilancia en $PROVINCENAME$;;;;;;;;;
REMOVE_EVTDESC10110;Fast and true stands the guard in $PROVINCENAME$, at least if a local poet is to be believed. A poetical pamphlet decrying the state of our nation has inflamed feelings in one of our states. All around $PROVINCENAME$ cries for national unity can be heard, as liberals take to the streets protesting the old order, and calling for national unification with our cultural brethren in other countries.;Une brochure poétique dénonçant l'état de notre nation a enflamm?les sentiments dans un de nos Etats. Tout autour de $PROVINCENAME$ des cris ?l'unit?nationale peuvent être entendus, comme ces libéraux dans la rue pour protester contre l'ordre ancien, et appelant ?l'unification nationale avec nos frères culturels d'autres pays. ;Fest und treu steht die Wacht in $PROVINCENAME$, zumindest wenn man einem lokalen Dichter Glauben schenken darf. Ein poetisches Pamphlet, das den Zustand unserer Nation beklagt, hat die Gemüter in einem unserer Staaten in Wallung gebracht. In ganz $PROVINCENAME$ werden Rufe nach nationaler Einheit laut. Die Liberalen gehen auf die Straße, um die alte Ordnung zu verdammen, und rufen nach nationaler Einigung mit unseren Kulturbrüdern in anderen Ländern.;;Firme y resuelta se mantiene la vigilancia en $PROVINCENAME$, al menos según las palabras de un poeta local. Un panfleto poético que desprestigia el estado de nuestra nación, ha inflamado los sentimientos en uno de nuestros estados. A lo largo de $PROVINCENAME$ pueden oírse los gritos pidiendo la unidad nacional, ya que los liberales han tomado las calles protestando por el antiguo orden, llamando a una unificación nacional con nuestros hermanos culturales de otros países.;;;;;;;;;
REMOVE_EVTOPTA10110;Bloody revolutionaries.;Maudits révolutionnaires.;Verfluchte Revolutionäre.;;Malditos revolucionarios.;;;;;;;;;
REMOVE_EVTNAME11100;Three Hurrahs For $CULTURE_GROUP_UNION$!;Pour $CULTURE_GROUP_UNION$, hip hip hip, hourra !;Ein dreifaches Hurra auf die $CULTURE_GROUP_UNION$!;;¡Tres hurras por nuestra nueva patria ($CULTURE_GROUP_UNION$)!;;;;;;;;;
REMOVE_EVTDESC11100;All around $COUNTRY$, jubilant crowds, waving the flag of $CULTURE_GROUP_UNION$, take to the streets in celebration, as news reach us from $FROMCOUNTRY$ that $FROMRULER$ has proclaimed himself the liberator of all $CULTURE_GROUP_UNION$.\n\n'For far too long have we let the machination and conspiracy of foreign powers set the course of our nation's life. Today, and forever -- here, in our ancient homeland -- we form the bonds of a more perfect union. Three Hurrahs for $CULTURE_GROUP_UNION$!'\n\nResisting these winds of change will be nigh on impossible.;Partout dans $COUNTRY$, la foule en liesse, agitant le drapeau de $CULTURE_GROUP_UNION$, dans les rues en fête, que des nouvelles nous parviennent de $FROMCOUNTRY$ disant que $FROMRULER$ s'est proclam?le libérateur de tous les $CULTURE_GROUP_UNION$.\n\n"Depuis beaucoup trop longtemps, nous avons laiss?la machination et le complot des puissances étrangères jalonnés la vie de notre nation. Aujourd'hui, et pour toujours - ici, dans notre vieille patrie - nous tissons les liens d'une union meilleure. Trois hourras pour $CULTURE_GROUP_UNION$ !" \n\nLa résistance ?ces vents du changement sera presque impossible. ;Überall in $COUNTRY$ ziehen jubilierende Mengen, die die Flagge von $CULTURE_GROUP_UNION$ schwingen, durch die Straßen, als uns die Kunde aus $FROMCOUNTRY$ erreicht, dass $FROMRULER$ sich zum Befreier aller $CULTURE_GROUP_UNION$ erklärt hat.\n\n'Viel zu lange haben wir der Maschinerie und den Verschwörungen fremder Mächte erlaubt, den Kurs unserer Nation zu setzen. Heute und ein für alle Mal -- hier, in unserer traditionellen Heimat -- formen wir die Bande einer perfekteren Union. Ein dreifaches Hurra auf die $CULTURE_GROUP_UNION$!'\n\nEs wird so gut wie unmöglich werden, den Winden der Veränderung zu widerstehen.;;A lo largo de $COUNTRY$, las alegres multitudes que agitan la bandera de la entidad conocida como $CULTURE_GROUP_UNION$ se echan a las calles ante las noticias que llegan de $FROMCOUNTRY$ de que $FROMRULER$ se ha proclamado su libertador.\n\n¡Durante demasiado tiempo hemos de dejado que la maquinación y conspiraciones de los poderes extranjeros dictasen el curso de la vida de nuestra nación. Hoy, ya para siempre en nuestra antigua tierra natal, hemos formado los lazos de una unión más perfecta. ¡Viva nuestra nueva patria!'\n\nResistirse a tales vientos de cambio ser?casi imposible.;;;;;;;;;
REMOVE_EVTOPTA11100;Hurrah!;Hourra !;Hurra!;;¡Hurra!;;;;;;;;;
REMOVE_EVTOPTB11100;What of my ancestral rights?;Et mes droits ancestraux ?;Was ist mit meinen angeborenen Rechten?;;¿Y qu?hay de mis derechos ancestrales?;;;;;;;;;
REMOVE_EVTDESC13100;The foreigners have gone too far! Their missionaries spread false teachings, subverting our people and our national unity, they break our customs and their opium clouds our minds. At least that is the message you will get if you ask the people in $PROVINCENAME$ where an anti-foreign revolt has just broken out.;Les étrangers sont allés trop loin ! Leurs missionnaires propagent de faux enseignements, subvertissant notre peuple et notre unit?nationale, ils brisent nos coutumes et leur opium embrume nos esprits. Au moins c'est le message que vous obtiendrez si vous demandez aux gens de $PROVINCENAME$ o?une révolte anti-étrangers vient d'éclater. ;Die Ausländer sind zu weit gegangen! Ihre Missionare verbreiten falsche Lehren, zerrütten unser Volk und unsere nationale Einheit, sie ignorieren unsere Sitten, und ihre Opiumwolken vernebeln unseren Verstand. Zumindest ist das die Botschaft, die man bekommt, wenn man die Menschen in $PROVINCENAME$ fragt, wo gerade eine ausländerfeindliche Revolte ausgebrochen ist.;;¡Los extranjeros han ido demasiado lejos! Sus misioneros extienden enseñanzas falsas, subvirtiendo a nuestra gente y nuestra unidad nacional, faltan a nuestras costumbres y sus nubes de opio nublan nuestras mentes. Al menos ese es el mensaje que obtendrás si preguntas a la gente de $PROVINCENAME$ donde acaba de desatarse una revuelta contra los extranjeros.;;;;;;;;;
REMOVE_EVTDESC14010;The debate had been going on for several hours, when a candidate stepped forward and presented the arguments for their cause which silenced all opponents.;Le débat avait début?depuis des heures lorsqu'un candidat s'avança pour plaider en faveur de sa cause, laissant tous ses adversaires sans voix.;Die Debatte wütet schon seit einigen Stunden, als ein Kandidat vortritt und die Argumente für seine Sache vorträgt, die all seine Gegner verstummen lässt.;;Hacia varias horas que se había iniciado el debate, cuando un candidato sali?a la palestra y present?los argumentos de su causa, silenciando a todos los oponentes.;;;;;;;;;
REMOVE_EVTOPTA14010;Decisive arguments for Laissez Faire;Arguments décisifs en faveur du Laissez-faire;Entscheidende Argumente für Laissez Faire.;;Argumentos decisivos para el ‘Laissez Faire?;;;;;;;;;
REMOVE_EVTOPTB14010;Decisive arguments for Interventionism;Arguments décisifs en faveur de l'interventionnisme;Entscheidende Argumente für Interventionismus.;;Argumentos decisivos para el Intervencionismo;;;;;;;;;
REMOVE_EVTOPTC14010;Decisive arguments for State Capitalism;Arguments décisifs en faveur du capitalisme d'État;Entscheidende Argumente für Staatskapitalismus.;;Argumentos decisivos para el Capitalismo de Estado;;;;;;;;;
REMOVE_EVTOPTD14010;Decisive arguments for Planned Economy;Arguments décisifs en faveur de l'économie planifiée;Entscheidende Argumente für Planwirtschaft.;;Argumentos decisivos para la Economía planificada;;;;;;;;;
REMOVE_EVTNAME14020;A Heated Debate: Religious Policy;Un débat anim?: la politique religieuse;Erhitzte Debatte: Religionspolitik;;Un acalorado debate: política religiosa;;;;;;;;;
REMOVE_EVTDESC14020;The morality and virtue of our people have started to decline!' This statement caused much stir among the debaters of toleration and religious plurality. They have started to question the country's view on religion.;;Moral und Tugenden unserer Mitbürger sind auf dem absteigenden Ast!' Diese Aussage hat die Debatte um Toleranz und religiöse Pluralität stark angefeuert. Sie haben begonnen, die Ansichten des Landes zur Religion in Frage zu stellen.;;¡La moralidad y la virtud de nuestro pueblo ha empezado a decaer! Esta aseveración provoc?gran revuelo entre los polemistas de la tolerancia y la pluralidad religiosa. Han empezado a cuestionar el panorama del país en lo que a religión se refiere.;;;;;;;;;
REMOVE_EVTOPTA14020;There are no Gods!;Il n'y a aucun dieu !;Es gibt keine Götter!;;¡Los dioses no existen!;;;;;;;;;
REMOVE_EVTOPTB14020;Religion is not a political issue!;La religion n'est pas une question politique !;Religion ist keine politische Sache!;;¡La religión no es una cuestión política!;;;;;;;;;
REMOVE_EVTOPTC14020;Let the people have their faith.;Les gens sont libres de leurs croyances.;Sollen die Leute doch ihren Glauben haben.;;Dejemos que el pueblo tenga sus propias creencias.;;;;;;;;;
REMOVE_EVTOPTD14020;There is one faith and one faith only!;Il n'y a qu'une seule religion !;Es gibt nur einen wahren Glauben!;;¡Hay una creencia y solo una!;;;;;;;;;
REMOVE_EVTNAME14030;A Heated Debate: Citizenship Policy;Un débat anim?: la politique sur la citoyennet?Erhitzte Debatte: Staatsbürgerschaftspolitik;;Un acalorado debate: política de ciudadanía;;;;;;;;;;
REMOVE_EVTDESC14030;Two debaters are arguing heatedly about their views. The rest of the hall sits dumbfounded when words like aliens, minorities, ethnic and cultural groups are thrown between the two. One wish that immigrants should adapt to the dominant culture while the other believes that they should retain their cultural heritage.;;Zwei Debattierende streiten sich um ihre Ansichten. Der Rest der Versammlung sitzt verblüfft da, als Begriffe wie Fremde, Minoritäten, ethnische und kulturelle Gruppen zwischen den beiden hin- und herfliegen. Der eine will, dass Immigranten sich an die dominante Kultur anpassen sollen, während der andere der Ansicht ist, dass sie ihre kulturelle Herkunft behalten sollten.;;Dos polemistas defienden de forma vehemente sus puntos de vista. El resto de la sala asiste atónito desde sus asientos mientras se lanzan el uno al otro palabras como extranjeros, minorías, grupos culturales y étnicos... Uno quiere que los inmigrantes se adapten a la cultura dominante, mientras que el otro cree que deberían conservar su herencia cultural.;;;;;;;;;
REMOVE_EVTOPTA14030;Give them residency.;Les autoriser ?résider dans le pays;Gebt ihnen Aufenthaltsgenehmigungen.;;Concedámosles la residencia.;;;;;;;;;
REMOVE_EVTOPTB14030;We need to limit their citizenship.;Nous devons limiter leur citoyennet?;Wir müssen ihre Staatsbürgerrechte beschränken.;;Tenemos que limitar su ciudadanía.;;;;;;;;;
REMOVE_EVTOPTC14030;Let them have full citizenship.;Ils doivent devenir des citoyens ?part entière.;Gebt ihnen volle Staatsbürgerschaft.;;Concedámosles la ciudadanía completa.;;;;;;;;;
REMOVE_EVTDESC14040;Patriots and pacifists are fighting in the townhouse, using words to hurt and kill their enemies. A long since dead and buried dispute between $COUNTRY$ and its neighbor has once again shown its ugly head. Patriots wish to invade the country while pacifists believe that there are other ways to resolve the dispute.;;Patrioten und Pazifisten streiten sich im Rathaus. Ein lange schlummernder Disput zwischen $COUNTRY$ und einem Nachbarland ist wieder an die Oberfläche gekommen. Die Patrioten wollen einmarschieren, während die Pazifisten glauben, dass man die Angelegenheit mit anderen Mitteln beilegen kann.;;Patriotas y pacifistas combaten en el consistorio, empleando palabras para dañar y acabar con sus enemigos. Una vieja disputa, enterrada hace mucho, entre $COUNTRY$ y su vecino ha vuelto a asomar su desagradable cabeza. Los patriotas quieren invadir el país, mientras que los pacifistas creen que hay otras maneras de resolver el conflicto.;;;;;;;;;
REMOVE_EVTOPTA14040;We are patriots and we are going to fight for our country!;Nous sommes des patriotes et nous allons combattre pour notre pays !;Wir sind Patrioten, und wir werden für unser Land kämpfen!;;¡Somos patriotas y lucharemos por nuestro país!;;;;;;;;;
REMOVE_EVTOPTB14040;Violence can be used, but in this situation it would be meaningless.;Il est parfois nécessaire d'avoir recours ?la violence, mais dans le cas présent, ce serait inutile.;Gewalt kann angewendet werden, wäre aber in dieser Situation sinnlos.;;Se puede hacer uso de la violencia, pero, en esta situación, sería absurdo.;;;;;;;;;
REMOVE_EVTOPTC14040;War between countries is never good.;La guerre n'est jamais une bonne solution.;Krieg ist nie gut.;;La guerra entre países nunca es buena.;;;;;;;;;
REMOVE_EVTOPTD14040;This can be solved without violence.;Ce conflit peut être résolu pacifiquement.;Dies kann ohne Gewalt beigelegt werden.;;Esto podría resolverse sin violencia.;;;;;;;;;
REMOVE_EVTNAME14050;High Tariffs;Droits de douane élevés;Hohe Steuern;;Aranceles elevados;;;;;;;;;
REMOVE_EVTDESC14050;Smuggling has become a major problem since $PROVINCENAME$ raised the tariffs on several goods. Something must be done about this, quick!;La contrebande est devenue un vrai problème depuis que $PROVINCENAME$ a augment?ses droits de douane sur différents biens. Il faut faire quelque chose, et vite !;Der Schmuggel ist zu einem großen Problem geworden, seit $PROVINCENAME$ die Steuern auf verschiedene Güter angehoben hat. Etwas muss geschehen, und zwar schnell!;;El contrabando se ha convertido en un problema importante desde que $PROVINCENAME$ subi?los aranceles de diversos productos. ¡Alguien tiene que hacer algo al respecto, y rápido!;;;;;;;;;
REMOVE_EVTOPTA14050;Raise the tariffs!;Augmenter les droits de douane !;Steuern anheben!;;¡Subir los aranceles!;;;;;;;;;
REMOVE_EVTOPTB14050;Lower the tariffs on those goods and raise it on some others.;Baisser les droits de douane sur ces biens et les augmenter sur d'autres;Steuern für diese Güter senken und für andere anheben.;;Bajar los aranceles de esos productos y subirlo en otros distintos.;;;;;;;;;
REMOVE_EVTOPTC14050;Leave the tariffs as they were.;Ne pas modifier les droits de douane;Lasst die Steuern, wo sie sind.;;Dejar los aranceles como estaban.;;;;;;;;;
REMOVE_EVTOPTD14050;Lower the tariffs just a bit.;Baisser légèrement les droits de douane;Senkt die Steuern ein bisschen.;;Bajar los aranceles un poquito.;;;;;;;;;
REMOVE_EVTOPTE14050;We need to lower the tariffs altogether.;Nous devons baisser les droits de douane;Wir müssen alle Steuern senken.;;Tenemos que bajar por completo los aranceles.;;;;;;;;;
REMOVE_EVTNAME14060;Export and Import;Exportations et importations;Export und Import;;Exportar e importar;;;;;;;;;
REMOVE_EVTDESC14060;The new products have begun to outcompete the $PROVINCENAME$s own products and the citizens have difficulty competing with imported goods.;Les nouveaux produits font du tort ?ceux de $PROVINCENAME$ et les citoyens ont du mal ?concurrencer les biens importés.;Die neuen Produkte sind erfolgreicher als die eigenen Produkte aus $PROVINCENAME$, und die Menschen können nicht mehr gegen importierte Waren bestehen.;;Los nuevos productos han empezado a desbancar a los productos propios de $PROVINCENAME$s y los ciudadanos tienen dificultades para competir con las mercancías de importación.;;;;;;;;;
REMOVE_EVTOPTA14060;We should export our products.;Nous devrions exporter nos produits.;Wir sollten unsere Produkte exportieren.;;Deberíamos exportar nuestros productos.;;;;;;;;;
REMOVE_EVTOPTB14060;Then we need to find something new for them to do.;Dans ce cas, nous devons leur trouver une nouvelle activit?;Dann müssen wir neue Jobs für sie finden.;;Entonces tenemos que buscar algo nuevo que hacer con ellos.;;;;;;;;;
REMOVE_EVTOPTC14060;Leave the tariffs as they were.;Ne pas modifier les droits de douane;Lasst die Steuern, wo sie sind.;;Dejar los aranceles como estaban.;;;;;;;;;
REMOVE_EVTOPTD14060;Lower the tariffs on some goods and raise it on some others.;Baisser les droits de douane sur certains biens et les augmenter sur d'autres;Steuern für einige Güter senken und für andere anheben.;;Bajar los aranceles en algunos productos y subirlos en otros.;;;;;;;;;
REMOVE_EVTOPTE14060;Raise the tariffs.;Augmenter les droits de douane;Steuern anheben!;;Subir los aranceles.;;;;;;;;;
REMOVE_EVTNAME14070;Monopoly;Monopole;Monopol;;Monopolio;;;;;;;;;
REMOVE_EVTDESC14070;Merchants from $PROVINCENAME$ are arguing with the finance minister, who wants to monopolize part of their trade. Their heated discussion have reach your ears and you try to cool both sides down.;Les marchands de $PROVINCENAME$ sont en conflit avec le ministre des finances qui veut monopoliser une partie de leur activit? Vous avez eu vent de ce débat anim?et tentez d'apaiser les deux camps.;Kaufleute aus $PROVINCENAME$ argumentieren mit dem Finanzminister, der Teile ihres Handels monopolisieren will. Ihre erhitzte Diskussion hat Ihre Ohren erreicht, und Sie versuchen, beide Seiten zu beschwichtigen.;;Los comerciantes de $PROVINCENAME$ están discutiendo con el ministro de finanzas, quien pretende monopolizar parte de su comercio. Su acalorada discusión ha llegado a tus oídos e intentas tranquilizar los ánimos de ambas partes.;;;;;;;;;
REMOVE_EVTOPTA14070;I see no reason to monopolize it.;Je ne vois aucune raison de créer un monopole.;Warum sollten wir monopolisieren?;;No veo razón para monopolizarlo.;;;;;;;;;
REMOVE_EVTOPTB14070;You both have great arguments, but we will not monopolize that.;Les deux camps ont des arguments convaincants, mais nous ne créerons pas de monopole.;Beide Seiten bringen gute Argumente vor, aber wir werden das nicht monopolisieren.;;Ambos presentáis poderosas razones, pero no monopolizaremos eso.;;;;;;;;;
REMOVE_EVTOPTC14070;Let do and let pass, the world goes on by itself. No monopoly.;Laissons faire, le monde suit sa propre voie. Pas de monopole.;Sei's drum, die Welt dreht sich von alleine weiter. Kein Monopol.;;Dejemos que las cosas sigan su propio curso. Sin monopolio.;;;;;;;;;
REMOVE_EVTOPTD14070;Great idea, but let me take a look at this first.;C'est une bonne idée mais qui mérite réflexion.;Tolle Idee, lasst mich erstmal einen Blick drauf werfen.;;Gran idea, pero dejadme echarle un vistazo a esto primero.;;;;;;;;;
REMOVE_EVTOPTE14070;That is a great idea. We will do that.;C'est une excellente idée. C'est ce que nous allons faire.;Das ist eine gute Idee. Das werden wir tun.;;Es una gran idea. Eso haremos.;;;;;;;;;
REMOVE_EVTNAME14080;The Production Quota;Les quotas de production;Die Produktionsquote;;La cuota de producción;;;;;;;;;
REMOVE_EVTDESC14080;The production quota is too high. We will never be able to reach the demand.' The other farmers stand behind him, waiting. Their weathered faces show the same concern and determination as their speaker.;Les quotas de production sont trop élevés. Nous ne parviendrons jamais ?satisfaire la demande. Les autres fermiers attendent derrière lui, leurs visages burinés affichent la même inquiétude et la même détermination que leur porte-parole.;Die Produktionsquote ist zu hoch. Wir werden die Nachfrage nie bedienen können.' Die anderen Bauern stehen hinter ihm und warten. Ihre verwitterten Gesichter zeigen dieselbe Sorge und Entschlossenheit wie ihr Sprecher.;;La cuota de producción es demasiado alta. Jamás llegaremos a cubrir la demanda. Los demás granjeros permanecen tras él, expectantes. Sus rostros erosionados muestran la misma preocupación y determinación que el de su portavoz.;;;;;;;;;
REMOVE_EVTOPTA14080;Nonsense. The production quota will remain the same.;C'est absurde. Les quotas de production resteront les mêmes.;Unsinn. Die Produktionsquote bleibt.;;Tonterías. La cuota de producción se quedar?como est?;;;;;;;;;
REMOVE_EVTOPTB14080;You have nothing to worry about.;Vous n'avez aucune inquiétude ?avoir.;Ihr braucht euch um nichts zu sorgen.;;No tienen de qu?preocuparse.;;;;;;;;;
REMOVE_EVTOPTC14080;We will deal with it if the production quota becomes a problem.;Nous interviendrons si les quotas de production posent problème.;Wir werden uns um die Produktionsquote kümmern, wenn sie zu einem Problem wird.;;Si la cuota de producción se convierte en un problema, ya nos encargaremos de ello.;;;;;;;;;
REMOVE_EVTOPTD14080;You might be right.;Vous avez peut-être raison.;Sie könnten Recht haben.;;Puede que tengan razón.;;;;;;;;;
REMOVE_EVTOPTE14080;You are right.;Vous avez raison.;Sie haben Recht.;;Tienen razón.;;;;;;;;;
REMOVE_EVTNAME14090;Local or State Economy;Économie d'État ou locale;Lokale oder Staatswirtschaft;;Economía local o estatal;;;;;;;;;
REMOVE_EVTDESC14090;A debate have been flaring up in the Upper House about whether the state should interfere or not in the local economy. Opponents argue that the state's economy is centrally managed while the provinces economy should be controlled locally. Regardless, the economy is going straight to hell. TODO;;Eine Debatte läuft im Oberhaus darüber, ob der Staat in die lokale Wirtschaft eingreifen sollte. Die Gegner argumentieren, dass die Staatswirtschaft zentral verwaltet wird, während die der Provinzen lokal verwaltet werden sollte. Wie dem auch sei, die Wirtschaft geht den Bach runter.;;Ha estallado un debate en la Cámara Alta sobre si el estado debería interferir o no en la economía local. Los opositores defienden que la economía de estado se gestiona de forma centralizada, mientras que la economía de provincias podría controlarse de forma local. Con todo, la economía se est?yendo al garete. Vaya follón.;;;;;;;;;
REMOVE_EVTOPTA14090;This works!;Ça marche !;Das funktioniert!;;¡Funciona!;;;;;;;;;
REMOVE_EVTOPTB14090;It takes some time, but it will work.;Il faut un peu de temps, mais ça va marcher.;Es wird eine Weile dauern, aber es wird funktionieren.;;Lleva su tiempo, pero funcionar?;;;;;;;;;
REMOVE_EVTOPTC14090;This is news for me.;J'apprends quelque chose !;Das ist mir neu.;;Esto es nuevo para m?;;;;;;;;;
REMOVE_EVTOPTD14090;We might want to rethink this.;Nous pourrions peut-être y réfléchir.;Wir sollten dies überdenken.;;Puede que debamos pensarlo un poco más.;;;;;;;;;
REMOVE_EVTOPTE14090;We will change this.;Nous allons changer cela.;Wir werden das ändern.;;Lo cambiaremos.;;;;;;;;;
REMOVE_EVTNAME14100;Who Produces What, Where is it Produced, How Much Does it Costs and Where Does it Go?;Qui produit quoi, o?est-ce produit, combien ça coûte et o?ça va ?;Wer produziert was, wo wird es produziert, wieviel kostet es, und wohin geht es?;;¿Quién produce qu? dónde se produce, cuánto cuesta y dónde va a parar?;;;;;;;;;
REMOVE_EVTDESC14100;$PROVINCENAME$ have been criticized for its planned economy, it is said that 'the country's economic planners cannot detect consumer preferences, shortages, and surpluses with sufficient accuracy and therefore cannot efficiently co-ordinate production', and this worries the residents of $PROVINCENAME$.;;$PROVINCENAME$ ist für seine Planwirtschaft kritisiert worden. Man sagt, 'die Wirtschaftsplaner des Landes können Verbraucherpräferenzen, Knappheiten und Überschüsse nicht mit ausreichender Genauigkeit vorhersagen und daher die Produktion nicht effizient koordinieren, und das besorgt die Menschen in $PROVINCENAME$.;;$PROVINCENAME$ ha sido criticada por su economía planificada. Se dice que 'los planificadores económicos del país no pueden detectar las preferencias de consumo, los suministros, y los excedentes con la suficiente precisión y, por lo tanto, no pueden coordinar de forma efectiva la producción', lo cual preocupa a los residentes de $PROVINCENAME$.;;;;;;;;;
REMOVE_EVTOPTA14100;That's rubbish!;Foutaise !;Das ist Unsinn!;;¡Paparruchas!;;;;;;;;;
REMOVE_EVTOPTB14100;The economic planners knows what they are doing.;Les planificateurs économiques savent ce qu'ils font.;Die Wirtschaftsplaner wissen, was sie tun.;;Los planificadores económicos saben lo que se hacen.;;;;;;;;;
REMOVE_EVTOPTC14100;We will have a look at it.;Nous allons y jeter un coup d'œil.;Wir werden uns das ansehen.;;Le echaremos un vistazo.;;;;;;;;;
REMOVE_EVTOPTD14100;It's probably nothing, but we'll have a look at it.;Ce n'est probablement rien, mais nous allons y jeter un coup d'œil.;Es ist vermutlich nichts, aber wir werden es uns trotzdem ansehen.;;Es probable que no tenga importancia, pero le echaremos un vistazo.;;;;;;;;;
REMOVE_EVTOPTE14100;They might have a point...;Il y a peut-être un problème...;Sie könnten Recht haben ...;;Puede que tengan razón...;;;;;;;;;
REMOVE_EVTNAME14110;Neglected Religions Umbrage;Les religions négligées;Ärger über vernachlässigte Religionen;;Resentimiento de religiones desatendidas;;;;;;;;;
REMOVE_EVTDESC14110;Some of the religions in the country feels neglected by the state. For years, they have helped people in many ways, caring for the sick, taking care of the orphans and helping the needy. They only ask for some form of support so they can continue to help people.;Certaines religions du pays se sentent négligées par l'État. Depuis des années, elles aident les gens en prenant soin des malades, des orphelins et des nécessiteux. Elles réclament simplement un peu de soutien pour pouvoir poursuivre dans cette voie.;Einige der Religionen im Lande fühlen sich vom Staat vernachlässigt. Seit Jahren helfen sie Menschen auf verschiedene Weise, kümmern sich um Kranke, Waisen und Bedürftige. Sie bitten nur um irgendeine Unterstützung, damit sie den Menschen weiter helfen können.;;Algunas religiones del país se sienten desatendidas por el estado. Durante años, han ayudado a la gente de muchas maneras, cuidando enfermos, ocupándose de los huérfanos y ayudando al necesitado. Solo piden algún tipo de apoyo que les permita seguir ayudando a la gente.;;;;;;;;;
REMOVE_EVTOPTA14110;Religion is a private matter.;La religion est une affaire privée.;Religion ist Privatsache.;;La religión es un asunto privado.;;;;;;;;;
REMOVE_EVTOPTB14110;Charity is good, but no.;La charit? c'est bien, mais non.;Karitative Arbeit ist gut, aber trotzdem nein.;;La caridad est?muy bien, pero no.;;;;;;;;;
REMOVE_EVTOPTC14110;Interesting.;Intéressant.;Interessant;;Interesante.;;;;;;;;;
REMOVE_EVTOPTD14110;Maybe we could do something to help.;Nous pourrions peut-être faire quelque chose.;Vielleicht können wir irgendwie helfen.;;Quiz?podríamos hacer algo por ayudar.;;;;;;;;;
REMOVE_EVTOPTE14110;We will help you.;Nous allons vous aider.;Wir werden Ihnen helfen.;;Les ayudaremos.;;;;;;;;;
REMOVE_EVTNAME14120;Religious Umbrage;Ressentiment des religieux;Religiöser Ärger;;Resentimiento religioso;;;;;;;;;
REMOVE_EVTDESC14120;Two religions are fighting over some minor issue and have turned to the state in an attempt to solve the conflict.;Deux religions en conflit au sujet d'un problème mineur réclament l'arbitrage de l'État.;Zwei Religionen sind im Zwist über eine kleines Problem und haben sich an den Staat gewandt, um bei der Beilegung des Problems zu helfen.;;Dos religiones disputan por un asunto menor y se han dirigido al estado en un intento de zanjar el conflicto.;;;;;;;;;
REMOVE_EVTOPTA14120;You must solve this by yourself.;Vous devez régler ce problème vous-mêmes.;Ihr müsst das schon selber lösen.;;Deben resolver esto por ustedes mismos.;;;;;;;;;
REMOVE_EVTOPTB14120;We can't help.;Nous n'y pouvons rien.;Wir können nicht helfen.;;No podemos ayudar.;;;;;;;;;
REMOVE_EVTOPTC14120;As much as we want to help, this isn't our problem.;Nous vous aiderions bien, mais cela n'est pas de notre ressort.;So gern wir auch helfen würden, das ist nicht unser Problem.;;Por mucho que queramos ayudar, esto no es problema nuestro.;;;;;;;;;
REMOVE_EVTOPTD14120;Let me give you an advice...;Je vais vous donner un conseil...;Ich geb euch einen Rat ...;;Déjenme que les d?un consejo...;;;;;;;;;
REMOVE_EVTOPTE14120;We can help you.;Nous allons vous aider.;Wir können euch helfen.;;Podemos ayudarles.;;;;;;;;;
REMOVE_EVTNAME14130;Converted Subjects;Sujets convertis;Konvertierte Untertanen;;Súbditos conversos;;;;;;;;;
REMOVE_EVTDESC14130;The religious leader of $PROVINCENAME$ is furious. The new residents have brought their own religions and religious leaders with them, and the leader believes that his supporters is starting to become a bit too interested in the new religions.;Le responsable religieux de $PROVINCENAME$ est furieux. Les nouveaux habitants ont emmen?avec eux leurs propres religions et leurs propres chefs religieux. Le responsable pense que ses fidèles s'intéressent un peu trop aux nouvelles religions.;Der religiöse Anführer von $PROVINCENAME$ ist aufgebracht. Die neuen Mitbürger haben ihre eigenen Religionen und religiösen Anführer mitgebracht, und der Mann glaubt, dass seine Schäfchen etwas zuviel Interesse an den neuen Religionen zeigen.;;El líder religioso de $PROVINCENAME$ est?furioso. Los nuevos residentes han traído con ellos sus propias creencias y líderes religiosos, y el líder cree que sus feligreses empiezan a estar demasiado interesados por las nuevas religiones.;;;;;;;;;
REMOVE_EVTOPTA14130;Try to keep an open mind.;Essayez de rester ouvert d'esprit.;Versucht, offen zu bleiben.;;Intente mantener una mentalidad abierta.;;;;;;;;;
REMOVE_EVTOPTB14130;We can do nothing.;Nous n'y pouvons rien.;Wir können nichts tun.;;No podemos hacer nada.;;;;;;;;;
REMOVE_EVTOPTC14130;That is regrettably.;C'est regrettable.;Das tut uns sehr leid.;;Es una lástima.;;;;;;;;;
REMOVE_EVTOPTD14130;There are some things we could try...;Nous pourrions tenter quelque chose...;Wir könnten ein paar Dinge versuchen...;;Podríamos probar ciertas cosas...;;;;;;;;;
REMOVE_EVTOPTE14130;We will do what we can, this won't be tolerated.;Nous ferons ce que nous pourrons, c'est intolérable.;Wir werden tun, was wir können, dies wird nicht toleriert.;;Haremos lo que podamos. No toleraremos algo as?..;;;;;;;;;
REMOVE_EVTNAME14140;A Holy Place;Un lieu saint;Ein heiliger Ort;;Un lugar sagrado;;;;;;;;;
REMOVE_EVTDESC14140;You have been approached by a religious leader who wants permission to build a house of worship. He is eager to start his project as soon as possible.;Un chef religieux vous a contactés pour vous demander l'autorisation de construire un lieu de prière. Il souhaite lancer son projet le plus vite possible.;Ein religiöser Führer wandte sich an Sie und bat um Erlaubnis, ein Haus der Andacht zu bauen. Er möchte sein Projekt so schnell als möglich beginnen.;;Ha venido un líder religioso que quiere permiso para construir un templo. Est?ansioso por poner en marcha su proyecto lo antes posible.;;;;;;;;;
REMOVE_EVTOPTA14140;No, I can't allow that.;Non, je ne peux pas autoriser cela.;Nein, das kann ich nicht erlauben.;;No, no podemos permitirlo.;;;;;;;;;
REMOVE_EVTOPTB14140;I see no meaning with this.;Je n'en vois pas la nécessit?;Ich sehe keinen Sinn darin.;;No creo que tenga sentido.;;;;;;;;;
REMOVE_EVTOPTC14140;It might be a good idea.;C'est peut-être une bonne idée.;Das könnte eine gute Idee sein.;;Puede ser una buena idea.;;;;;;;;;
REMOVE_EVTOPTD14140;Let me see what I can do.;Je vais voir ce que je peux faire.;Schauen wir mal, was ich da tun kann.;;Veamos qu?puedo hacer.;;;;;;;;;
REMOVE_EVTOPTE14140;You have my permission.;Vous avez ma permission.;Sie haben meine Erlaubnis.;;Tiene mi permiso.;;;;;;;;;
REMOVE_EVTNAME14150;Immigration and Jobs;Immigration et emploi;Einwanderer und Jobs;;Inmigración y trabajo;;;;;;;;;
REMOVE_EVTDESC14150;The current inflow of immigrants have created a demand for more jobs. Most of the immigrants demand the same rights as your residents. The situation is a bit harsh.;Avec l'afflux actuel d'immigrants, le nombre de demandes d'emplois a augment? La plupart des immigrés réclament les mêmes droits que vos résidents. La situation est un peu difficile.;Der momentane Zustrom an Einwanderern hat eine Nachfrage nach Arbeitsstellen erschaffen. Die meisten der Einwanderer verlangen die gleichen Rechte wie Ihre Bürger. Die Situation ist etwas harsch.;;El actual flujo de inmigrantes ha dado lugar a la demanda de más puestos de trabajo. La mayoría de los inmigrantes exigen los mismos derechos que los residentes. La situación es un tanto grave.;;;;;;;;;
REMOVE_EVTOPTA14150;They have no right to demand anything.;Ils n'ont aucun droit de réclamer quoi que ce soit.;Sie haben kein Recht, irgendetwas zu verlangen.;;No tienen derecho a exigir nada.;;;;;;;;;
REMOVE_EVTOPTB14150;Why should they have the same rights?.;Pourquoi auraient-ils les mêmes droits ?;Warum sollten sie dieselben Rechte haben?;;¿Por qu?deberían tener los mismos derechos?;;;;;;;;;
REMOVE_EVTOPTC14150;We'll see what we can do.;Nous allons voir ce que nous pouvons faire.;Schauen wir mal, was ich da tun kann.;;Veremos qu?podemos hacer.;;;;;;;;;
REMOVE_EVTOPTD14150;We will work this out.;Nous allons y réfléchir.;Wir werden schon eine Lösung finden.;;Lo resolveremos.;;;;;;;;;
REMOVE_EVTOPTE14150;Won't be easy, but we'll do everything we can.;Ce ne sera pas facile, mais nous ferons de notre mieux.;Es wird nicht leicht sein, aber wir werden tun, was wir können.;;No ser?fácil, pero haremos todo lo que podamos.;;;;;;;;;
REMOVE_EVTNAME14160;Minor Immigration Problems;Problèmes d'immigration mineurs;Kleinere Einwandererprobleme;;Problemas de inmigración menores;;;;;;;;;
REMOVE_EVTDESC14160;The primary and accepted culture of $PROVINCENAME$ have nothing to complain about, but the smaller cultures feel discriminated against and want something done about it.;La culture majoritaire de $PROVINCENAME$ n'est pas ?plaindre, mais les cultures minoritaires se sentent discriminées et réclament votre intervention.;Die primäre und akzeptierte Kultur in $PROVINCENAME$ hat keine Beschwerden, aber die kleineren Kulturen fühlen sich diskriminiert und wollen, dass etwas daran getan wird.;;La cultura principal y aceptada de $PROVINCENAME$ no tiene de qu?quejarse, pero las culturas minoritarias se sienten discriminadas y quieren que se haga algo al respecto.;;;;;;;;;
REMOVE_EVTOPTA14160;We can do nothing about that..;Nous n'y pouvons rien.;Wir können daran nichts ändern.;;No podemos hacer nada al respecto.;;;;;;;;;
REMOVE_EVTOPTB14160;Why should we do something about that?;Pourquoi interviendrions-nous ?;Warum sollten wir da was ändern?;;¿Por qu?tenemos que ocuparnos nosotros de eso?;;;;;;;;;
REMOVE_EVTOPTC14160;Interesting.;Intéressant.;Interessant;;Interesante.;;;;;;;;;
REMOVE_EVTOPTD14160;What can we do about that?;Que pouvons-nous y faire ?;Was können wir tun?;;¿Qu?podemos hacer nosotros al respecto?;;;;;;;;;
REMOVE_EVTOPTE14160;We will do something about that.;Nous allons faire quelque chose.;Wir werden etwas tun.;;Haremos algo al respecto.;;;;;;;;;
REMOVE_EVTNAME14170;Peace and Quiet;Paix et tranquillit?Ruhe und Frieden;;Paz y tranquilidad;;;;;;;;;;
REMOVE_EVTDESC14170;All is well in $PROVINCENAME$, the different cultures have nothing to complain about as they have the same rights as everyone else. There are some protests against the system, but nothing that can't be fixed.;Tout va bien en $PROVINCENAME$, les différentes cultures n'ont pas de quoi se plaindre puisqu'elles ont les mêmes droits que les autres. Quelques voix s'élèvent contre le système, mais rien d'impossible ?résoudre.;Alles ist ruhig in $PROVINCENAME$, die verschiedenen Kulturen haben keine Beschwerden, da sie alle die gleichen Rechte haben. Es gibt ein paar Proteste gegen das System, aber nichts, was man nicht beheben könnte.;;Todo va bien en $PROVINCENAME$, las diferentes culturas no tienen queja, ya que todas tienen los mismos derechos. Hay algunas protestas contra el sistema, nada que no podamos arreglar.;;;;;;;;;
REMOVE_EVTOPTA14170;Good.;Bien.;Gut.;;Bien.;;;;;;;;;
REMOVE_EVTOPTB14170;Let us keep it that way.;N'intervenons pas.;So soll es bleiben.;;Sigamos por ese camino.;;;;;;;;;
REMOVE_EVTOPTC14170;Protests? What protests?;Des voix s'élèvent ? Pourquoi ?;Proteste? Was für Proteste?;;¿Protestas? ¿Qu?protestas?;;;;;;;;;
REMOVE_EVTOPTD14170;There are some complaining, yes?;Certains se plaignent ?;Es gibt ein paar Beschwerden, ja?;;Hay quien se queja, ¿no?;;;;;;;;;
REMOVE_EVTOPTE14170;We can't have that!;Impossible !;Das darf nicht sein!;;¡No podemos consentir eso!;;;;;;;;;
REMOVE_EVTNAME14180;Bickering Neighbour;Voisin querelleur;Zänkischer Nachbar;;Vecino peleón;;;;;;;;;
REMOVE_EVTDESC14180;One of your neighbouring countries have started bickering with you. It is annoying and they should know better, as they are the weaker part in this quarrel.;Un pays voisin vous cherche querelle. C'est ennuyeux. Ce pays moins puissant que le vôtre devrait se montrer plus raisonnable.;Eines Ihrer Nachbarländer hat begonnen, mit Ihnen zu zanken. Es nervt, und sie sollten es besser wissen, denn sie sind die Schwächeren.;;Uno de vuestros países vecinos ha empezado a provocaros. Es irritante y deberían ser más juiciosos, ya que son la parte más débil en esta disputa.;;;;;;;;;
REMOVE_EVTOPTA14180;To war, by Jingo!;Déclarons-leur la guerre, bon sang !;Auf in den Krieg!;;¡A la guerra, por Jingo!;;;;;;;;;
REMOVE_EVTOPTB14180;Stop it!;Ça suffit !;Schluss damit!;;¡Impedirlo!;;;;;;;;;
REMOVE_EVTOPTC14180;They should know better.;Ils devraient être plus raisonnables.;Sie sollten es wirklich besser wissen.;;Deberían ser más juiciosos.;;;;;;;;;
REMOVE_EVTOPTD14180;They will tire eventually.;Ils vont finir par se lasser.;Sie werden es irgendwann müde sein.;;Ya se cansarán.;;;;;;;;;
REMOVE_EVTOPTE14180;Ignore it.;Les ignorer.;Ignorieren;;Ignorarlo.;;;;;;;;;
REMOVE_EVTNAME14190;A Soldier's Stomach;L'estomac des soldats;Soldatenmägen;;Un estómago de soldado;;;;;;;;;
REMOVE_EVTDESC14190;Your generals have begun to complain about the bad food the soldiers are getting and command that more money should be spent on feeding them. The generals argue that the poor diet reduces soldiers' fighting spirit and want to raise it through better food. This may cost a lot.;Vos généraux ont commenc??se plaindre de la mauvaise nourriture, les soldats disent que plus d'argent devrait être dépens?pour les nourrir. Les généraux font valoir que la mauvaise alimentation réduit l'esprit de combat et veulent l'augmenter grâce ?une meilleure nourriture. Cela peut coûter cher. ;Ihre Generäle beginnen, sich über das schlechte Essen zu beschweren, das ihre Soldaten bekommen, und verlangen, dass mehr für ihre Nahrung ausgegeben wird. Die Generäle argumentieren, dass die schlechte Diät den Kampfeswillen der Männer einschränkt.;;Vuestros generales han empezado a quejarse de la mala comida que se les da a los soldados y exigen que se gaste más dinero en alimentarlos. Los generales opinan que una dieta pobre reduce el espíritu de combate de los soldados y quieren elevarlo con una buena alimentación. La cosa puede salir cara.;;;;;;;;;
REMOVE_EVTOPTA14190;The soldiers need better food!;Les soldats ont besoin de mieux manger !;Die Soldaten brauchen bessere Nahrung!;;¡Los soldados necesitan comer mejor!;;;;;;;;;
REMOVE_EVTOPTB14190;They need better food in order to fight well.;Ils ont besoin de mieux manger pour mieux combattre.;Sie brauchen bessere Nahrung, um gut zu kämpfen.;;Necesitan comer mejor para poder luchar mejor.;;;;;;;;;
REMOVE_EVTOPTC14190;We will see how much we can spend on their food.;Nous allons voir combien nous pouvons dépenser pour les nourrir.;Schauen wir mal, wieviel wir für ihre Nahrung ausgeben können.;;Veremos lo que podemos gastar en su alimentación.;;;;;;;;;
REMOVE_EVTOPTD14190;This is not something we should prioritize.;Ce n'est pas une priorit?pour nous.;Das hat keine Priorität.;;No es algo prioritario.;;;;;;;;;
REMOVE_EVTOPTE14190;Maybe we should cut back on other things, such as soldiers...;Nous devrions peut-être réduire d'autres dépenses, comme les soldats...;Vielleicht könnten wir andere Dinge einsparen, wie zum Beispiel Soldaten ...;;Quiz?podríamos recortar en otras cosas, en soldados, por ejemplo...;;;;;;;;;
REMOVE_EVTNAME14200;Too Stale for War?;Des armes dépassées ?;Zu alt für den Krieg?;;¿Demasiado anticuados para la guerra?;;;;;;;;;
REMOVE_EVTDESC14200;A major report that most of the soldiers' weapons are nearly worn out and want someone to go over them to see if they need to be scrapped. To provide soldiers with new weapons would cost more than the current budget for the military can cope with.;Un commandant signale que la majorit?des armes des soldats sont usées et réclame la visite d'un représentant de l'État pour le constater. Le remplacement des armes des soldats dépassera le budget actuellement allou??l'armée.;Ein Major berichtet, dass die meisten ihrer Waffen stark abgenutzt sind und wollen, dass sie sich jemand ansieht, um zu entscheiden, ob sie aufs Alteisen sollen. Soldaten neuen Waffen zu geben, würde mehr kosten, als der momentane Militärhaushalt auffangen kann.;;Un comandante informa de que gran parte del armamento de los soldados est?prácticamente inservible y quiere que alguien vaya a comprobar si es necesario desmantelarlo. Dotar a los soldados de nuevo armamento requería un presupuesto militar que ahora mismo no podemos afrontar.;;;;;;;;;
REMOVE_EVTOPTA14200;That sounds expensive.;Cela semble cher.;Das hört sich teuer an.;;Eso suena caro.;;;;;;;;;
REMOVE_EVTOPTB14200;Can't they fight without them?;Ne peuvent-ils pas s'en passer pour combattre ?;Können sie nicht ohne Waffen kämpfen?;;¿No pueden luchar sin esas armas?;;;;;;;;;
REMOVE_EVTOPTC14200;We could perhaps do something about that.;Nous pourrions peut-être y remédier.;Vielleicht können wir irgendwie helfen.;;Tal vez podamos hacer algo al respecto.;;;;;;;;;
REMOVE_EVTOPTD14200;A soldier needs his weapon.;Les soldats ont besoin d'armes.;Soldaten brauchen Waffen.;;Un soldado necesita un arma.;;;;;;;;;
REMOVE_EVTOPTE14200;We need to upgrade their weapons.;Nous devons améliorer leurs armes.;Wir müssen ihre Waffen modernisieren.;;Tenemos que modernizar sus armas.;;;;;;;;;
REMOVE_EVTNAME14210;Words or Violence;Les mots ou la violence;Worte oder Gewalt;;Palabras o violencia;;;;;;;;;
REMOVE_EVTDESC14210;In a perfect world, weapons would not be necessary. Unfortunately, we do not live in a perfect world and will sometimes have to defend ourselves. If we choose to defend ourselves with words or violence is entirely up to ourselves.;Dans un monde parfait, les armes ne seraient pas nécessaires. Hélas, notre monde n'est pas parfait et nous devons parfois nous défendre. ?nous de décider de nous défendre par les mots ou par la violence.;In einer perfekten Welt wären Waffen nicht notwendig. Leider leben wir nicht in einer perfekten Welt und müssen uns daher manchmal verteidigen. Ob wir uns mit Worten oder Gewalt verteidigen, ist allein unsere Wahl.;;En un mundo perfecto, las armas no serían necesarias. Por desgracia, no vivimos en un mundo perfecto y, en ocasiones, tendremos que defendernos. Que elijamos defendernos con palabras o con la violencia depende exclusivamente de nosotros.;;;;;;;;;
REMOVE_EVTOPTA14210;We choose words.;Nous choisissons les mots.;Wir wählen Worte.;;Optaremos por las palabras.;;;;;;;;;
REMOVE_EVTOPTB14210;Violence is not the answer.;La violence n'est pas une solution.;Gewalt ist keine Antwort.;;La violencia no es la respuesta.;;;;;;;;;
REMOVE_EVTOPTC14210;The pen is mightier than the sword.;Le crayon est plus puissant que l'épée.;Die Feder ist mächtiger als das Schwert.;;La pluma es más poderosa que la espada.;;;;;;;;;
REMOVE_EVTOPTD14210;We need to defend ourselves in the best way possible.;Nous devons nous défendre du mieux possible.;Wir müssen uns auf die bestmögliche Weise verteidigen.;;Tenemos que defendernos de la mejor manera posible.;;;;;;;;;
REMOVE_EVTOPTE14210;Perhaps violence is the answer.;La violence est peut-être la solution.;Vielleicht ist Gewalt eine Antwort.;;Puede que la violencia sea la respuesta.;;;;;;;;;
REMOVE_EVTNAME14730;Eliminating the rebels;Élimination des rebelles;Eliminierung der Rebellen;;Acabar con los rebeldes;;;;;;;;;
REMOVE_EVTDESC14730;Just a few rebels remain and your soldiers are eager to deal with them. $PROVINCENAME$ could be easy recovered with a couple of regiments.\n\nA man approaches you and offers you some information that will help you reconquer your former colony. He wants fifty pieces of gold for this information.;;Nur noch wenige Rebellen sind am Leben und Ihre Soldaten brennen darauf, sie zu erledigen. $PROVINCENAME$ könnte mit einigen wenigen Regimentern zurückgewonnen werden.\n\nEin Mann sucht Sie auf und bietet Ihnen Informationen an, die Ihnen bei der Rückeroberung Ihrer ehemaligen Kolonie helfen können. Für diese Information verlangt er fünfzig Goldstücke.;;Solo quedan unos cuantos rebeldes y vuestros soldados están ansiosos de encargarse de ellos. $PROVINCENAME$ se podría recuperar fácilmente con un par de regimientos.\n\nSe aproxima un hombre y os ofrece cierta información que ayudaría a reconquistar vuestra colonia. Quiere cincuenta piezas de oro por esta información.;;;;;;;;;
REMOVE_EVTOPTA14730;I'll manage on my own.;Je me débrouillerai sans lui.;Ich werde mich alleine darum kümmern.;;Ya me las apañar?yo solo.;;;;;;;;;
REMOVE_EVTOPTB14730;That's a deal!;March?conclu !;Deal!;;¡Trato hecho!;;;;;;;;;
REMOVE_EVTNAME14740;Peace in Colony;Paix coloniale;Frieden in der Kolonie;;Paz en la colonia;;;;;;;;;
REMOVE_EVTDESC14740;After a time of horror and bloodshed, your colonist may return to $PROVINCENAME$. The last of the rebels are gone and peace prevails in the colony.;Après une période d'horreur et d'effusions de sang, votre colonie va revenir en $PROVINCENAME$. Les rebelles ont ét?matés et la paix est revenue au sein de la colonie.;Nach Zeiten der Schrecken und des Blutvergießens können Ihre Kolonisten nun nach $PROVINCENAME$ zurückkehren. Der letzte Rebell wurde getötet und in der Kolonie herrscht wieder Frieden.;;Tras un periodo de horror y derramamiento de sangre, vuestros colonos pueden regresar $PROVINCENAME$. Los rebeldes han sido expulsados y reina la paz en la colonia.;;;;;;;;;
REMOVE_EVTOPTA14740;Good.;Bien.;Gut.;;Bien.;;;;;;;;;
REMOVE_EVTNAME14750;Rebelling Workers;Ouvriers rebelles;Rebellierende Arbeiter;;Trabajadores rebeldes;;;;;;;;;
REMOVE_EVTDESC14750;The harsh conditions the workers in $PROVINCENAME$ have to endure are causing irritation and poor work ethic.\n\n'We suffer each day, the climate is grueling, the work exhausting, monotone and poorly paid. Help us, give us less hours, more to eat and higher pay... or else!';;Die harten Bedingungen, unter denen die Arbeiter in $PROVINCENAME$ zu leiden haben, führen zur Unmut und schlechter Arbeitsmoral.\n\n'Wir leiden jeden Tag, das Klima ist zermürbend, die Arbeit erschöpfend, monoton und schlecht bezahlt. Helft uns, reduziert unsere Arbeitslast, gebt uns mehr zu essen und zahlt uns besser ... sonst gibt's was!';;Las duras condiciones que tienen que soportar los trabajadores en $PROVINCENAME$ están causando irritación y escasa ética profesional.\n\n'Es un padecer diario, el clima es durísimo, el trabajo extenuante, monótono y mal pagado. Ayúdennos, dennos menos horas, más comida y mejor sueldo... ¡o si no...!';;;;;;;;;
REMOVE_EVTOPTA14750;No.;Non.;Nein.;;No.;;;;;;;;;
REMOVE_EVTOPTB14750;Fine.;D'accord.;Gut.;;Bien.;;;;;;;;;
REMOVE_EVTNAME14760;Rebelling Slaves;Esclaves rebelles;Rebellierende Sklaven;;Esclavos rebeldes;;;;;;;;;
REMOVE_EVTDESC14760;The harsh conditions the slaves in $PROVINCENAME$ have to endure are causing irritation and poor work ethic.\n\n'We suffer each day, the climate is grueling, the work exhausting and monotone, the food despicable. Help us, give us less hours and more to eat... or else!';;Die harten Bedingungen, unter denen die Sklaven in $PROVINCENAME$ zu leiden haben, führen zur Unmut und schlechter Arbeitsmoral.\n\n'Wir leiden jeden Tag, das Klima ist zermürbend, die Arbeit erschöpfend, monoton und schlecht bezahlt. Helft uns, reduziert unsere Arbeitslast, gebt uns mehr zu essen und zahlt uns besser ... sonst gibts was!';;Las duras condiciones que tienen que soportar los esclavos en $PROVINCENAME$ están causando irritación y escasa ética profesional.\n\n'Es un padecer diario, el clima es durísimo, el trabajo extenuante, monótono, y la comida es despreciable. Ayúdennos, dennos menos horas y más comida... ¡o si no...!';;;;;;;;;
REMOVE_EVTOPTA14760;No.;Non.;Nein.;;No.;;;;;;;;;
REMOVE_EVTOPTB14760;Fine.;D'accord.;Gut.;;Bien.;;;;;;;;;
REMOVE_EVTNAME14770;A Protest Against Religion;Une manifestation contre la religion;Ein Protest gegen die Religion;;Una protesta contra la religión;;;;;;;;;
REMOVE_EVTDESC14770;The missionaries' interference in the colony's religion is not appreciated. The natives protests against this and will not be converted to another religion.;L'ingérence des missionnaires dans les croyances religieuses de la colonie n'est pas appréciée. Les indigènes protestent et refusent de se laisser convertir.;Die Einmischung der Missionare in die Religion der Kolonie wird nicht geschätzt. Die Eingeborenen protestieren dagegen und werden nicht zu einer anderen Religion konvertieren.;;La injerencia de los misioneros en la religión de la colonia no se valora. Los nativos protestan y no se convertirán a otra religión.;;;;;;;;;
REMOVE_EVTOPTA14770;Okay;D'accord;In Ordnung;;De acuerdo;;;;;;;;;
REMOVE_EVTNAME14780;Contagious Diseases;Maladies contagieuses;Ansteckende Krankheiten;;Enfermedades contagiosas;;;;;;;;;
REMOVE_EVTDESC14780;Natives of $PROVINCENAME$ seem to have caught measles. The coughing, the runny nose, high fever, red eyes and the red, itching rash which covers their whole bodies is a clear indication of measles. The natives accuse the colonists to have brought the disease to them and they are probably right.;;Die Eingeborenen von $PROVINCENAME$ scheinen sich mit Masern infiziert zu haben. Husten, laufende Nase, hohes Fieber, rote Augen und roter, juckender Ausschlag am ganzen Körper sind eindeutige Merkmale einer Maserninfektion. Die Eingeborenen beschuldigen die Kolonisten, die Krankheit eingeschleppt zu haben, und damit haben sie wahrscheinlich sogar Recht.;;Los nativos de $PROVINCENAME$ parecen haber cogido el sarampión. Las toses, el moqueo, la fiebre elevada, los ojos rojos y los enrojecidos sarpullidos que les pican por todo el cuerpo son claros síntomas de sarampión. Los nativos acusan a los colonos de haberles contagiado la enfermedad, y probablemente estén en lo cierto.;;;;;;;;;
REMOVE_EVTOPTA14780;My bad...;Dommage...;Mein Fehler ...;;Culpa mía...;;;;;;;;;
REMOVE_EVTOPTB14780;We must help them!;Nous devons les aider !;Wir müssen ihnen helfen!;;¡Tenemos que ayudarles!;;;;;;;;;
REMOVE_EVTNAME14790;Spreading A Contagious Disease;Propagation d'une maladie contagieuse;Verbreitung einer ansteckenden Krankheit;;Propagación de una enfermedad contagiosa;;;;;;;;;
REMOVE_EVTDESC14790;The man writhed in pain, his body covered in a red rash, his eyes rimmed with red and a cough which threatened to choke him.'\n\nResidents of a neighboring province to $PROVINCENAME$ have been infected with measles and it is now spreading to your colony. The infected have a nasty cough, high fever, runny noses and an itching rash covers their bodies. ;;Der Mann wand sich vor Schmerzen. Sein ganzer Körper war mit einem roten Ausschlag bedeckt, seine Augen rot umrandet und er hustete so stark, dass man sein Ersticken befürchten musste.'\n\nDie Bewohner einer Nachbarprovinz von $PROVINCENAME$ haben sich mit Masern infiziert, und nun verbreitet sich die Krankheit auch in unserer Kolonie. Die Kranken haben schlimmen Husten, hohes Fieber, laufende Nasen und juckende Ausschläge am ganzen Körper.;;El hombre se retorcía de dolor, su cuerpo cubierto de sarpullidos enrojecidos, sus ojos ribeteados de rojo y una tos que amenazaba con ahogarle.\n\nLos residentes de una provincia vecina a $PROVINCENAME$ han sido infectados de sarampión y ahora se propaga hacia vuestra colonia. Los contagiados tienen una tos horrible, mucha fiebre, moqueo y el cuerpo cubierto de sarpullidos rojos que pican. ;;;;;;;;;
REMOVE_EVTOPTA14790;We must help them!;Nous devons les aider !;Wir müssen ihnen helfen!;;¡Tenemos que ayudarles!;;;;;;;;;
REMOVE_EVTNAME14800;Diseased Revolts;Révoltes des malades;Aufstand der Kranken;;Revueltas de enfermos;;;;;;;;;
REMOVE_EVTDESC14800;You brought us this disease! Our loved ones are dead because of you!'\n\nThe measles disease has claimed many, and the rest are in uproar. Revolts are spreading across the colony.;C'est vous qui nous avez transmis cette maladie ! Nos proches sont morts ?cause de vous !\n\nLa rougeole a fait de nombreux morts et les rescapés se révoltent. Les révoltes se propagent ?toute la colonie.;Ihr habt uns diese Krankheit gebracht! Unsere Lieben sind tot wegen euch!'\n\nDie Masern haben viele Leben gefordert, und die Überlebenden begehren auf. In der gesamten Kolonie brechen Revolten los.;;¡Vosotros nos habéis traído esta enfermedad! ¡Nuestro seres queridos han muerto por vuestra culpa!\n\nLa enfermedad del sarampión se ha cobrado muchas víctimas y el resto eleva sus protestas. Las revueltas se extienden por la colonia.;;;;;;;;;
REMOVE_EVTOPTA14800;Oh darn.;Oh, bon sang !;Oh, verdammt.;;¡Caray!;;;;;;;;;
REMOVE_EVTOPTB14800;I mourn our losses.;Je pleure nos morts.;Ich trauere um unsere Verluste.;;Lamento nuestras pérdidas.;;;;;;;;;
REMOVE_EVTNAME14810;Stopping the Contagious Disease;Stopper l'épidémie;Eindämmung der ansteckenden Krankheit;;Detener la enfermedad contagiosa;;;;;;;;;
REMOVE_EVTDESC14810;One of the way to stop the measles epidemic is to isolate all the infected, provide them with everything they will need, such as handkerchiefs, fluids and a couple of caretakers, preferably some of the colonists as they seem immune to the disease. Just a small sum of gold, for the nurses and the handkerchiefs, will be needed.;;Eine Möglichkeit zum Aufhalten der Masernepidemie ist die Isolation aller Infizierten. Sie sollten mit allem Notwendigen versorgt werden, also Taschentüchern, Flüssigkeit und einigen Pflegern. Letztere könnte man vorzugsweise aus den Reihen der Kolonisten rekrutieren, die immun gegen die Krankheit zu sein scheinen. Für die Pfleger und die Taschentücher müssen wir nur eine kleine Goldsumme aufwenden.;;Una forma de detener la epidemia de sarampión es aislar a todos los infectados, proporcionarles todo lo que necesiten, como pañuelos, líquidos y una pareja de cuidadoras, preferiblemente colonos, que parecen ser inmunes a la enfermedad. Solo har?falta una pequeña suma de oro, para las enfermeras y los pañuelos.;;;;;;;;;
REMOVE_EVTOPTA14810;Let us try that.;Essayons cela.;Lasst uns das probieren.;;Intentémoslo.;;;;;;;;;
REMOVE_EVTOPTB14810;Why bother?;Pourquoi s'en soucier ?;Warum sich Sorgen machen?;;¿Para qu?molestarnos?;;;;;;;;;
REMOVE_EVTNAME15060;First Farmer's Bank of $PROVINCENAME$;La première banque agricole de $PROVINCENAME$;Erste Bauernbank von $PROVINCENAME$;;First Farmer's Bank de $PROVINCENAME$;;;;;;;;;
REMOVE_EVTNAME15310;The Flying University of $PROVINCENAME$;L'universit?volante de $PROVINCENAME$;Die Fliegende Universität von $PROVINCENAME$;;La universidad flotante de $PROVINCENAME$;;;;;;;;;
REMOVE_EVTDESC15310;She stalks through the city-streets of $PROVINCENAME$ with a heavy breath, her steps hurried. By the market square she has to take a detour to avoid being followed. Every shadow in the dark seems to conceal a $COUNTRY_ADJ$ policeman, or, even worse, a soldier. As she makes her way through the city, the illuminated clock-tower of the church seems to glare at her like a mean, infected yellow eye. She's already late. She arrives. Through the door, hushed voices can be heard whispering. She knocks. A slit in the door opens. The door itself opens. She lets out a sigh of relief. Class is still in session.\n\nAn underground university has formed in $PROVINCENAME$, providing higher education despite the ban on minority languages in academia.;Elle marche traversant la ville de $PROVINCENAME$ avec un respiration lourde, ses pas sont précipités. Par la place du march? elle doit prendre un détour pour éviter d'être suivie. Chaque ombre dans l'obscurit?semble cacher un policier $COUNTRY_ADJ$, ou, pire encore, un soldat. Comme elle a fait son chemin ?travers la la ville, la tour-horloge illuminée de l'église semble l'éblouir. Elle est déj?en retard. Elle arrive. Par la porte, des voix basses peuvent être entendues chuchoter. Elle frappe. Une fente dans la porte s'ouvre. La porte s'ouvre. Elle pousse un soupir de soulagement. La classe est toujours en session. \n\nUne universit?clandestine formée en $PROVINCENAME$, dispensant un enseignement supérieur malgr?l'interdiction des langues minoritaires dans les universités du pays. ;Schwer atmend zieht sie eiligen Schrittes durch die Straßen von $PROVINCENAME$. Am Marktplatz muss sie einen Umweg nehmen, um mögliche Verfolger abzuschütteln. Jeder Schatten im Dunkeln scheint einen $COUNTRY_ADJ$ Polizisten zu verbergen ... oder noch schlimmer, einen Soldaten. Während sie sich ihren Weg durch die Stadt bahnt, scheint sie die erleuchtete Turmuhr wie ein böses, gelbes Auge anzustarren. Sie ist schon zu spät. Sie kommt an. Durch die Tür kann man gedämpfte Stimmen flüstern hören. Sie klopft. Ein Schlitz in der Tür öffnet sich. Dann wird die Tür selbst geöffnet. Sie lässt einen erleichterten Seufzer heraus: Der Unterricht ist noch nicht vorbei.\n\nIn $PROVINCENAME$ hat sich eine Untergrund-Universität gegründet, die trotz des Bannes gegen Minderheitensprachen in akademischen Kreisen höhere Bildung vermittelt.;;Recorre las calles de $PROVINCENAME$ con respirar agitado y pasos apresurados. Al llegar a la plaza principal, tiene que dar un rodeo para evitar que la sigan. Cada sombra en la oscuridad parece ocultar a un policía de $COUNTRY$, o, lo que es peor, a un soldado. Mientras atraviesa la ciudad, el iluminado reloj de la torre de la iglesia parece mirarla fijamente, como un perverso y ponzoñoso ojo amarillo. Ya llega tarde. Llega. A través de la puerta, puede oírse el susurro de voces tranquilas. Llama a la puerta. Se abre apenas una rendija. La puerta se abre. Deja escapar un suspiro de alivio. La clase aún no ha terminado.\n\nEn $PROVINCENAME$, se ha formado una universidad clandestina que proporciona educación superior, a pesar de la prohibición de las lenguas minoritarias en la academia.;;;;;;;;;
REMOVE_EVTDESC16000;A house divided against itself cannot stand. I believe this government cannot endure, permanently, half slave and half free. I do not expect the Union to be dissolved ?I do not expect the house to fall ?but I do expect it will cease to be divided. It will become all one thing or all the other.' -- Abraham Lincoln\n\nIt is over. All attempts at compromise, the efforts of decades of public discourse on the issue of slavery, have failed. This morning the congressmen from the Southern states resigned their offices, and the slave states declared secession from the perpetual Union. A southern wind blows hard on our house divided.;Une maison divisée contre elle-même ne peut subsister. Je crois que ce gouvernement ne peut pas supporter, en permanence, d'être scind?en moiti?esclavagiste-moiti?libertaire. Je ne m'attends pas ?ce que l'Union se dissolve - Je ne m'attends pas ?ce que la maison commune tombe - mais je m'attends ?ce qu'elle cesse d'être divisée.  -- Abraham Lincoln -- \n\nC'est termin? Toutes les tentatives de compromis, les efforts de plusieurs décennies en discours publics sur la question de l'esclavage, ont échou? Ce matin, les congressistes des États du sud ont démissionn?de leurs charges, et les États esclavagistes ont déclar?la sécession de l'Union. Un vent du sud souffle durement sur notre maison divisée. ;Ein gespaltenes Haus ist nicht überlebensfähig. Ich glaube, dass diese Regierung, eine Hälfte Freiheitsliebende, eine Hälfte Sklavenhalter, nicht auf Dauer Bestand haben kann. Ich erwarte nicht die Auflösung der Union ?und ich erwarte nicht den Untergang des Hauses ?aber ich erwarte, dass es sich nicht mehr uneins sein wird. Entweder wird Letzteres passieren oder alles des Vorhergesagten.' -- Abraham Lincoln\n\nEs ist vorbei. Alle Kompromissversuche, alle öffentlichen Diskussionen bezüglich der Sklaverei sind endgültig gescheitert. An diesem Morgen sind die Kongressabgeordneten der Südstaaten geschlossen von ihren Ämtern zurückgetreten, und die Sklavenstaaten haben ihre Abspaltung von der Union erklärt. Der Wind des Südens bläst stark gegen unser gespaltenes Haus.;;Una casa dividida no puede durar. Creo que este gobierno no puede seguir siendo, permanentemente, medio esclavo y medio libre. No espero que la Unión se disuelva ?no espero que la casa se desmorone ?pero espero que dejar?de dividirse. O ser?una cosa o ser?la otra. -- Abraham Lincoln\n\nSe acab? Todos los intentos de compromiso, los esfuerzos de décadas de discurso público sobre el problema de la esclavitud, han fracasado. Esta mañana, los congresistas de los estados sureños dimitieron de sus cargos, y los estados esclavistas declararon la secesión de la perpetua Unión. Un viento del sur sopla con fuerza sobre nuestra casa dividida.;;;;;;;;;
REMOVE_EVTDESC16010;John Brown's body lies a-mouldering in the grave, but his soul is marching on.'--John Brown's Body, Union Marching song\n\nThe famed hero of the abolitionist movement, the late John Brown, was hanged in $PROVINCENAME$ today after a failed raid on a military armory. Supposedly, Brown had planned to use the arsenal's weapons to arm slaves and incite an open slave rebellion across the entire south. The raid, and John Brown's death, have furthered escalated southern tension over the slavery issue, and in some slave-states there is now even talk of secession from the Union.;?Le corps de John Brown pourrit dans la tombe, mais son âme est en marche ?. John Brown's Body, chanson de marche de l'Union. \n\nLe célèbre héros du mouvement abolitionniste, le regrett?John Brown, a ét?pendu ?$PROVINCENAME$ aujourd'hui, après un raid manqu?sur un arsenal militaire. Apparemment, Brown avait prévu d'utiliser des armes de l'arsenal pour armer les bras d'esclaves et inciter ?une révolte ouverte ?travers tout le Sud. Le raid, et la mort de John Brown, ont favoris?une escalade de tension sudiste sur la question de l'esclavage, et, dans certains Etats-esclavistes il est encore question de sécession de l'Union. ;John Brown's body lies a-mouldering in the grave, but his soul is marching on.'--John Brown's Body, Marschlied der Union\n\nDer Held der Abolitionismus-Bewegung, John Brown, wurde heute in $PROVINCENAME$ nach einem fehlgeschlagenen Überfall auf ein Waffenlager der Armee gehängt. Angeblich hatte Brown geplant, mit den Waffen aus dem Waffenlager Sklaven zu bewaffnen und den gesamten Süden mit einem Sklavenaufstand zu überziehen. Der Überfall und Browns Tod haben die Spannungen im Süden hinsichtlich der Sklavenfrage weiter eskaliert, und in manchen Sklavenstaaten wird nun offen über die Abspaltung von der Union diskutiert.;;El cuerpo incorruptible de John Brown yace en la tumba, pero su espíritu sigue avanzando. -- El cuerpo de John Brown, marcha de la Unión\n\nEl famoso héroe del movimiento abolicionista, el difunto John Brown, ha sido colgado hoy en $PROVINCENAME$ tras una incursión fallida a un arsenal militar. Al parecer, Brown había planeado utilizar las armas del arsenal para armar a los esclavos e instigar una rebelión de esclavos declarada por todo el sur. La incursión, y la muerte de John Brown, han impulsado la escalada de tensión sureña sobre el problema de la esclavitud, y en algunos estados esclavistas se habla ya, incluso, de secesión de la Unión.;;;;;;;;;
REMOVE_EVTOPTA17000;There will be no suffrage at this junction;Il n'y aura pas de suffrage pour cette demande. ;Gute Idee.;;No habr?sufragio en esta confluencia;;;;;;;;;
REMOVE_EVTOPTB17000;If only there were popular support for this idea...;Si seulement il y avait un soutien populaire pour cette idée ... ;Faszinierend ...;;Si al menos esta idea gozara de apoyo popular...;;;;;;;;;
REMOVE_EVTOPTC17010;Uh-oh...;Oh oh...;Uh-oh ...;;Oh, no...;;;;;;;;;
REMOVE_EVTOPTD17010;Not good, not good at all.;Ce n'est pas bon, pas bon du tout.;Nicht gut, gar nicht gut.;;Esto no es bueno, pero nada bueno.;;;;;;;;;
REMOVE_EVTNAME17020;World Anti-Slavery Convention;Convention mondiale contre l'esclavage;World Anti-Slavery Convention;;Convención Mundial Antiesclavista;;;;;;;;;
REMOVE_EVTDESC17020;During the World Anti-Slavery Convention, a couple of delegates arrived, mostly women who also were engaged in the Women's Suffrage Parliament. Before the conference had started, the men decided to vote in order to exclude women from participating and the women delegates and attendees were required to sit in a segregated area out of sight of the men. Some of the male delegates protested against the women's exclusion and decided, when their protest were ignored, to sit with the women in the segregated area.;;Eine Delegiertengruppe der World Anti-Slavery Convention, hauptsächlich Frauen, war auch im Frauenrechtsparlament aktiv. Noch bevor die Konferenz beginnen konnte, hatten die Männer abgestimmt, die Frauen von der Teilnahme auszuschließen. Aus diesem Grund mussten weibliche Delegierte und Konferenzteilnehmer in einem abgetrennten Bereich außerhalb des Blickfelds der männlichen Teilnehmer sitzen. Einige der männlichen Delegierten protestierten gegen den Ausschluss der Frauen. Als man ihre Proteste ignorierte, setzten sie sich zu den Frauen in den abgetrennten Bereich.;;Durante la Convención Mundial Antiesclavista, se presentaron unos delegados, la mayoría mujeres que también estaban comprometidas con el Parlamento del Sufragio de la Mujer. Antes de que empezara la conferencia, los hombres decidieron votar para excluir la participación de las mujeres, y se exigi?a los delegados de las mujeres y a las asistentes que se sentaran en una zona apartada, fuera de la vista de los hombres. Algunos delegados varones protestaron contra la exclusión de la mujer y decidieron, cuando su protesta fue ignorada, sentarse con las mujeres en la zona separada.;;;;;;;;;
REMOVE_EVTOPTA17020;Well I never!;Ça par exemple !;Würde ich nie machen!;;¡No me lo puedo creer!;;;;;;;;;
REMOVE_EVTOPTB17020;Too bad.;Dommage.;Schade.;;Lamentable.;;;;;;;;;
REMOVE_EVTOPTC17020;Interesting.;Intéressant.;Interessant.;;Interesante.;;;;;;;;;
REMOVE_EVTOPTD17020;Serves them right.;C'est bien fait pour elles.;Geschieht ihnen recht!;;Atiéndanlas como es debido.;;;;;;;;;
REMOVE_EVTNAME17030;Working Women;Les femmes qui travaillent;Arbeitende Frauen;;Mujeres trabajadoras;;;;;;;;;
REMOVE_EVTDESC17030;When the war broke out and all able-bodied men were recruited into the army, many women were able to go to work outside the home. However, they realized that their wages were half of what men received and they started to demand the same rights as a man has.;;Als der Krieg ausbrach und alle wehrtauglichen Männer in die Armee eingezogen wurden, konnten viele Frauen endlich außerhalb ihres Zuhauses arbeiten. Als sie aber mit dem halben Gehalt der Männer abgespeist werden sollten, verlangten sie dieselben Rechte wie die Männer.;;Cuando estall?la guerra y todos los hombres disponibles fueron llamados a filas, muchas mujeres pudieron salir a trabajar fuera de casa. Sin embargo, se dieron cuenta de que sus salarios eran la mitad de lo que los hombres recibían y empezaron a exigir los mismos derechos que los hombres tenían.;;;;;;;;;
REMOVE_EVTOPTA17030;Well, great!;Formidable !;Großartig!;;¡Vaya, magnífico!;;;;;;;;;
REMOVE_EVTOPTB17030;Fascinating.;Fascinant.;Faszinierend ...;;Fascinante.;;;;;;;;;
REMOVE_EVTOPTC17030;Tell me more...;Dites-m'en plus...;Erzählt mir mehr ...;;Cuéntame más...;;;;;;;;;
REMOVE_EVTOPTD17030;Impossible.;Impossible.;Unmöglich.;;Imposible.;;;;;;;;;
REMOVE_EVTNAME17040;Suffrage News;Actualités sur le droit de vote;Frauenrecht-Neuigkeiten;;Noticias de sufragio;;;;;;;;;
REMOVE_EVTDESC17040;Rumors about a convention where women discussed and demanded women's rights seems to be right. Apparently, the convention lasted for two days, with both men and women attending. What was discussed during these days were whether or not to demand women's right to vote and the assembly was dissentient. In the end they managed to accept ten resolutions which, taken together, demanded that women should have equality in the family, education, jobs, religion, and morals.;;Die Gerüchte über eine Versammlung, bei der Frauen über Frauenrechte diskutiert und mehr rechtliche Zugeständnisse gefordert haben, scheinen wahr zu sein. Anscheinend hat die Versammlung, an der Männer und Frauen teilnahmen, zwei Tage gedauert. Die Versammlungsteilnehmer waren sich aber uneins darüber, ob das Wahlrecht für Frauen gefordert soll oder nicht. Letztendlich konnten sie aber zehn Resolutionen verabschieden. Zusammengefasst wurde darin die Gleichberechtigung der Frauen bezüglich Familie, Ausbildung, Arbeit, Religion und Moral gefordert.;;Los rumores sobre una convención en la que las mujeres debaten y reclaman derechos para la mujer parecen ser ciertos. Al parecer, la convención ha durado dos días, con la asistencia de hombres y mujeres. Lo que se discuti?esos días fue si exigir o no el derecho a voto de la mujer y hubieron discrepancias en la asamblea. Al final se aceptaron diez resoluciones que, tomadas en su conjunto, exigían que la mujer debiera gozar de igualdad en la familia, la educación, el trabajo, la religión y la moralidad.;;;;;;;;;
REMOVE_EVTOPTA17040;Intriguing.;Curieux.;Verblüffend.;;Intrigante.;;;;;;;;;
REMOVE_EVTOPTB17040;Okay.;D'accord.;Okay.;;Muy bien.;;;;;;;;;
REMOVE_EVTOPTC17040;Fine.;Bien.;Gut.;;Bien.;;;;;;;;;
REMOVE_EVTOPTD17040;Pish posh!;Absurde !;Papperlapapp!;;¡Vaya memez!;;;;;;;;;
REMOVE_EVTNAME17050;The Mud March;La Mud March;Der Schlamm-Marsch;;La Marcha del Barro;;;;;;;;;
REMOVE_EVTDESC17050;The $CAPITAL$ weather did its worst against us: mud, mud, mud, was its prominent feature, and it was known among us afterwards as the mud march.' A female suffrage commented the elements during the Mud March, a demonstration march which attracted over 3,000 women from various organizations, female textile workers, temperance advocates, artists and many other.;;Das $CAPITAL$-Wetter hat uns einen Bärendienst erwiesen: Schlamm, Schlamm und nochmal Schlamm ... später wurde die Aktion als Schlamm-Marsch bezeichnet'. Mit diesen Worten kommentierte eine Frauenrechtlerin den Schlamm-Marsch, einen Demonstrationszug, an dem über sich 3000 Frauen verschiedener Organisationen, Textilarbeiterinnen, Abstinenzbefürworter, Künstler und viele andere beteiligten.;;El clima de $CAPITAL$ se puso en nuestra contra todo lo que pudo: barro, barro, barro, fue su rasgo más destacado, y as? después, entre nostras qued?el nombre de la marcha del barro. Una sufragista comentaba las inclemencias del tiempo durante la Marcha del Barro, una manifestación que convoc?a unas 3.000 mujeres, trabajadoras textiles, defensoras de la templanza, artistas y muchas otras.;;;;;;;;;
REMOVE_EVTOPTA17050;Okay.;D'accord.;Okay.;;Muy bien.;;;;;;;;;
REMOVE_EVTOPTB17050;Great work!;Très beau travail !;Gute Arbeit!;;¡Gran trabajo!;;;;;;;;;
REMOVE_REMOVE_EVTNAME17060;Newspaper Extra: The Mud March;Numéro spécial Mud March;Sonderbericht: Der Schlamm-Marsch;;Edición especial: La Marcha del Barro;;;;;;;;;
REMOVE_EVTDESC17060;A newspaper brought to you from a neighboring province states that the Mud March was '[...]a gay enough procession by most accounts, despite the weather. Little touches of red and white splashed its poo length with rosettes and favours, posies bound with red and white handkerchiefs programmes, and above the line, white banners with vivid scarlet lettering.';Un journal d'une province voisine décrit la Mud March comme une manifestation bon enfant, malgr?le mauvais temps, les manifestants portant en signe de ralliement des cocardes et autres bannières rouges et blanches.;Eine Zeitung, die man Ihnen aus einer Nachbarprovinz mitgebracht hat, schreibt, dass der Schlamm-Marsch '[...] auch trotz des Wetters ein knallbunter Demonstrationszug gewesen ist. Die Teilnehmer des Demonstrationszugs waren unter anderem mit rot-weißen Rosetten geschmückt, außerdem trugen sie mit rot-weißen Programmen in Taschentuchform gebundene Blumensträuße und reckten weiße Transparente mit Schriftzügen in kräftigem Scharlachrot in die Höhe'.;;Un periódico llegado desde una de las provincias vecinas declara que la Marcha del Barro fue '[...]una marcha de los más afeminada, por muchos motivos, a pesar del clima. Pequeños toques de rojo y blanco salpicaban el recorrido en las escalpelas y los atuendos, ramilletes atados con pañuelos rojos y blancos y, por encima, pancartas blancas con letras de un vivo escarlata.';;;;;;;;;
REMOVE_EVTOPTA17060;You go girls!;Bravo, les filles !;Auf geht's, Mädels!;;¡Vamos, chicas!;;;;;;;;;
REMOVE_EVTOPTB17060;Scary...;Effrayant...;Das macht einem richtig Angst ...;;Espeluznante...;;;;;;;;;
REMOVE_EVTNAME17070;The NUWSS and The NSWRV;La NUWSS et la NSWRV;Die NUWSS und NSWRV;;La NUWSS y la NSWRV;;;;;;;;;
REMOVE_EVTDESC17070;Two societies have emerged from a third. They call themselves National Union of Women's Suffrage Society and National Society of Women's Right to Vote or NUWSS and NSWRV. Both societies fight for the women's right to vote, but NUWSS are prepared to go a bit further in their attempts. The NUWSS are also advocating easier divorce and an end to discrimination in employment and pay.;;Aus einer dritten Frauenrechtsbewegung haben sich zwei weitere gebildet: Sie nennen sich selbst die National Union of Women's Suffrage Society (NUWSS) und die National Society of Women's Right to Vote (NSWRV). Beide Bewegungen kämpfen für das Wahlrecht der Frauen, aber die NUWSS ist bereit, bei ihren Bemühungen etwas weiter zu gehen. Die NUWSS befürwortet außerdem einfachere Scheidungen und ein Ende der Benachteiligung am Arbeitsplatz und bei der Bezahlung.;;Dos sociedades han emergido de una tercera. Se hacen llamar National Union of Women's Suffrage Society (Sociedad de la Unión Nacional Sufragista) y National Society of Women's Right to Vote (Sociedad Nacional para el Derecho al Voto de la Mujer) o NUWSS y NSWRV. Ambas sociedades luchan por el derecho al voto de la mujer, pero la NUWSS est?dispuesta a ir un poco más all?con sus tentativas. La NUWSS aboga también por facilitar el divorcio y por poner fin a la discriminación en el empleo y en los sueldos.;;;;;;;;;
REMOVE_EVTOPTA17070;Go NUWSS!;Vive la NUWSS !;Auf geht's, NUWSS!;;¡Vamos, NUWSS!;;;;;;;;;
REMOVE_EVTOPTB17070;Go NSWRV!;Vive la NSWRV !;Auf geht's, NSWRV!;;¡Adelante, NSWRV!;;;;;;;;;
REMOVE_EVTOPTC17070;I don't like this.;Je n'aime pas ça.;Das gefällt mir nicht.;;Esto no me gusta.;;;;;;;;;
REMOVE_EVTNAME17080;Campaign for Married Women's Property Act;Campagne de loi sur la propriét?des femmes mariées;Kampagne für Married Women's Property Act;;Campaña por la Ley de Propiedad de las Mujeres Casadas;;;;;;;;;
REMOVE_EVTDESC17080;A married woman owns no personal property and her legal identity have ceased to exist as the husband and wife becomes one person under the law. We want to change this, we want women to be able to dispose of her own property as she wishes. We want the courts of law to recognize a husband and wife as two separate legal entities.' \n\n The woman sat down again and was rewarded with standing ovations.;;Eine verheiratete Frau verfügt über kein persönliches Eigentum und ihre rechtliche Identität erlischt mit der Heirat, da Ehemann und Ehefrau unter dem Gesetz als ein und dieselbe rechtliche Person gelten. Dies möchten wir ändern, und wir wollen, dass Frauen über ihr persönliches Eigentum frei verfügen können. Wir verlangen, dass die Gerichtshöfe Ehemann und Ehefrau als zwei separate rechtliche Personen anerkennen.' \n\n Nach diesen Worten setzte sich die Frau wieder und bekam stehende Ovationen.;;Una mujer casada no dispone de propiedades y su identidad legal desaparece en cuanto el marido y la esposa se convierten en una sola persona ante la ley. Queremos cambiar esto, queremos que la mujer pueda disponer de su propiedad como ella quiera. Queremos que los tribunales reconozcan al marido y a la esposa como dos entidades legales separadas. \n\n La mujer volvi?a sentarse y recibi?una calurosa ovación.;;;;;;;;;
REMOVE_EVTOPTA17080;She is right!;Elle a raison !;Sie hat Recht!;;¡Tiene razón!;;;;;;;;;
REMOVE_EVTOPTB17080;This is so wrong.;C'est absurde.;Was? Was soll dieser Unsinn?;;Eso es un tremendo error.;;;;;;;;;
REMOVE_EVTNAME17090;Married Women's Property Act;Loi sur la propriét?des femmes mariées;Married Women's Property Act;;Ley de Propiedad de las Mujeres Casadas;;;;;;;;;
REMOVE_EVTDESC17090;Thank you for your support!' 'We would never have done it without you.'\n\n'Great, give them a finger and they will take the whole hand.' 'This will only end in tears.'\n\nContented and disgruntled people have expressed their feeling about the 'Married Women's Property Act'.The overall opinion is that the 'Married Women's Property Act' is a good thing.;;Vielen Dank für Ihre Unterstützung!' 'Ohne Sie hätten wir es niemals geschafft.'\n\n'Na ganz toll: Gebt ihnen einen Finger und sie nehmen gleich die ganze Hand.' 'Dies wird nur in Tränen enden.'\n\nZufriedene und verärgerte Menschen haben ihre Gefühle über den 'Married Women's Property Act' zum Ausdruck gebracht. Die allgemeine Meinung ist, dass der 'Married Women's Property Act' eine gute Sache ist.;;¡Gracias por su apoyo! 'Jamás lo habríamos conseguido sin ustedes.'\n\n'Estupendo, démosles un dedo y se tomarán el brazo.' 'Esto solo acabar?en llanto.'\n\nGente satisfecha y gente descontenta han expresado su opinión sobre la 'Ley de Propiedad de las Mujeres Casadas'.La opinión mayoritaria es que la 'Ley de Propiedad de las Mujeres Casadas' es algo positivo.;;;;;;;;;
REMOVE_EVTOPTA17090;Good.;Bien.;Gut.;;Bien.;;;;;;;;;
REMOVE_EVTNAME17100;NSWRV: Education for Women;NSWRV : l'éducation pour les femmes;NSWRV: Bildung für Frauen;;NSWRV: Educación para la mujer;;;;;;;;;
REMOVE_EVTDESC17100;If you, sir, is upset by the fact that Student No. 156 wears a bonnet, I would be pleased to remove my conspicuous headgear and take a seat at the rear of the classroom, but I  will not voluntarily absent myself from a lecture.'\n\nThe woman looked the professor right in the eyes until he resigned and then sat down. She was the first woman to attend the university and many of the other students did not approve. When she had applied to the university, the faculty put it to a student vote and the student had thought it to be a hoax. Now, she had to endure the sneers and impoliteness. Other women are pressuring the state to allow women in other universities as well.;;Wenn Sie, mein Herr, sich daran stören, dass Student Nr. 156 ein Barett trägt, werde ich meine auffällige Kopfbedeckung gerne abnehmen und in den hinteren Reihen des Klassenzimmers Platz nehmen, aber ich werde mich nicht freiwillig aus einer Vorlesung entfernen.'\n\nDie Frau sah dem Professor direkt in die Augen, bis er resignierte und sich setzte. Sie war die erste Frau an der Universität und viele der anderen Stunden hießen das nicht gut. Als sie sich für die Universität bewarb, lie?die Fakultät ihre Stunden abstimmten, die es für einen Scherz hielten. Die erste Studentin war ständig Spott und Unhöflichkeiten ausgesetzt. Andere Frauen setzen den Staat unter Druck, auch an anderen Universitäten Frauen zu akzeptieren.;;Si a usted, señor, le molesta el hecho de que el estudiante n?156 luzca sombrero, estaría encantada de quitarme mi llamativo tocado y sentarme al fondo del aula, pero no me ausentar?voluntariamente de una conferencia.\n\nLa mujer mir?fijamente a los ojos del profesor hasta que éste claudic?y después tom?asiento. Ella fue la primera mujer que asisti?a la universidad y muchos de los estudiantes no lo vieron con buenos ojos. Cuando se inscribi?en la universidad, la facultad lo someti?al voto estudiantil y los estudiantes pensaron que se trataba de una broma. Ahora, tiene que soportar burlas y groserías. Otras mujeres están presionando al estado para que se permita el acceso a mujeres en otras universidades.;;;;;;;;;
REMOVE_EVTOPTA17100;Sure, why not?;Oui, pourquoi pas ?;Sicher, warum nicht?;;Claro, ¿y por qu?no?;;;;;;;;;
REMOVE_EVTOPTB17100;Forget about it!;Pas question !;Das vergesst mal schön wieder!;;¡Ni hablar!;;;;;;;;;
REMOVE_EVTNAME17110;NUWSS: Education for Women;NUWSS : l'éducation pour les femmes;NUWSS: Bildung für Frauen;;NUWSS: Educación para la mujer;;;;;;;;;
REMOVE_EVTDESC17110;If you, sir, is upset by the fact that Student No. 156 wears a bonnet, I would be pleased to remove my conspicuous headgear and take a seat at the rear of the classroom, but I  will not voluntarily absent myself from a lecture.'\n\nThe woman looked the professor right in the eyes until he resigned and then sat down. She was the first woman to attend the university and many of the other students did not approve. When she had applied to the university, the faculty put it to a student vote and the student had thought it to be a hoax. Now, she had to endure the sneers and impoliteness. Other women are pressuring the state to allow women in other universities as well.;;Wenn Sie, mein Herr, sich daran stören, dass Student Nr. 156 ein Barett trägt, werde ich meine auffällige Kopfbedeckung gerne abnehmen und in den hinteren Reihen des Klassenzimmers Platz nehmen, aber ich werde mich nicht freiwillig aus einer Vorlesung entfernen.'\n\nDie Frau sah dem Professor direkt in die Augen, bis er resignierte und sich setzte. Sie war die erste Frau an der Universität und viele der anderen Stunden hießen das nicht gut. Als sie sich für die Universität bewarb, lie?die Fakultät ihre Stunden abstimmten, die es für einen Scherz hielten. Die erste Studentin war ständig Spott und Unhöflichkeiten ausgesetzt. Andere Frauen setzen den Staat unter Druck, auch an anderen Universitäten Frauen zu akzeptieren.;;Si a usted, señor, le molesta el hecho de que el estudiante n?156 luzca sombrero, estaría encantada de quitarme mi llamativo tocado y sentarme al fondo del aula, pero no me ausentar?voluntariamente de una conferencia.\n\nLa mujer mir?fijamente a los ojos del profesor hasta que éste claudic?y después tom?asiento. Ella fue la primera mujer que asisti?a la universidad y muchos de los estudiantes no lo vieron con buenos ojos. Cuando se inscribi?en la universidad, la facultad lo someti?al voto estudiantil y los estudiantes pensaron que se trataba de una broma. Ahora, tiene que soportar burlas y groserías. Otras mujeres están presionando al estado para que se permita el acceso a mujeres en otras universidades.;;;;;;;;;
REMOVE_EVTOPTA17110;Sure, why not?;Oui, pourquoi pas ?;Sicher, warum nicht?;;Claro, ¿y por qu?no?;;;;;;;;;
REMOVE_EVTOPTB17110;Forget about it!;Pas question !;Das vergesst mal schön wieder!;;¡Ni hablar!;;;;;;;;;
REMOVE_EVTNAME17120;Women's Right to Vote;Le droit de vote des femmes;Wahlrecht für Frauen;;Derecho al Voto de la Mujer;;;;;;;;;
REMOVE_EVTDESC17120;The pressure to discuss women's suffrage in the Upper House has grown over time. NSWRV sends in petitions nearly every day and does whatever they can to make something happen.;La pression n'a cess?de s'intensifier au cours du débat sur le droit de vote des femmes ?la Chambre haute. La NSWRV dépose des pétitions quasiment tous les jours et met tout en œuvre pour changer les choses.;Der Druck auf das Oberhaus, Frauenrechtsfragen zu diskutieren, ist im Laufe der Zeit gestiegen. Die NSWRV reicht fast jeden Tag Petitionen ein und versucht ihr Möglichstes, die Dinge in Bewegung zu versetzen.;;La presión para discutir el sufragio femenino en la cámara alta ha ido creciendo con el paso del tiempo. La NSWRV envía peticiones casi a diario y hace todo lo que puede para que suceda algo.;;;;;;;;;
REMOVE_EVTOPTA17120;This will be thoroughly discussed.;Nous allons sérieusement étudier la question.;Dies wird sorgfältig diskutiert werden.;;Se discutir?a conciencia.;;;;;;;;;
REMOVE_EVTOPTB17120;No, we can't allow this.;Non, nous ne le permettrons pas.;Nein, das können wir nicht erlauben.;;No, no podemos permitirlo.;;;;;;;;;
REMOVE_EVTNAME17130;Lawless Suffragettes;Des suffragettes sans foi ni loi;Gesetzlose Frauenrechtlerinnen;;Sufragistas anárquicas;;;;;;;;;
REMOVE_EVTDESC17130;Four broken windows, attempted arson, technical assault of two police officers... The police officers weren't hurt, but I bet their pride was. What in the world compelled you to do such a thing?' the police asked.\nThe woman did not answer him. He sighed and left the jail, only to be stopped by another police officer.\n'She hasn't eaten since she was brought in. What should we do?'.\n'Nothing, for now. Make sure she has food and water, but don't force her to eat. She'll eat when she's hungry.';;Vier zerbrochene Fenster, versuchte Brandstiftung, Angriff auf zwei Polizeibeamte ... Die Polizisten wurden nicht verletzt, aber mit Sicherheit ihr Stolz. Warum in aller Welt haben Sie so etwas getan?' fragte der Polizist.\nDie Frau gab ihm keine Antwort. Er seufzte und verlie?das Gefängnis, als er von einem anderen Polizisten aufgehalten wurde.\n'Seit sie verhaftet wurde, hat sie nichts gegessen. Was sollen wir machen?'.\n'Vorerst nichts. Gebt ihr Essen und Wasser, aber zwingt sie nicht zur Nahrungsaufnahme. Wenn sie Hunger hat, wird sie schon essen.';;Cuatro ventanas rotas, intento de incendio, agresión técnica a dos agentes de policía... Los agentes no resultaron dañados, pero su orgullo seguro que s? ¿Qu?demonios le ha impulsado a hacer algo as?, pregunt?el policía.\nLa mujer no le respondi? Suspir?y sali?de la celda, cuando otro agente le sali?al paso.\n'No ha comido desde que la trajeron. Qu?hacemos'.\n'Nada, de momento. Asegúrate de que tiene comida y agua, pero no la obligues a comer. Ya comer?cuando tenga hambre.';;;;;;;;;
REMOVE_EVTOPTA17130;Okay.;D'accord.;Okay.;;Muy bien.;;;;;;;;;
REMOVE_EVTNAME17140;Hunger Strike;Grève de la faim;Hungerstreik;;Huelga de hambre;;;;;;;;;
REMOVE_EVTDESC17140;She has still not eaten, and it's been two days. Why is she doing this?'\n'She's a suffragette, probably trying to use hunger strike to gain more support for her cause.'\n'What should we do?';Elle n'a toujours rien mang? Ça fait deux jours maintenant. Pourquoi fait-elle cela ? \nC'est une suffragette, elle veut sans doute faire une grève de la faim pour soutenir sa cause. \n"Que devons-nous faire ?";Sie hat immer noch nichts gegessen, jetzt schon seit zwei Tagen nicht. Warum macht sie das?'\n'Sie ist eine Frauenrechtlerin, und versucht durch den Hungerstreik wohl, mehr Unterstützer für ihre Sache zu gewinnen.'\n'Was sollen wir unternehmen?';;Todavía no ha comido, y ya lleva dos días. ¿Por qu?lo hace?\n'Es una sufragista, probablemente pretende hacer una huelga de hambre para conseguir más apoyo para su causa.\n'¿Qu?hacemos?';;;;;;;;;
REMOVE_EVTOPTA17140;Release her.;La libérer.;Lasst sie frei.;;Soltarla.;;;;;;;;;
REMOVE_EVTOPTB17140;Force-feed her!;L'obliger ?s'alimenter !;Zwangsernährt sie!;;¡Obligarla a comer!;;;;;;;;;
REMOVE_EVTNAME17150;Cat and Mouse Act;La loi du chat et de la souris;Katz- und Mausgesetz;;Ley del Gato y el Ratón;;;;;;;;;
REMOVE_EVTDESC17150;Come quick! The suffragette, she's... she's dead!'\nThe hunger strike and the force feeding from the police became too much for her frail body. Growing public disquiet over the tactic of force-feeding, the government rushed the Cat and Mouse Act through the parliament. The act permits the release of suffering prisoners for them to recuperate and then the police could re-imprison the offenders again when they had recovered.;;Kommen Sie schnell! Die Frauenrechtlerin, sie ... ist tot!'\nDer Hungerstreik und die Zwangsernährung durch die Polizei waren für ihren schwachen Körper zu viel. Angesichts des wachsenden öffentlichen Unmuts über die Taktik der Zwangsernährung peitschte die Regierung das Katz- und Mausgesetz durch das Parlament. Dieses Gesetz gestattet die Entlassung kranker Gefangener zu Erholung. Nachdem sie sich erholt hatten, konnte die Polizei sie wieder in Haft nehmen.;;¡Ven, deprisa! La sufragista, est?.. ¡est?muerta!\nLa huelga de hambre y la alimentación forzada por la policía fueron demasiado para su frágil cuerpo. En medio de una creciente inquietud pública en relación con el procedimiento de la alimentación forzada, el gobierno se ha apresurado a despachar en el parlamento la Ley del Gato y el Ratón. La ley permite la liberación de prisioneros con dolencias hasta que se recuperen, momento en el que la policía podría volver a encarcelar a los delincuentes.;;;;;;;;;
REMOVE_EVTOPTA17150;Okay.;D'accord.;Okay.;;Muy bien.;;;;;;;;;
REMOVE_EVTNAME17160;Bodyguards;Gardes du corps;The Bodyguard;;Guardaespaldas;;;;;;;;;
REMOVE_EVTDESC17160;The Cat and Mouse Act irritates the suffragettes and their plan on how to avoid the re-imprisonment of fellow suffragettes and leaders created a thirty-member, all-woman protection unit called 'the Bodyguard'. The Bodyguard are women trained in the martial art jujutsu. Their lessons takes place in a succession of secret locations to avoid the attention of the police. Soon after the creation of the Bodyguard, the group fought a hand-to-hand combat with police officers who were attempting to arrest one of their leaders. The hand-to-hand combat were well-publicised by the newspapers and the pressure to discuss women's suffrage in the Upper House is greater than ever.;;Das Katz- und Mausgesetz irritierte die Frauenrechterinnen. Ihr Plan zur Verhinderung der erneuten Inhaftierung ihrer Gesinnungsgenossinnen und Anführerinnen führte zur Gründung einer dreißigköpfigen, weiblichen Schutztruppe, sie sich 'The Bodyguard' nannte. The Bodyguard besteht aus Frauen, die alle in der Kampfkunst Jujutsu ausgebildet wurden. Ihre Trainingseinheiten finden an ständig wechselnden Geheimorten statt, um sich dem Zugriff der Polizei zu entziehen. Schon bald nach der Gründung der Schutztruppe lieferte sie sich einen Nahkampf mit Polizeibeamten, die eine ihrer Anführerinnen verhaften wollten. Dieser Nahkampf wurde in den Zeitungen dermaßen breitgetreten, dass der Druck auf das Oberhaus, über das Frauenrecht zu beraten, nun größer als jemals zuvor ist.;;La Ley del Gato y el Ratón fastidia a las sufragistas y a su plan para evitar el regreso a prisión de compañeras sufragistas y sus líderes han creado una unidad de treinta miembros dedicada a la protección de la mujer y bautizada como 'la Guardaespaldas'. La Guardaespaldas se compone de mujeres entrenadas en el arte marcial del jiujitsu. Sus clases tienen lugar en una serie de ubicaciones secretas para evitar llamar la atención de la policía. Poco después de la creación de la Guardaespaldas, el grupo se pele?en combate cuerpo a cuerpo con agentes de la policía que intentaban arrestar a una de sus líderes.  La pelea fue ampliamente recogida por la prensa y la presión para que se discuta el sufragio femenino en la cámara alta es mayor que nunca.;;;;;;;;;
REMOVE_EVTOPTA17160;Something has to be done.;Il faut faire quelque chose.;Es muss etwas unternommen werden.;;Hay que hacer algo.;;;;;;;;;
REMOVE_EVTOPTB17160;We can't allow this!;Nous ne permettrons pas ça !;Das können wir nicht erlauben.;;¡No podemos permitir esto!;;;;;;;;;
REMOVE_EVTNAME17170;Women's Suffrage: The Vote;Le droit de vote des femmes : le vote;Frauenrecht: Die Abstimmung;;Sufragio femenino: el voto;;;;;;;;;
REMOVE_EVTDESC17170;All their long and tedious work have bore fruit. The suffragette have presented their suggestions to a minister of the Upper House, who has turned it into a political reform and presented it to the Parliament. Your vote is the last to be cast, and it will settle the question. Will women be the equals of men before the law, and be equal in all their rights?;;Ihre langwährenden und nervtötenden Aktivitäten haben Früchte getragen: Die Frauenrechtlerinnen haben Ihre Vorschläge einem Minister des Oberhauses vorgetragen, der sie in eine politische Reform verwandelt und im Parlament präsentiert hat. Sie werden als Letzter abstimmen, und Ihre Stimme wird entscheidend sein. Sollen Frauen Männern vor dem Gesetz gleich sein und dieselben Rechte genießen?;;Todo su largo y tedioso trabajo ha dado fruto. Las sufragistas han presentado sus sugerencias a un ministro de la cámara alta, quien las ha transformado en una reforma política y la ha presentado al parlamento. Vuestro voto es el último que se emite, y decidir?la cuestión. ¿Serán las mujeres iguales que los hombres ante la ley, y gozarán de igualdad de derechos?;;;;;;;;;
REMOVE_EVTOPTA17170;Yes.;Oui.;Ja.;;S?;;;;;;;;;
REMOVE_EVTOPTB17170;No.;Non.;Nein.;;No.;;;;;;;;;
REMOVE_EVTNAME17500;Labor Union;Syndicat professionnel;Gewerkschaft;;Sindicato;;;;;;;;;
REMOVE_EVTDESC17500;The workers from several different factories and workplaces have formed a labor union, which will handle the negotiation of wages, work rules, complaint procedures, rules governing hiring, firing and promotion of workers, benefits, workplace safety and policies between the workers and employers in your province.;;Die Arbeiter von mehreren Fabriken und Arbeitsstätten haben eine Gewerkschaft gegründet, die folgende Aufgaben haben wird: Aushandlung von Löhnen, Arbeitsvorschriften und Beschwerdeverfahren, Vorschriften zur Einstellung, Entlassung und Beförderung von Arbeitern und von Sozialleistungen, Arbeitssicherheit und Verträgen zwischen den Arbeitern und Arbeitgebern in Ihrer Provinz.;;Los trabajadores de diferentes fábricas y centros de trabajo han formado un sindicato, que se encargar?de las negociaciones de sueldos, reglamentos laborales, procedimientos de demanda, regímenes de contratación vigentes, despido y ascenso de trabajadores, beneficios, seguridad laboral y normativas entre trabajadores y empresarios de vuestra provincia.;;;;;;;;;
REMOVE_EVTOPTA17500;Fine.;Bien.;Gut.;;Bien.;;;;;;;;;
REMOVE_EVTOPTB17500;Okay.;D'accord.;Okay.;;Muy bien.;;;;;;;;;
REMOVE_EVTNAME17510;Eight-Hour Day;Journée de huit heures;Acht-Stunden-Tag;;Jornada de ocho horas;;;;;;;;;
REMOVE_EVTOPTA17510;Not in this lifetime.;De mon vivant, jamais !;Nicht in diesem Leben.;;Por encima de mi cadáver.;;;;;;;;;
REMOVE_EVTOPTB17510;Perhaps.;Peut-être.;Vielleicht.;;Tal vez.;;;;;;;;;
REMOVE_EVTOPTC17510;Sure, why not?;Oui, pourquoi pas ?;Sicher, warum nicht?;;Claro, ¿y por qu?no?;;;;;;;;;
REMOVE_EVTNAME17520;Bread and Roses;Pain et roses;Brot und Rosen;;Pan y rosas;;;;;;;;;
REMOVE_EVTDESC17520;We want bread, but we want roses, too!'\n\nWomen surrounded the factory, crying slogans and holding placards with the words 'We want bread, but we want roses, too!' The work in the factory took place at a grueling pace and the labor was repetitive and dangerous. After the change in work hours, the owners decided to cut the wages and fire half the staff, leaving the remaining workers with twice the workload and nearly half the pay. It did not take long before the workers protested against their employers.;;Wir wollen Brot, aber wir wollen auch Rosen!'\n\nFrauen hatten die Fabrik umkreist, riefen Parolen und reckten Plakate mit den Worten 'Wir wollen Brot, aber wir wollen auch Rosen!' in die Höhe. Der Arbeitstakt in der Firma war erbarmungslos schnell und die Arbeit war eintönig und gefährlich. Nach der Reduzierung der Arbeitszeit halbierten die Fabrikbesitzer die Löhne und entließen die Hälfte der Belegschaft. Die verbleibenden Arbeiter hatten nun die doppelte Arbeitslast zum halben Lohn. Es dauerte nicht lange, bevor die Arbeiter gegen ihre Arbeitgeber protestierten.;;¡Queremos pan, pero también queremos rosas!\n\nLas mujeres rodeaban la fábrica gritando consignas y sosteniendo pancartas con la frase '¡Queremos pan, pero también queremos rosas!' El ritmo de trabajo en la fábrica era durísimo y la tarea era monótona y peligrosa. Después del cambio en el horario de trabajo, los patronos decidieron recortar los salarios y despedir a l la mitad de la plantilla, dejando al resto de los trabajadores con el doble de trabajo y casi la mitad de la paga. Los trabajadores no tardaron en manifestarse contra sus patronos.;;;;;;;;;
REMOVE_EVTOPTA17520;Give them nothing.;Ne rien leur donner.;Gebt ihnen nicht.;;No les daremos nada.;;;;;;;;;
REMOVE_EVTOPTB17520;Give them bread, but no roses.;Leur donner du pain, mais pas de roses.;Gebt ihnen Brot, aber keine Rosen.;;Les daremos pan, pero nada de rosas.;;;;;;;;;
REMOVE_EVTOPTC17520;Give them bread and roses.;Leur donner du pain et des roses.;Gebt ihnen Brot und Rosen.;;Les daremos pan y rosas.;;;;;;;;;
REMOVE_EVTNAME17530;Bloody Strike;Grève sanglante;Blutiger Streit;;Huelga sangrienta;;;;;;;;;
REMOVE_EVTDESC17530;‘The Slaughterhouse??a terrible nickname for a factory ?has an average of one death a day, mostly caused by moving cranes. Suppressed discontent with the factory’s security standard and lowered wages has triggered  strike that has claimed more than twenty lives. When the workers realised the pay cut, they demanded an explanation but the management refused to speak with them. Infuriated, the workers decided to go on strike. The management responded by hiring scabs and, to protect them, private security agents. As the first shipload of scabs arrived to the factory, they were greeted with stone throwing and curses. Police arrived and the strikers fought a bloody battle against both them and the private security agents, resulting in a total of twenty deaths.;;Im ‘Schlachthaus??was für ein schrecklicher Spitzname für eine Fabrik ?gibt es hauptsächlich durch den Einsatz beweglicher Kräne durchschnittlich einen Toten pro Tag. Der unterdrückte Unmut wegen des Sicherheitsstandards der Fabrik und wegen Lohnreduzierungen haben einen Streik ausgelöst, bei dem es mehr als zwanzig Opfer gegeben hat. Als die Arbeiter von der Lohnkürzung erfuhren, verlangten sie eine Erklärung, doch das Management lehnte jegliche Gespräche ab. Voller Wut entschieden sich die Arbeiter für einen Streik. Das Management regierte mit der Einstellung von Streikbrechern und, zum Selbstschutz, von Bodyguards. Die erste Gruppe Streikbrecher wurde bei der Fabrik mit Steinwürfen und Flüchen begrüßt. Dann traf die Polizei ein und die streikenden Arbeiter lieferten sich mit ihr und den Bodyguards des Managements ein blutiges Gefecht, bei dem zwanzig Menschen starben.;;‘El Matadero??terrible apodo para una fábrica ?presenta un promedio de una muerte diaria, la mayoría causadas por el movimiento de las grúas. El descontento reprimido con las medidas de seguridad de la fábrica y la bajada de salarios ha disparado una huelga que se ha cobrado más de veinte vidas. Cuando los trabajadores se dieron cuenta del recorte salarial, exigieron una explicación, pero la dirección se neg?a hablar con ellos. Furiosos, los trabajadores decidieron ir a la huelga. La dirección respondi?contratando a esquiroles y, para protegerlos, a agentes de seguridad privada. Cuando la primera remesa de esquiroles lleg?a la fábrica, fueron recibidos con lanzamiento de piedras e insultos. Lleg?la policía y los huelguistas se batieron en una sangrienta batalla contra la policía y contra los agentes de seguridad privada, con el resultado de veinte muertos.;;;;;;;;;
REMOVE_EVTOPTA17530;This needs to be stopped!;Il faut que cela cesse !;Das muss sofort aufhören!;;¡Estoy hay que pararlo!;;;;;;;;;
REMOVE_EVTOPTB17530;Serves them right.;C'est bien fait pour eux.;Geschieht ihnen recht!;;Atiéndanlos como es debido.;;;;;;;;;
REMOVE_EVTNAME17540;Sympathy Strike;Grève solidaire;Solidaritätsstreik;;Huelga solidaria;;;;;;;;;
REMOVE_EVTDESC17540;Eight hours labour, Eight hours recreation, Eight hours rest!'\n\n'We want bread, but we want roses, too!'\n\nThe slogans, which echoed through the streets of your neighbor province, have reached your own.;Huit heures de travail, huit heures de loisirs, huit heures de repos !\n\n"Nous voulons du pain, mais aussi des roses !"\n\nLes slogans qui résonnaient dans les rues de la province voisine ont gagn?la vôtre.;Acht Stunden Arbeit, acht Stunden Freizeit, acht Schlaf Erholung!'\n\n'Wir wollen Brot, aber wir wollen auch Rosen!'\n\nDie Slogans, die in den Straßen Ihrer Nachbarprovinz erschallen, haben nun Ihre eigene Provinz erreicht.;;¡Ocho horas de trabajo, ocho de recreo, ocho de descanso!\n\n'¡Queremos pan, pero también queremos rosas!'\n\nLas consignas que han resonado por las calles de vuestra provincia vecina ya han llegado a la vuestra.;;;;;;;;;
REMOVE_EVTOPTA17540;Unbelievable.;Incroyable.;Unfassbar.;;Increíble.;;;;;;;;;
REMOVE_EVTOPTB17540;Crazy.;C'est fou.;Verrückt.;;Demencial.;;;;;;;;;
REMOVE_EVTNAME17550;Strike!;En grève !;Streik!;;¡A la huelga!;;;;;;;;;
REMOVE_EVTDESC17550;The chemicals we use in the factory makes me sick.' 'It is purely unhealthy to stay in the factory, not to talk about working there!'\n\nProtesters demand higher wages and better conditions in the factory, an action the owner is unwilling to make. A mere sum of 50 gold could help rebuilding part of the factory so that the environment will be partially improved.;;Die Chemikalien, die wir in der Fabrik einsetzen, machen mich krank.' 'Sich in der Fabrik aufzuhalten, ist total gesundheitsschädlich, geschweige denn, dort zu arbeiten!'\n\nDie protestierenden Arbeiter verlangen höhere Löhne und bessere Arbeitsbedingungen - wozu der Fabrikbesitzer nicht bereit ist. Mit einer Summe von lediglich 50 Goldstücken könnte ein Teil der Fabrik umgebaut werden, was die Arbeitsbedingungen einigermaßen verbessern würde.;;Los productos químicos que usamos en la fábrica me enferman. 'Estar en la fábrica es totalmente insano, ¡por no hablar de trabajar all?'\n\nLos manifestantes reclaman salarios más altos y mejores condiciones en la fábrica, algo a lo que el patrón no est?dispuesto. Poco más de 50 piezas de oro ayudarían a reconstruir parte de la fábrica, de manera que el entorno de trabajo mejoraría en parte.;;;;;;;;;
REMOVE_EVTOPTA17550;I will sponsor this project.;Je vais parrainer ce projet.;Ich werde dieses Projekt finanzieren.;;Costear?este proyecto.;;;;;;;;;
REMOVE_EVTOPTB17550;No way!;Pas question !;Keine Chance!;;¡Ni hablar!;;;;;;;;;
REMOVE_EVTNAME17560;May Day;La fête du Travail;Tag der Arbeit;;Primero de mayo;;;;;;;;;
REMOVE_EVTDESC17560;The people are marching in the streets to show their support for the various labor unions. It is a peaceful day with much joy and remembrance in the air.;Les gens manifestent dans les rues pour soutenir les différents syndicats professionnels. C'est une journée paisible emprunte de joie et de souvenirs.;Die Leute demonstrieren auf den Straßen, um ihre Unterstützung für die verschiedenen Gewerkschaften zu zeigen. Es ist ein friedlicher Tag voller Freude und Erinnerungen.;;La gente desfila por las calles para mostrar su apoyo a los diversos sindicatos. Es una jornada pacífica, en la que el júbilo y la conmemoración flotan en el aire.;;;;;;;;;
REMOVE_EVTOPTA17560;Good for them!;Tant mieux pour eux !;Gut für sie!;;¡Bien por ellos!;;;;;;;;;
REMOVE_EVTOPTB17560;Nice.;Bien.;Schön.;;Excelente.;;;;;;;;;
REMOVE_EVTOPTC17560;Troubling...;Troublant...;Beunruhigend ...;;Preocupante...;;;;;;;;;
REMOVE_EVTNAME17580;National Workshops;Ateliers nationaux;Arbeitsämter;;Talleres nacionales;;;;;;;;;
REMOVE_EVTDESC17580;Despite the heavy criticism, the proposal was accepted and a steering committee was appointed. Their task: to erect National Workshops in order to help the unemployed.\nThe first National Workshops opened just one month after the first meeting and about a thousand unemployed workers were able to get a job directly through one of the Workshops. The others had no such luck and returned home, tired, starving and discontented after having visited all the Workshops. Bread was promised to all those who weren't able to get a job through the Workshops, and after a while, the workers were promised money instead of bread. That was a huge mistake.;;Trotz schwerer Kritik wurde der Vorschlag angenommen und ein Lenkungsauschuss ernannt. Dessen Aufgabe: Die Einrichtung nationaler Arbeitsämter zur Unterstützung der Arbeitslosen.\nDie ersten Arbeitsämter öffneten bereits einen Monat nach der ersten Sitzung ihre Pforten und ungefähr eintausend Arbeitern konnte einen neue Arbeitsstelle vermittelt werden. Die anderen, die nicht so viel Glück hatten, kehrten müde, hungrig und unzufrieden nach Hause, nachdem sie alle Arbeitsämter abgeklappert hatten. All denen, die über die Arbeitsämter keine Stelle bekommen hatten, wurde Brot versprochen ... und nach einer Weile bekamen sie anstatt Brot Geld zugesagt. Das war ein riesiger Fehler.;;A pesar de las duras críticas, la propuesta fue aceptada y se nombr?un comit?de gestión. Su labor: crear talleres nacionales para ayudar a los desempleados.\nLos primeros talleres nacionales se abrieron apneas un mes después de la primera asamblea y casi un millar de trabajadores desempleados pudieron conseguir un trabajo directamente a través de uno de los talleres. El resto no tuvo tanta suerte y regresaron a casa, cansados, hambrientos y decepcionados después de haber visitado todos los talleres. Se prometi?pan para todos aquellos que no pudieron conseguir un empleo a través de los talleres, y poco después se prometi?a los trabajadores dinero en lugar de pan. Eso fue un tremendo error.;;;;;;;;;
REMOVE_EVTOPTA17580;This does not bode well.;Ce n'est pas de bon augure.;Das verheißt nichts Gutes.;;Esto no presagia nada bueno.;;;;;;;;;
REMOVE_EVTOPTB17580;Okay.;D'accord.;Okay.;;Muy bien.;;;;;;;;;
REMOVE_EVTNAME17590;Worker's Revolt;La révolte des travailleurs;Arbeiteraufstand;;Revuelta de trabajadores;;;;;;;;;
REMOVE_EVTDESC17590;Workers were joined by sympathizers and took to the streets in spontaneous protest. The National Workshops have been closed and the workers protested against their cutoff from the state payroll. When the government fought back, the protesters fell back, occupied buildings and erected barricades. The number of revolts grows for every day ;;Sympathisanten schlossen sich den Arbeitern bei spontanen Demonstrationen an. Die Arbeitsämter sind geschlossen worden und die Arbeiter protestieren gegen die Einstellung der staatlichen Zahlungen. Als die Regierung einschritt, zogen sich die Demonstranten zurück, besetzten Gebäude und errichteten Barrikaden. Die Anzahl der Revolten steigt täglich.;;A los trabajadores se unieron simpatizantes y tomaron las calles en espontánea protesta. Los talleres nacionales han sido cerrados y los trabajadores protestaban contra su eliminación de la nómina del estado. Cuando el gobierno les hizo frente, los manifestantes retrocedieron, ocuparon edificios y levantaron barricadas. El número de revueltas crece a diario ;;;;;;;;;
REMPVE_EVTOPTA17590;Great...;Formidable...;Na großartig ...;;Estupendo...;;;;;;;;;
REMOVE_EVTOPTB17590;Okay.;D'accord.;Okay.;;Muy bien.;;;;;;;;;
REMOVE_EVTNAME17600;Trade Union;Syndicat;Gewerkschaft;;Sindicato;;;;;;;;;
REMOVE_EVTDESC17600;The workers from several different factories and workplaces have formed a trade union, which will handle the negotiation of wages, work rules, complaint procedures, rules governing hiring, firing and promotion of workers, benefits, workplace safety and policies between the workers and employers in your province.;;Die Arbeiter von mehreren Fabriken und Arbeitsstätten haben eine Gewerkschaft gegründet, die folgende Aufgaben haben wird: Aushandlung von Löhnen, Arbeitsvorschriften und Beschwerdeverfahren, Vorschriften zur Einstellung, Entlassung und Beförderung von Arbeitern und von Sozialleistungen, Arbeitssicherheit und Verträgen zwischen den Arbeitern und Arbeitgebern in Ihrer Provinz.;;Los trabajadores de diferentes fábricas y centros de trabajo han formado un sindicato, que se encargar?de las negociaciones de sueldos, reglamentos laborales, procedimientos de demanda, regímenes de contratación vigentes, despido y ascenso de trabajadores, beneficios, seguridad laboral y normativas entre trabajadores y empresarios de vuestra provincia.;;;;;;;;;
REMOVE_EVTOPTA17600;Fine.;Bien.;Gut.;;Bien.;;;;;;;;;
REMOVE_EVTOPTB17600;Okay.;D'accord.;Okay.;;Muy bien.;;;;;;;;;
REMOVE_EVTNAME17610;Battle for Grain;La bataille du grain;Kampf ums Getreide;;Batalla del grano;;;;;;;;;
REMOVE_EVTDESC17610;It has been suggested that, in order to make $PROVINCENAME$ self-sufficient and start export grain, several new agricultural settlements should be founded.;Pour garantir l'autosuffisance de $PROVINCENAME$ et commencer ?exporter des céréales, la création de nouvelles communautés agricoles a ét?suggérée.;Man hat uns vorgeschlagen, zur Autarkie von $PROVINCENAME$ und zum Beginn des Getreide-Exports mehrere Agrarsiedlungen zu gründen.;;Se ha sugerido que, para que $PROVINCENAME$ sea autosuficiente y empiece a exportar grano, habría que establecer varios asentamientos agrícolas nuevos.;;;;;;;;;
REMOVE_EVTOPTA17610;Fine.;Bien.;Gut.;;Bien.;;;;;;;;;
REMOVE_EVTOPTB17610;No.;Non.;Nein.;;No.;;;;;;;;;
REMOVE_EVTNAME17620;Blackshirts;Les Chemises noires;Schwarzhemden;;Camisas negras;;;;;;;;;
REMOVE_EVTDESC17620;A small group of guerilla soldiers, named Blackshirts by their black uniform and led by the infamous Ben Mussol, are provoking your military into non-strategic assaults. This has led to severe losses and discontent amongst the soldiers.;;Eine kleine Gruppe von Guerilla-Soldaten, die aufgrund ihrer schwarzen Uniformen Schwarzhemden genannt werden, provozieren unter der Führung des berüchtigten Ben Mussol Ihre Armee zu nicht-strategischen Angriffen. Dies hat zu schweren Verlusten geführt und die Soldaten sind äußerst unzufrieden.;;Un pequeño grupo de guerrilleros, llamados los Camisas negras por su uniforme negro y liderados por el infame Ben Mussol, est?azuzando a vuestro ejército con agresiones no estratégicas. Ello ha dado lugar a graves pérdidas y causa descontento entre los soldados.;;;;;;;;;
REMOVE_EVTOPTA17620;Deploy more units!;Déployer davantage d'unités !;Setzt noch mehr Einheiten ein!;;¡Desplegad más unidades!;;;;;;;;;
REMOVE_EVTNAME17630;March on $CAPITAL$;Marche sur $CAPITAL$;Marsch auf $CAPITAL$;;Avance hacia $CAPITAL$;;;;;;;;;
REMOVE_EVTDESC17630;The Blackshirts with their leader Ben Mussol are marching towards $CAPITAL$, wreaking havoc in their way.;Les Chemises noires et leur commandant Ben Mussol marchent sur $CAPITAL$, ravageant tout sur leur passage.;Die Schwarzhemden und ihr Anführer Ben Mussol marschieren auf $CAPITAL$ und sorgen auf ihrem Weg für Verwüstungen.;;Los Camisas negras, con su líder Ben Mussol, avanzan hacia $CAPITAL$, causando estragos a su paso.;;;;;;;;;
REMOVE_EVTOPTA17630;Attack!;?l'attaque !;Angriff!;;¡Atacad!;;;;;;;;;
REMOVE_EVTOPTB17630;Onward!;En avant !;Vorwärts!;;¡Adelante!;;;;;;;;;
REMOVE_EVTNAME17640;Free Corps;Les Corps francs;Freikorps;;Free Corps (Grupos autónomos);;;;;;;;;
REMOVE_EVTDESC17640;A group of soldiers who calls themselves 'Free Corps' have been inspired by the Blackshirts in the neighbor province and revolted against you. More of a nuisance than a real menace, they should still be treated as a threat.;Un groupe de soldats, appelés les "Corps francs" et s'inspirant des Chemises noires de la province voisine, s'est révolt?contre vous. Ce problème ne constitue pas une véritable menace, mais ne doit cependant pas être trait??la légère.;Ein Gruppe von Soldaten, die sich selbst 'Freikorps' nennt, hat sich von den Schwarzhemden in der Nachbarprovinz inspirieren lassen und putscht gegen Sie. Sie sind zwar eher lästig als gefährlich, aber man sollte sie trotzdem wie eine Bedrohung behandeln.;;Un grupo de soldados que se hacen llamar 'Free Corps' se han inspirado en los Camisas negras en la provincia vecina y se han sublevado en vuestra contra. Aunque son más una molestia que una amenaza real, deben ser considerados peligrosos.;;;;;;;;;
REMOVE_EVTOPTA17640;Easy-peasy.;Rien de plus facile.;Kinderleicht.;;Pan comido.;;;;;;;;;
REMOVE_EVTOPTB17640;No match for us!;Ils ne font pas le poids contre nous !;Sie haben keine Chance gegen uns!;;¡No son enemigo para nosotros!;;;;;;;;;
REMOVE_EVTNAME17650;I Am Everywhere;Je suis partout;Ich Bin Überall;;Estoy en todas partes;;;;;;;;;
REMOVE_EVTDESC17650;Excerpts from the newspaper 'I Am Everywhere':\n\n'...our country should maintain a strong military capability and be prepared to use it aggressively to defend and promote national interests. The military are to be used...''...unite our country, annex the regions which belongs to us...''...children are our future...'\n\nThe newspaper promotes jingoism, fascism and irredentism and is filled with propaganda.;;Auszug aus einem Artikel in der Zeitung 'Ich Bin Überall':\n\n'... unser Land sollte seine große Militärmacht beibehalten und darauf vorbereitet sein, sie zur Verteidigung und Förderung nationaler Interessen aggressiv einzusetzen. Das Militär sollte zur Vereinigung unseres Landes und zur Annektierung uns zugehöriger Provinzen eingesetzt werden. Unsere Zukunft liegt in unseren Kindern ...'\n\nDie Zeitung fördert Hurrapatriotismus, Faschismus und Irredentismus - und trieft von der ersten bis zur letzten Seite nur so vor Propaganda.;;Extracto del periódico 'Estoy en todas partes':\n\n'... nuestro país debería sustentar una fuerte capacidad militar y estar preparado para utilizarla enérgicamente para defender e impulsar los intereses nacionales. El ejército est?para ser utilizado...''... unir nuestro país, anexionar las regiones que nos pertenecen...''... los niños son nuestro futuro...'\n\nEl periódico fomenta el patrioterismo, el fascismo y el irredentismo y rezuma propaganda.;;;;;;;;;
REMOVE_EVTOPTA17650;Fine.;Bien.;Gut.;;Bien.;;;;;;;;;
REMOVE_EVTOPTB17650;Awful!;Affreux !;Furchtbar!;;¡Espantoso!;;;;;;;;;
REMOVE_EVTNAME17660;The Blackshirts Massacre;Le massacre des Chemises noires;Das Schwarzhemden-Massaker;;La masacre de los Camisas negras;;;;;;;;;
REMOVE_EVTDESC17660;After causing much uproar and wreaking havoc in the province, the Blackshirts attacked a peaceful group of socialists and liberals. The Blackshirts took them hostage and dragged them to a secluded area in the central park and executed them.;Après avoir mis la province sens dessus dessous, les Chemises noires s'en sont pris ?un groupe pacifique de socialistes et de libéraux. Ils les ont enlevés et emmenés dans un endroit isol?o?ils les ont exécutés.;Nachdem sie in der Provinz viel Aufruhr und Verwüstungen angerichtet hatten, griffen die Schwarzhemden eine friedliche Gruppe von Sozialisten und Liberalen an. Die Schwarzhemden nahmen sie als Geiseln und verschleppten sie in einen abgelegenen Bereich des Zentralparks, wo man sie hinrichtete.;;Tras mucho alboroto y causar estragos en la provincia, los Camisas negras atacaron a un pacífico grupo de socialistas y liberales. Los Camisas negras los cogieron como rehenes, los arrastraron hasta una zona apartada del parque urbano y los ejecutaron.;;;;;;;;;
REMOVE_EVTOPTA17660;Poor socialists.;Pauvres socialistes.;Die armen Sozialisten.;;Pobres socialistas.;;;;;;;;;
REMOVE_EVTOPTB17660;Great!;Formidable !;Großartig!;;¡Magnífico!;;;;;;;;;
REMOVE_EVTOPTC17660;Poor liberals.;Pauvres libéraux.;Die armen Liberalen.;;Pobres liberales.;;;;;;;;;
REMOVE_EVTNAME17670;The Free Corps Massacre;Le massacre des Corps francs;Das Freikorps-Massaker;;La masacre de los Free Corps;;;;;;;;;
REMOVE_EVTDESC17670;The nuisance that calls themselves the Free Corps decided to show the world their seriousness and attacked a peaceful group of socialists and liberals. The Free Corps took them hostage and dragged them to a secluded area in the central park and executed them. They are more than a nuisance now.;;Das Freikorps, dass anfangs nur ärgerlich war, hat der Welt nun durch einen Angriff auf eine Gruppe von Sozialisten und Liberalen gezeigt, dass man es ernst meint. Angehörige des Freikorps nahmen sie als Geiseln und verschleppten sie in einen abgelegenen Bereich des Zentralparks, wo man sie hinrichtete. Jetzt sind sie definitiv mehr als nur ein Ärgernis.;;Los pesados que se hacen llamar 'Free Corps' han decidido mostrar al mundo que van en serio y han atacado a un pacífico grupo de socialistas y liberales. Los 'Free Corps' negras los cogieron como rehenes, los arrastraron hasta una zona apartada del parque urbano y los ejecutaron. Ahora ya son algo más que una molestia.;;;;;;;;;
REMOVE_EVTOPTA17670;Poor socialists.;Pauvres socialistes.;Die armen Sozialisten.;;Pobres socialistas.;;;;;;;;;
REMOVE_EVTOPTB17670;Go Free Corps!;Vive les Corps francs !;Gut gemacht, Freikorps!;;¡Vamos, 'Free Corps'!;;;;;;;;;
REMOVE_EVTOPTC17670;Poor liberals;Pauvres libéraux.;Die armen Liberalen.;;Pobres liberales;;;;;;;;;
REMOVE_EVTNAME17680;Fascist Welfare;État providence et fascisme;Faschistische Wohlfahrt;;Asistencia social fascista;;;;;;;;;
REMOVE_EVTDESC17680;None shall starve nor freeze.'\n\nA soup kitchen in the corner of the main street caught your eye. Healthy, hearty meals are served to the hungry and unemployed together with a pamphlet filled with fascism propaganda.;Nul ne doit avoir faim ou froid.\n\n?l'angle de la rue principale, une soupe populaire attire votre regard. Des repas sains et copieux sont servis aux affamés et aux chômeurs en plus d'un tract rempli de propagande fasciste.;Niemand soll hungern oder frieren.'\n\nUns ist eine Suppenküche an einer Straßenecke der Hauptstraße aufgefallen. Dort wird hungrigen und arbeitslosen Menschen gesunde Hausmannskost serviert ... und ein Pamphlet mit faschistischer Propaganda.;;Nadie pasar?hambre ni frío.\n\nLlama la atención un comedor de beneficencia en la esquina de la calle principal. Buena comida casera se sirve a los hambrientos y a los desempleados, junto a un panfleto lleno de propaganda fascista.;;;;;;;;;
REMOVE_EVTOPTA17680;Good.;Bien.;Gut.;;Bien.;;;;;;;;;
REMOVE_EVTOPTB17680;Stop them!;Les arrêter !;Das muss aufhören!;;¡Detenedlos!;;;;;;;;;
REMOVE_EVTNAME17690;Beer Hall Putsch;Le putsch de la brasserie;Bierkellerputsch;;Golpe de estado de taberna;;;;;;;;;
REMOVE_EVTDESC17690;Murmur, the sound of glass against glass and sometimes drunk singing filled the great beer hall when the door opened abruptly and a group of Blackshirts stormed in.\n\n'The hall is filled with six hundred men. Nobody is allowed to leave!'\n\nOne of the intruders jumped onto one of the tables and started shouting about revolution, national unification and the forming of a new government. He and his men got some of the beer hall guests excited and eager to join the new revolution.;;Gemurmel, das Geräusch von Gläsern beim Zuprosten und manchmal Gesänge Betrunkener füllen den großen Bierkeller, als die Tür abrupt aufgestoßen wird und eine Gruppe Schwarzhemden hereinstürzt.\n\n'Der Bierkeller ist mit sechshundert Besuchern gefüllt. Niemand verlässt den Bierkeller!'\n\nEiner der Eindringlinge ist auf einen der Tische gesprungen und beginnt über Revolution, nationale Vereinigung und die Bildung einer neuen Regierung zu brüllen. Er und seine Männer konnten einige Besucher für sich begeistern und zum Mitmachen bei ihrer Revolution bewegen.;;Murmullos, el sonido del chocar de las copas y algún que otro canturreo ebrio llenaban la enorme cantina, cuando la puerta se abri?bruscamente y un grupo de Camisas negras irrumpi?en el local.\n\n'El local ha sido tomado por seiscientos hombres. '¡Nadie puede salir!'\n\nUno de los intrusos salto sobre una de las mesas y empez?a vociferar sobre la revolución, la unificación nacional y la formación de un nuevo gobierno. Él y sus hombres consiguieron que algunos de los clientes se apasionaran y desearan unirse a la nueva revolución.;;;;;;;;;
REMOVE_EVTOPTA17690;Great!;Formidable !;Großartig!;;¡Magnífico!;;;;;;;;;
REMOVE_EVTOPTB17690;Wait... what?;Attendez... Comment ?;Moment mal ... was?;;Espera... ¿qu?dices?;;;;;;;;;
REMOVE_EVTNAME19034;The Oriental War Entente?;L'entente orientale ?;Die Kriegs-Entente des Orients?;;¿La Entente de la Guerra Oriental?;;;;;;;;;
REMOVE_EVTDESC19034;With tensions rising over the Eastern Question, and the question of who is to be the legitimate defender of Christendom within the Ottoman Empire, we have the option of forming an alliance with the other powers over the issue. Do we wish to do so?;Alors que des tensions éclatent sur la question orientale et le légitime défenseur de la chrétient?au sein de l'Empire ottoman, nous avons la possibilit?de former une alliance avec les autres puissances sur ce point. Est-ce l?ce que vous souhaitez ?;Da die Spannungen wegen der Ostfrage hochkochen und die Frage aufgekommen ist, wer der legitime Verteidiger der Christenheit innerhalb des Osmanischen Reichs sein soll, bietet sich uns die Option, mit den anderen Mächten ein Bündnis zu schmieden. Wollen wir ein Bündnis schließen?;;Con las crecientes tensiones debidas al asunto oriental, y la cuestión de quién debe ser el legítimo defensor de la cristiandad en el Imperio Otomano, disponemos de la opción de formar una alianza al respecto con las demás potencias. ¿Haremos algo as?;;;;;;;;;
REMOVE_EVTOPTA19034;Yes.;Oui.;Ja.;;S?;;;;;;;;;
REMOVE_EVTOPTB19034;We can handle it ourselves.;Nous pouvons gérer cela nous-mêmes.;Das schaffen wir auch alleine.;;Podemos manejarlo nosotros solos;;;;;;;;;
REMOVE_EVTNAME19035;Proposal for Entente;Proposition d'entente;Vorschlag für Entente;;Propuesta de entente;;;;;;;;;
REMOVE_EVTDESC19035;$FROMCOUNTRY$ had proposed a grand alliance to defend the Ottoman Empire from encroaches made upon its territory. Joining the alliance might mean war. What is our position?;$FROMCOUNTRY$ a propos?une grande alliance pour défendre l'Empire ottoman des invasions de son territoire. Rejoindre cette alliance pourrait impliquer la guerre. Quelle est votre position ?;$FROMCOUNTRY$ hat ein großes Bündnis vorgeschlagen, um das Osmanische Reich gegen Angriffe auf sein Territorium zu schützen. Ein Beitritt zu diesem Bündnis würde Krieg bedeuten. Was ist unsere Position?;;$FROMCOUNTRY$ ha propuesto una gran alianza para defender al Imperio Otomano de las intromisiones en su territorio. Unirse a la alianza puede significar guerra. ¿Cuál es nuestra postura?;;;;;;;;;
REMOVE_EVTOPTA19035;Of course we will join!;Nous acceptons, bien sûr !;Natürlich treten wir bei!;;¡Pues claro que nos uniremos!;;;;;;;;;
REMOVE_EVTOPTB19035;No, we can handle this ourselves.;Non, nous préférons nous en occuper nous-mêmes.;Nein, das schaffen wir auch alleine.;;No, podemos manejarlo solos.;;;;;;;;;
EVTNAME46400;Jose Batlle y Ordonez;Jose Batle y Ordonez;Jose Batlle y Ordonez;Vive l'Empereur Faustin!;Jos?Batlle y Ordóñez;;;;;;;;;
EVTDESC46400;The noted journalist and leader of the Colorado Party, Jose Batlle y Ordonez achieved the passage of strong legislation for political reform in Uruguay.;Le fameux journaliste et chef du parti Colorado, Jose Batle y Ordonez, a fait voter en Uruguay une législation de poids sur les réformes politiques. ;Jose Batlle y Ordonez, namhafter Journalist und Führer der Colorado-Partei, hat den Übergang Uruguays von einer starken Legislatur zu politischen Reformen realisiert.;Jos?Batlle y Ordóñez;El célebre periodista y líder del Partido Colorado, Jos?Batlle y Ordóñez ha conseguido la aprobación de legislaciones de gran severidad para la reforma política en Uruguay.;;;;;;;;;
EVTOPTA46400;A time for reform has come.;L'heure des réformes a sonn?;Die Zeit für Reformen ist gekommen.;El célebre periodista y líder del Partido Colorado, Jos?Batlle y Ordóñez ha conseguido la aprobación de legislaciones de gran severidad para la reforma política en Uruguay.;Ha llegado el momento para una reforma;;;;;;;;;
EVTNAME46800;Macchu Picchu Is Discovered;Découverte du Machu Picchu;Entdeckung von Macchu Picchu!;;¡Descubren Machu Picchu!;;;;;;;;;
EVTDESC46800;American explorer Hiram Bingham, discovered the remains of the lost Inca city of Macchu Picchu in 1911.;Hiram Bingham, explorateur américain, a découvert les vestiges de l'ancienne cit?inca de Machu Picchu.;Der amerikanische Forscher Hiram Bingham hat die Ruinen der verschollenen Inkastadt Macchu Picchu entdeckt.;¡Descubren Machu Picchu!;En 1911, el explorador americano Hiram Bingham descubri?las ruinas de la ciudad perdida de Machu Picchu.;;;;;;;;;
EVTOPTA46800;We have reclaimed part of our history!;Nous avons récupér?une partie de notre histoire !;Wir haben einen Teil unserer Geschichte wieder!;El explorador americano Hiram Bingham ha descubierto las ruinas de la ciudad perdida de Machu Picchu.;¡Hemos recuperado parte de nuestra historia!;;;;;;;;;
EVTNAME46801;Wealth From Guano;La richesse du guano;Reichtum durch Guano;¡Hemos recuperado parte de nuestra historia!;Riqueza del guano;;;;;;;;;
EVTDESC46801;Agricultural fertilizers processed from guano is now in great demand in Europe and North America. The deposits of guano on our offshore islands could become a major benefit to our nation.;Les engrais agricoles ?base de guano sont désormais très demandés en Europe et en Amérique du nord. Les dépôts de guano sur nos îles du large pourraient devenir une source de profit importante pour notre pays.;Landwirtschaftlicher Dünger aus Guano wird in Europa und Nordamerika jetzt stark nachgefragt. Die Guano-Ablagerungen auf den Inseln vor unserer Küste könnte schon für unsere Nation schon bald zu einem großen Vorteil werden.;Riqueza del guano;Existe una gran demanda en Europa y América del Norte por los fertilizantes para la agricultura obtenidos a partir del guano. Los depósitos de guano en las islas cercanas a nuestras costas podrían convertirse en un gran beneficio para nuestra nación.;;;;;;;;;
EVTOPTA46801;Ah the fragrant smell of success.;Ah, le parfum du succès !;Ah, der ... kernige Duft des Erfolgs.;Existe una gran demanda en Europa y América del Norte por los fertilizantes para la agricultura obtenidos a partir del guano. Los depósitos de guano en las islas cercanas a nuestras costas podrían convertirse en un gran beneficio para nuestra nación.;Ah, el fragante aroma del éxito.;;;;;;;;;
EVTOPTA36904;We'll keep an eye on them!;On va les tenir ?l'œil !;Wir werden ein Auge auf sie haben!;En julio de 1841 se public?el primer número de la revista 'Punch'. Con el tiempo se convertiría en la revista satírica publicada ininterrumpidamente durante más tiempo de la historia.;¡Tendremos que vigilarlos estrechamente!;;;;;;;;;
EVTNAME36905;The YMCA;Auberges de jeunesse;YMCA;¡Tendremos que vigilarlos estrechamente!;La YMCA;;;;;;;;;
EVTDESC36905;George Williams founded the Young Men's Christian Association in London in 1844. The movement would spread throughout the world and thrive for generations to come.;George Williams a fond?la première auberge de jeunesse ?Londres en 1844. Cette organisation allait se développer dans le monde entier et se perpétuer pendant des générations.;Die Young Men's Christian Association wurde 1844 in London von George  Williams gegründet. Die Bewegung breitete sich über die ganze Welt aus und etablierte sich auf Generationen hinweg.;YMCA;George Williams fund?la Young Men's Christian Association en Londres en 1844. Este movimiento se extendería por todo el mundo y proliferaría durante generaciones.;;;;;;;;;
EVTOPTA36905;It's fun to be in it!;C'est bien sympathique !;Es macht Spa?beim YMCA!;George Williams fund?la Young Men's Christian Association en Londres en 1844. Este movimiento se extendería por todo el mundo y continuaría existiendo durante generaciones.;¡Es genial ser miembro!;;;;;;;;;
EVTNAME36906;Ruinous Irish Harvests!;Récoltes dévastées en Irlande !;Ernte in Irland ruiniert!;¡Es genial ser miembro!;¡Cosechas irlandesas echadas a perder!;;;;;;;;;
EVTDESC36906;A fungus destroyed a large part of the Irish potato harvest in 1845. Famine followed hard on its heels.;En 1845, un champignon a détruit la majeure partie de la récolte de pommes de terre irlandaise. La famine était imminente !;Durch einen Pilz wurde 1845 ein Großteil der irischen Kartoffelernte zerstört. Eine Hungersnot stand unmittelbar bevor!;¡Las cosechas irlandesas echadas a perder!;En 1845, un hongo destruy?la mayor parte de la cosecha de patata de Irlanda. ¡Es inminente una hambruna! Como consecuencia, se produjo una terrible hambruna.;;;;;;;;;
EVTOPTA36906;I'm afraid we cannot help them!;J'ai bien peur qu'on ne puisse rien faire !;Ich fürchte, wir können ihnen nicht helfen!;En 1845, un hongo destruy?la mayor parte de la cosecha de patata de Irlanda. ¡Es inminente una hambruna!;¡Me temo que no podemos ayudarles!;;;;;;;;;
EVTOPTB36906;Let us see what we can do!;Voyons ce que nous pouvons faire !;Lasst uns versuchen, ihnen zu helfen!;¡Me temo que no podemos ayudarles!;¡Veamos qu?podemos hacer!;;;;;;;;;
EVTNAME36907;Vanity Fair;La Foire aux vanités;Vanity Fair;¡Veamos qu?podemos hacer!;La feria de la vanidad;;;;;;;;;
EVTDESC36907;In 1847, writer William Makepeace Thackeray published 'Vanity Fair', a work criticizing the unspirited and artificial world of the so-called better circles.;En 1847, l'écrivain William Makepeace Thackeray a publi?"La Foire aux vanités", un roman qui critiquait le monde terne et hypocrite de la prétendue bonne sociét?;1847 veröffentlichte der Autor William Makepeace Thackeray sein Werk 'Vanity Fair', in dem er die geistlose, falsche Welt der so genannten besseren Kreise kritisierte.;La feria de la vanidad';En 1847, el escritor William Makepeace Thackeray public?'La feria de la vanidad', un escrito en el que criticaba el superficial y falso mundo de las as?llamadas clases superiores.;;;;;;;;;
EVTNAME45000;Dominican Republic to Join the United States?;La république dominicaine va-t-elle être rattachée aux États-Unis;Dominikanische Republik zu den USA?;Los mestizos están furiosos;Posible ingreso de la República Dominicana en los Estados Unidos;;;;;;;;;
EVTDESC45000;President Baez has sent negotiators to explore the possibility of annexation of the Dominican Republic to the United States. Effectively it would give up independence.;Le Président Baez a envoy?des négociateurs pour étudier la possibilit?d'une annexion de la République dominicaine par les États-Unis, ce qui équivaut ?renoncer ?l'indépendance.;Präsident Baez hat Unterhändler in die USA geschickt, um die Möglichkeit der Annexion der Dominikanischen Republik durch die Amerikaner zu diskutieren. Dies kommt dem Ende unserer Unabhängigkeit gleich.;Posible ingreso de la República Dominicana en los Estados Unidos;El presidente Báez ha enviado negociadores a investigar la posibilidad de la anexión de la República Dominicana por parte de los Estados Unidos. Eso significaría renunciar a la independencia;;;;;;;;;
EVTOPTA46300;Dangerous Ideas Afloat!;De dangereuses idées circulent !;Gefährliche Ideen im Anmarsch!;Antonio Castro Alves publica 'O navío negreiro' y pronto se gana el apodo de 'poeta de los esclavos'. Su obra tiene gran influencia sobre la abolición de la esclavitud en Brasil.;¡Salen a flote ideas peligrosas!;;;;;;;;;
EVTNAME46301;O Jogo bonito, the beautiful game;O jogo bonito, quel beau jeu;O Jogo bonito, das schöne Spiel;;O Jogo bonito;;;;;;;;;
EVTDESC46301;In 1894 the Paulista Charles Miller came back from England, where he had studied, with two footballs, a book of rules, a set of uniforms and the experience of having learned the sport invented by the English. Miller and other English resident in São Paulo played the first match in Brazil in 1895, with the employees of the Gas Company playing against employees of the São Paulo Railway. The match was played in the valley of Carmo, and the employees of the railroad company won 4-2. Since then, the interest of Brazilians for the sport has increased dramatically.;En 1894, après ses études, Charles Miller est revenu d'Angleterre, avec deux ballons de football, un livre de règles, un ensemble d'uniformes et avec l'expérience d'avoir appris ce sport invent?par les Anglais. Miller et les autres résidents anglais de São Paulo ont alors jou?le premier match du Brésil en 1895, bientôt suivis des employés de la compagnie du gaz jouant contre les employés du chemin de fer de São Paulo. Le match s'est jou?dans la vallée de Carmo, et les employés de la compagnie du chemin de fer ont gagn?4 ?2. Depuis lors, l'intérêt des Brésiliens pour ce sport a augment?de façon spectaculaire.;1894 kam Charles Miller von seinem Studienaufenthalt in England mit zwei Fußbällen, einem Regelbuch, einem Satz Uniformen und der Erfahrung zurück, Fußball im Mutterland des Fußballs gelernt zu haben. Mit anderen englischen Einwohnern Sao Paulos bestritt Miller 1895 das erste Fußballspiel in Brasilien: Angestellte einer Gasfabrik spielten gegen Angehörige der Sao Paulo-Eisenbahn. Das Spiel wurde im Carmo-Tal ausgetragen und die Bahnangehörigen gewannen 4 zu 2. Seit damals hat sich das Interesse der Brasilianer für den Fußballsport dramatisch ausgeweitet.;O Jogo bonito;En 1894, el paulista Charles Miller regresa de Inglaterra, donde curs?estudios, con dos balones de fútbol, un libro de reglas, unos uniformes y la experiencia de haber aprendido el deporte creado por los ingleses. Miller y otro inglés residente en Sao Paulo jugaron el primer partido de fútbol de Brasil en 1895: los empleados de la Compañía del Gas contra los de los Ferrocarriles de Sao Paulo. El partido se jug?en el valle del Carmo, y los empleados de la compañía de ferrocarril ganaron por 4 a 2. Desde entonces, el interés de los brasileños por este deporte ha aumentado enormemente.;;;;;;;;;
EVTOPTA46301;The power of sport;La puissance du sport;Die Macht des Sports.;En 1894, el paulista Charles Miller regresa de Inglaterra, donde curs?estudios, con dos balones de fútbol, un libro de reglas, unos uniformes y la experiencia de haber aprendido el deporte creado por los ingleses. Miller y otro inglés residente en Sao Paulo jugaron el primer partido de fútbol de Brasil en 1895: los empleados de la Compañía del Gas contra los de los Ferrocarriles de Sao Paulo. El partido se jug?en el valle del Carmo, y los empleados de la compañía de ferrocarril ganaron por 4 a 2. Desde entonces, el interés de los brasileños por este deporte ha aumentado enormemente.;El poder del deporte;;;;;;;;;
EVTNAME46302;The Sabinada;La Sabinada;Die Sabinada;;La Sabinada;;;;;;;;;
EVTDESC46302;Francisco Sabino, a military officer, launched a radical revolt in Bahia, calling for the end of slavery and the redistribution of land.;Francisco Sabino, un officier, a lanc?une révolte radicale ?Bahia réclamant l'abolition de l'esclavage et la redistribution des terres. ;Der Militäroffizier Francisco Sabino hat ihn Bahia eine radikale Revolte begonnen. Er fordert das Ende der Sklaverei und die Neuverteilung der Ländereien. ;La Sabinada;El oficial del ejército Francisco Sabino ha iniciado una revuelta radical en Bahía, en demanda de la abolición de la esclavitud y el reparto de la tierra.;;;;;;;;;
EVTOPTA46302;Target practice! ;Exercices de tir ! ;Zielübungen! ;El oficial del ejército Francisco Sabino ha iniciado una revuelta radical en Bahía, en demanda de la abolición de la esclavitud y el reparto de la tierra.;¡Práctica de tiro! ;;;;;;;;;
EVTNAME46600;Juan Bautista Alberdi;Juan Bautista Alberdi;Juan Bautista Alberdi;¡Práctica de tiro!;Juan Bautista Alberdi;;;;;;;;;
EVTDESC46600;Alberdi's book, Bases for the Political Organization of the Argentine Republic , first published in 1852, the year of Rosas' defeat, became the framework for the new Argentine constitution. The Argentine constitution that Alberdi crafted was modeled on that of the United States.;Le livre d'Alberdi, les bases de l'organisation politique de la République argentine, d'abord publi?en 1852, année de la défaite de Rosas, est devenu le cadre de la nouvelle constitution argentine. La constitution argentine qu'Alberdi a conçu sur le modèle de celle des États-Unis. ;Das im Jahr 1852, dem Jahr von Rosas Niederlage, veröffentlichte Buch 'Grundlagen für die politische Organisation der Republik Argentinien' wurde zum Rahmen der neuen argentinischen Verfassung. Alberdi hielt sich bei seinem Verfassungsentwurf an das Vorbild der amerikanischen Verfassung.;Juan Bautista Alberdi;El libro de Alberdi 'Bases para la organización política de la confederación argentina', publicado por primera vez en 1852, el año de la derrota de Rosas, influye poderosamente en la redacción de la nueva constitución argentina. La constitución argentina elaborada por Alberdi estaba basada en la de los Estados Unidos.;;;;;;;;;
EVTOPTA46600;His Ideas Have Merit;Ses idées ont du mérite;Seine Ideen sind sehr wertvoll!;El libro de Alberdi 'Bases para la organización política de la confederación argentina', publicado por primera vez en 1852, el año de la derrota de Rosas, influye poderosamente en la redacción de la nueva constitución argentina. La constitución argentina elaborada por Alberdi estaba basada en la de los Estados Unidos.;Sus ideas tienen mérito;;;;;;;;;
EVTOPTB46600;Suppress Alberdi's Supporters!;Éliminez les partisans d'Alberdi !;Unterdrückt Alberdis Unterstützer!;;¡Acabemos con los partidarios de Alberdi!;;;;;;;;;
EVTNAME46601;Facundo: or, Civilization and Barbarism;Facundo : ou la civilisation et la barbarie;Facundo bzw. 'Zivilisation' und 'Barbarei';;Facundo: o civilización y barbarie;;;;;;;;;
EVTDESC46601;This book, first published in 1845, used the story of the dictator Facundo, to expose an opposition between European 'civilization' and native 'barbarism'. As angry and condemning as Sarmiento was towards Facundo Quiroga, Rosas, and the people of the Pampas, there emerged in the book a wonderful, and at times admiring portrait of that part of Argentina that Sarmiento believed had to be killed off.;Ce livre, publi?pour la première fois en 1845, utilise l'histoire du dictateur Facundo, afin d'exprimer une opposition entre la «civilisation?européenne et la «barbarie?indigène. En colère et condamnant que Sarmiento a ét?vers Facundo Quiroga, Rosas, et les gens des Pampas, cela a émerg?dans le livre, un merveilleux et avec parfois admirable portrait de cette partie de l'Argentine que Sarmiento croyait disparu.;Dies zuerst 1845 veröffentlichte Buch stellt die europäische 'Zivilisation' anhand der Geschichte des Diktators Facundo gegen die 'Barbarei' der Eingeborenen. So wütend Sarmiento auch auf Facundo Quiroga, Rosas und das Volk der Pampa war - in diesem Buch entsteht doch zeitweise ein wunderbares wie gelegentlich bewunderndes Portrait dieses Teils Argentiniens, der nach der Meinung Sarmientos ausgerottet werden sollte.;Facundo: o civilización y barbarie;Este libro, editado en 1845, utiliza la historia del dictador Facundo para contrastar la 'civilización' europea y la 'barbarie' nativa. Pese a toda la furia y repulsa que Sarmiento expresa hacia Facundo Quiroga, Rosas y la gente de la Pampa, del libro emerge un retrato maravilloso y a veces lleno de admiración hacia esa parte de la Argentina que Sarmiento piensa que debe ser eliminada.;;;;;;;;;
EVTOPTA46601;Dangerous Ideas Afloat!;De dangereuses idées circulent !;Gefährliche Ideen im Anmarsch!;Este libro, editado en 1845, utiliza la historia del dictador Facundo para contrastar la 'civilización' europea y la 'barbarie' nativa. Pese a toda la furia y repulsa que Sarmiento expresa hacia Facundo Quiroga, Rosas y la gente de la Pampa, del libro emerge un retrato maravilloso y a veces lleno de admiración hacia esa parte de la Argentina que Sarmiento piensa que debe ser eliminada.;¡Salen a flote ideas peligrosas!;;;;;;;;;
EVTNAME48300;Leopold IV of Anhalt-Dessau is Duke of All Anhalt!;Léopold IV d'Anhalt-Dessau est duc de tout l'Anhalt !;Leopold IV. von Anhalt-Dessau ist nun Herzog ganz Anhalts!;;¡Leopoldo IV es ahora duque de todo Anhalt!;;;;;;;;;
EVTDESC48300;Our duke was the nearest relative in the succession of the Duchy of Anhalt-Köthen in 1847, and became the successor to Alexander Karl, Duke of Anhalt-Bernburg, who did not have a direct heir. Anhalt was at last united under one duke.;Notre duc était le successeur légitime du duc d'Anhalt-Köthen en 1847, et maintenant il succède ?Alexander Karl, duc d'Anhalt-Bernburg, qui n'avait pas d'héritier direct. L'Anhalt est enfin unifi?sous l'autorit?d'un seul duc ! ;Unser Herzog war in der Erbfolge des Herzogtums Anhalt-Köthen 1847 der Nächste und folgt nun Alexander Karl, Herzog von Anhalt-Bernburg auf den Thron, da dieser keinen direkten Erben hatte. Endlich ist Anhalt unter einem einzigen Herzog vereinigt!;¡Leopoldo IV de Anhalt-Dessau es ahora duque de todo Anhalt!;Nuestro duque era el pariente más cercano para la sucesión del ducado de Anhalt-Köthen en 1847, y se convirti?en sucesor de Alejandro Carlos, duque de Anhalt-Bernburg, que muri?sin herederos directos. ¡Por fin, Anhalt est?unido bajo un único duque!;;;;;;;;;
EVTOPTA48300;Long Live The Duke!;Vive le duc !;Lang lebe der Herzog!;Nuestro duque era el pariente más cercano para la sucesión del ducado de Anhalt-Köthen en 1847, y ahora sucede a Alejandro Carlos, duque de Anhalt-Bernburg, que muri?sin herederos directos. ¡Por fin, Anhalt est?unido bajo un único duque!;¡Larga vida al Duque!;;;;;;;;;
EVTNAME60000;Workers of The World Unite!;Artisans du monde unis !;Arbeiter der Welt - vereinigt euch!;;¡Trabajadores del mundo, uníos!;;;;;;;;;
EVTDESC60000;By parliamentary class struggle, and as effect of intensified class struggle on account of the increasing exploitation of the proletariat by the capitalist classes, the gradual concentration of the means of production in the hands of the few, a club and a revolver, our so called democracy has now transformed into a dictatorship of the proletariat.;Grâce ?la lutte parlementaire, et comme effet de l'intensification de la lutte des classes qui répondait ?l'exploitation croissante du prolétariat par les classes capitalistes et ?la concentration progressive des moyens de production entre les mains de quelques-uns, notre soi-disante démocratie est désormais transformait en une dictature du prolétariat. ;Durch den parlamentarischen Klassenkampf und als Effekt des sich intensivierenden Klassenkampfes aufgrund der zunehmenden Ausbeutung des Proletariats durch die kapitalistischen Klassen hat die allmähliche Konzentration der Produktion in den Händen weniger unsere so genannte Demokratie nun in eine Diktatur des Proletariats verwandelt.;;Debido a la lucha de clases parlamentaria, y como efecto de la redoblada lucha de clases debida a la creciente explotación del proletariado por las clases capitalistas, la gradual concentración de los medios de producción en manos de unos pocos, una porra y un revólver, lo que llamábamos democracia se ha convertido en una dictadura del proletariado.;;;;;;;;;
EVTOPTA60000;Excellent, comrade!;Excellent, camarade !;Hervorragend, Genosse!;;¡Excelente, camarada!;;;;;;;;;
EVTNAME60010;Viva El Presidente!;Viva El Presidente !;Viva El Presidente!;;¡Viva el presidente!;;;;;;;;;
EVTDESC60010;The power of the presidential office has grown to the extent where it is no longer meaningful to keep up the illusions of democracy. Our nation is a presidential dictatorship, and the president, is you. Viva El Presidente!;La puissance du pouvoir présidentiel s'est développée au point de ne plus réussir ?soutenir les illusions de la démocratie. Notre nation est une dictature présidentielle et le président, c'est vous. Viva El Presidente !;Die Macht des Präsidenten ist derart gestiegen, dass es keinen Sinn mehr macht, die Illusion einer Demokratie zu wahren. Unsere Nation ist eine präsidiale Diktatur und Sie sind der Präsident. Viva El Presidente!;;El poder del gabinete presidencial ha crecido en la medida que ya no es significativo mantener la ilusión de democracia. Nuestra nación es una dictadura presidencial, y usted es el presidente. ¡Viva el presidente!;;;;;;;;;
EVTOPTA60010;Viva!;Viva !;Viva!;;¡Viva!;;;;;;;;;
EVTNAME60020;Liberty... or else;Libert?.. Libert?toujours...;Freiheit ... sonst gibt's was.;;Libertad... o si no...;;;;;;;;;
EVTDESC60020;In the interests of protecting the principles of liberty from the crushing onslaught of democracy, plebian aristocracy and mob rule, a committee of concerned citizens have seized power and transformed the country into a minimal government dictatorship. It's only temporary, they say.;Dans but de protéger les principes de libert?de la démocratie contre l'offensive d'écrasement de l'aristocratie plébéienne et de la loi de la rue, un comit?de citoyens concernés a pris le pouvoir et a transform?le pays en une dictature gouvernementale minimale. Ce n'est que temporaire, disent-ils. ;Zum Schutz der Freiheitsprinzipien vor dem erdrückenden Ansturm von Demokratie, plebejischer Aristokratie und der Herrschaft des Pöbels hat ein Komitee besorgter Bürger die Macht übernommen und das Land in eine Diktatur mit minimaler Regierung umgewandelt. Sie sagen, es wäre nur vorübergehend.;;En el interés de proteger los principios de libertad de las apabullantes acometidas de la democracia, de una aristocracia plebeya y del gobierno del populacho, un comit?de ciudadanos interesados se ha hecho con el poder y ha transformado al país en una dictadura de mínimo gobierno. Es solo temporal, dicen.;;;;;;;;;
EVTOPTA60020;I love democracy;J'aime la démocratie.;Ich liebe Demokratie.;;Adoro la democracia;;;;;;;;;
EVTNAME60030;Extraordinary Powers;Pouvoirs extraordinaires;Außerordentliche Staatmacht;;Poderes extraordinarios;;;;;;;;;
EVTDESC60030;The voting rights have been curtailed, the party system gradually slips under state control, and, just yesterday, a bill on the expansion of the extraordinary powers of the state passed the house. The signs are clear and plain. The fascist ruling party has transformed our nation from a democracy to a fascist dictatorship.;Les droits de vote ont ét?réduits, le système des partis passe graduellement sous contrôle de l'Etat, et, hier, un projet de loi sur l'expansion des pouvoirs extraordinaires ?l'Etat a ét?adopt?par la Chambre. Les signes sont clairs et nets. Le parti au pouvoir fasciste a transform?notre nation d'une démocratie ?une dictature. ;Das Wahlrecht wurde eingeschränkt und das Parteiensystem gerät mehr und mehr unter staatliche Kontrolle. Erst gestern wurde ein Gesetz zur Erweiterung der Staatsmacht verabschiedet. Die Zeichen sind klar und eindeutig. Die faschistische Regierungspartei hat unsere Nation von einer Demokratie in eine faschistische Diktatur verwandelt.;;El derecho a voto ha sido restringido, el sistema de partidos deriva gradualmente hacia el control estatal, y, justo ayer, se aprob?en la cámara un proyecto de ley sobre la ampliación de los poderes extraordinarios del estado. Los síntomas son clarísimos. El partido fascista gobernante ha transformado nuestra nación de una democracia a una dictadura fascista.;;;;;;;;;
EVTOPTA60030;Ave!;Av?!;Ave!;;¡Ave!;;;;;;;;;
EVTNAME60040;Restoration of The Monarchy;Rétablissement de la monarchie;Restauration der Monarchie;;Restablecimiento de la monarquía;;;;;;;;;
EVTDESC60040;Your Majesty, on account of the unstable parliamentary situation, we see no other option than to declare a restoration of the crown to the principles of absolute monarchy. The principles and documents of $COUNTRY_ADJ$ constitutionalism are, effective immediately, declared null and void. Long live the king!;Votre majest? en raison de l'instabilit?de la situation parlementaire, nous ne voyons pas d'autre choix que de déclarer une restauration de la couronne de monarchie absolue. Les principes et documents officiels du constitutionnalisme $COUNTRY_ADJ$ sont, immédiatement, déclarés nuls et non avenus. Longue vie au roi ! ;Eure Majestät, aufgrund des instabilen Parlaments sehen wir keine andere Möglichkeit, als die Wiedereinsetzung der Krone und die Wiederherstellung der Prinzipien der absolutistischen Monarchie zu verkünden. Die Prinzipien und Dokumenten des $COUNTRY_ADJ$ Konstitutionalismus sind ab sofort ungültig. Lang lebe der König!;;Majestad, debido a la inestable situación parlamentaria, no vemos otra opción que declarar un restablecimiento de la corona a los principios de la monarquía absoluta. La leyes y documentos constitucionales de $COUNTRY$ quedan abolidos con efecto. ¡Larga vida al rey!;;;;;;;;;
EVTOPTA60040;Long live the King!;Longue vie au roi ! ;Lang lebe der König!;;¡Larga vida al rey!;;;;;;;;;
EVTNAME60050;$COUNTRY_ADJ$ Thaw;Dégel $COUNTRY_ADJ$;$COUNTRY_ADJ$ Tauwetter;;Distensión en $COUNTRY$;;;;;;;;;
EVTDESC60050;The dictatorship is not what it used to be. Increased pluralism, combined with extended political reforms, have led to the dictatorship more and more taking on the trappings of a democracy. While this doesn't necessarily mean that the party has given up it's reign on power, it does mean that the opposition now has some chance of making its voice heard.;La dictature n'est plus ce qu'elle était. Un pluralisme croissant, combin?avec des réformes politiques étendues, ont conduit la dictature, petit ?petit, ?prendre des allures de démocratie. Bien que cela ne signifie pas nécessairement que le parti a renonc??son règne sur le pouvoir, cela veut dire, par contre, que l'opposition a désormais des chances de faire entendre sa voix.;Die Diktatur ist nicht mehr, was sie einmal war. Verstärkter Pluralismus hat zusammen mit ausgedehnten politischen Reformen dazu geführt, dass die Diktator mehr und mehr die Züge einer Demokratie annimmt. Während dies nicht unbedingt heißen muss, dass die Partei ihre Regierungsgewalt aufgibt, so bedeutet es doch, dass die Opposition nun eine nicht unerhebliche Chance hat, sich Gehör zu verschaffen.;;La dictadura ya no es lo que era. El incremento del pluralismo, combinado con amplias reformas políticas, ha llevado a la dictadura a caer progresivamente en los modos de una democracia. Aunque ello no signifique necesariamente que el partido haya perdido su reinado en el poder, significa que ahora la oposición tiene alguna posibilidad de hacer oír su voz.;;;;;;;;;
EVTOPTA60050;Liberty!;Libert?!;Freiheit!;;¡Libertad!;;;;;;;;;
EVTNAME60060;Limited Constitutionalism;Constitutionnalisme limit?Eingeschränkter Konstitutionalismus;;Constitucionalismo limitado;;;;;;;;;;
EVTDESC60060;The political reforms enacted in the past few years have led to a situation where the absolutism of our Monarchy can now legitimately be called into question. No longer is the king free to dictate the course of the nation to his own musings, but instead has had to accept several constitutional hems and restrictions on his exercise of power. For these reasons, our government form is no longer most accurately described as an absolute monarchy.;Les réformes politiques adoptées au cours des dernières années ont conduit ?une situation o?l'absolutisme de notre monarchie peut aujourd'hui être légitimement remis en question. Ce n'est plus au roi de librement dicter le cours de la nation suivant ses rêveries, mais ?lui de plutôt devoir accepter plusieurs ourlets constitutionnels et des restrictions sur son exercice du pouvoir. Pour ces raisons, notre forme de gouvernement n'est plus, exactement, décrivable comme une monarchie absolue. ;Die in den letzten Jahren durchgeführten politischen Reformen haben zu einer Situation geführt, in der der Absolutismus unserer Monarchie nun legitim in Frage gestellt werden kann. Der König kann die Geschicke der Nation nicht mehr nach eigenem Gutdünken lenken, sondern muss sich bei der Ausübung seiner Macht an bestimmte Verfassungsgrundsätze halten. Aus diesem Grund kann unsere Regierungsform nicht mehr als absolute Monarchie beschrieben werden.;;Las reformas políticas promulgadas durante los últimos años han llevado a una situación en la que el absolutismo de nuestro monarca puede ser cuestionado de forma legítima. El rey ya no puede trazar el curso de la nación a su antojo, sino que ha tenido que aceptar varias enmiendas y restricciones constitucionales en el ejercicio de su poder. Por dichas razones, la forma más precisa de llamar a nuestro gobierno ya no es la de monarquía absoluta.;;;;;;;;;
EVTOPTA60060;It is only right and good;Ce n'est que justice;Das ist nur recht und billig.;;Es justo y necesario;;;;;;;;;
EVTNAME60070;Extended Constitutionalism;Constitutionnalisme étendu;Ausgeweiterter Konstitutionalismus;;Constitucionalismo ampliado;;;;;;;;;
EVTDESC60070;The sweeping reforms to our party system that have been enacted during the past few years have turned our country from an absolute monarchy to a constitutional monarchy. The Monarch, now serving as a symbolic head-of-state, no longer has the power to personally control and determine the fate of the nation, but is instead forced to accept the mitigating influences of pluralism and limited democracy.;Les réformes en profondeur de notre système de partis qui ont ét?promulguées, au cours des dernières années, ont transform?notre pays d'une monarchie absolue ?une monarchie constitutionnelle. Le monarque, servant actuellement en tant que chef-symbolique de l'état, n'a plus le pouvoir de personnellement contrôler et déterminer le sort de la nation, mais est plutôt contraint d'accepter l'influence atténuante du pluralisme et de la démocratie limitée. ;Die dramatischen Reformen unseres Parteiensystems während der letzten Jahre haben unser Land von einer absoluten Monarche in eine konstitutionelle Monarche verwandelt. Der Monarch fungiert nun mehr lediglich als symbolisches Staatsoberhaupt und hat keine Möglichkeit mehr, das Land persönlich zu kontrollieren und über sein Schicksal zu entscheiden. Stattdessen ist er gezwungen, die mildernden Einflüsse des Pluralismus und eingeschränkter Demokratie zu akzeptieren.;;Las arrolladoras reformas hacia un sistema de partidos que se han llevado a cabo durante los últimos años han hecho que nuestro país pase a ser de una monarquía absoluta a una monarquía constitucional. El monarca, que ahora sirve de cabeza de estado simbólica, ya no tiene el poder de controlar y determinar personalmente el destino de la nación, sino que est?obligado a aceptar las influencias atenuantes del pluralismo y de una democracia limitada.;;;;;;;;;
EVTOPTA60070;Long Live The King!;Longue vie au roi ! ;Lang lebe der König!;;¡Larga vida al rey!;;;;;;;;;
REMOVE_EVTNAME70000;$STATE$ Joins $COUNTRY$;$STATE$ rejoint $COUNTRY$;$STATE$ Beitritt $COUNTRY$;;$STATE$ se une a $COUNTRY$;;;;;;;;;
REMOVE_EVTNAME70001;$STATE$ Joins $COUNTRY$!;$STATE$ rejoint $COUNTRY$ !;$STATE$ tritt $COUNTRY$ bei;;?STATE$ se une a $COUNTRY$!;;;;;;;;;
FOCUS_ALLREADY_SELECTED;Currently Selected Focus.;Cause actuellement sélectionnée.;Aktuell ausgewählter Fokus.;;Prioridad seleccionada actualmente;;;;;;;;;
FOCUS_OWNED_COLONY;You cannot colonize a non empty province.;Vous ne pouvez pas coloniser une province non vide.;Sie können keine leere Provinz kolonisieren.;;No puedes colonizar una provincia que no est?vacía;;;;;;;;;
FOCUS_NOT_YOUR_PROVINCE;This action cannot be taken in a province you do not own.;Cette action est impossible dans une province qui ne vous appartient pas.;Die Aktion kann nicht in einer Provinz ausgeführt werden, die Ihnen nicht gehört.;;No puedes realizar esta acción en una provincia que no te pertenece.;;;;;;;;;
FOCUS_GP_ONLY;Only Great Powers may do this.;Seules les Grandes Puissances en sont capables.;Dies ist nur Großmächten möglich.;;Esto solo lo pueden hacer las grandes potencias.;;;;;;;;;
FOCUS_MAX;Only 3 nations may focus here at the same time.;Seules 3 nations peuvent se concentrer ici en même temps.;Nur drei Nationen können gleichzeitig hier ihren Fokus haben.;;Aqu?solo pueden centrarse 3 naciones al mismo tiempo.;;;;;;;;;
FOCUS_PROMOTE_VAL;National focus: §G$VAL$§W%;Cause nationale : §G$VAL$%§W;Nationaler Fokus: §G$VAL$§W%;;Prioridad nacional: §G$VAL$§W%;;;;;;;;;
FOCUS_NO_POINTS;Not enough free national focus points.;Points de cause nationale insuffisants.;Nicht genügend freie nationale Fokuspunkte.;;No dispones de suficientes puntos de prioridad nacional.;;;;;;;;;
rail_focus;Railroads;Chemins de fer;Eisenbahnen;;Ferrocarriles;;;;;;;;;
encourage_rail;Build Railroads ;Construire des chemins de fer ;Eisenbahn bauen;;Construir ferrocarriles ;;;;;;;;;
immigration_focus;Immigration;Immigration;Immigration;;Inmigración;;;;;;;;;
immigration;Attract Immigrants ;Attirer des immigrants ;Einwanderer anlocken;;Atraer inmigrantes ;;;;;;;;;
colonial_focus;Colonisation;Colonisation;Kolonisation;;Colonización;;;;;;;;;
colonize;Colonize ;Envoyer des colons ;Kolonisten entsenden;;Colonizar ;;;;;;;;;
promotion_focus;Promotion;Promotion;Beförderung;;Promoción;;;;;;;;;
promote_aristocrats;Encourage Aristocrats ;Encourager les aristocrates ;Aristokraten fördern;;Potenciar aristócratas ;;;;;;;;;
promote_artisans;Encourage Artisans ;Encourager les artisans ;Handwerker fördern;;Potenciar artesanos ;;;;;;;;;
promote_bureaucrats;Encourage Bureaucrats ;Encourager les bureaucrates ;Bürokraten fördern;;Potenciar burócratas ;;;;;;;;;
promote_capitalists;Encourage Capitalists ;Encourager les capitalistes ;Kapitalisten fördern;;Potenciar capitalistas ;;;;;;;;;
promote_clergymen;Encourage Clergymen ;Encourager les membres du clerg?;Geistliche fördern;;Potenciar clérigos ;;;;;;;;;
promote_clerks;Encourage Clerks ;Encourager les employés ;Angestellte fördern;;Potenciar oficinistas ;;;;;;;;;
promote_craftsmen;Encourage Craftsmen ;Encourager les ouvriers ;Facharbeiter fördern;;Potenciar obreros ;;;;;;;;;
promote_farmers;Encourage Farmers ;Encourager les fermiers ;Bauern fördern;;Potenciar campesinos ;;;;;;;;;
promote_labourers;Encourage Labourers ;Encourager les mineurs ;Arbeiter fördern;;Potenciar peones ;;;;;;;;;
promote_officers;Encourage Officers ;Encourager les officiers ;Offiziere fördern;;Potenciar oficiales ;;;;;;;;;
promote_soldiers;Encourage Soldiers ;Encourager les soldats ;Soldaten fördern;;Potenciar soldados ;;;;;;;;;
production_focus;Production ;Production ;Produktion;;Producción ;;;;;;;;;
automation_focus;Encourage Automotive Industry ;Encourager l'industrie automobile ;Automobilindustrie fördern;;Potenciar industria automotriz ;;;;;;;;;
electrical_focus;Encourage Electrical Industry ;Encourager l'industrie électrique ;Elektroindustrie fördern;;Potenciar industria eléctrica ;;;;;;;;;
chemical_focus;Encourage Chemical Industry ;Encourager l'industrie chimique ;Chemische Industrie fördern;;Potenciar industria química ;;;;;;;;;
shipping_focus;Encourage Shipping Industry ;Encourager l'industrie navale ;Schifffahrtsindustrie fördern;;Potenciar industria naval ;;;;;;;;;
textile_focus;Encourage Textile Industry ;Encourager l'industrie textile ;Textilindustrie fördern;;Potenciar industria textil ;;;;;;;;;
wood_focus;Encourage Wood Industry ;Encourager l'industrie du bois ;Holzindustrie fördern;;Potenciar industria maderera ;;;;;;;;;
basic_industry_focus;Encourage Basic Industry ;Encourager l'industrie de base ;Grundstoffindustrie fördern;;Potenciar industria básica ;;;;;;;;;
armaments_focus;Encourage Armaments Industry ;Encourager l'industrie de l'armement ;Waffenindustrie fördern;;Potenciar industria de armamentos ;;;;;;;;;
consumer_focus;Encourage Consumer Goods Industry ;Encourager l'industrie des biens de consommation ;Gebrauchsgüterindustrie fördern;;Potenciar industria de bienes de consumo ;;;;;;;;;
railroad_build_desc;Capitalists §Y$VAL$§W% more likely to build railroads.;§Y$VAL$%§W des capitalistes ont plutôt tendance ?construire des chemins de fer.;Kapitalisten bauen §Y$VAL$§W% mit größerer Wahrscheinlichkeit Eisenbahnen.;;Un §Y$VAL$§W% de capitalistas prefieren construir ferrocarriles.;;;;;;;;;
immigration_focus_desc;Migrants §Y$VAL$§W% more likely to choose region.;§Y$VAL$%§W des immigrants ont plutôt tendance ?choisir une région.;Einwanderer wählen diese Region mit um §Y$VAL$§W% größerer Wahrscheinlichkeit aus.;;Un §Y$VAL$§W% de inmigrantes prefieren elegir región.;;;;;;;;;
colony_focus_desc;Increase colony level by about §Y$VAL$§W% each month.;Augmenter le niveau de la colonie d'environ §Y$VAL$%§W tous les mois.;Kolonialstufe monatlich um §Y$VAL$§W% erhöhen.;;Incrementa el nivel de colonia en torno a un §Y$VAL$§W% cada mes.;;;;;;;;;
REMOVE_FOCUS;Remove Focus;Supprimer la cause;Fokus entfernen;;Quitar prioridad;;;;;;;;;
military_goods;Military Goods;Equipements militaires;Militärgüter;;Productos militares;;;;;;;;;
ammunition;Ammunition;Balles/Obus;Munition;;Munición;;;;;;;;;
small_arms;Small Arms;Armes de poing/d'épaules;Handfeuerwaffen;;Armas ligeras;;;;;;;;;
canned_food;Canned Food;Nourriture en boîte;Konserven;;Conservas;;;;;;;;;
barrels;Tanks;Blindés;Geschützrohre;;Carros de combate;;;;;;;;;
raw_material_goods;Raw Material Goods;Matières premières;Rohmaterialen;;Materias primas;;;;;;;;;
cotton;Cotton;Coton;Baumwolle;;Algodón;;;;;;;;;
dye;Dye;Colorants (teintures/pigments);Farbstoffe;;Tinte;;;;;;;;;
wool;Wool;Laine;Wolle;;Lana;;;;;;;;;
silk;Silk;Soie;Seide;;Seda;;;;;;;;;
coal;Coal;Charbon;Kohle;;Carbón;;;;;;;;;
sulphur;Sulphur;Soufre;Schwefel;;Azufre;;;;;;;;;
iron;Iron;Fer;Eisen;;Hierro;;;;;;;;;
timber;Timber;Bois brut;Holz;;Madera;;;;;;;;;
tropical_wood;Tropical Wood;Bois exotique;Tropenholz;;Madera tropical;;;;;;;;;
rubber;Rubber;Caoutchouc;Gummi;;Caucho;;;;;;;;;
oil;Oil;Pétrole;Öl;;Petróleo;;;;;;;;;
precious_metal;Precious Metal;Métaux précieux;Edelmetall;;Metales preciosos;;;;;;;;;
industrial_goods;Industrial Goods;Biens industriels;Industriegüter;;Productos industriales;;;;;;;;;
steel;Steel;Acier;Stahl;;Acero;;;;;;;;;
cement;Cement;Ciment;Beton;;Cemento;;;;;;;;;
machine_parts;Machine Parts;Pièces mécaniques;Maschinenteile;;Piezas de maquinaria;;;;;;;;;
glass;Glass;Verre;Glas;;Vidrio;;;;;;;;;
fuel;Fuel;Carburant;Treibstoff;;Combustible;;;;;;;;;
fertilizer;Fertilizer;Engrais;Dünger;;Fertilizante;;;;;;;;;
explosives;Explosives;Explosifs;Sprengstoffe;;Explosivos;;;;;;;;;
clipper_convoy;Clipper Convoys;Convoi de voiliers marchands;Klipper-Konvoi;;Convoy de clíperes;;;;;;;;;
steamer_convoy;Steamer Convoys;Convoi de bateaux ?vapeur;Dampfer-Konvoi;;Convoy de vapores;;;;;;;;;
electric_gear;Electric Gear;Composants électriques;Elektroteile;;Componentes eléctricos;;;;;;;;;
fabric;Fabric;Tissu;Stoffe;;Telas;;;;;;;;;
lumber;Lumber;Bois de scierie;Schnittholz;;Tablones;;;;;;;;;
consumer_goods;Consumer Goods;Biens de consommation;Gebrauchsgüter;;Bienes consumo;;;;;;;;;
paper;Paper;Papier;Papier;;Papel;;;;;;;;;
cattle;Cattle;Bétail;Vieh;;Ganado;;;;;;;;;
fish;Fish;Poisson;Fische;;Pescado;;;;;;;;;
fruit;Fruit;Fruits;Früchte;;Fruta;;;;;;;;;
grain;Grain;Céréales;Getreide;;Grano;;;;;;;;;
tobacco;Tobacco;Tabac;Tabak;;Tabaco;;;;;;;;;
synthetic_rubber_factory;Synthetic Rubber Factory;Usine de caoutchouc synthetique;Synthesekautschukfabrik;;Fabrica de caucho sintetico;;;;;;;;;
synthetic_rubber_factory_desc;Using coal, sulphur and oil, this factory produces synthetic rubber. A strategic option when natural rubber is scarce.;Cette usine produit du caoutchouc synthetique a partir de charbon, de soufre et de petrole.;Diese Fabrik stellt aus Kohle, Schwefel und Ol synthetischen Gummi her.;;Esta fabrica produce caucho sintetico usando carbon, azufre y petroleo.;;;;;;;;;
synthetic_rubber_process;Synthetic Rubber Process;Procede de caoutchouc synthetique;Synthetisches Gummiverfahren;;Proceso de caucho sintetico;;;;;;;;;
tea;Tea;Th?Tee;;T?;;;;;;;;;;
coffee;Coffee;Caf?Kaffee;;Caf?;;;;;;;;;;
opium;Opium;Opium;Opium;;Opio;;;;;;;;;
automobiles;Automobiles;Automobiles;Automobile;;Automóviles;;;;;;;;;
aeroplanes;Aeroplanes;Avions;Flugzeuge;;Aeroplanos;;;;;;;;;
telephones;Telephones;Téléphones;Telefone;;Teléfonos;;;;;;;;;
wine;Wine;Vin;Wein;;Vino;;;;;;;;;
liquor;Liquor;Alcool;Schnaps;;Licor;;;;;;;;;
regular_clothes;Regular Clothes;Vêtements;Kleidung;;Ropa normal;;;;;;;;;
luxury_clothes;Luxury Clothes;Vêtements de luxe;Luxuskleidung;;Ropa de lujo;;;;;;;;;
furniture;Furniture;Meubles;Möbel;;Muebles;;;;;;;;;
luxury_furniture;Luxury Furniture;Meubles de luxe;Luxusmöbel;;Muebles de lujo;;;;;;;;;
radio;Radio;Radio;Radio;;Radios;;;;;;;;;
RULE_BUILD_FACTORY;Build Factories;Construire des usines;Fabriken bauen;;Construir fábricas;;;;;;;;;
RULE_EXPAND_FACTORY;Expand Factories;Agrandir des usines;Fabriken erweitern;;Ampliar fábricas;;;;;;;;;
RULE_BUILD_RAILWAY;Build Railway;Construire une voie ferrée;Eisenbahn bauen;;Construir ferrocarril;;;;;;;;;
RULE_FACTORY_PRIORITY;Prioritise Factories;Favoriser les usines;Fabriken priorisieren;;Priorizar fábricas;;;;;;;;;
RULE_PRIMARY_CULTURE_VOTING;Primary culture can vote;La culture principale peut voter;Primärkultur kann wählen;;Cultura principal puede votar;;;;;;;;;
RULE_CULTURE_VOTING;Accepted cultures can vote;Les cultures acceptées peuvent voter;Akzeptierte Kulturen können wählen;;Culturas aceptadas pueden votar;;;;;;;;;
RULE_ALL_VOTING;All cultures can vote;Toutes les cultures peuvent voter;Alle Kulturen können wählen;;Todas las culturas pueden votar;;;;;;;;;
RULE_LARGEST_SHARE;Largest Share wins;La plus grande part l'emporte;Größter Stimmenanteil gewinnt;;Gana la mayoría;;;;;;;;;
RULE_DHONT;Jefferson Method;Méthode de Jefferson;Jefferson-Methode;;Sistema de Jefferson;;;;;;;;;
RULE_SAINTE_LAQUE;Proportional Selection of Seats;Sélection proportionnelle des sièges;Verhältnisgemäße Sitzverteilung;;Designación proporcional de escaños;;;;;;;;;
MINIMUM_STOCKPILE_TARGET;Minimum stockpile:;Quantit?min. en réserve;Minimum-Vorrat:;;Reserva mínima:;;;;;;;;;
MAXIMUM_STOCKPILE_TARGET;Maximum stockpile:;Quantit?max. en réserve;Maximal-Vorrat:;;Reserva máxima:;;;;;;;;;
GOV_NEED_DETAIL;Need $VAL$ for government;Un besoin de $VAL$ pour notre gouvernement;Benötigt $VAL$ für Regierung;;Se necesita $VAL$ para el gobierno;;;;;;;;;
FACTORY_NEED_DETAIL;Need $VAL$ for producers;Un besoin de $VAL$ pour notre industrie;Benötigt $VAL$ für Produzenten;;Se necesita $VAL$ para los productores;;;;;;;;;
POP_NEED_DETAIL;Need $VAL$ for pops;Un besoin de $VAL$ pour notre population;Benötigt $VAL$ für Bevölkerungen;;Se necesita $VAL$ para las POB;;;;;;;;;
PRODUCED_DETAIL_REMOVE;$VAL$ produced in our country;$VAL$ produit(s) dans notre pays;$VAL$ werden in Ihrem Land produziert;;$VAL$ producido en nuestro país;;;;;;;;;
REMOVE_RULE_OPEN_FACTORY;Open Factories;Ouvrir des usines;Fabriken öffnen;;Abrir fábricas;;;;;;;;;
REMOVE_RULE_CLOSE_FACTORY;Close Factories;Fermer des usines;Fabriken schließen;;Cerrar fábricas;;;;;;;;;
RULE_CAN_SUBSIDISE;Can Subsidise Factories;Possibilit?de subventionner des usines;Fabrikensubventionierung möglich;;Puede subvencionar fábricas;;;;;;;;;
RULE_POP_BUILD_FACTORY;Capitalists Build Factories;Les capitalistes construisent des usines;Kapitalisten bauen Fabriken;;Capitalistas construyen fábricas;;;;;;;;;
RULE_POP_EXPAND_FACTORY;Capitalists Expand Factories;Les capitalistes agrandissent des usines;Kapitalisten erweitern Fabriken;;Capitalistas amplían fábricas;;;;;;;;;
RULE_POP_OPEN_FACTORY;Capitalists Open Factories;Les capitalistes ouvrent des usines;Kapitalisten öffnen Fabriken;;Capitalistas abren fábricas;;;;;;;;;
RULE_DELETE_FACTORY_IF_NO_INPUT;Bankrupt Factories Removed;Suppression des usines en faillite;Bankrotte Fabriken entfernt;;Fábricas en bancarrota desmanteladas;;;;;;;;;
REMOVE_LIT_CHANGE;Daily Change;Changement quotidien;Tägliche Veränderung;;Cambio diario;;;;;;;;;
PLURALITY_CHANGE;Monthly Change;Changement mensuel;Monatliche Veränderung;;Cambio mensual;;;;;;;;;
TOO_SOON_FOR_REFORM;The Upper House can only enact a new reform once every month. We have to wait until §Y$DATE$§W until we can enact another reform.;La Chambre haute ne peut décréter qu'une seule nouvelle réforme par mois. Nous devons attendre jusqu'au §Y$DATE$§W avant de pouvoir décréter une autre réforme.;Das Oberhaus kann monatlich nur eine neue Reform verfügen. Mit der Verfügung einer weiteren Reforum müssen wir bis zum §Y$DATE$§W warten.;;La cámara alta solo puede aprobar una nueva reforma cada mes. Tenemos que esperar hasta el §Y$DATE$§W para poder aprobar otra reforma.;;;;;;;;;
IS_NEXT_STEP_ONLY;In this category of reforms, only gradual change can be done, so only one step back or forward can be done at any time.;Dans cette catégorie de réformes, seul le changement progressif est possible, ?savoir une étape en arrière ou en avant ?la fois.;In dieser Reformkategorie können nur allmähliche Veränderungen erfolgen. Aus diesem Grund kann jeweils nur ein Schritt nach vorne oder nach hinten gemacht werden.;;En esta categoría de reformas, solo se puede cambiar de forma gradual, as?que cada vez solo se podr?retroceder o avanzar un paso cada vez.;;;;;;;;;
PERC_OF_PARLAMENT;$PERC$% of Parliament.;$PERC$% du Parlement.;$PERC$% des Parlaments.;;$PERC$% del parlamento;;;;;;;;;
IDEOLOGY_LABEL;Ideology;Idéologie;Ideologie;;Ideología;;;;;;;;;
VOTERS_LABEL;Voters;Électeurs;Wähler;;Votantes;;;;;;;;;
###################################################################;;;;;;;;;;;;;;
# Mapmode Buttons;;;;;;;;;;;;;;
MAPMODE_1;Terrain Mapmode;Mode de carte §YTerrain§W;Gelände-Kartenmodus;;Modo mapa geográfico;;;;;;;;;
MAPMODE_2;Political Mapmode;Mode de carte §YPolitique§W;Politik-Kartenmodus;;Modo mapa político;;;;;;;;;
MAPMODE_3;Revoltrisk Mapmode;Mode de carte §YRisque de révolte§W;Revoltenrisiko-Kartenmodus;;Modo de mapa de riesgo de revuelta;;;;;;;;;
MAPMODE_4;Diplomatic Mapmode;Mode de carte §YDiplomatie§W;Diplomatie-Kartenmodus;;Modo de mapa diplomático;;;;;;;;;
MAPMODE_5;Region Mapmode;Mode de carte §YRégion§W;Regions-Kartenmodus;;Modo de mapa de regiones;;;;;;;;;
MAPMODE_6;Infrastructure Mapmode;Mode de carte §YInfrastructure§W;Infrastruktur-Kartenmodus;;Modo de mapa de infraestructura;;;;;;;;;
MAPMODE_7;Colonial Mapmode;Mode de carte §YColonie§W;Kolonial-Kartenmodus;;Modo de mapa colonial;;;;;;;;;
MAPMODE_8;Administrative Mapmode;Mode de carte §YAdministration§W;Verwaltungs-Kartenmodus;;Modo mapa administrativo;;;;;;;;;
MAPMODE_9;Recruitment Mapmode;Mode de carte §YRecrutement§W;Rekrutierungs-Kartenmodus;;Modo mapa de reclutamiento;;;;;;;;;
MAPMODE_10;National Focus Mapmode;Mode de carte §YCause nationale§W;Nationaler Fokus-Kartenmodus;;Modo mapa de prioridad nacional;;;;;;;;;
SOLMP_NO_SOLDIER_POPS;There are no soldier pops in this province that can be recruited for troops.;Ce POP ne compte pas de soldats susceptibles d'être recrutés.;In dieser Provinz gibt es keine Soldaten-BEVs, die Sie für Ihre Truppen rekrutieren könnten.;;En esta provincia no hay POB de soldados que se puedan reclutar para las tropas.;;;;;;;;;
SOLMP_OVER_RECRUITED;This province has no longer the amount of soldier pops needed to support the troops it has raised.;Ce POP ne compte plus assez de soldats pour garnir les rangs de ses troupes.;Diese Provinz verfügt nicht länger über die erforderliche Anzahl an Soldaten-BEVs, um die ausgehobenen Truppen zu unterstützen.;;Esta provincia ya no dispone de la cantidad necesaria de POB de soldados para sustentar a las tropas formadas.;;;;;;;;;
SOLMP_DETAILS;There is currently §Y$CURRENT$§W brigades recruited from this province, and the soldier pops can support §Y$ALLOWED$§W brigades at maximum.;Actuellement, §Y$CURRENT$§W régiments ont ét?recrutés dans cette province et les soldats peuvent soutenir §Y$ALLOWED$§W régiments au maximum.;Derzeit gibt es §Y$CURRENT$§W Regimenter, die in dieser Provinz rekrutiert wurden, und die Soldaten-BEVs können maximal §Y$ALLOWED$§W Regimenter unterstützen.;;Actualmente hay §Y$CURRENT$§W brigadas reclutadas de esta provincia, y las POB de soldados pueden sustentar un máximo de §Y$ALLOWED$§W brigadas.;;;;;;;;;
PROVTIP_NAVAL_BASE;Closest Naval Base: ;Base navale la plus proche : ;Nächster Marinestützpunkt:;;Base naval más cercana: ;;;;;;;;;
COLONIZE_LIFE_RATING;Liferating: §R$RATE$§W. Current tech allows colonies where liferating is at least: §Y$TECH$§W;Habitabilit?de §R$RATE$§W. La technologie actuelle permet les colonies dont l'habitabilit?est d'au moins : §Y$TECH$§W;Lebensqualität: §R$RATE$§W. Aktuelle Technologie ermöglicht Errichtung von Kolonien mit einer minimalen Lebensqualität von: §Y$TECH$§W;;Nivel de vida: §R$RATE$§W. La tecnología actual permite colonias cuyo nivel de vida es al menos: §Y$TECH$§W;;;;;;;;;
COLONIZE_CLOSEST_BASE_TO_FAR;No naval base close enough;Aucune base navale de suffisamment proche.;Kein Marinestützpunkt nahe genug;;No hay base naval lo bastante cerca;;;;;;;;;
CONFIRM_CREATE_STATE_TITLE;Create State;Créer un État;Staat erstellen;;Crear estado;;;;;;;;;
CONFIRM_CREATE_STATE_DESC;Do you wish to turn this colony into a state?\nThis will make it into a normal state in your nation, conferring upon its population the same rights and privileges as your other citizens.;Souhaitez-vous transformer cette colonie en État ?\nElle deviendra alors un État normal de votre nation et sa population disposera des mêmes droits et privilèges que vos autres citoyens.;Möchten Sie diese Kolonie in einen Staat verwandeln?\nDies würde sie zu einem normalen Staat innerhalb Ihrer Nation machen und ihrer Bevölkerung dieselben Rechte und Privilegien gewähren wie Ihren restlichen Bürgern.;;¿Quieres convertir esta colonia en un estado?\nEsto la convertir?en un estado normal de tu nación, confiriéndole a su población los mismo derechos y privilegios que al resto de tus ciudadanos.;;;;;;;;;
BUILDTYPE_FACTORY;Factory;Usine;Fabrik;;Fábrica;;;;;;;;;
BUILDTYPE_RGO;Rgo;EAM;RGO;;TOR;;;;;;;;;
BUILDTYPE_INFRASTRUCTURE;Infrastructure;Infrastructures ferroviaires;Infrastruktur;;Infraestruct.;;;;;;;;;
BUILDTYPE_NAVALBASE;Naval Base;Base navale;Marinestützpunkt;;Base naval;;;;;;;;;
BUILDTYPE_FORT;Fort;Fort;Fort;;Fuerte;;;;;;;;;
UV_PERSONALITY;Personality: $VAL$;Personnalit?: $VAL$;Persönlichkeit: $VAL$;;Personalidad: $VAL$;;;;;;;;;
UV_BACKGROUND;Background: $VAL$;Caractéristique : $VAL$;Hintergrund: $VAL$;;Historial: $VAL$;;;;;;;;;
UV_PERSONALITY_LABEL;Personality;Personnalit?Persönlichkeit;;Personalidad;;;;;;;;;;
UV_BACKGROUND_LABEL;Background;Caractéristique;Hintergrund;;Marco histórico;;;;;;;;;
MOB_SIZE_IRO;We can mobilize §Y$VALUE$§W% of our poor strata into soldiers.;Nous pouvons mobiliser §Y$VALUE$%§W de nos pauvres en soldats.;Wir können §Y$VALUE$§W% unserer Unterschicht zu Soldaten machen.;;Podemos movilizar a un §Y$VALUE$§W% de nuestro estrato pobre como soldados.;;;;;;;;;
MOB_FROM_TECH;From technology: §G+$VALUE$§W;Provenant de la technologie : §G+$VALUE$§W;Von Technologie: §G+$VALUE$§W;;De la tecnología: §G+$VALUE$§W;;;;;;;;;
MOB_ECO_IMPACT;Our development reduces it by §G-$VALUE$§W.;Notre développement réduit l'impact économique de la mobilisation de §G-$VALUE$§W.;Wirtschaftlicher Effekt von Mobilisierung ist ?G$VALUE$§W.;;Nuestro desarrollo lo reduce en §G-$VALUE$§W.;;;;;;;;;
MOB_ECO_PENALTY;Currently our development increases impact by §R$VALUE$§W.;Actuellement, notre développement élève l'impact économique de la mobilisation ?§R$VALUE$§W.;Wirtschaftlicher Effekt von Mobilisierung ist §R$VALUE$§W.;;Actualmente nuestro desarrollo incrementa el efecto en §R$VALUE$§W.;;;;;;;;;
MOB_SIZE_LABEL;Brigades to Mobilize.;Régiments ?mobiliser;Mobilisierbare Brigaden.;;Brigadas para movilizar;;;;;;;;;
MOB_IMPACT_LABEL;Production Impact.;Impact économique;Wirtschaftlicher Effekt.;;Efecto de producción.;;;;;;;;;
COLONIZE_SETTLED;Province already settled;Province déj?colonisée;Provinz bereits besiedelt;;Provincia ya establecida;;;;;;;;;
AT_WAR_WITH;At war with:;En guerre contre :;Im Krieg mit:;;En guerra con:;;;;;;;;;
ALLIED_WITH;Allied with:;Alli??:;Verbündet mit:;;Aliado con:;;;;;;;;;
SEND_DIPLOMAT;Send Diplomat;Envoyer un diplomate;Diplomat entsenden;;Enviar diplom.;;;;;;;;;
PV_CONTROLLER;Controller:;Contrôleur :;Kontrolleur:;;En poder de:;;;;;;;;;
PV_SIEGE_PROGRESS;Occupation progress:;Progression de l'occupation :;Belagerungsfortschritt:;;Avance de ocupación:;;;;;;;;;
PV_FORT;Fort;Fort;Fort;;Fuerte;;;;;;;;;
PV_NAVALBASE;Naval base;Base navale;Marinestützpunkt;;Base naval;;;;;;;;;
PV_RAILROAD;Railroad;Voie ferrée;Eisenbahn;;Ferrocarril;;;;;;;;;
AVG_STATE_BONUS;Average in state:;Moyenne dans l'État :;Staatsdurchschnitt:;;Media estatal:;;;;;;;;;
PW_SUPPLY_LIMIT;Supply Limit;Limite en ravitaillement;Versorgungslimit;;Límite de suministros;;;;;;;;;
LEVEL_WITH;with;avec;mit;;con;;;;;;;;;
ATTRITION_WEIGHT;This unit use §Y$VALUE$§W supply points.;Le poids de l'armée est de §Y$VALUE$§W;§Y$VALUE$§W Transporteinh.;;Esta unidad utiliza §Y$VALUE$§W puntos de abastecimiento.;;;;;;;;;
ATTRITION_MAX;Maximum of §Y$VALUE$§W percent in this location.;Un maximum de §Y$VALUE$§W pour cent d'attrition ?cet endroit.;Maximal §Y$VALUE$§W Prozent an diesem Ort.;Ciê¿ar jednostki wynosi: §Y$VALUE$§W;Máximo de §Y$VALUE$§W por ciento en esta ubicación.;Il peso delle unit??§Y$VALUE$§W;Az egység súlya: §Y$VALUE$§W;Hmotnost jednotky je §Y$VALUE$§W;;;;;;
ATTR_SHIP_AT_PORT;0% - At Port;0% d'attrition au port;0% - Im Hafen;Maksymalnie §Y$VALUE$§W procent w tym miejscu.;0% - En puerto;Un massimo del §Y$VALUE$§W percento in questa posizione.;Maximum §Y$VALUE$§W százalék lehet ezen a helyen.;Maximum z §Y$VALUE$§W procent na této lokaci.;;;;;;
ATTR_HOME_WATERS;0% - Home Waters;0% d'attrition en eaux territoriales;0% - Heimatgewässer;0% - w porcie;0% - Aguas patrias;0% - Al porto;0% - Kikötõben;0% - V pøístavu;;;;;;
ATTR_BASE;Base Value;Valeur de base d'attrition;Grundwert;0% - wody pañstwowe;Valor base;0% - Acque nazionali;0% - Hazai vizeken;0% - Domovsk?vody;;;;;;
ATTR_TIME_AT_SEA;Time at Sea;Temps en mer;Zeit auf See;Wartoœæ podstawowa;Tiempo en el mar;Valore di base;Alapérték;Základn?hodnota;;;;;;
ATTR_OPEN_SEA;Open Sea;Haute mer;Hohe See;Czas na morzu;Mar abierto;Tempo in mare;Tengernél;Èas na moøi;;;;;;
ATTR_LEADER;Leader Maneuver;Manœuvre du chef;Anführer-Manöver;Otwarte morze;Maniobra de líder;Alto mare;Nyílt tenger;Otevøen?moøe;;;;;;
SHIP_SUPPLY_RANGE;Supply Range;Portée de ravitaillement;Versorgungsreichweite;;Autonomía de abastecimiento;;;;;;;;;
LOG_SETTING_PAUSE;Popup and Pause;Popup et pause;Popup und Pause;;Ventana emergente y pausa.;;;;;;;;;
MESSAGE_IS_POPUP;This message type $TRUTH$ currently displayed as a popup.;Ce type de message $TRUTH$ actuellement affich?comme popup.;Dieser Meldungstyp wird als Popup angezeigt und pausiert das Spiel.;;Este tipo de mensaje actualmente $TRUTH$ representado en una ventana emergente.;;;;;;;;;
MESSAGE_IS_LOG;This message type $TRUTH$ currently displayed in the log.;Ce type de message $TRUTH$ actuellement affich?dans l'historique.;Dieser Nachrichtentyp $TRUTH$ wird momentan im Log angezeigt.;Ten rodzaj wiadomoœci aktualnie $TRUTH$ wyœwietlany w oknie.;Este tipo de mensaje actualmente $TRUTH$ representado en el registro.;Questo tipo di messaggio al momento $TRUTH$ visualizzato come popup.;Az üzenettípus megjelenik elõugr?ablakként:;Tato zpráva se práv?$TRUTH$ zobrazila v rozevíracím okn?;;;;;;
MESSAGE_IS_ONMAP;This message type $TRUTH$ currently displayed on the map (if applicable).;Ce type de message $TRUTH$ actuellement affich?sur la carte (si applicable);Dieser Nachrichtentyp $TRUTH$ wird momentan auf der Karte angezeigt (falls möglich).;Ten rodzaj wiadomoœci aktualnie $TRUTH$ wyœwietlany w dzienniku gry.;Este tipo de mensaje actualmente $TRUTH$ representado en el mapa (si procede).;Questo tipo di messaggio al momento $TRUTH$ visualizzato nella cronologia.;Az üzenettípus láthat?az üzenetnaplóban: ;Tato zpráva se práv?$TRUTH$ zobrazila v protokolu.;;;;;;
MESSAGE_SETTING_TRUE;is;est;ist;Ten rodzaj wiadomoœci aktualnie $TRUTH$ wyœwietlany na mapie (w stosownych przypadkach).;es;Questo tipo di messaggio al momento $TRUTH$ visualizzato sulla mappa (se appropriato).;Az üzenettípus láthat?a térképen: ;Tato zpráva se práv?$TRUTH$ zobrazila na map?(je-li k dispozici).;;;;;;
MESSAGE_SETTING_FALSE;is not;n'est pas;ist nicht;jest;no es;?BE;je;;;;;;;
MESSAGE_IS_ICON;This message type $TRUTH$ currently displayed as a message icon.;Ce type de message $TRUTH$ actuellement affich?en icône.;Dieser Nachrichtentyp $TRUTH$ wird momentan als Nachrichtensymbol angezeigt.;nie jest;Este tipo de mensaje $TRUTH$ muestra actualmente como un icono de mensaje.;non ?KI;nen?;;;;;;;
UW_ATEMPT_GUNBOAT;Attempt gunboat diplomacy against §Y$OTHER$§W;Politique de la canonnière contre §Y$OTHER$§W;Einsatz von Kanonenbootdiplomatie gegen §Y$OTHER$§W versuchen.;;Emplear la diplomacia de las cañoneras contra §Y$OTHER$§W;;;;;;;;;
UW_NO_GUNBOAT_POSSIBLE;No valid target for gunboat diplomacy;Aucune cible valide pour la politique de la canonnière;Kein gültiges Ziel für Kanonenbootdiplomatie.;;Objetivo incorrecto para diplomacia de cañón;;;;;;;;;
UW_GUNBOAT_DESC;To perform gunboat diplomacy you must place a fleet close to a port of a nation in default to you.;Pour mettre en place une politique de la canonnière, vous devez placer une flotte ?proximit?du port d'une nation débitrice.;Zum Einsatz von Kanonenbootdiplomatie müssen Sie eine Flotte nahe des Hafens einer Nation positionieren, die bei Ihnen im Zahlungsrückstand ist.;;Para realizar la diplomacia de cañón debes colocar una flota cerca de un puerto de la nación en rebeldía.;;;;;;;;;
LOG_SETTING_ICON;Icon;Icône;Symbol;;Icono.;;;;;;;;;
GOTO_SEARCH_COUNTRIES_AND_PROVINCES;Search Countries and Provinces;Rechercher des pays et des provinces;Länder und Provinzen durchsuchen;;Buscar países y provincias;;;;;;;;;
REGION_NAME;$NAME$ Region;Région $NAME$;$NAME$ Region;;Región de $NAME$;;;;;;;;;
POP_SIZE_INFO_ON_SEL;There are $VAL$ $WHO$ in $WHERE$.;Il y a $VAL$ $WHO$ en $WHERE$.;Es gibt $VAL$ $WHO$ in $WHERE$.;;Hay $VAL$ $WHO$ en $WHERE$.;;;;;;;;;
POPV_SORT_BY_MIL;Militancy;Militantisme;Militanz;;Militancia;;;;;;;;;
POPV_SORT_BY_CON;Consciousness;Conscience;Bewusstsein;;Conciencia;;;;;;;;;
POPV_SORT_BY_IDE;Ideologies;Idéologies;Ideologien;;Ideologías;;;;;;;;;
POPV_SORT_BY_ISS;Issues;Problèmes;Probleme;;Temas;;;;;;;;;
POPV_SORT_BY_UNEMPLOYMENT;Unemployment;Chômage;Arbeitslosigkeit;;Desempleo;;;;;;;;;
POPV_SORT_BY_CASH;Cash Reserves;Réserves d'argent;Geldreserven;;Reservas de dinero;;;;;;;;;
POPV_SORT_BY_LIFE;Fulfillment of Life Needs;Accomplissement des besoins vitaux;Erfüllung von Grundbedürfnissen;;Satisfacción de necesidades básicas;;;;;;;;;
POPV_SORT_BY_EVERY;Fulfillment of Everyday Needs;Accomplissement des besoins quotidiens;Erfüllung von Alltagsbedürfnissen;;Satisfacción de necesidades cotidianas;;;;;;;;;
POPV_SORT_BY_LUXURY;Fulfillment of Luxury Needs;Accomplissement des besoins de luxe;Erfüllung von Luxusbedürfnissen;;Satisfacción de lujos;;;;;;;;;
POPV_SORT_BY_RR;Rebel faction;Faction rebelle;Rebellenfraktion;;Facción rebelde;;;;;;;;;
POPV_SORT_BY_CHANGE;Population Change;Évolution démographique;Bevölkerungsveränderung;;Cambio de población;;;;;;;;;
POPV_SORT_BY_LIT;Literacy;Alphabétisation;Alphabetisierung;;Alfabetización;;;;;;;;;
BUILDING_DONE_SETUP;When a building is finished.;Si la construction est terminée.;Wenn ein Gebäude vollendet wird.;;Cuando se finalice un edificio;;;;;;;;;
BUILDING_DONE_HEADER;Building is complete.;Construction terminée.;Gebäude ist fertig.;Kiedy budowa jest zakoñczona.;Construcción completada;Quando un edificio ?stato completato;Mikor egy építkezés befejezõdik.;Kdy?je dokonèena budova.;;;;;;
BUILDING_DONE_1;$NAME$;$NAME$;$NAME$;Ukoñczono budow?;$NAME$;Edificio completato.;Építmény elkészült.;Budova je dokonèena.;;;;;;
BUILDING_DONE_2;in the province;dans la province;in der Provinz;Budynek $NAME$;en la provincia;$NAME$;A/az $NAME$;$NAME$;;;;;;
BUILDING_DONE_3;$PROV$;$PROV$.;$PROV$;w prowincji;$PROV$;nella provincia di;elkészült a/az;v provincii;;;;;;
BUILDING_DONE_4;is completed.;est achev?;ist fertig.;$PROV$;se ha completado.;$PROV$;$PROV$;$PROV$;;;;;;
BUILDING_DONE_5;*;*;*;zosta?ukoñczony.;*;?stato completato.;nev?tartományodban.;je hotova.;;;;;;
BUILDING_DONE_6;*;*;*;*;*;*;*;;;;;;;
BUILDING_DONE_LOG;$NAME$ has been built in $PROV$.;$NAME$ a ét?construit dans la province de $PROV$.;$NAME$ wurde in $PROV$ gebaut.;*;Se ha construido $NAME$ en $PROV$.;*;*;;;;;;;
BUILDING_DONE_BTN1;OK;D'accord;OK;OK;Zbudowano $NAME$ w prowincji $PROV$.;Aceptar;$NAME$: costruito in $PROV$.;$NAME$ épült $PROV$ nev?tartományodban.;$NAME$ byla postavena v $PROV$.;;;;;
BUILDING_DONE_BTN2;OK;D'accord;OK;OK;OK;Aceptar;OK;Rendben;OK;;;;;
BUILDING_DONE_BTN3;GOTO;Voir;Goto;OK;Ir all?OK;Rendben;OK;;;;;;;
BUILDING_DONE_MAP;$NAME$ has been built in $PROV$.;$NAME$ a ét?construit dans la province de $PROV$.;$NAME$ wurde in $PROV$ gebaut.;ID?DO;Se ha construido $NAME$ en $PROV$.;ANDARE;Menj ide:;PØEJÍT NA;;;;;;
WE_NO_LONGER_GREAT_POWER_SETUP;When we are no longer a great power;Si nous ne sommes plus une Grande Puissance;Wir sind keine Großmacht mehr.;Zbudowano $NAME$ w prowincji $PROV$.;Cuando dejemos de ser una gran potencia;$NAME$: costruito in $PROV$.;$NAME$ épült $PROV$ nev?tartományodban.;$NAME$ byla postavena v $PROV$.;;;;;;
WE_NO_LONGER_GREAT_POWER_HEADER;$MESSENGER$;$MESSENGER$;$MESSENGER$;;$MESSENGER$;;;;;;;;;
WE_NO_LONGER_GREAT_POWER_1;Our country has fallen in status;Notre pays a chang?de statut;Unser Land hat an Status eingebüßt;;El estatus de nuestro país ha caído;;;;;;;;;
REMOVE_WE_NO_LONGER_GREAT_POWER_2;and lost its position as a great nation to;et perdu sa position en tant que grande nation au profit de;und seine Position als Großmacht verloren an;;y pierde su condición de gran nación ante;;;;;;;;;
WE_NO_LONGER_GREAT_POWER_3;$NEWCOUNTRY$;$NEWCOUNTRY$;$NEWCOUNTRY$;;$NEWCOUNTRY$;;;;;;;;;
WE_NO_LONGER_GREAT_POWER_4;*;*;*;;*;;;;;;;;;
WE_NO_LONGER_GREAT_POWER_5;*;*;*;;*;;;;;;;;;
WE_NO_LONGER_GREAT_POWER_6;*;*;*;;*;;;;;;;;;
WE_NO_LONGER_GREAT_POWER_LOG;We are no longer a great power.;Nous ne sommes plus une Grande Puissance.;Wir sind keine Großmacht mehr.;;Ya no somos una gran potencia.;;;;;;;;;
WE_NO_LONGER_GREAT_POWER_BTN1;We will rise again!;La Bérézina !;Wir werden wieder emporkommen!;;¡Volveremos a alzarnos!;;;;;;;;;
WE_NO_LONGER_GREAT_POWER_MAP;No longer great power;Plus une Grande Puissance;Keine Großmacht mehr.;;Ya no gran potencia;;;;;;;;;
THEY_NO_LONGER_GREAT_POWER_SETUP;When someone loses their great power status;Si quelqu'un perd son statut de Grande Puissance;Wenn ein Land seinen Großmachtstatus einbüßt.;;Cuando alguien pierda su estatus de gran potencia;;;;;;;;;
THEY_NO_LONGER_GREAT_POWER_HEADER;$MESSENGER$;$MESSENGER$;$MESSENGER$;;$MESSENGER$;;;;;;;;;
THEY_NO_LONGER_GREAT_POWER_1;$OLDCOUNTRY$;$OLDCOUNTRY$;$OLDCOUNTRY$;;$OLDCOUNTRY$;;;;;;;;;
THEY_NO_LONGER_GREAT_POWER_2;has fallen in status;a chang?de statut;hat an Status eingebüßt;;ha perdido estatus;;;;;;;;;
REMOVE_THEY_NO_LONGER_GREAT_POWER_3;and lost its position as a great nation to;et perdu sa position en tant que grande nation au profit de;und seine Position als Großmacht verloren an;;y pierde su condición de gran nación ante;;;;;;;;;
THEY_NO_LONGER_GREAT_POWER_4;$NEWCOUNTRY$;$NEWCOUNTRY$;$NEWCOUNTRY$;;$NEWCOUNTRY$;;;;;;;;;
THEY_NO_LONGER_GREAT_POWER_5;*;*;*;;*;;;;;;;;;
THEY_NO_LONGER_GREAT_POWER_6;*;*;*;;*;;;;;;;;;
THEY_NO_LONGER_GREAT_POWER_LOG;$OLDCOUNTRY$ is no longer a great power.;$OLDCOUNTRY$ n'est plus une Grande Puissance.;$OLDCOUNTRY$ ist keine Großmacht mehr.;;$OLDCOUNTRY$ ya no es una gran potencia.;;;;;;;;;
THEY_NO_LONGER_GREAT_POWER_BTN1;Ok;OK;Ok;;Aceptar;;;;;;;;;
THEY_NO_LONGER_GREAT_POWER_MAP;No longer great power;Plus une Grande Puissance;Keine Großmacht mehr.;;Ya no gran potencia;;;;;;;;;
COLONY_SUCCESS_HEADER;When our colonization efforts are successful.;Si nos efforts de colonisation portent leurs fruits.;Wenn unsere Kolonisationsbemühungen erfolgreich sind.;;Cuando nuestras empresas de colonización tengan éxito;;;;;;;;;
COLONY_SUCCESS_1;Colony Created!;Colonie créée !;Kolonie gegründet!;;¡Colonia creada!;;;;;;;;;
COLONY_SUCCESS_2;$MONARCHTITLE$, we have successfully colonized;$MONARCHTITLE$, nous avons colonis?Uns gelang die erfolgreiche Kolonisation von;;$MONARCHTITLE$, hemos colonizado con éxito;;;;;;;;;;
COLONY_SUCCESS_3;§Y$TARGET$§b.;§Y$TARGET$§b.;§Y$TARGET$§b.;;§Y$TARGET$§b.;;;;;;;;;
COLONY_SUCCESS_4;This place will now be a new state in our realm.;Cet endroit sera désormais un nouvel État de notre royaume.;Dieses Gebiet wird nun zu einem neuen Staat innerhalb unseres Reichs.;;Este lugar ser?ahora un nuevo estado de nuestro reino.;;;;;;;;;
COLONY_SUCCESS_BTN1;OK;D'accord;OK;OK;*;Aceptar;*;*;;;;;;
COLONY_SUCCESS_BTN2;OK;D'accord;OK;OK;;Aceptar;;;;;;;;
COLONY_SUCCESS_BTN3;Go to;Voir;Goto;;Ir all?;;;;;;;;;
COLONY_SUCCESS_MAP;Colony Created!;Colonie créée !;Kolonie gegründet!;;¡Colonia creada!;;;;;;;;;
COLONY_FAIL_HEADER;When our colonization fail.;Si notre colonisation échoue.;Wenn unsere Kolonisationsbemühungen scheitern.;;Cuando fracase nuestra colonización;;;;;;;;;
COLONY_FAIL_1;Colonization Failed!;Échec de la colonisation !;Kolonisation gescheitert!;;¡Colonización fallida!;;;;;;;;;
COLONY_FAIL_2;$MONARCHTITLE$, our colony in;$MONARCHTITLE$, notre colonie de;Unsere Kolonisationsbemühungen in;;?MONARCHTITLE$, nuestra colonia en;;;;;;;;;
COLONY_FAIL_3;§Y$TARGET$§b.;§Y$TARGET$§b.;§Y$TARGET$§b.;;§Y$TARGET$§b.;;;;;;;;;
COLONY_FAIL_4;has Failed!.;a échou?!;sind gescheitert!;;ha fracasado!;;;;;;;;;
COLONY_FAIL_5;The greedy $OTHER$ have laid claim to the region.;Les cupides $OTHER$ ont revendiqu?la région.;*;;*;;;;;;;;;
COLONY_FAIL_6;*;*;*;*;*;*;*;;;;;;;
COLONY_FAIL_BTN1;OK;D'accord;OK;OK;*;Aceptar;*;*;;;;;;
COLONY_FAIL_BTN2;OK;D'accord;OK;OK;;Aceptar;;;;;;;;
COLONY_FAIL_BTN3;Go to;Voir;Goto;;Ir all?;;;;;;;;;
COLONY_FAIL_MAP;Colony Failed!;Échec de la colonie !;Kolonisation gescheitert!;;¡Colonia fallida!;;;;;;;;;
WE_BECAME_GREAT_POWER_SETUP;When we become a great power;Si nous devenons une Grande Puissance;Wenn wir zur Großmacht werden.;;Cuando nos convirtamos en gran potencia;;;;;;;;;
WE_BECAME_GREAT_POWER_HEADER;$MESSENGER$;$MESSENGER$;$MESSENGER$;;$MESSENGER$;;;;;;;;;
WE_BECAME_GREAT_POWER_1;We have risen in status in the world;Notre statut dans le monde a chang?Unser Status in der Welt ist gestiegen;;¡Nuestro estatus mundial ha crecido;;;;;;;;;;
REMOVE_WE_BECAME_GREAT_POWER_2;and are now considered one of the great nations!;et nous faisons désormais partie des grandes nations !;und wir werden nun als eine der Großmächte angesehen!;;Y ya se nos considera una de las grandes naciones!;;;;;;;;;
WE_BECAME_GREAT_POWER_3;*;*;*;;*;;;;;;;;;
WE_BECAME_GREAT_POWER_4;*;*;*;;*;;;;;;;;;
WE_BECAME_GREAT_POWER_5;*;*;*;;*;;;;;;;;;
WE_BECAME_GREAT_POWER_6;*;*;*;;*;;;;;;;;;
WE_BECAME_GREAT_POWER_LOG;We are now a great power!;Nous sommes désormais une grande nation !;Wir sind nun eine Großmacht!;;¡Ahora somos una gran potencia!;;;;;;;;;
WE_BECAME_GREAT_POWER_BTN1;Great!;Grandiose !;Ich wusste es immer!;;¡Sabía que lo llevábamos escrito!;;;;;;;;;
WE_BECAME_GREAT_POWER_MAP;We are now a great power!;Nous sommes désormais une grande nation !;Wir sind nun eine Großmacht!;;¡Ahora somos una gran potencia!;;;;;;;;;
MODIFIER_NONE;None;Rien;Keine;;Ninguno;;;;;;;;;
MINIMUM_REVOLT_RISK;Minimum Revolt Risk;Risque minimum de révolte;Minimales Revoltenrisiko;;Riesgo de revuelta mínimo;;;;;;;;;
LOCAL_REVOLT_RISK;Local Revolt Risk;Risque de révolte locale;Risiko lokaler Revolten;Minimalne ryzyko buntu;Riesgo de revuelta local;Riesgo mínimo de rebelión;Minimális kockázat a lázadásra ;Minimáln?riziko revolty;;;;;;
GLOBAL_REVOLT_RISK;National Revolt Risk;Risque de révolte nationale;Risiko nationaler Revolten;Ryzyko lokalnego buntu;Riesgo de revuelta nacional;Rischio di rivolta locale;Helyi zendülés kockázata;Riziko lokáln?revolty;;;;;;
MANPOWER;Manpower Increase;Augmentation de la main-d'œuvre;Mannstärke-Anstieg;Ryzyko buntu narodowego;Aumento de rec. hum.;Rischio di rivolta nazionale;Nemzeti zendülés kockázata;Riziko národn?revolty;;;;;;
LOCAL_MANPOWER;Local Manpower Modifier;Modificateur de la main-d'œuvre locale;Lokaler Mannstärke-Modifikator;Wzrost si³y ludzkiej;Modificador local a los rec. hum.;Incremento del potenziale di reclutamento;Munkaer?Vzrùst lidských zdroj?;;;;;;;
GLOBAL_MANPOWER;National Manpower Modifier;Modificateur de la main-d'œuvre nationale;Nationaler Mannstärke-Modifikator;Modyfikator lokalnej si³y ludzkiej;Modificador nacional a los rec. hum.;Modificatore del potenziale di reclutamento locale;Helyi munkaer?módosít?Modifikátor místních lidských zdroj?;;;;;;;
ATTRITION;Attrition;Attrition;Verlustquote;Modyfikator ogólnej si³y ludzkiej;El desgaste;Modificatore del potenziale di reclutamento nazionale;Nemzeti munkaer?módosít?Modifikátor národních lidských zdroj?;;;;;;;
MAX_WAR_EXHAUSTION;Maximum War Exhaustion;Épuisement de guerre maximum;Max. Kriegsmüdigkeit;Wyczerpanie wojn?Agotamiento bélico máximo;Sfinimento da guerra;Háborús kimerültség;Váleèn?vyèerpán?;;;;;;;
FORT_LEVEL;Fort Level;Niveau de fortification;Fort-Stufe;Maksymalne wyczerpanie wojn?Nivel de fortificación;Esaurimento di guerra massimo;Maximális háborús kimerültség;Maximáln?vyèerpán?válkou;;;;;;;
MODIFIER_LOCAL_LEADERSHIP_MODIFIER;Leadership Modifier;Modificateur commandement;Führungsmodifikator;Poziom fortyfikacji;Modificador de liderazgo;Livello fortezza;Erõd szint;Úrove?opevnìn?;;;;;;
MODIFIER_GLOBAL_LEADERSHIP_MODIFIER;Leadership Modifier;Modificateur commandement;Führungsmodifikator;;Modificador de liderazgo;;;;;;;;;
MODIFIER_SUPPLY_CONSUMPTION;Supply Consumption;Consommation en ravitaillement;Nachschubverbrauch;;Consumo suministros;;;;;;;;;
MODIFIER_PEACETIME_MANPOWER_ROTATION;Peacetime Manpower Rotation;Rotation de la main-d'œuvre en temps de paix;Mannstärke-Rotation im Frieden;;Rotación de rec. hum. en tiempos de paz;;;;;;;;;
MODIFIER_UNIT_RECRUITMENT_TIME;Unit Recruit Time;Durée de recrutement de l'unit?Einheitenrekrutierungszeit;;Tiempo de reclutamiento de unidad;;;;;;;;;;
MODIFIER_UNIT_START_EXPERIENCE;Starting Experience;Début de l'expérience;Anfängliche Erfahrung;;Experiencia inicial;;;;;;;;;
MODIFIER_UNIT_REPAIR;Repair Time;Durée de la réparation;Reparaturzeit;;Tiempo de reparación;;;;;;;;;
MODIFIER_COMBAT_MOVEMENT_SPEED;Combat Movement Speed;Vitesse des déplacements pendant le combat;Marschgeschwindigkeit im Kampf;;Velocidad de movimiento de combate;;;;;;;;;
MODIFIER_ATTACK_REINFORCE_CHANCE;Attack Reinforce Chance;Probabilit?d'arrivée de renforts pendant l'attaque;Chance auf Verstärkung beim Angriff;;Posibilidad de refuerzo de ataque;;;;;;;;;
MODIFIER_DEFEND_REINFORCE_CHANCE;Defend Reinforce Chance;Probabilit?d'arrivée de renforts pendant la défense;Chance auf Verstärkung bei Verteidigung;;Posibilidad de refuerzo de defensa;;;;;;;;;
MODIFIER_COMBAT_WIDTH;Combat Width;Aire de combat;Gefechtsbreite;;Amplitud de combate;;;;;;;;;
MODIFIER_ORG_REGAIN;Organisation Regain Rate;Taux de regain d'organisation;Organisations-Regenerationsrate;;Tasa recuperación reorganización;;;;;;;;;
MODIFIER_LAND_ORGANISATION;Land Organisation;Organisation terrestre;Heeresorganisation;;Organización terrestre;;;;;;;;;
MODIFIER_AIR_ORGANISATION;Air Organisation;Organisation aérienne;Luftwaffenorganisation;;Organización aérea;;;;;;;;;
MODIFIER_NAVAL_ORGANISATION;Naval Organisation;Organisation navale;Flottenorganisation;;Organización naval;;;;;;;;;
MODIFIER_RESERVES_PENALTY_SIZE;Reserves Penalty Impact;Impact de la pénalit?sur les réserves;Einfluss des Reserveabzugs;;Impacto de penalización de reservas;;;;;;;;;
MODIFIER_GLOBAL_RESOURCES;Resources;Ressources;Ressourcen;;Recursos;;;;;;;;;
MODIFIER_RESEARCH_POINTS_MODIFIER;Research Points Modifier;Modificateur de points de recherche;Forschungspunktemodifikator;;Modificador de puntos de investigación;;;;;;;;;
MODIFIER_DEBT_DEFAULT_TO;Debt Default To;Dette par défaut envers;Schuldenverzug bei;;Deuda pendiente con;;;;;;;;;
MODIFIER_IMPORT_COST;Import Cost;Coût d'importation;Importkosten;;Coste de importación;;;;;;;;;
MODIFIER_LOAN_INTEREST;Loan Interest;Intérêt d'emprunt;Darlehenszinsen;;Interés de préstamo;;;;;;;;;
MODIFIER_TAX_EFFICIENCY;Tax Efficiency;Efficacit?fiscale;Steuereffizienz;;Eficacia impositiva;;;;;;;;;
MODIFIER_MIN_TAX;Minimum Tax;Impôt minimum;Minimalsteuer;;Impuesto mínimo;;;;;;;;;
MODIFIER_MAX_TAX;Maximum Tax;Impôt maximum;Maximalsteuer;;Impuesto máximo;;;;;;;;;
MODIFIER_MIN_MILITARY_SPENDING;Minimum Military Spending;Dépenses militaires minimum;Minimaler Wehretat;;Gasto militar mínimo;;;;;;;;;
MODIFIER_MAX_MILITARY_SPENDING;Maximum Military Spending;Dépenses militaires maximum;Maximaler Wehretat;;Gasto militar máximo;;;;;;;;;
MODIFIER_MIN_SOCIAL_SPENDING;Minimum Social Spending;Dépenses sociales minimum;Minimale Sozialausgaben;;Gasto social mínimo;;;;;;;;;
MODIFIER_MAX_SOCIAL_SPENDING;Maximum Social Spending;Dépenses sociales maximum;Maximale Sozialausgaben;;Gasto social máximo;;;;;;;;;
MODIFIER_MILITARY_MAINTENANCE;Military Maintenance;Maintenance militaire;Militärinstandhaltung;;Mantenim. militar;;;;;;;;;
MODIFIER_FACTORY_OWNER_COST;Factory Owner Cost;Coût propriétaire d'usine;Fabrikbesitzerkosten;;Coste de propietario de fábrica;;;;;;;;;
MODIFIER_MIN_TARIFF;Minimum Tariff;Droits de douane minimum;Minimalzoll;;Tasa mínima;;;;;;;;;
MODIFIER_MAX_TARIFF;Maximum Tariff;Droits de douane maximum;Maximalzoll;;Tasa máxima;;;;;;;;;
MODIFIER_RULING_PARTY_SUPPORT;Ruling Party Support;Soutien du parti au pouvoir;Unterstützung für Regierungspartei;;Apoyo del partido gobernante;;;;;;;;;
MODIFIER_RICH_VOTE;Rich Vote;Vote des classes supérieures;Stimmen Oberschicht;;Voto rico;;;;;;;;;
MODIFIER_MIDDLE_VOTE;Middle Vote;Vote des classes moyennes;Stimmen Mittelschicht;;Voto medio;;;;;;;;;
MODIFIER_POOR_VOTE;Poor Vote;Vote des classes défavorisées;Stimmen Unterschicht;;Voto pobre;;;;;;;;;
MODIFIER_MINIMUN_WAGE;Minimum Wage;Salaire minimum;Mindestlohn;;Salario mínimo;;;;;;;;;
MODIFIER_POOR_LUXURY_NEEDS;Luxury Needs for Poor Strata;Besoins de luxe des classes défavorisées;Luxusbedürfnisse für Unterschicht;;Lujos necesarios para el estrato pobre;;;;;;;;;
MODIFIER_FACTORY_EFFICIENCY;Factory Efficiency;Efficacit?de l'usine;Fabrikeffizienz;;Rendimiento de fábrica;;;;;;;;;
MODIFIER_FACTORY_MAINTENANCE;Factory Maintenance;Maintenance de l'usine;Fabrikinstandhaltung;;Mantenimiento de fábrica;;;;;;;;;
MODIFIER_RICH_EVERYDAY_NEEDS;Everyday Needs for Rich Strata;Besoins quotidiens des classes supérieures;Alltagsbedürfnisse für Oberschicht;;Necesidades cotidianas para el estrato rico;;;;;;;;;
MODIFIER_MIDDLE_EVERYDAY_NEEDS;Everyday Needs for Middle Strata;Besoins quotidiens des classes moyennes;Alltagsbedürfnisse für Mittelschicht;;Necesidades cotidianas para la clase media;;;;;;;;;
MODIFIER_POOR_EVERYDAY_NEEDS;Everyday Needs for Poor Strata;Besoins quotidiens des classes défavorisées;Alltagsbedürfnisse für Unterschicht;;Necesidades cotidianas para el estrato pobre;;;;;;;;;
MODIFIER_UNEMPLOYMENT_BENEFIT;Unemployment Benefit;Bénéfice du chômage;Arbeitslosengeld;;Prestación de desempleo;;;;;;;;;
MODIFIER_PENSION_LEVEL;Pension Level;Niveau de pension;Rentenniveau;;Nivel de pensiones;;;;;;;;;
MODIFIER_POPULATION_GROWTH;Population Growth;Croissance démographique;Bevölkerungswachstum;;Crecimiento de población;;;;;;;;;
MODIFIER_FACTORY_INPUT;Factory Input;Matières premières des usines;Fabrik-Input;;Recursos de fábrica;;;;;;;;;
MODIFIER_FACTORY_OUTPUT;Factory Output;Production des usines;Fabrikleistung;;Producción de fábrica;;;;;;;;;
MODIFIER_FACTORY_THROUGHPUT;Factory Throughput;Rendement des usines;Fabrik-Durchsatz;;Capacidad de fábrica;;;;;;;;;
MODIFIER_RGO_INPUT;RGO Input;Matières premières des EAM;RGO-Input;;Recursos de TOR;;;;;;;;;
MODIFIER_RGO_OUTPUT;RGO Output;Production des EAM;RGO-Leistung;;Producción de TOR;;;;;;;;;
MODIFIER_RGO_THROUGHPUT;RGO Throughput;Rendement des EAM;RGO-Durchsatz;;Capacidad de TOR;;;;;;;;;
MODIFIER_ARTISAN_INPUT;Artisan Input;Matières premières des artisans;Handwerker-Input;;Recursos de artesano;;;;;;;;;
MODIFIER_ARTISAN_OUTPUT;Artisan Output;Production des artisans;Handwerkerleistung;;Producción de artesano;;;;;;;;;
MODIFIER_ARTISAN_THROUGHPUT;Artisan Throughput;Rendement des artisans;Handwerkerdurchsatz;;Capacidad de artesano;;;;;;;;;
MODIFIER_NUMBER_OF_VOTERS;Number of Voters;Nombre d'électeurs;Wähleranzahl;;Número de votantes;;;;;;;;;
MODIFIER_GOODS_DEMAND;Goods Demand;Demande de biens;Güternachfrage;;Demanda de bienes;;;;;;;;;
MODIFIER_ASSIMILATION_RATE;Assimilation Rate;Taux d'assimilation;Assimilierungsrate;;Índice de asimilación;;;;;;;;;
MODIFIER_PRESTIGE;Prestige;Prestige;Prestige;;Prestigio;;;;;;;;;
MODIFIER_FACTORY_COST;Factory Cost;Coût usine;Fabrikkosten;;Coste de fábrica;;;;;;;;;
MODIFIER_LIFE_RATING;Life Rating;Habitabilit?Lebensstandard;;Calidad de vida;;;;;;;;;;
MODIFIER_FARM_EFFICIENCY;Farming Efficiency;Efficacit?agricole;Landwirtschaftliche Effizienz;;Rendimiento agrícola;;;;;;;;;
MODIFIER_MINE_EFFICIENCY;Mining Efficiency;Efficacit?minière;Bergbaueffizienz;;Rendimiento minero;;;;;;;;;
MODIFIER_FARM_SIZE;Farm Size;Taille de la ferme;Bauernhofgröße;;Tamaño de granja;;;;;;;;;
MODIFIER_MINE_SIZE;Mine Size;Taille de la mine;Minengröße;;Tamaño de mina;;;;;;;;;
MODIFIER_ISSUE_CHANGE_SPEED;Political Awareness;Conscience politique;Politisches Bewusstsein;;Concienciación política;;;;;;;;;
MODIFIER_SOCIAL_REFORM_DESIRE;Social Reform Desire;Désir de réforme sociale;Wunsch nach Sozialreformen;;Deseo de reforma social;;;;;;;;;
MODIFIER_POLITICAL_REFORM_DESIRE;Political Reform Desire;Désir de réforme politique;Wunsch nach politischen Reformen;;Deseo de reforma política;;;;;;;;;
MODIFIER_LITERACY_CON_IMPACT;Literacy Impact on Con;Impact de l'alphabétisation sur la conscience nationale;Alphabetisierungseinfluss auf Bew.;;Efecto de alfabetización sobre cons;;;;;;;;;
MODIFIER_MIDDLE_LUXURY_NEEDS;Luxury Needs for Middle Strata;Besoins de luxe des classes moyennes;Luxusbedürfnisse für Mittelschicht;;Lujos necesarios para la clase media;;;;;;;;;
MODIFIER_RICH_LUXURY_NEEDS;Luxury Needs for Rich Strata;Besoins de luxe des classes supérieures;Luxusbedürfnisse für Oberschicht;;Lujos necesarios para el estrato rico;;;;;;;;;
MODIFIER_POOR_LIFE_NEEDS;Life Needs for Poor Strata;Besoins vitaux des classes défavorisées;Grundbedürfnisse für Unterschicht;;Necesidades básicas para el estrato pobre;;;;;;;;;
MODIFIER_RICH_LIFE_NEEDS;Life Needs for Rich Strata;Besoins vitaux des classes supérieures;Grundbedürfnisse für Oberschicht;;Necesidades básicas para el estrato rico;;;;;;;;;
MODIFIER_MIDDLE_LIFE_NEEDS;Life Needs for Middle Strata;Besoins vitaux des classes moyennes;Grundbedürfnisse für Mittelschicht;;Necesidades básicas para la clase media;;;;;;;;;
MODIFIER_POP_CONSCIOUSNESS_MODIFIER;Local Consciousness;Conscience locale;Lokalbewusstsein;;Conciencia local;;;;;;;;;
MODIFIER_RICH_INCOME_MODIFIER;Rich Strata Income;Revenus des classes supérieures;Einkommen der Oberschicht;;Ingresos de estrato rico;;;;;;;;;
MODIFIER_MIDDLE_INCOME_MODIFIER;Middle Strata Income;Revenus des classes moyennes;Einkommen der Mittelschicht;;Ingresos de clase media;;;;;;;;;
MODIFIER_POOR_INCOME_MODIFIER;Poor Strata Income;Revenus des classes défavorisées;Einkommen der Unterschicht;;Ingresos de estrato pobre;;;;;;;;;
MODIFIER_RANDOM_PARTY_VOTES;Random Voting;Vote aléatoire;Zufallswähler;;Votación aleatoria;;;;;;;;;
MODIFIER_IMMIGANT_ATTRACT;Immigrant Attraction;Attraction des immigrants;Attraktivität für Einwanderer;;Atracción de inmigrantes;;;;;;;;;
MODIFIER_POOR_SAVINGS_MODIFIER;Poor Savings;Piètre épargne;Ersparnisse der Armen;;Ahorros escasos;;;;;;;;;
MODIFIER_POP_MILITANCY_MODIFIER;Pop militancy;Militantisme POP;Bevölkerungsmilitanz;;Militancia de POB;;;;;;;;;
MODIFIER_MOBILISATION_SIZE;Mobilisation Size;Taille de la mobilisation;Mobilisierungsumfang;;Volumen de movilización;;;;;;;;;
MODIFIER_MOBILISATION_ECONOMY_IMPACT;Mobilisation Impact;Impact de la mobilisation;Mobilisierungseffekt;;Efecto de movilización;;;;;;;;;
MODIFIER_GREATPOWER_INFLUENCE_GAIN;Influence;Influence;Einfluss;;Diplomática;;;;;;;;;
MODIFIER_DIPLOPOINTS_GAIN;Diplomatic points;Points diplomatiques;Diplomatiepunkte;;Puntos de diplomacia;;;;;;;;;
MODIFIER_SUPPLY_LIMIT;Supply Limit;Limite en ravitaillement;Versorgungslimit;;Límite de suministros;;;;;;;;;
MODIFIER_MAX_ATTRITION;Max. Attrition;Max. Attrition;Max. Verlustquote;;Desgaste máx.;;;;;;;;;
MODIFIER_IMMIGANT_PUSH;Immigration push;Poussée d'immigration;Einwanderungsflut;;Impulso de inmigración;;;;;;;;;
NO_WAR_NAP;We have a non-aggression pact.;Nous avons sign?un pacte de non-agression.;Wir haben einen Nichtangriffspakt.;;Tenemos un pacto de no agresión.;;;;;;;;;
DIPRELCH_DIP_SKILL;Diplomatic Skill;Habilet?diplomatique;Diplomatische Fähigkeit;;Habilidad diplomática;;;;;;;;;
DIPRELCH_INFLUENCE;Diplomatic Influence;Influence diplomatique;Diplomatischer Einfluss;;Influencia Diplomática;;;;;;;;;
TRUCEWITH;Truce with $LIST$.;Trêve avec $LIST$;Waffenruhe mit $LIST$.;;Tregua con $LIST$.;;;;;;;;;
ATWARWITH;At war with $LIST$.;En guerre contre $LIST$.;Im Krieg mit $LIST$.;Rozejm z $LIST$.;En guerra con $LIST$.;Tregua con: $LIST$.;Fegyverszünet: $LIST$.;Pøímìø?s $LIST$.;;;;;;
ALLIEDWITH;Allied with $LIST$.;Alli??$LIST$.;Verbündet mit $LIST$.;W stanie wojny z $LIST$.;Aliado con $LIST$.;In guerra con: $LIST$.;Háborúban: $LIST$.;Ve válce s $LIST$.;;;;;;
LEADUNIONS;Lead Personal Union with $LIST$.;Mène une union personnelle avec $LIST$.;Führt Personalunionen mit $LIST$ an.;Sojusz z $LIST$.;Lidera la unión personal con $LIST$.;Alleato con: $LIST$.;Szövetségesei: $LIST$.;V alianci s $LIST$.;;;;;;
INUNION;In Personal Union with $LIST$.;En union personnelle avec $LIST$.;In Personalunion mit $LIST$.;Jest stron?dominuj¹c?w unii personalnej z $LIST$.;En unión personal con $LIST$.;Guida unioni personali con: $LIST$.;Perszonáluniót vezet: $LIST$.;Je ve spojenectv?s $LIST$ a m?hlavn?slovo.;;;;;;
ROYALMARRIAGE;Royal Marriage with $LIST$.;Mariage royal avec $LIST$.;Staatsehe mit $LIST$.;W unii personalnej z $LIST$.;Matrimonio real con $LIST$.;In unione personale con: $LIST$.;Perszonáluni?tagja: $LIST$.;Je ve spojenectv?s $LIST$.;;;;;;
LEADVASSAL;Has the following puppets: $LIST$.;Possède les États satellites suivants : $LIST$.;Hat die folgenden Marionetten: $LIST$.;Królewski maria?z $LIST$.;Tiene los títeres siguientes: $LIST$.;Matrimonio reale con: $LIST$.;Királyi házasságban: $LIST$.;Královsk?sòatek s $LIST$.;;;;;;
AMVASSAL;Is a puppet of $LIST$.;Est un État fantoche de $LIST$.;Ist eine Marionette von $LIST$.;;Es un títere de $LIST$.;;;;;;;;;
HASCBON;Has claims on $LIST$.;Revendique $LIST$.;Hat Ansprüche auf $LIST$.;;Tiene pretensiones en $LIST$.;;;;;;;;;
GUARANTEED;Independence guaranteed by $LIST$.;Indépendance garantie par $LIST$.;Unabhängigkeit garantiert von $LIST$.;;Independencia garantizada por $LIST$.;;;;;;;;;
GUARANTING;Guaranteeing the Independence of $LIST$.;Garantit l'indépendance de $LIST$.;Garantiert die Unabhängigkeit von $LIST$.;Niepodleg³oœæ gwarantowana przez $LIST$.;Garantiza la independencia de $LIST$.;Indipendenza garantita da: $LIST$.;A függetlenségét garantálja: $LIST$.;M?nezávislost garantovánu $LIST$.;;;;;;
WARNED;Warned by $LIST$.;Averti par $LIST$.;Gewarnt durch $LIST$.;Gwarantuje niepodleg³oœæ $LIST$.;Advertido por $LIST$.;Sta garantendo l'indipendenza di: $LIST$.;Garantálja a következ?függetlenségét: $LIST$.;Garantuje nezávislost $LIST$.;;;;;;
WARNING;Warning $LIST$.;Avertissement $LIST$.;Warnt $LIST$.;Ostrze¿eni przez $LIST$.;Advertencia $LIST$.;Ammonito da: $LIST$.;Figyelmeztette: $LIST$.;Varován $LIST$.;;;;;;
PAYSUB;Is subsidising $LIST$.;Subventionne $LIST$.;Subventioniert $LIST$.;Ostrzega $LIST$.;Est?subvencionando $LIST$.;Sta avvertendo: $LIST$.;$LIST$ figyelmeztetése.;Varuje $LIST$.;;;;;;
GETSUB;Gets subsidies from $LIST$.;Est subventionn?par $LIST$.;Wird von $LIST$ subventioniert.;Przekazuje subsydia $LIST$.;Obtiene subsidios de $LIST$.;Sta sovvenzionando: $LIST$.;Támogatja a következõt: $LIST$.;Subvencuje $LIST$.;;;;;;
NAPWITH;Non-Aggression Pact with $LIST$;Pacte de non-agression avec $LIST$;Nichtangriffspakt mit $LIST$;Otrzymuje subsydia od $LIST$.;Pacto de no agresión con $LIST$;Ottiene sovvenzioni da: $LIST$.;Õt támogatja: $LIST$.;Je subvencován $LIST$.;;;;;;
# Actions;;;;;;;;;;;;;;
NO_WAR_ALLIED;You may not declare war upon a country with which you have an Alliance. Break the Alliance first.;Vous ne pouvez pas déclarer la guerre ?un pays avec lequel vous êtes alli? Rompez d'abord l'alliance.;Sie können keinem Land den Krieg erklären, mit dem Sie ein Bündnis haben. Brechen Sie zuerst das Bündnis.;;No puedes declarar la guerra a un país con el que estás aliado. Primero has de romper la alianza.;;;;;;;;;
ACT_WARDESC;Declaring war will allow our troops to attack theirs and allow us to enter their country. War will continue until either party surrenders.;Une déclaration de guerre permettra ?nos troupes d'attaquer les leurs et d'entrer dans leur pays. La guerre se poursuivra jusqu'?la capitulation d'une des parties.;Eine Kriegserklärung erlaubt unseren Truppen den Einmarsch in ihr Gebiet und den Angriff auf ihre Truppen. Der Krieg hält so lange an, bis eine der beiden Kombattanten kapituliert.;Nie mo¿esz wypowiedzie?wojny pañstwu, z którym masz podpisany sojusz. Najpierw wyjd?z sojuszu.;Declarar la guerra permitir?que nuestras tropas ataquen las suyas y podremos invadir su país. La guerra continuar?hasta que uno de los bandos se rinda.;Non puoi dichiarare guerra a una nazione con cui sei alleato. Devi prima annullare l'alleanza.;Nem indíthatsz olyan ország ellen háborút, amellyel szövetségben állsz. Elõször szakítsd meg a szövetséget.;Nem?ete vyhlásit válku zemi, kter?je vaším spojencem. Nejprve musíte zrušit alianci.;;;;;;
DECWARREQDESC2;Declare war on $COUNTRY$.;Déclarer la guerre ?$COUNTRY$.;Erklärt $COUNTRY$ den Krieg.;;Declarar la guerra a $COUNTRY$.;;;;;;;;;
DIP_INFLUENCECOST;This will cost us §Y$COST$§W diplomatic influence points.;Cela nous coûtera §Y$COST$§W points d'influence diplomatique.;Dies kostet uns §Y$COST$§W diplomatische Einflusspunkte.;;Esto nos costar?§Y$COST$§W puntos de influencia diplomática.;;;;;;;;;
DIP_THREAT;This will generate §Y$AMOUNT$§W threat in §Y$PROV$§W;Cela générera §Y$AMOUNT$§W de menace sur §Y$PROV$§W;Dies erzeugt §Y$AMOUNT$§W Bedrohung in §Y$PROV$§W;;Esto generar?§Y$AMOUNT$§W de amenaza en §Y$PROV$§W;;;;;;;;;
DIP_NO_INFL;You do not have the §Y$INF$§W diplomatic influence required;Vous n'avez pas les §Y$INF$§W d'influence diplomatique requis;Sie haben nicht den erforderlichen §Y$INF$§W diplomatischen Einfluss;;No tienes la §Y$INF$§W influencia diplomática requerida;;;;;;;;;
DIP_WAR_NEUTR;We cannot declare war because our neutrality is higher than the present threat. Our neutrality is currently §Y$NEUT$§W and the effective threat between us and $THEM$ allows us to declare war when our neutrality is at §Y$THREAT$§W.;;Wir können nicht den Krieg erklären,  da unsere Neutralität höher als die momentane Bedrohung ist. Unsere Neutralität ist momentan bei §Y$NEUT$§W, und die effektive Bedrohung zwischen uns und $THEM$ läßt uns den Krieg nur erklären, wenn unsere Neutralität bei §Y$THREAT$§W steht.;;No podemos declarar la guerra porque nuestra neutralidad es mayor que la amenaza actual. Nuestra neutralidad es actualmente §Y$NEUT$§W y la amenaza efectiva entre nosotros y $THEM$ nos permite declarar la guerra cuando nuestra neutralidad est?en §Y$THREAT$§W.;;;;;;;;;
DIP_TO_NEUTR;Our neutrality is too high. It is currently §Y$NOW$§W and needs to be below §Y$LIM$§W.;Notre neutralit?est trop élevée. Elle est actuellement de §Y$NOW$§W et doit être abaissée ?§Y$LIM$§W.;Unsere Neutralität ist zu hoch. Sie liegt momentan bei §Y$NOW$§W, muss aber unter §Y$LIM$§W fallen.;;Nuestra neutralidad es demasiado alta. Actualmente es de §Y$NOW$§W y necesita estar por debajo de §Y$LIM$§W.;;;;;;;;;
DIP_THEY_TO_NEUTR;Their neutrality is too high. It is currently §Y$NOW$§W and needs to be below §Y$LIM$§W.;Leur neutralit?est trop élevée. Elle est actuellement de §Y$NOW$§W et doit être abaissée ?§Y$LIM$§W.;Ihre Neutralität ist zu hoch. Sie liegt momentan bei §Y$NOW$§W, muss aber unter §Y$LIM$§W fallen.;;Su neutralidad es demasiado alta. Actualmente es de §Y$NOW$§W y necesita estar por debajo de §Y$LIM$§W.;;;;;;;;;
OFFERALLIANCEDESC;If a country accepts our Alliance offer, it may come to our assistance during wars.;Si un pays accepte notre offre d'alliance, il pourra nous venir en aide en cas de guerre.;Wenn ein Land unser Bündnisangebot akzeptiert, könnte es uns bei unseren Kriegen Beistand leisten.;;Si un país acepta nuestra oferta de alianza puede acudir en nuestra ayuda durante la guerra.;;;;;;;;;
CANCELALLIANCEDESC;Dissolving the current Alliance will, of course, end the current Alliance you have with this country, and will adversely affect relations.;Dissoudre cette alliance va, bien entendu, mettre un terme ?l'alliance que nous avons avec ce pays et affecter de manière négative nos relations avec lui.;Die Auflösung des momentanen Bündnisses wird natürlich Ihr momentanes Bündnis mit diesem Land brechen. Dies wird die Beziehungen auch verschlechtern.;Jeœli pañstwo przyjmie nasz?propozycj?sojuszu, mo¿e nam pomaga?w wypadku wojny. ;La disolución de la alianza actual acabar? por supuesto, con la alianza que tienes actualmente con este país y afectar?negativamente a las relaciones.;Se un paese accetta la nostra proposta di alleanza, ci assisterebbe in caso di guerra.;Ha egy ország elfogadja a szövetségi ajánlatunkat, akkor hábor?esetén a segítségünkre fog sietni.;Pokud zem?akceptuje naši nabídku na spojenectv? bude nám pomáhat v èasech války.;;;;;;
ALLIANCETITLE;Offer Alliance;Offre d'alliance;Bündnis anbieten;Rozwi¹zanie obowi¹zuj¹cego sojuszu oczywiœcie zakoñczy go i pogorszy wzajemne stosunki dyplomatyczne.;Ofrecer alianza;Sciogliere l'alleanza attuale ovviamente porr?fine all'alleanza che hai con questa nazione e avr?effetti negativi sui vostri rapporti.;Ha felbontjuk a jelenlegi szövetséget, akkor meg fog szûnni ezzel az országgal fennáll?szövetségi viszonyunk, és még az is lehet, hogy ezzel egymás ellenségeiv?válunk.;Pokud zrušíte aktuáln?alianci, skonèí spojenectv?s touto zem?a naše vzájemn?vztahy se zhorší.;;;;;;
CANCELALIANCETITLE;Dissolve this Alliance;Dissoudre cette alliance;Dieses Bündnis auflösen;Zaproponuj sojusz;Disolver esta alianza;Offrire alleanza;Szövetség felajánlása;Nabídnout alianci;;;;;;
ALLIANCENEWDESC;Do you wish to offer an Alliance to $COUNTRY$? Doing so will oblige us to assist each other in times of war.;Voulez-vous proposer une alliance ?$COUNTRY$ ? Cela l'obligera ?nous porter une assistance mutuelle en cas de guerre.;Möchten Sie $COUNTRY$ ein Bündnis anbieten? Dies wird uns verpflichten, einander in Kriegszeiten beizustehen.;Rozwi¹¿ sojusz;¿Quieres ofrecer una alianza a $COUNTRY$? Si lo haces, tendremos que ayudarnos mutuamente en tiempos de guerra.;Sciogliere questa alleanza;Szövetség feloldása;Zrušit alianci;;;;;;
BREAKALLIANCENEWDESC;Do you wish to cancel the Alliance with $COUNTRY$? This will upset them.;Voulez-vous annuler l'alliance avec $COUNTRY$ ? Cela va les contrarier.;Möchten Sie das Bündnis mit $COUNTRY$ abbrechen? Dies wird sie verärgern.;Czy chcesz zaproponowa?zawarcie sojuszu pañstwu: $COUNTRY$? Podpisuj¹c go, bêdziemy zobligowani do wzajemnej pomocy w razie wojny.;¿Quieres cancelar la alianza con $COUNTRY$? Esto les molestar?;Desideri offrire un'alleanza a: $COUNTRY$? Questo ci obbligher?a sostenerci a vicenda in tempi di guerra.;Szeretnél szövetséget ajánlani $COUNTRY$ nemzetének? Ha így döntesz, akkor kötelességetek lesz egymás kisegíteni a háborús idõkben.;Chcete nabídnout alianci $COUNTRY$. Pokud tak uèiníme, budeme si muset navzájem pomáhat v èasech války.;;;;;;
ALLIANCEREQDESC;$ACTOR$ offers us an Alliance. By accepting it we are promising to help each other in times of war.;§Y$ACTOR$§W nous propose une alliance. En acceptant, nous nous engageons ?nous porter mutuellement assistance en cas de guerre.;$ACTOR$ bietet uns ein Bündnis an. Hierdurch versprechen wir, einander in Kriegszeiten beizustehen.;Czy chcesz anulowa?sojusz z pañstwem $COUNTRY$. To ich rozgniewa.;$ACTOR$ nos ofrece una alianza. Aceptándola nos comprometemos a ayudarnos mutuamente en tiempos de guerra.;Desideri sciogliere l'alleanza con: $COUNTRY$. Questo li far?andare su tutte le furie.;Valóban meg akarod szakítani a szövetséget $COUNTRY$ nemzetével? Ez nem fog tetszeni nekik.;Chcete zrušit alianci s $COUNTRY$. Jejich vztah k nám se zhorší.;;;;;;
GUARANTTITLE;Proclaim Guarantee;Proclamer une garantie;Garantie proklamieren;$ACTOR$ proponuje nam zawarcie sojuszu. Zgadzaj¹c si? zobowi¹zujemy si?pomaga?sobie wzajemnie w wypadku wojny.;Proclamar garantía;$ACTOR$ ci propone un'alleanza. Accettando, ci impegniamo ad aiutarci a vicenda in tempi di guerra.;$ACTOR$ szövetséget ajánlott nekünk. Így téve meg kell ígérnünk nekik, hogy hábor?esetén egymást fogjuk segíteni.;$ACTOR$ nám nabíz?spojenectv? Pøijmeme-li ho, budeme si muset navzájem pomáhat v èase války.;;;;;;
GUARANTNEWDESC;Do you wish to proclaim a guarantee for $COUNTRY$? If they are attacked, we will be called upon to join the fight.;Souhaitez-vous proclamer une garantie pour $COUNTRY$ ? S'ils sont attaqués, nous devrons alors les soutenir.;Wollen Sie eine Garantie für $COUNTRY$ proklamieren? Wenn sie angegriffen werden, müssen wir ihnen zu Hilfe kommen.;Gwarantuj niepodleg³oœæ;¿Quieres proclamar una garantía para $COUNTRY$? Si les atacan, nos pedirán que les unamos al combate.;Proclamarsi garante;Biztosíték kinyilatkoztatása;Vyhlásit garanci;;;;;;
GUARANTDESC;Proclaiming a guarantee will give us a chance to defend them against those who declare war on them.;Proclamer une garantie nous fournira automatiquement un Casus Belli contre quiconque leur déclarera la guerre.;Eine Garantieproklamation gibt uns einen Kriegsgrund gegen jeden, der ihnen den Krieg erklärt.;;Proclamar una garantía nos dar?la oportunidad de defenderlos de los que le declaren la guerra.;;;;;;;;;
HASGUARANT;We are already guaranteeing them.;Nous nous portons déj?garants pour eux.;Wir haben schon eine Garantie für sie proklamiert.;Gwarantuj¹c im niepodleg³oœæ, uzyskujemy casus belli wzglêdem tych, którzy wypowiedz?wojn?temu krajowi.;Ya los estamos garantizando.;Proclamarsi garante di una nazione ci fornir?un Casus Belli nei confronti di chiunque dichiarer?guerra a quella nazione.;A biztosíték vállalása egyben háborús indítékot is jelent azon nemzetek ellen, aki szövetségesedet megtámadja.;Vyhl?en?garance nám poskytne záminku k válce s kýmkoliv, kdo vyhlás?válku jim.;;;;;;
CALLTITLE;A Call to Arms!;Appel aux armes !;Ein Ruf zu den Waffen!;Ju?zagwarantowaliœmy im niepodleg³oœæ.;¡Una llamada a las armas!;Siamo gi?loro garanti.;Már biztosítottunk õket;Ji?jsme jim poskytli garanci.;;;;;;
CALLREQDESC;The nation of $COUNTRY$, your faithful ally, is requesting that you come to their aid in the conflict against $LIST$. ;La nation de $COUNTRY$, votre fidèle alli? demande que vous veniez ?son aide dans le conflit qui l'oppose ?$LIST$. ;Das Land $COUNTRY$, Ihr treuer Verbündeter, bittet Sie um Hilfe im Konflikt gegen $LIST$.;Do broni!;La nación de $COUNTRY$, tu aliado fiel, solicita tu ayuda en el conflicto contra $LIST$. ;Chiamata alle armi!;Fegyverbe hívás!;Volán?do zbran?;;;;;;
CALLDESC;Call on your partner to aid you in this conflict.;Faites appel ?votre alli?pour vous aider dans ce conflit.;Bitten Sie Ihren Verbündeten, Ihnen in diesem Konflikt zu helfen.;Nasz wierny sojusznik, $COUNTRY$, prosi o pomoc w konflicie z $LIST$.;Pide a tu socio que te ayude en este conflicto.;$COUNTRY$, nazione tua fedele alleata, chiede il tuo aiuto nel conflitto contro: $LIST$.;$COUNTRY$ nemzete, a te h?szövetségesed arra kér, hogy legyél a segítségére $LIST$ ellen.;Zem?$COUNTRY$, v? vìrn?spojenec, vyžaduje vaši pomoc v konfliktu s $LIST$.;;;;;;
CALLNEWDESC;Do you wish to call upon your Allies in these times of war?;Voulez-vous faire appel ?vos alliés en ces temps de guerre ?;Möchten Sie Ihre Verbündeten in diesen Zeiten des Krieges zu Hilfe rufen?;Wezwij na pomoc sojusznika.;¿Quieres pedir ayuda a tus aliados en estos tiempos de guerra?;Chiedi l'aiuto del tuo alleato in questo conflitto.;Segítség kérése a partneredtõl, hogy segítsen megoldani a konfliktust.;Povolat spojence na pomoc v tomto konfliktu.;;;;;;
WARTITLE;Declare War;Déclarer la guerre;Krieg erklären;Czy chcesz wezwa?swoich sojuszników na pomoc?;Declarar la guerra;Desideri chiedere l'aiuto dei tuoi alleati in questi tempi di guerra?;Valóban meg szeretnéd kérni a szövetségesedet, hogy segítsen ebben a háborúban?;Chcete nyn? v èase války, povolat sv?spojence?;;;;;;
WARREQDESC;Do you wish to declare war against $COUNTRY$?;Souhaitez-vous déclarer la guerre ?$COUNTRY$ ?;Möchten Sie $COUNTRY$ den Krieg erklären?;Wypowiedz wojn?¿Quieres declarar la guerra a $COUNTRY$?;Dichiarare guerra;Hábor?kinyilvánítása;Vyhlásit válku.;;;;;;;
LIMWARTITLE;Declare Limited War;Déclarer une guerre limitée;Krieg erklären;Czy chcesz wypowiedzie?wojn?pañstwu $COUNTRY$?;Declarar guerra limitada;Desideri dichiarare guerra a: $COUNTRY$;Valóban háborús állapotot akarsz kinyilvánítani $COUNTRY$ nemzetével szemben?;Chcete vyhlásit válku $COUNTRY$;;;;;;
LIMWARREQDESC;Do you wish to declare limited war against $COUNTRY$?;Souhaitez-vous déclarer une guerre limitée ?$COUNTRY$ ?;Möchten Sie $COUNTRY$ den Krieg erklären?;Wypowiedz wojn?¿Quieres declarar la guerra limitada contra $COUNTRY$?;Dichiarare guerra;Hábor?kinyilvánítása;Vyhlásit válku.;;;;;;;
NAPEDESC;Promise not to declare war on them.;Promettez de ne pas leur déclarer la guerre.;Versprechen, ihnen nicht den Krieg zu erklären.;Czy chcesz wypowiedzie?wojn?pañstwu $COUNTRY$?;Prometer no declararles la guerra.;Desideri dichiarare guerra a: $COUNTRY$;Valóban háborús állapotot akarsz kinyilvánítani $COUNTRY$ nemzetével szemben?;Chcete vyhlásit válku $COUNTRY$;;;;;;
CANCELNAPDESC;Revoke our promise of non-aggression;Révoquez notre promesse de non-agression.;Unser Nichtangriffsversprechen  zurückziehen;;Revocar nuestra promesa de no agresión;;;;;;;;;
NAPTITLE;Non-Aggression Pact;Pacte de non-agression;Nichtangriffspakt;;Pacto de no agresión;;;;;;;;;
CANCELNAPTITLE;Revoke Non-Aggression Pact;Révoquez le pacte de non-agression;Nichtangriffspakt brechen;;Revocar pacto de no agresión;;;;;;;;;
NAPNEWDESC;Do you wish to sign a Non-Aggression Pact with $COUNTRY$?;Souhaitez-vous signer un pacte de non-agression avec $COUNTRY$ ?;Möchten Sie einen Nichtangriffspakt mit $COUNTRY$ unterzeichnen?;;¿Quieres firmar un pacto de no agresión con $COUNTRY$?;;;;;;;;;
BREAKNAPNEWDESC;Do you wish to cancel the Non-Aggression Pact we have with $COUNTRY$?;Souhaitez-vous annuler le pacte de non-agression que nous avons sign?avec $COUNTRY$ ?;Möchten Sie unseren Nichtangriffspakt mit $COUNTRY$ brechen?;;¿Quieres cancelar el pacto de no agresión que tenemos con $COUNTRY$?;;;;;;;;;
NAPREQDESC;$ACTOR$ offers us a Non-Aggression Pact. By accepting it, we are promising not to attack each other until the deal is canceled.;$ACTOR$ nous propose un pacte de non-agression. Si nous l'acceptons, nous nous engageons ?ne pas nous attaquer mutuellement jusqu'?son annulation.;$ACTOR$ bietet uns einen Nichtangriffspakt an. Wenn wir ihn annehmen, versprechen wir damit, uns gegenseitig nicht anzugreifen, bis das Abkommen aufgehoben wird.;;$ACTOR$ nos ofrece un pacto de no agresión. Si lo aceptamos, prometemos no atacarnos mutuamente hasta que se cancele el acuerdo.;;;;;;;;;
MILACCTITLE;Ask for Military Access;Demander un droit d'accès militaire;Um Durchmarscherlaubnis bitten;;Solicitar derechos de tránsito;;;;;;;;;
MILACCNEWDESC;Do you wish to request Military Access from $COUNTRY$, thereby allowing our ships and armies access to their territories?;Souhaitez-vous demander un droit ?l'accès militaire ?$COUNTRY$, qui permettront ?nos navires et ?nos armées d'avoir accès ?leurs territoires ?;Möchten Sie $COUNTRY$ um Durchmarscherlaubnis bitten, die unseren Schiffen und Armeen Zugang zu ihrem Gebiet erlaubt?;;¿Quieres pedir derechos de tránsito de $COUNTRY$, permitiendo que nuestros barcos y ejércitos accedan a sus territorios?;;;;;;;;;
MILACCDESC;Request access to their territory.;Demandez l'accès ?leur territoire.;Um Zugangserlaubnis zu ihrem Gebiet bitten.;;Solicitar acceso a su territorio.;;;;;;;;;
MILACCREQDESC;$COUNTRY$ is requesting Military Access from us. Accepting will allow them to move ships and armies into our territory.;$COUNTRY$ nous demande un droit d'accès militaire. Si on accepte, cela leur permettra des mouvements de navires et d'armées sur notre territoire.;$COUNTRY$ bittet uns um Durchmarscherlaubnis. Dies würde ihren Schiffen und Armeen Zugang zu unserem Gebiet erlauben.;;$COUNTRY$ nos pide derechos de tránsito. Si los aceptamos, les permitir?mover barcos y ejércitos en nuestro territorio.;;;;;;;;;
CANCELMILACCDESC;Cancel our Military Access in their country.;Annulez le droit d'accès militaire pour leur pays.;Unsere Durchmarscherlaubnis für ihr Land aufheben.;;Cancelar nuestros derechos de tránsito a su país.;;;;;;;;;
CANCELMILACCTITLE;Cancel Military Access;Annulez le droit d'accès militaire;Durchmarscherlaubnis aufheben;;Cancelar derechos de tránsito;;;;;;;;;
OFFERMILACCTITLE;Give Military Access;Accordez un droit d'accès militaire;Durchmarscherlaubnis gewähren;;Dar derechos de tránsito;;;;;;;;;
OFFERMILACCNEWDESC;Do you wish to give Military Access to $COUNTRY$? This will enable them to station troops in our territories and ports.;Souhaitez-vous accorder un droit d'accès militaire ?$COUNTRY$ ? Cela leur permettra de stationner des troupes sur notre territoire et dans nos ports.;Möchten Sie $COUNTRY$ Durchmarscherlaubnis gewähren? Dies erlaubt ihnen, auf unserem Gebiet und in unseren Häfen Truppen zu stationieren.;;¿Quieres dar derechos de tránsito a $COUNTRY$? Esto les permitir?emplazar tropas en nuestros territorios y puertos.;;;;;;;;;
OFFERMILACCDESC;Enable them to station troops and ships in our country.;Autorisez-les ?stationner leurs troupes et leurs navires dans notre pays.;Erlaubt ihnen die Stationierung von Truppen und Schiffen in unserem Land.;;Permitirles que emplacen tropas y barcos en nuestro país.;;;;;;;;;
REVOKEMILACCTITLE;Revoke Military Access.;Révoquez le droit d'accès militaire.;Durchmarscherlaubnis aufheben.;Umo¿liwia stacjonowanie ich wojsk oraz okrêtów na terytorium naszego pañstwa.;Revocar derechos de tránsito.;Autorizzare il loro stazionamento di truppe e navi nel nostro paese.;Egységeik és hajóik országunkban lév?állomásozásának engedélyezése.;Dovolit jejich vojákùm a lodím pøístup na naše územ?;;;;;;
REVOKEMILACCNEWDESC;Do you wish to revoke the Military Access given to $COUNTRY$? Doing so will prevent their troops from accessing our country and ports.;Souhaitez-vous révoquer le droit d'accès militaire accord??$COUNTRY$ ? Si oui, cela empêchera leurs troupes d'avoir accès ?notre pays et ?nos ports.;Möchten Sie die Durchmarscherlaubnis an $COUNTRY$ aufheben? Dies wird ihren Truppen den Zugang zu unserem Gebiet und unseren Häfen verweigern.;;¿Quieres revocar los derechos de tránsito concedidos a $COUNTRY$? Si lo haces, evitarás que sus tropas tengan acceso a nuestro territorio y puertos.;;;;;;;;;
REVOKEMILACCDESC;Revoke their ability to station troops and ships in our country.;Révoquer l'accès de leurs troupes et de leurs navires ?notre territoire.;Entzieht ihnen die Erlaubnis zur Stationierung von Truppen und Schiffen in unserem Land.;;Revocar su capacidad para emplazar tropas y barcos en nuestro país.;;;;;;;;;
CANCELMILACCNEWDESC;Do you wish to cancel the Military Access given to us by $COUNTRY$? Doing so will prevent our troops from having access to their territory and ports.;Souhaitez-vous annuler le droit d'accès militaire que $COUNTRY$ nous a accord?? Si oui, nos troupes n'auront plus accès ?leur territoire et ?leurs ports.;Möchten Sie die uns von $COUNTRY$ gegebene Durchmarscherlaubnis aufheben? Dies wird unseren Truppen den Zugang zu ihrem Gebiet und ihren Häfen verweigern.;Odwo³aj zgod?na przemarsz i stacjonowanie ich wojsk oraz okrêtów na terytorium naszego pañstwa.;¿Quieres cancelar los derechos de tránsito que nos ha concedido $COUNTRY$? Si lo haces, evitarás que nuestras tropas tengan acceso a su territorio y puertos.;Revocare la loro autorizzazione allo stazionamento di truppe e navi nel nostro paese.;Visszavonod az engedélyt, így egységeik és hajóik nem tartózkodhatnak országodban.;Zrušit jejich vojákùm a lodím pøístup na naše územ?;;;;;;
CANCELMILACCDESC_NOPES_TROOPS;We cannot cancel Military Access while we still have forces inside their borders.;Nous ne pouvons pas annuler le droit d'accès militaire tant que nous avons encore des forces ?l'intérieur de leurs frontières.;Wir können die Durchmarscherlaubnis nicht aufheben, solange wir noch Truppen innerhalb ihrer Grenzen haben.;;No podemos cancelar los derechos de tránsito mientras tengamos tropas dentro de sus fronteras.;;;;;;;;;
TRADETITLE;Offer Trade Agreement;Proposer un accord commercial.;Angebot: Handelsabkommen;;Ofrecer acuerdo comercial;;;;;;;;;
CANCELTRADETITLE;Cancel Trade Agreement;Annuler un accord commercial.;Handelsabkommen aufkündigen;Zaproponuj umow?handlow?Cancelar acuerdo comercial;Offrire accordo commerciale;Kereskedelmi egyezmény felajánlása;Nabídnout obchodn?dohodu;;;;;;;
TRADENEWDESC;We offer §Y$COUNTRY$§W to trade $SELL$ per day for $BUY$ per day.;Nous proposons ?§Y$COUNTRY$§W d'échanger $SELL$ par jour contre $BUY$ par jour.;Wir bieten §Y$COUNTRY$§W an, täglich $SELL$ gegen $BUY$ auszutauschen.;Anuluj umow?handlow?Nosotros ofrecemos §Y$COUNTRY$§W comerciar $SELL$ por día por $BUY$ por día.;Annullare accordo commerciale ;Kereskedelmi egyezmény visszavonása;Zrušit obchodn?dohodu;;;;;;;
CANCELTRADENEWDESC;Do you wish to cancel our agreement with $COUNTRY$?\nThis will stop the transfer of $SELL$ for $BUY$.;Souhaitez-vous annuler notre accord avec $COUNTRY$ ?\nCela stoppera le transfert de $SELL$ pour $BUY$.;Möchten Sie unser Abkommen mit $COUNTRY$ brechen?\nDies beendet den Transfer von $SELL$ gegen $BUY$.;;¿Quieres cancelar nuestro acuerdo con $COUNTRY$?\nEsto cesar?la transferencia de $SELL$ por $BUY$.;;;;;;;;;
TRADEDESC;This will allow us to negotiate to either sell or buy resources.;Cela nous permettra de négocier la vente ou l'achat de ressources.;Dies erlaubt uns die Verhandlung um den Kauf oder Verkauf von Ressourcen.;;Nos permitir?negociar para vender o comprar recursos.;;;;;;;;;
CANCELTRADEDESC;Cancel our Trade Agreement.;Annulez notre accord commercial;Unser Handelsabkommen aufheben.;;Cancelar nuestro acuerdo comercial.;;;;;;;;;
TRADEREQDESC;$COUNTRY$ is offering us a Trade Agreement. \n We would give them $TO$ each day in exchange for $FROM$ each day.;$COUNTRY$ nous propose un accord commercial. \n Nous leur donnerions $TO$ par jour en échange de $FROM$ par jour.;$COUNTRY$ bietet uns ein Handelsabkommen an. \n Wir gäben ihnen täglich $TO$ im Austausch für $FROM$.;;$COUNTRY$ nos ofrece un acuerdo comercial. \nLes daríamos $TO$ al día a cambio de $FROM$ al día.;;;;;;;;;
TRADE_DAY;$VAL$/Day;$VAL$/Jour;$VAL$/Tag;;$VAL$/Día;;;;;;;;;
TRADE_NOTHING;Nothing;Rien;Nichts;;Nada;;;;;;;;;
NO_TRADE_RULE;Only if both parties have the $RULE$ rule could we trade resources for resources.;Seulement si les deux parties ont les $RULE$ nous pourrions échanger ressources contre ressources.;Nur wenn beide Parteien die $RULE$-Regel haben, können wir Ressourcen gegen Ressourcen tauschen.;;Solo si ambas partes tienen la norma $RULE$ podríamos comerciar con recursos mutuamente.;;;;;;;;;
SENDEXPEDTITLE;Expeditionary Force;Corps expéditionnaire;Expeditionstruppe;;Fuerza expedicionaria;;;;;;;;;
SENDEXPEDNEWDESC;Do you wish to send an expeditionary force to $RECIPIENT$ to use as they see fit?;Souhaitez-vous envoyer un corps expéditionnaire de $RECIPIENT$ pour emploi selon les besoins ?;Möchten Sie eine Expeditionstruppe an $RECIPIENT$ entsenden?;;¿Quieres enviar una fuerza expedicionaria a $RECIPIENT$ para que la usen como mejor convenga?;;;;;;;;;
SENDEXPEDDESC;Send a formation as an expeditionary force.;Envoyez une formation comme corps expéditionnaire.;Eine Formation als Expeditionstruppe entsenden.;;Enviar una formación como fuerza expedicionaria.;;;;;;;;;
RETRIEVEEXPEDTITLE;Retrieve Expeditionary Force;Récupérez votre corps expéditionnaire;Expeditionstruppe zurückholen;;Evacuar fuerza expedicionaria;;;;;;;;;
RESENDEXPEDTITLE;Return Expeditionary Force;Renvoyez votre corps expéditionnaire;Expeditionstruppe neu entsenden;;Volver a enviar fuerza expedicionaria;;;;;;;;;
RETRIEVEEXPEDNEWDESC;Do you wish a unit to be returned home to §Y$RECIPIENT$§W?\nIf you do so, the unit will revert to the original owner on §Y$DATE$§W;Souhaitez-vous qu'une unit?rentre ?§Y$RECIPIENT$§W ?\nSi oui, l'unit?retournera ?son véritable propriétaire le §Y$DATE$§W.;Wollen Sie eine Einheit nach §Y$RECIPIENT$§W zurückholen?\nWenn ja, wird die Einheit ihrem ursprünglichen Besitzer am §Y$DATE$§W zurückgeführt;;¿Quieres que una unidad regrese a casa a §Y$RECIPIENT$§W?\nSi lo haces, la unidad regresar?al propietario original el §Y$DATE$§W;;;;;;;;;
RETRIEVEEXPEDDESC;Demand that an expeditionary force return home to you.;Demandez qu'un corps expéditionnaire rentre chez vous.;Rückkehr einer Expeditionstruppe verlangen.;;Solicitar que una fuerza expedicionaria regrese a casa.;;;;;;;;;
RESENDEXPEDDESC;Send an expeditionary force back to its owner.;Renvoyez un corps expéditionnaire ?son propriétaire.;Expeditionstruppe zurück an ihren Eigentümer senden.;;Enviar de vuelta a una fuerza expedicionaria junto a su propietario.;;;;;;;;;
EXPEDNEWDESC_ARMY;\nYou have currently selected §Y$UNIT$§W. It contains a total of $NUM$ Divisions.\nThe unit is currently located in §Y$PROV$§W.;\nVous avez actuellement choisi, §Y$UNIT$§W, elle comprend au total $NUM$ navires.\nL'unit?se trouve actuellement ?§Y$PROV$§W.;\nSie haben momentan §Y$UNIT$§W ausgewählt, mit einer Gesamtzahl von $NUM$ Divisionen.\nDie Einheit befindet sich momentan in §Y$PROV$§W.;;\nActualmente has seleccionado §Y$UNIT$§W, que incluye un total de $NUM$ divisiones.\nLa unidad se encuentra localizada actualmente en §Y$PROV$§W.;;;;;;;;;
EXPEDNEWDESC_NAVY;\nYou have currently selected §Y$UNIT$§W. It contains a total of $NUM$ Ships.\nThe unit is currently located in §Y$PROV$§W.;\nVous avez actuellement choisi, §Y$UNIT$§W, elle comprend au total $NUM$ navires.\nL'unit?se trouve actuellement ?§Y$PROV$§W.;\nSie haben momentan §Y$UNIT$§W ausgewählt, mit einer Gesamtzahl von $NUM$ Schiffen.\nDie Einheit befindet sich momentan in §Y$PROV$§W.;;\nActualmente has seleccionado §Y$UNIT$§W, que incluye un total de $NUM$ barcos.\nLa unidad se encuentra localizada actualmente en §Y$PROV$§W.;;;;;;;;;
EXPEDNEWDESC_AIR;\nYou have currently selected §Y$UNIT$§W. It contains a total of $NUM$ air wings.\nThe unit is currently located in §Y$PROV$§W.;\nVous avez actuellement choisi, §Y$UNIT$§W, elle comprend au total $NUM$ escadrilles.\nL'unit?se trouve actuellement ?§Y$PROV$§W.;\nSie haben momentan §Y$UNIT$§W ausgewählt, mit einer Gesamtzahl von $NUM$ Schwadronen.\nDie Einheit befindet sich momentan in §Y$PROV$§W.;;\nActualmente has seleccionado §Y$UNIT$§W, que incluye un total de $NUM$ escuadrones.\nLa unidad se encuentra localizada actualmente en §Y$PROV$§W.;;;;;;;;;
ASKEXPEDITIONREQDESC;§Y$ACTOR$§W is offering us §G$UNIT$§W as an expeditionary force. \n §G$UNIT$§W contains $NUM$ $TYPE$s that may use as we please until they are recalled.\n$UNIT$ is currently located in $PROV$.;§Y$ACTOR$§W nous propose §G$UNIT$§W comme corps expéditionnaire. \n§G$UNIT$§W comprend $NUM$ $TYPE$s que nous pouvons utiliser ?notre gr?jusqu'?leur rappel.\n$UNIT$ se trouve actuellement ?$PROV$.;§Y$ACTOR$§W bietet uns §G$UNIT$§W als Expeditionstruppe an. \n §G$UNIT$§W enthält $NUM$ $TYPE$s, die wir beliebig einsetzen können, bis sie zurückbeordert werden.\n$UNIT$ befindet sich momentan in $PROV$.;;§Y$ACTOR$§W nos ofrece §G$UNIT$§W como una fuerza expedicionaria. \n §G$UNIT$§W incluye $NUM$ $TYPE$s que podemos usarlos como nos convenga hasta que se reincorporen.\n$UNIT$ se encuentra ubicada actualmente en $PROV$.;;;;;;;;;
EXP_DIVISION;Division;Division;Division;;División;;;;;;;;;
EXP_SQUADRON;Air wing;Escadrille;Schwadron;;Escuadrón;;;;;;;;;
EXP_SHIP;Ships;Navires;Schiffe;;Barcos;;;;;;;;;
BUYLICENCETITLE;Buy Production Licence;Acheter une licence de production;Produktionslizenz kaufen;;Comprar licencia de producción;;;;;;;;;
BUYLICENCENEWDESC;Do you wish to request a production licence for §Y$RUNS$§W parallel production runs of §Y$NUM$§W §Y$TYPE$§W?\nWe will agree to pay §Y$PAY$§W.;Souhaitez-vous demander une licence de production pour §Y$RUNS$§W séries de production parallèle de §Y$NUM$§W §Y$TYPE$§W ?\nNous sommes prêts ?payer §Y$PAY$§W.;Möchten Sie eine Baulizenz für §Y$RUNS$§W Parallelbauten von §Y$NUM$§W §Y$TYPE$§W beantragen?\nWir zahlen dafür §Y$PAY$§W.;;¿Quieres solicitar una licencia de producción para §Y$RUNS$§W una producción paralela de §Y$NUM$§W §Y$TYPE$§W?\nAccedemos a pagar §Y$PAY$§W.;;;;;;;;;
BUYLICENCEDESC;Request to build a number of units developed by another country.;Demandez ?construire un certain nombre d'unités développées par un autre pays.;Bau einer Anzahl von Einheiten beantragen, die von einem anderen Land entwickelt wurden.;;Solicitar construir una serie de unidades desarrolladas por otro país.;;;;;;;;;
SELLLICENCETITLE;Sell Production Licence;Vendre une licence de production;Baulizenz verkaufen;;Vender licencia de producción;;;;;;;;;
SELLLICENCENEWDESC;Do you wish to offer a production licence for §Y$RUNS$§W production runs of §Y$NUM$§W §Y$TYPE$§W?\nWe will agree to pay §Y$PAY$§W.;Souhaitez-vous proposer une licence de production pour §Y$RUNS$§W séries de §Y$NUM$§W §Y$TYPE$§W ?\nNous sommes prêts ?payer §Y$PAY$§W.;Möchten Sie eine Baulizenz für §Y$RUNS$§W Parallelbauten von §Y$NUM$§W §Y$TYPE$§W anbieten?\nWir zahlen dafür §Y$PAY$§W.;;¿Quieres ofrecer una licencia de producción por §Y$RUNS$§W por un valor de producción de §Y$NUM$§W §Y$TYPE$§W?\nAccedemos a pagar §Y$PAY$§W.;;;;;;;;;
SELLLICENCEDESC;Request to build a number of units developed by another country.;Demandez ?construire un certain nombre d'unités développées par un autre pays.;Bau einer Anzahl von Einheiten beantragen, die von einem anderen Land entwickelt wurden.;;Solicitar la construcción de una serie de unidades desarrolladas por otro país.;;;;;;;;;
BUYLICENCENONE;Select a unit to build on licence.;Choisissez une unit??construire sous licence.;Einheit auswählen, die unter Lizenz gebaut werden soll.;;Seleccionar una unidad para construir una licencia.;;;;;;;;;
ASKBUYLICENCEREQDESC;§Y$ACTOR$§W is requesting our permission and technical expertise in producing §Y$NUM$§W units of $TYPE$§W\nFor this they are willing to pay us§Y$CASH$§W.;§Y$ACTOR$§W demande notre autorisation et une expertise technique pour la production de §Y$NUM$§W unités de $TYPE$§W\nIls sont d'accord pour nous payer §Y$CASH$§W.;§Y$ACTOR$§W fordert unsere Erlaubnis und technische Expertise für den Bau von §Y$NUM$§W Einheiten des Typs $TYPE$§W an. \nHierfür wollen sie uns §Y$CASH$§W zahlen.;;§Y$ACTOR$§W solicita nuestro permiso y conocimiento técnico para producir §Y$NUM$§W unidades de $TYPE$§W\nA cambio, están dispuestos a pagarnos §Y$CASH$§W.;;;;;;;;;
BUYLICENCE_MPCOST;We lack the $COST$ necessary manpower;Il nous manque les $COST$ de main d'œuvre nécessaires;Wir haben nicht die nötige $COST$ Mannstärke;;Nos faltan $COST$ de recursos humanos;;;;;;;;;
ALLOWDEBTTITLE;Allow Debt;Permettre un endettement;Verschuldung erlauben;;Permitir deuda;;;;;;;;;
REVOKEDEBTTITLE;Revoke Debt;Révoquer la dette;Verschuldung zurücknehmen;;Revocar deuda;;;;;;;;;
ALLOWDEBTDESC_BAD;Allow the nation to accumulate debt during wartime when trading with you.;Permettez ?un pays de s'endetter pendant la guerre, lorsqu'il commerce avec vous.;Der Nation in Kriegszeiten beim Handel mit Ihnen steigende Verschuldung erlauben.;;Permitir que la nación acumule deuda durante el tiempo de guerra cuando comercie contigo.;;;;;;;;;
REVOKEDEBTDESC;No longer allow the nation to go into debt when trading with you during wartime.;Ne permettez plus ?un pays de s'endetter quand il commerce avec vous.;Der Nation beim Handel mit Ihnen keine weitere Verschuldung erlauben.;;No permitir a la nación por más tiempo que se endeude cuando comercie contigo.;;;;;;;;;
ALLOWDEBTNEWDESC;Do you wish to request permission to accumulate debt when trading with §Y$NAME$§W? \n This will allow us to trade at a deficit during wartime, a debt that will be repaid over §Y$YEAR$§W years when peace resumes.\nThis action will cost us §Y$COST$§W influence points.;Désirez-vous demander la permission d'accumuler les dettes dans les échanges avec §Y$NAME$§W ? \nCela nous permettra de négocier un déficit en temps de guerre, des dettes qui devront être remboursées sur §Y$YEAR$§W années lorsque reviendra la paix.\nCette action nous coûtera §Y$COST$§W points d'influence. ;Möchten Sie um Erlaubnis bitten,  beim Handel mit §Y$NAME$§W Schulden zu machen? \n Hierdurch können wir in Kriegszeiten mit einem Handelsdefizit handeln, einer Verschuldung, die nach dem Kriegsende über §Y$YEAR$§W Jahre hinweg abgezahlt wird.\nDiese Handlung wird uns §Y$COST$§W Einflusspunkte kosten.;;¿Quieres solicitar permiso para acumular deuda cuando comercies con §Y$NAME$§W? \n Esto nos permitir?comerciar con déficit durante tiempos de guerra, una deuda que se devolver?en §Y$YEAR$§W años cuando se imponga la paz.\nEsta acción nos costar?§Y$COST$§W puntos de influencia.;;;;;;;;;
REVOKEDEBTNEWDESC;Do you wish revoke §Y$NAME$§W's permission to accumulated debt in their dealings with us?\nThis action will cost us §Y$COST$§W influence points.;Souhaitez-vous révoquer la permission accordée ?§Y$NAME$§W de s'endetter en commerçant avec nous ?\nCette action nous coûtera §Y$COST$§W points d'influence.;Möchten Sie §Y$NAME$§Ws die Erlaubnis für steigende Verschuldung in ihren Geschäften mit uns entziehen?\nDiese Handlung wird uns §Y$COST$§W Einflusspunkte kosten.;;¿Quieres revocar a §Y$NAME$§Ws el permiso para acumular deuda en sus tratos con nosotros?\nEsta acción nos costar?§Y$COST$§W puntos de influencia.;;;;;;;;;
ASKDEBTREQDESC;§Y$ACTOR$§W is requesting to be allowed to run a debt when trading with us.\nThis means that when they trade with us during wartime, we do not get paid in cash but instead they will owe us. The debt will be paid over time after the war.\nShould we allow them this?;§Y$ACTOR$§W demande ?être autoris??démarrer un crédit commerciale avec nous. \nCela signifie que quand ils commerceront avec nous en temps de guerre, nous ne serons plus payés en espèces, mais plutôt qu'ils nous le devront. La dette sera payable peu de temps après la fin de la guerre. \nFaut-il leur permettre cela ? ;§Y$ACTOR$§W bittet um Erlaubnis, beim Handel mit uns Schulden zu machen.\nDies bedeutet, dass wir für unsere Geschäfte mit ihnen während Kriegszeiten nicht bezahlt werden, sondern sie uns das Geld schulden. Diese Schulden werden nach dem Krieg nach und nach abbezahlt.\nSollen wir ihnen das erlauben?;;§Y$ACTOR$§W solicita que le permitamos contraer una deuda cuando comercie con nosotros.\nEsto significa que si comercia con nosotros en tiempos de guerra, no nos pagarán en efectivo sino que nos lo deberán. La deuda se pagar? con el tiempo, después de la guerra.\n¿Deberíamos permitírselo?;;;;;;;;;
REMOVE_PEACEDESC;Offer peace with minimal border adjustments.;Faites une offre de paix avec un ajustement minimal des frontières.;Frieden mit minimalen Grenzänderungen anbieten.;;Ofrecer paz con ajustes de frontera mínimos.;;;;;;;;;
PEACETITLE;Peace;Paix;Frieden;;Paz;;;;;;;;;
PEACENEWDESC;Do you wish to request peace with $COUNTRY$. $SELF$?\nIf they accept, the war will end. $RESULT$;Souhaitez-vous demander la paix ?$COUNTRY$. $SELF$ ?\nS'ils acceptent, la guerre sera finie. $RESULT$ ;Möchten Sie $COUNTRY$ um Frieden bitten, $SELF$?\nWenn sie annehmen, endet der Krieg. $RESULT$;;¿Quieres solicitar la paz a $COUNTRY$? $SELF$?\nSi aceptan, ser?el fin de la guerra. $RESULT$;;;;;;;;;
PEACENEWALLY;They are negotiating for their allies.;Ils négocient pour leurs alliés.;Sie verhandeln für ihre Verbündeten;;Están negociando para sus aliados.;;;;;;;;;
PEACESELF;They are negotiating for themselves.;Ils négocient pour eux-mêmes.;Sie verhandeln für sich selbst;;Están negociando para s?mismos.;;;;;;;;;
PEACENEWWITHE;All territory will revert to its prewar owner.;Tout le territoire retournera ?son propriétaire d'avant-guerre.;Alle Gebiete gehen an ihre ursprünglichen Eigentümer zurück.;;Todo el territorio volver?a estar en manos de quien lo poseía antes de la guerra.;;;;;;;;;
PEACENEWPROVUS;§Y$NATION$§W will cede §R;§Y$NATION$§W céderont §R;§Y$NATION$§W tritt §R ab;;§Y$NATION$§W ceder?§R;;;;;;;;;
PEACENEWPROVTHEM;§Y$NATION$§W will cede §G;§Y$NATION$§W céderont §G;§Y$NATION$§W tritt §G an;;§Y$NATION$§W ceder?§G;;;;;;;;;
PEACETO;to §Y$REC$§W;?§Y$REC$§W;§Y$REC$§W ab;;a §Y$REC$§W;;;;;;;;;
PEACENONE;no provinces;pas de province;keine Provinzen;;no hay provincias;;;;;;;;;
PEACEREQDESC;$COUNTRY$ is requesting an end to hostilities. If we accept, the war will end.\n$RESULT$\nDo you wish to accept their offer?;$COUNTRY$ demande la fin des hostilités. Si nous acceptons, la guerre sera finie.\n$RESULT$\nSouhaitez-vous accepter leur offre ?;$COUNTRY$ fordert ein Ende der Feindseligkeiten. Wenn wir akzeptieren, endet der Krieg.\n$RESULT$\nMöchten Sie ihr Angebot annehmen?;;$COUNTRY$ solicita poner fin a las hostilidades. Si aceptamos, la guerra acabar?\n$RESULT$\n¿Quieres aceptar su oferta?;;;;;;;;;
TRADENO_PORTS;You cannot initiate overseas trading without both partners having a port to ship it through.;Vous ne pouvez pas faire de commerce maritime si chacune des parties ne dispose pas d'un port pour livrer les marchandises.;Sie können keinen Überseehandel betreiben, wenn nicht beide teilnehmenden Länder einen Hafen haben.;;No puedes realizar comercio exterior si ambas partes no disponen de un puerto en el que los barcos atraquen.;;;;;;;;;
PEACE_NOT_LEADER;You can only negotiate with the leader of your enemy;Vous ne pouvez négocier qu'avec le meneur de guerre de votre ennemi;Sie können nur mit dem feindlichen Anführer verhandeln;;Solo puedes negociar con el líder de tu enemigo;;;;;;;;;
STOPNFLDESC;Stop Improving relations with nation.;Cesser d'améliorer les relations avec un pays.;Beziehungsverbesserungen mit dem Land beenden.;;Dejar de mejorar las relaciones con esa nación.;;;;;;;;;
UNLIMITED;Unlimited;Illimit?Unbeschränkt;;ILIMITADO;;;;;;;;;;
STOPINFLTITLE;Stop influencing nation;Cesser d'influencer un pays;Einfluss auf das Land beenden;;Dejar de influenciar a la nación;;;;;;;;;
STOPINFLNEWDESC;Do you wish to stop exerting influence on $RECIPIENT$?;Souhaitez-vous cesser d'exercer une influence sur $RECIPIENT$ ?;Möchten Sie den Einfluss auf $RECIPIENT$ beenden?;;¿Quieres dejar de ejercer influencia sobre $RECIPIENT$?;;;;;;;;;
STOPINFLDESC;Stop improving relations with nation.;Cesser l'amélioration des relations avec un pays.;Beziehungsverbesserungen mit dem Land beenden.;;Cesar de mejorar relaciones con la nación.;;;;;;;;;
INFLUENCING_WITH;Influencing;Influence;Beeinflussen;;Influenciar;;;;;;;;;
ICON_LICENCE;Production Licence Inquiry;Requête de licence de production;Anfrage nach Baulizenz;;Investigación de licencia de producción;;;;;;;;;
ICON_ALLIANCE;An §Yalliance§W offer;Une offre d'§Yalliance§W;Ein §YBündnis§W-Angebot;;Una oferta de §Yalliance§W;;;;;;;;;
ICON_ASKMIL;A request for §YMilitary Access§W;Une requête d'§Yaccès militaire§W;Eine Anfrage nach §YMilitärzugang§W;Propozycja §Ysojuszu§W;Una solicitud de §YMilitary Access§W;Un'offerta di §Yalleanza§W;§YSzövetségi§W ajánlat;Nabídka §Yaliance§W;;;;;;
ICON_OFFACC;An offer of §YMilitary Access§W;Une offre d'§Yaccès militaire§W;Ein Angebot für §YMilitärzugang§W;Proœba o mo¿liwoœæ §Yprzemarszu§W;Una oferta de §YMilitary Access§W;Una richiesta di §Yaccesso militare§W;§YKatonai hozzáférés§W kérése;Požadavek na §Yvojensk?pøístup§W;;;;;;
ICON_CALLALLY;A §YCall to arms from one of our allies§W;Un §Yappel aux armes d'un de nos alliés§W;Ein §YRuf zu den Waffen von einem unserer Bündnispartner§W;Oferta §Yprzemarszu wojsk§W;Una §YCall to arms from one of our allies§W;Un'offerta di §Yaccesso militare§W;§YKatonai hozzáférés§W felajánlása;Nabídka §Yvojenského pøístupu§W;;;;;;
ICON_TRADE;A §YTrade Offer§W;Une §Yproposition d'accord commercial§W;Ein §YHandelsangebot§W;§YWezwanie do walki od jednego z naszych sojuszników§W;Una §YTrade Offer§W;Una §YChiamata alle armi da uno dei nostri alleati§W;§YFegyverbe hívás§W az egyik szövetségesünktõl;§YVolán?do zbran?od jednoho z našich spojencù§W;;;;;;
MESSAGE_HEAD_GOV;The Minister of Security reports;Le ministre de la sécurit?rapporte que;Der Minister für innere Sicherheit meldet;;El Ministro de Seguridad informa;;;;;;;;;
MESSAGE_HEAD_MARS;The General Staff reports;L'état-major rapporte que;Der Generalstab meldet;;El General del Estado Mayor informa;;;;;;;;;
MESSAGE_HEAD_CHAN;The Foreign Office reports;Le ministère des Affaires étrangères rapporte que;Der Außenminister meldet;;El Ministerio de Asuntos Exteriores informa;;;;;;;;;
MESS_BADWORDS1;the fools;ces idiots;die Narren;;los necios;;;;;;;;;
MESS_BADWORDS2;the traitors;ces perfides;die Verräter;;esos traidores;;;;;;;;;
MESS_BADWORDS3;the warmongers;ces belliqueux;die Kriegstreiber;;los belicistas;;;;;;;;;
MESS_BADWORDS4;the imbeciles;ces imbéciles;die Idioten;;los imbéciles;;;;;;;;;
DECLWAR_GUARACANCELNTEE;You cannot declare war on a nation you guarantee;Vous ne pouvez pas déclarer la guerre ?une nation pour laquelle vous vous portez garant;Sie können keiner Nation den Krieg erklären, der Sie Garantien gewährt haben;;No puedes declarar la guerra a una nación que garantizas;;;;;;;;;
# Buliding Names;;;;;;;;;;;;;;
CODE;ENGLISH;FRENCH;GERMAN;;SPANISH;;;;;;;;;
AND_TRIGGER_STARTS;All of the below;toutes ces conditions sont réalisées ;Alles unten angegebene;POLSKI;Todos los siguientes;ITALIAN;SWEDISH;CZECH;HUNGARIAN;DUTCH;PORTUGESE;RUSSIAN;FINNISH;
Default;Default;Par défaut;Standard;;Por defecto;;;;;;;;;
RETREAT_TO_OI;Retreating to $WHERE$.;Retraite vers $WHERE$.;Rückzug nach $WHERE$.;;Retirándose hacia $WHERE$.;;;;;;;;;
ATTACKING_TO_OI;Attacking $WHERE$.;Attaque $WHERE$.;Angriff auf $WHERE$.;;Atacando $WHERE$.;;;;;;;;;
DEFENDING_OI;Defending.;Défense.;Verteidigung;;Defendiendo.;;;;;;;;;
RECOVERING_OI;Currently Reinforcing;Renforts actuels;Erhält Verstärkung;;Reforzando en este momento;;;;;;;;;
FROM_TECHNOLOGY;From Improved Technology;De l'amélioration de la technologie ;Aus verbesserter Technologie;;De tecnología mejorada;;;;;;;;;
MODIFIER_OFFICER_RECRUITMENT;Officer Recruitment;Recrutement des officiers;Ausbildung von Offizieren;;Reclutamiento de oficiales;;;;;;;;;
headline_statistics;STATISTICS;STATISTIQUES;STATISTIKEN;;ESTADÍSTICAS;;;;;;;;;
AND_MORE;&& ....;&& ....;&& ....;;&& ....;;;;;;;;;
DCG_TOTAL_NEED;We need a total of §Y$PERC$%§W of our IC into consumer goods.;Il nous faut un total de §Y$PERC$%§W de CI en biens de consommation.;Wir brauchen insgesamt §Y$PERC$%§W IK in Konsumgütern.;;Necesitamos un total de §Y$PERC$%§W CI en bienes de consumo.;;;;;;;;;
DCG_MONEY_MOD;Amount of money gained from IC is modified by;La somme d'argent gagnée de la CI est modifiée par;Durch IK erwirtschaftete Geldmenge wird modifiziert durch;;Cantidad de dinero obtenida por CI modificada en;;;;;;;;;
UTM_NO_ACCESS;§YWe can not enter neutral territory.§W;§YNous ne pouvons pas entrer en territoire neutre.§W;§YWir können nicht in neutrales Gebiet einmarschieren.§W;;§YNo podemos entrar en territorio neutral.§W;;;;;;;;;
UTM_NOT_LEGAL_RETREAT;§YWe can not retreat into territory where there are hostile forces present.§W;§YNous ne pouvons pas battre en retraite dans un territoire abritant des forces ennemies.§W;§YWir können uns nicht in Gebiete zurückziehen, in denen feindliche Truppen stehen.§W;;§YNo podemos retirarnos a un territorio donde haya fuerzas hostiles presentes.§W;;;;;;;;;
OV_NO_VALID_ORDER;No valid order is selected.;Aucun ordre valide sélectionn?;Kein gültiger Befehl ausgewählt.;;No se ha seleccionado ninguna orden válida.;;;;;;;;;
OV_NO_VALID_PROVINCES;No valid provinces selected;Aucune province valide sélectionnée.;Keine gültigen Provinzen ausgewählt.;;No se han seleccionado provincias válidas;;;;;;;;;
VASSALPROVNUM;They will receive $NUMBER$ provinces.;Ils recevront $NUMBER$ provinces.;Sie erhalten $NUMBER$ Provinzen.;;Recibirán $NUMBER$ provincias.;;;;;;;;;
IS_NOT_VASSAL_OF;Is NOT a puppet of ;N'est PAS un État fantoche de  ;Ist KEINE Marionette von ;Otrzymaj?$NUMBER$ prowincji.;NO es un títere de ;Riceveranno $NUMBER$ province.;$NUMBER$ tartományt fognak szerezni.;Obdrží $NUMBER$ provinci?;;;;;;
IS_VASSAL_OF;Is a puppet of ;Est un État fantoche de ;Ist eine Marionette von;;Es un títere de ;;;;;;;;;
FE_NONE_FOUND;None;Rien;Keine;;Ninguno;;;;;;;;;
SAVED_GAMES;Saved Game;Partie sauvegardée;Gespeicherter Spielstand;;Partida guardada;;;;;;;;;
FE_PAUSED_TEXT;Paused;Pause;Pausiert;;En pausa;;;;;;;;;
PV_OCEAN;Ocean;Océan;Ozean;;Océano;;;;;;;;;
PV_OCEAN_DESC;Only ships can enter this province;Seuls les navires ont accès ?cette province;Nur Schiffe können in diese Provinz fahren;;Solo los barcos pueden acceder a esta provincia;;;;;;;;;
CONFIRM_CANCEL_CONSTRUCTION_TITLE;Cancel Construction?;Annuler la construction ?;Bau abbrechen?;;¿Anular construcción?;;;;;;;;;
CONFIRM_CANCEL_CONSTRUCTION_DESC;Are you sure you wish to cancel this construction?;Êtes-vous sûr de vouloir annuler cette construction ?;Sind Sie sicher, diesen Bau abbrechen zu wollen?;;¿Seguro que quieres anular esta construcción?;;;;;;;;;
DIP_THEY_PUPPET;They are a puppet state of §Y$OVERLORD$§W;État fantoche de §Y$OVERLORD$§W;Sie sind ein Marionettenstaat von §Y$OVERLORD$§W;;Es un Estado títere de §Y$OVERLORD$§W;;;;;;;;;
UV_UNDER_ATTACK;This unit is under attack;Cette unit?est attaquée;Diese Einheit wird angegriffen;;Esta unidad est?siendo atacada;;;;;;;;;
UV_ATTACKING;This unit is attacking;Cette unit?attaque;Diese Einheit greift an;;Esta unidad est?atacando;;;;;;;;;
UV_MOVING;This unit is moving;Cette unit?se déplace;Diese Einheit ist auf dem Marsch;;Esta unidad se est?moviendo;;;;;;;;;
UV_RETREAT;This unit is retreating;Cette unit?bat en retraite;Diese Einheit ist auf dem Rückzug;;Esta unidad se est?retirando;;;;;;;;;
UV_NOT_MOBILE;This unit is not allowed to move;Cette unit?n'est pas autorisée ?se déplacer;Diese Einheit darf nicht marschieren;;Esta unidad no puede moverse;;;;;;;;;
FE_MICRO;Buy Bonus Items;Acheter des éléments bonus;Bonusgegenstände kaufen;;Comprar contenido;;;;;;;;;
LE_SUPPLIES;Supply Units;Ravitaillement;Nachschub;;Unid. abastecim.;;;;;;;;;
LE_FUEL;Fuel Units;Carburant;Treibstoff;;Unid. combus.;;;;;;;;;
UW_LEADER_BUTTON_IRO;Assign new leader.;Désigner un nouvel officier;Neuen Anführer zuweisen;;Asignar un nuevo líder.;;;;;;;;;
UW_LEADER_BUTTON_DRO;Clicking here will allow you to replace the current leader with a new one;Cliquer ici vous permettra de remplacer l'officier actuel par un autre;Klicken Sie hier, um den momentanen Anführer durch einen neuen zu ersetzen;;Al hacer clic aqu? puedes reemplazar al líder actual con uno nuevo.;;;;;;;;;
UW_UNITNAMES_IRO;Name of Unit;Nom de l'unit?Name der Einheit;;Nombre de unidad;;;;;;;;;;
UW_UNITNAMES_DRO;This name can be edited to whatever you want it to be.;Ce nom peut être modifi?et vous pouvez utiliser celui que vous souhaitez.;Diesen Namen können Sie nach Belieben ändern.;;Este nombre se puede editar para poner lo que quieras.;;;;;;;;;
UW_ALL_FIT;All units are 100% fit.;Toutes les unités navales ?100% de capacit?;Alle Einheiten sind zu 100% einsatzfähig;;Todas las unidades están al 100%.;;;;;;;;;
UW_FOLLOWING_HURT;The following units are damaged.\n;Les unités suivantes sont endommagées :\n;Die folgenden Einheiten sind beschädigt.\n;;Las siguientes unidades están dañadas.\n;;;;;;;;;
UW_TOTAL_STR_IRO;Maximum strength is $VALUE$.\n;La force maximale est de $VALUE$.\n;Sollstärke ist $VALUE$.\n;;La fuerza máxima es $VALUE$.\n;;;;;;;;;
UW_LOC_IRO;Current Location;Position actuelle;Momentane Position;;Posición actual;;;;;;;;;
UW_SUPPLIES_FROM;This is where this unit is drawing supplies from.;Ceci est l'endroit ?partir duquel les unités consomment du ravitaillement.;Hier kommt der Nachschub dieser Einheit her.;;Aqu?obtiene los suministros la unidad.;;;;;;;;;
UW_BASED_FROM;This is the base where this unit is operating from.;Ceci est la base ?partir de laquelle cette unit?opère.;Von dieser Basis aus operiert diese Einheit.;;Desde esta base opera la unidad.;;;;;;;;;
UW_SPEED;This is how fast the unit moves on the map. Its speed is the same as that of its slowest subunit.;Ceci est la vitesse ?laquelle l'unit?se déplace sur la carte. Elle correspond ?la vitesse des sous-unités les plus lentes de cette unit?;Dies ist die Marschgeschwindigkeit der Einheit auf der Karte. Dies ist die Geschwindigkeit der langsamsten Brigade dieser Einheit.;;Es la velocidad a la que la unidad se mueve en el mapa. Es la velocidad más lenta de las subunidades de la unidad.;;;;;;;;;
UW_UNLOAD_NOT_VALID;You can only unload if your fleet is located in a port.;Vous pouvez uniquement débarquer si votre flotte se situe dans un port.;Sie können nur entladen, wenn Ihre Flotte sich in einem Hafen befindet.;;Solo puedes descargar si tu flota est?en un puerto.;;;;;;;;;
UW_UNLOAD_VALID;Unload this unit from the fleet;Débarquer cette unit?de la flotte;Diese Einheit aus der Flotte entladen;;Descargar esta unidad de la flota;;;;;;;;;
UW_LOAD_NO_FLEET_FOUND;There is no fleet here that this unit can be loaded onto.;Ici, il n'y a aucune flotte sur laquelle cette armée peut embarquer.;Hier gibt es keine Flotte, auf die diese Einheit geladen werden könnte.;;Aqu?no hay ninguna flota en la que se pueda cargar esta unidad.;;;;;;;;;
UW_LOAD_IS_VALID;Click to load this unit onto a transport fleet.;Cliquez ici pour embarquer cette armée sur la flotte de transport.;Klicken Sie hier, um diese Einheit auf eine Transportflotte zu laden.;;Haz clic para cargar esta unidad en una flota de transporte.;;;;;;;;;
UW_DUGIN;This unit is dug in, and has been digging in for §Y$CURR$§W days. The maximum preparation possible for our country is §Y$CAP$§W days.;Cette unit?est retranchée et elle l'est depuis §Y$CURR$§W jour(s). La durée maximale pendant laquelle notre pays peut se préparer est de §Y$CAP$§W jour(s).;Diese Einheit hat sich schon §Y$CURR$§W Tage lang eingegraben. Die maximal mögliche Vorbereitung für unser Land ist §Y$CAP$§W Tage.;;La unidad se ha atrincherado y lleva atrincherada §Y$CURR$§W días. La máxima preparación posible para nuestro país es de §Y$CAP$§W días.;;;;;;;;;
UW_SUPPLY_STATUS;This unit received §Y$VAL$§W% of the supplies needed in the last day. The current daily supply consumption is: $CON$;Les jours précédents, ces unités ont reçu §Y$VAL$%§W du ravitaillement nécessaire. La consommation quotidienne actuelle se compose de : $CON$;Diese Einheit hat gestern §Y$VAL$§W% ihres benötigten Nachschubs erhalten. Der momentane Nachschub-Tagesverbrauch ist §Y$CON$§W.;;La unidad necesit?el §Y$VAL$§W% de sus suministros el último día. El consumo diario es de §Y$CON$§W suministros.;;;;;;;;;
UNIT_COMBAT_WIDTH;Combat Width;Aire de combat;Gefechtsbreite;;Amplitud de combate;;;;;;;;;
ARMIES;Land Units;Unités terrestres;Landeinheiten;;Unid. terrestres;;;;;;;;;
NAVIES;Naval Units;Unités navales;Marineeinheiten;;Unid. navales;;;;;;;;;
AIRWINGS;Air Units;Unités aériennes;Lufteinheiten;;Unid. aéreas;;;;;;;;;
UW_SELECT_AIR;Select all CAG's attached to this fleet.;Sélectionner tous les groupes aériens embarqués attachés ?cette flotte.;Alle an diese Flotte angegliederten Trägergeschwader auswählen.;;Selecciona todos los GAE vinculados a esta flota.;;;;;;;;;
UW_SELECT_LAND;Select all attached land units.;Sélectionner toutes les unités terrestres ?transporter.;Alle angegliederten Landeinheiten auswählen.;;Selecciona todas las unidades terrestres vinculadas.;;;;;;;;;
IN_FRIENDLY_FOR_ATT;You take no attrition in entirely friendly provinces.\n;Vous ne subirez pas l'attrition dans les provinces qui vous sont alliées.\n;Sie erleiden keine Verluste in verbündeten Provinzen.\n;;No sufres desgaste en provincias completamente amistosas.\n;;;;;;;;;
IN_FRONT_PROV_ONLY_10;In a front province you take 10% of the attrition you would in hostile territory.\n;Dans une province située sur le front, vous subirez une attrition équivalant ?10% de celle que vous subiriez sur un territoire ennemi.\n;In einer Frontprovinz erleiden Sie 10% der Verlustquote, die Sie auf feindlichem Gebiet erleiden würden.\n;;En una provincia del frente sufrirás un 10% del desgaste que sufrirías en territorio hostil.\n;;;;;;;;;
IN_HOSTILE_FOR_ATT;You take full attrition in hostile provinces.\n;Vous subirez totalement l'attrition dans les provinces ennemies.\n;In feindlichen Provinzen erleiden Sie die volle Verlustquote.\n;;En provincias hostiles sufrirás un desgaste normal.\n;;;;;;;;;
EXIT;EXIT;QUITTER;VERLASSEN;;SALIR;;;;;;;;;
SELECT;SELECT;SÉLECTION.;AUSWÄHLEN;;ELEGIR;;;;;;;;;
MOBILIZE;MOBILIZE;MOBILISATION;MOBILISIEREN;;MOVILIZAR;;;;;;;;;
DEMOBILIZE;DEMOBILIZE;DÉMOBILISER;DEMOBILISIEREN;;DESMOVILIZAR;;;;;;;;;
BACK;BACK;RETOUR;ZURÜCK;;ATRÁS;;;;;;;;;
YES;Yes;Oui;Ja;;S?;;;;;;;;;
NO;No;Non;Nein;;No;;;;;;;;;
April;April;Avril;April;;Abril;;;;;;;;;
August;August;Août;August;Kwiecie?Agosto;Aprile;Április;Duben;;;;;;;
December;December;Décembre;Dezember;Sierpie?Diciembre;Agosto;Augusztus;Srpen;;;;;;;
February;February;Février;Februar;Grudzie?Febrero;Dicembre;December;Prosinec;;;;;;;
Friday;Friday;Vendredi;Freitag;Luty;Viernes;Febbraio;Február;Únor;;;;;;
January;January;Janvier;Januar;Pt;Enero;Venerd?Péntek;Pátek;;;;;;;
July;July;Juillet;Juli;Stycze?Julio;Gennaio;Január;Leden;;;;;;;
June;June;Juin;Juni;Lipiec;Junio;Luglio;Július;Èervenec;;;;;;
March;March;Mars;März;Czerwiec;Marzo;Giugno;Június;Èerven;;;;;;
May;May;Mai;Mai;Marzec;Mayo;Marzo;Március;Bøezen;;;;;;
Monday;Monday;Lundi;Montag;Maj;Lunes;Maggio;Május;Kvìten;;;;;;
November;November;Novembre;November;Pn;Noviembre;Luned?Hétf?Pondìl?;;;;;;;;
October;October;Octobre;Oktober;Listopad;Octubre;Novembre;November;Listopad;;;;;;
Saturday;Saturday;Samedi;Samstag;PaŸdziernik;Sábado;Ottobre;Október;Øíjen;;;;;;
September;September;Septembre;September;So;Septiembre;Sabato;Szombat;Sobota;;;;;;
Sunday;Sunday;Dimanche;Sonntag;Wrzesie?Domingo;Settembre;September;Záø?;;;;;;;
Thursday;Thursday;Jeudi;Donnerstag;Nd;Jueves;Domenica;Vasárnap;Nedìle;;;;;;
Tuesday;Tuesday;Mardi;Dienstag;Cz;Martes;Gioved?Csütörtök;Ètvrtek;;;;;;;
Wednesday;Wednesday;Mercredi;Mittwoch;Wt;Miércoles;Marted?Kedd;Úter?;;;;;;;
GAIN;Gain;Gain de;Erhalten;Œr;Ganancia;Mercoled?Szerda;Støeda;;;;;;;
LOSE;Lose;Perte de;Verlieren;Zyskujesz;Pérdida;0;Nyereség;Zisk;;;;;;
SM_COUNTERS;Use Counters;Utiliser les pions;NATO Symbole verwenden;Tracisz;Usar fichas;0;Veszteség;Ztráta;;;;;;
NO_COMMANDER;(No Commander);(Aucun commandant);(Kein Befehlshaber);;(Sin comandante);;;;;;;;;
MORALE;Morale;Moral;Moral;(Brak dowódcy);Moral;(senza comandante);(Nincs parancsnok);(Bez velitele);;;;;;
Owned by $owner$, but currently occupied by $control$;Owned by $owner$, but currently occupied by $control$;Propriét?de $owner$, mais actuellement sous occupation de $control$;Eigentum von $owner$, aber momentan von $control$ besetzt;Morale;Owned by $owner$, but currently occupied by $control$;Morale;Morál;Morálka;;;;;;
Owned by $owner$.;Owned by $owner$.;Propriét?de $owner$.;Eigentum von $owner$;Nale¿y do $owner$, ale aktualnie jest okupowana przez $control$.;Owned by $owner$.;Posseduto da: $owner$, ma attualmente occupato da: $control$;$owner$ tulajdona, de jelenleg $control$ birtokolja;Náleží $owner$, v souèasnosti okupováno $control$;;;;;;
CATEGORY;($TYPE$)\n;($TYPE$)\n;($TYPE$)\n;Nale¿y do $owner$.;($TYPE$)\n;Posseduto da: $owner$.;$owner$ a tulajdonosa.;Náleží $owner$.;;;;;;
NO_LEADER;(no leader);(aucun officier);(kein Anführer);($TYPE$)\n;(Sin líder);($TYPE$)\n;($TYPE$)\n;($TYPE$)\n;;;;;;
CV_RULEDBY;Ruled by $NAME$;gouvern?par $NAME$;Regiert von $NAME$;(brak dowódcy);gobernado por $NAME$;(nessun condottiero);(nincs vezet?;(bez velitele);;;;;;
AND;and ;et ;und ;rz¹dzona przez $NAME$;y ;governato da $NAME$;Az uralkodója: $NAME$;pod vládou $NAME$;;;;;;
OR;or;ou;oder;i ;o;e ; és ;a;;;;;;
BUILD_COST;Build Cost;Coût de construction;Baukosten;lub;Coste de construcción;o; vagy ;nebo;;;;;;
MAX_ATTRITION;Maximum Attrition;Attrition maximale;Maximale Verlustquote;Koszt budowy;Desgaste máximo;Costi di costruzione;Építési költség;Náklady na výstavbu;;;;;;
SUPPLY_LIMIT;Supply Limit;Limite en ravitaillement;Versorgungslimit;Maksymalne zu¿ycie;Límite suministros;Logoramento massimo;Maximális elhasználódás;Maximáln?vyhlazován?;;;;;;
WAR_EXHAUSTION;Monthly War Exhaustion;Épuisement de guerre mensuel;Monatliche Kriegsmüdigkeit;Limit zapasów;Agotamiento bélico mensual;Limite di fornitura;Készlethatár;Limit dodávek;;;;;;
BACK_TO_MAIN;Return to main interface.;Revenir ?l'interface principale;Zum Hauptbildschirm zurückkehren..;Miesiêczne wyczerpanie wojn?Volver a la interfaz principal.;Esaurimento di guerra mensile;Háborús kimerültség;Mìsíèn?vyèerpán?válkou;;;;;;;
ALLREADYTHERE;This building is already built.;Ce bâtiment a déj?ét?construit.;Dieses Gebäude ist schon im Bau.;Powrót do g³ównego interfejsu.;Este edificio ya est?construido.;Tornare all'interfaccia principale.;Vissza a f?felülethez.;Návrat do hlavn?nabídky.;;;;;;
NOTECH;We must reach level §Y$LVL$§W in §Y$TABLE$§W before building this.;Nous devons atteindre le niveau §Y$LVL$§W de §Y$TABLE$§W avant de pouvoir construire ce bâtiment.;Wir müssen Stufe §Y$LVL$§W in §Y$TABLE$§W erreichen, bevor wir dies bauen können.;Ten budynek ju?zosta?zbudowany.;Tenemos que alcanzar el nivel §Y$LVL$§W en §Y$TABLE$§W antes de construir esto.;Questo edificio gi??stato costruito.;Ez az épület már készen van.;Tato budova u?je ve výstab?;;;;;;
REQ;You cannot build this without first building;Vous ne pouvez pas construire ceci sans avoir construit le premier bâtiment;Sie können dies nicht bauen ohne vorher;Zanim zbudujesz ten obiekt, musisz osi¹gn¹æ poziom technologiczny §Y$LVL$§W w §Y$TABLE$§W.;No puedes construir esto sin construir primero;Dobbiamo raggiungere il livello §Y$LVL$§W in §Y$TABLE$§W prima di costruire questo edificio.;Csak akkor tudod ezt megépíteni, ha már elérted a §Y$LVL$§W szintet a következõnél: §Y$TABLE$§W .;Ne?budeme moci zahájit tuto stavbu, musíme dosáhnout úrovn?§Y$LVL$§W v §Y$TABLE$§W;;;;;;
NOTBUILD;This building cannot be built here.;Ce bâtiment ne peut être construit ici.;Dieses Gebäude kann hier nicht gebaut werden.;Najpierw trzeba zbudowa?inny budynek;No puedes construir este edificio aqu?;Non puoi costruire questo senza prima costruire:;Az els?épület nélkül ezt nem tudod megépíteni.;Tuto stavbu nelze postavit, ani?byste napøed nevybudovali;;;;;;
ISBLOCKED;You may not build this if you have already built;Vous ne pouvez pas construire ce bâtiment si vous l'avez déj?construit;Sie können dies nicht bauen, denn Sie bauten schon;Tego budynku nie mo¿na tu zbudowa?;No puedes construir esto si ya has construido;Non ?possibile costruire questo edificio qui.;Ezt az épületet ide nem építheted meg.;Tuto stavbu zde nelze postavit.;;;;;;
CONFIRMBUILDTITLE;Confirm build.;Confirmer la construction.;Bau bestätigen;Nie mo¿esz zbudowa?tego budynku, jeœli zbudowa³e?ju?Confirmar construcción.;Non puoi costruire questo edificio se hai gi?costruito;Nem tudod ezt megépíteni, ha már rendelkezel ilyennel.;Tuto stavbu nelze postavit, pokud u?jste postavili;;;;;;;
CONFIRMBUILDTEXT;Are you sure you wish to build;Êtes-vous certain de vouloir construire ?;Sind Sie sicher mit dem Bau von;Potwierd?budow?;¿Seguro que quieres construir?;Confermare la costruzione.;Építés elfogadása.;Potvrdit stavbu.;;;;;;
ONGOINGBUILD;A construction is currently in progress.;Une construction est actuellement en cours.;Ein Bau ist derzeit im Gange.;Na pewno chcesz zbudowa?Una construcción se encuentra actualmente en progreso.;Sei certo di voler costruire:;Biztos vagy benne, hogy építeni szeretnél?;Skuteèn?chcete postavit;;;;;;;
NOT_IN_CAPITAL;$BUILDING$ can only be built in a capital.;$BUILDING$ peut uniquement être construit dans une capitale.;$BUILDING$ kann nur in einer Hauptstadt gebaut werden.;Budowa w toku.;$BUILDING$ solo puede construirse en una capital.;Una costruzione ?attualmente in corso.;Az építmény jelenleg építés alatt áll.;Výstavba probíh?;;;;;;
NOT_IN_PORT;$BUILDING$ can only be built in a port.;$BUILDING$ peut uniquement être construit dans un port.;$BUILDING$ kann nur in einem Hafen gebaut werden;Ten obiekt mo¿na zbudowa?wy³¹cznie w stolicy.;$BUILDING$ solo puede construirse en un puerto.;Pu?essere costruito solo in una capitale.;Ezt csak egy fõvárosban tudod megépíteni.;$BUILDING$ lze postavit pouze v hlavním mìst?;;;;;;
COST;Cost: §Y$AMOUNT$§W Ducats \nBuildtime: §Y$TIME$§W Days;Coût : §Y$AMOUNT$§W?\nDurée de construction : §Y$TIME$§W jours;Kosten: §Y$AMOUNT$§W Dukaten \nBauzeit: §Y$TIME$§W Tage;Ten obiekt mo¿na zbudowa?wy³¹cznie w porcie.;Coste: §Y$AMOUNT$§W Ducados \nTiempo de construcción: §Y$TIME$§W días;Pu?essere costruito solo in un porto.;Ezt csak egy kikötõben tudod megépíteni.;$BUILDING$ lze postavit pouze v pøístavu.;;;;;;
PROVINCE_OCCUPIED;This province is occupied.;Cette province est occupée.;Diese Provinz ist besetzt.;Koszt: §Y$AMOUNT$§W dukatów \nCzas budowy: §Y$TIME$§W dni;Esta provincia est?ocupada.;Costo: §Y$AMOUNT$§W ducati \nTempo di costruzione: §Y$TIME$§W giorni;Költség: §Y$AMOUNT$§W dukát \n Építési id? §Y$TIME$§W nap;Cena: §Y$AMOUNT$§W dukát?\nDélka výstavby: §Y$TIME$§W dn?;;;;;;
ATWARWITHUS;They are at war with us.;Ils sont en guerre avec nous.;Sie befinden sich im Krieg mit uns.;Ta prowincja jest okupowana.;Están en guerra con nosotros.;Questa provincia ?occupata.;Ez a tartomány el van foglalva.;Tato provincie je okupována.;;;;;;
ALLIEDWITHTHEM;We are allied with them.;Nous sommes alliés ?eux.;Wir sind mit ihnen verbündet.;S?z nami w stanie wojny.;Estamos aliados con ellos.;Sono in guerra con noi.;Õk háborúban állnak velünk.;Jsou s námi ve váleèném stavu.;;;;;;
WEGUARANTEED;We are guaranteeing their independence.;Nous garantissons leur indépendance.;Wir garantieren ihre Unabhängigkeit.;Mamy z nimi sojusz.;Garantizamos su independencia.;Siamo loro alleati.;Õk a szövetségeseink.;Jsme jejich spojenci.;;;;;;
THEYGUARANTING;They are guaranteeing our independence.;Ils garantissent notre indépendance.;Sie garantieren unsere Unabhängigkeit.;Gwarantujemy ich niepodleg³oœæ.;Garantizan nuestra independencia.;Stiamo garantendo la loro indipendenza.;Garantáljuk a függetlenségüket.;Garantujeme jejich nezávislost.;;;;;;
NEUTRAL;We are neutral towards them.;Nous sommes neutres vis-?vis d'eux.;Wir sind ihnen gegenüber neutral.;Gwarantuj?nasz?niepodleg³oœæ.;Somos neutrales con ellos.;Stanno garantendo la nostra indipendenza.;Garantálják a a függetlenségünket.;Garantuj?naši nezávislost.;;;;;;
RELATION;Current relation: $RELATION$;Relation actuelle : $RELATION$;Momentane Beziehung: $RELATION$;Jesteœmy w stosunku do nich neutralni.;Relación actual: $RELATION$;Siamo neutrali nei loro confronti.;Semlegesek vagyunk az irányukban.;Jsme vùèi nim neutráln?;;;;;;
SUBJECT;We are a subject country. It is not up to us.;Nous sommes une nation inféodée. Cela n'est pas de notre ressort.;Wir sind ein Vasallenstaat. Das liegt nicht in unserer Hand.;Aktualne stosunki: $RELATION$;Somos un país vasallo. No nos corresponde.;Relazione attuale: $RELATION$;Jelenlegi viszony: $RELATION$;Aktuáln?vztah: $RELATION$;;;;;;
NODIPLOMATS;You have no diplomats to send.;Vous ne disposez pas de diplomates ?envoyer.;Sie haben keine Diplomaten, die Sie entsenden können.;Jesteœmy krajem podleg³ym.;No tienes diplomáticos que enviar.;Siamo un paese suddito. Non dipende da noi.;Mi egy alárendelt ország vagyunk. Ez nem tõlünk függ.;My jsme cílovou zem? Na nás to nen?;;;;;;
NO_REBELS;You are always at war with rebels.;Vous êtes toujours en guerre avec les rebelles.;Mit Rebellen befinden Sie sich immer im Krieg.;Nie dysponujesz ¿adnym dyplomat?;Siempre estás en guerra con los rebeldes.;Non hai diplomatici da inviare.;Nincs kiküldve diplomatád.;Nemáte žádn?diplomaty, kter?byste vyslali.;;;;;;
CV_NORELATION;We currently have no diplomatic relations with this country.;Nous n'avons pas de relations diplomatiques avec ce pays pour le moment.;Wir haben momentan keine diplomatischen Beziehungen mit diesem Land.;Zawsze jeste?w stanie wojny z buntownikami.;Actualmente no tenemos relaciones diplomáticas con este país.;Sei sempre in guerra contro ribelli.;Mindig háborúban állsz a lázadókkal.;S rebely vždy válèíte automaticky.;;;;;;
CV_GOVTTYPE;$COUNTRY$ is a $GOVT$;Le gouvernement de $COUNTRY$ est : $GOVT$;$COUNTRY$ ist $GOVT$;Aktualnie nie mamy kontaktów dyplomatycznych z tym pañstwem.;$COUNTRY$ es un(a) $GOVT$;Attualmente non abbiamo rapporti diplomatici con questo paese.;Jelenleg nincsen diplomáciai kapcsolatunk ezzel az országgal.;S touto zem?nemáte žádn?diplomatick?vztahy.;;;;;;
BASE;Base:;Base :;Basis:;$COUNTRY$ to $GOVT$;Base:;$COUNTRY$: $GOVT$;$COUNTRY$ nemzete $GOVT$;$COUNTRY$ je $GOVT$;;;;;;
COUNTRY_MORALE_TECH;From technology:;Provenant de la technologie : ;Von Technologie:;Wojna $ORDER$ $FIRST$ ;De ltecnología:;$ORDER$ Guerra di aggressione $FIRST$;$ORDER$War of $FIRST$ agresszi?$ORDER$ válka - $FIRST$ agrese;;;;;;;
DAYS;Days;Jours;Tage;Z technologii:;Días;Da tecnologia:;Technológiából:;Z technologie:;;;;;;
NOMONEY;You don't have enough money.;Vous ne disposez pas de suffisamment d'argent.;Sie haben nicht genug Geld.;Dni;No tienes dinero suficiente;Giorni;Nap;Dny;;;;;;
VASSALPROV;They will receive the following provinces:;Les provinces suivantes leur seront octroyées :;Sie erhalten die folgenden Provinzen:;Nie masz wystarczaj¹cej iloœci pieniêdzy.;Recibirán las siguientes provincias:;Non hai denaro a sufficienza.;Nincs elég pénzed.;Nemáte dost penìz.;;;;;;
COREINFO;$COUNTRY$ considers this to be one of her core provinces. ;$COUNTRY$ considère cette province comme étant l'un de ses territoires clés.  ;$COUNTRY$ betrachtet diese Provinz als Kernprovinzen ihrer Nation.;Otrzymaj?nastêpuj¹ce prowincje:;$COUNTRY$ considera que esta es una de sus principales provincias. ;Riceveranno le seguenti province:;Meg fogják szerezni a következ?tartományokat:;Obdrží následujíc?provincie:;;;;;;
overseas;No land connection to capital;Aucune liaison terrestre vers la capitale;Übersee;Pañstwo $COUNTRY$ uwa¿a, ¿e jest to jedna z jego prowincji narodowych.;Sin conexión terrestre con la capital;$COUNTRY$ considera la presente una sua provincia nazionale.;$COUNTRY$ ezt az egyik központi tartományának tartja.;$COUNTRY$ tuto provincii poklád?za jednu ze svých hlavních.;;;;;;
coastal;Coastal;Côtière;Küste;Zamorska;Costero;Oltremare;Tengerentúl;Bez pozemního spojen?s hlavním mìstem;;;;;;
non_coastal;Non Coastal;Non côtière;Binnenland;Z dostêpem do morza;No costero;Costiero;Tengerparti;Pobøeží;;;;;;
coastal_sea;Coastal Sea;Mer littorale;Küstensee;Brak dostêpu do morza;Zona costera;Non costiero;Nem tengerparti;Vnitrozem?;;;;;;
tropical;Tropical;Tropical;Tropisch;Morze przybrze¿ne;Tropical;Mare costiero;Tengerparti;Moøe u pobøeží;;;;;;
sea_zone;Sea Zone;Zone maritime;Seezone;Tropikalna;Zona marítima;Tropicale;Trópusi;Tropy;;;;;;
land_province;Land Province;Province terrestre;Landprovinz;Obszar morski;Provincia;Zona marittima;Tengeri;Pøímoøsk?zóna;;;;;;
ENABLES;Enables $WHICH$.\n;Permet $WHICH$.\n;Ermöglicht $WHICH$.\n;Pokój;Permite $WHICH$.\n;Pace;Béke;Mír;;;;;;
NOT_FROM_THIS_GOV;It is not possible to convert to this government type from our current form of government.;Notre forme actuelle de gouvernement ne nous permet pas de passer ?ce type de gouvernement.;Von unserer aktuellen Regierungsform können wir nicht zu dieser Regierungsform wechseln.;Umo¿liwia: $WHICH$.\n;Es imposible la conversión a este tipo de Gobierno desde nuestro actual tipo de Gobierno.;Abilita $WHICH$.\n;$WHICH$ engedélyezve.\n;Umožòuje $WHICH$.\n;;;;;;
NO_SHIPS;No ships;Aucun navire;Keine Schiffe;Ta forma ustroju jest niemo¿liwa do wprowadzenia przy naszym aktualnym systemie rz¹dów.;Ningún barco;Non ?possibile passare a questa forma di governo dalla nostra forma di governo attuale;A jelenlegi kormányzási módunkat nem tudjuk erre a típusúra lecserélni.;Na tento typ vlády ze souèasného typu vlády pøejít nem?eme.;;;;;;
NOT_EXIST;$TAG$ does not exist at this time.;$TAG$ n'existe pas actuellement.;$TAG$ existiert zu dieser Zeit nicht;¯adne okrêty nie;$TAG$ no existe en este momento.;Nessuna nave;Nincsenek hajók;Žádn?lodi;;;;;;
NOT_SELECT;All players must select a country.;Tous les joueurs doivent sélectionner un pays.;Alle Spieler müssen ein Land wählen;$TAG$ nie istnieje w tym momencie.;Todos los jugadores tienen que elegir un país.;$TAG$ non esiste in questo periodo.;$TAG$ ebben az idõben nem létezett.;$TAG$ v tuto chvíli neexistuje.;;;;;;
NOALLIES;No Allies;Aucun alli?Keine Verbündeten;Wszyscy gracze musz?wybra?pañstwo.;Ningún aliado;Tutti i giocatori devono scegliere un paese.;Minden játékosnak választania kell egy államot.;Všichni hráèi si mus?vybrat národ.;;;;;;;
ALLIES;Allies:;Alliés :;Verbündete:;Brak sojuszy;Aliados:;Nessun alleato;Nincsennek szövetségek;Bez spojenc?;;;;;;
SHORTCUT_SHIELD;$TAG$ is an interesting choice during this period. Click to select it.;$TAG$ est un choix intéressant pour cette période. Cliquez ici pour le sélectionner.;$TAG$ ist während dieser Periode eine interessante Option. Zum Auswählen anklicken.;Sojusze;$TAG$ es una interesante opción en este período. Haz clic para seleccionarla.;Alleati:;Szövettségesek:;Spojenci:;;;;;;
DECWARREQDESC;Declaring war is, sometimes, the last resort of diplomacy. The act of declaring war will reduce the view other countries have of you, especially if you do not have a legitimate reason to do so. It may also reduce your stability. Are you sure you wish to do this?;Déclarer la guerre est, parfois, le dernier recours de la diplomatie. Le fait de déclarer la guerre réduira l'image que d'autres pays ont de vous, surtout si vous n'avez pas une raison légitime de le faire. Cela peut aussi réduire votre stabilit? Êtes-vous sûr de vouloir faire cela ? ;Eine Kriegserklärung ist manchmal das letzte Mittel der Demokratie. Durch eine Kriegserklärung fallen Sie im Ansehen anderer Länder, besonders wenn Sie keinen legitimen Grund dafür haben. Außerdem könnte dies zur Reduzierung Ihrer Stabilität führen. Möchten Sie wirklich in den Krieg ziehen?;Nie mam pewnoœci, mo¿e p?niej;En ocasiones, la declaración de guerra es el último recurso de la diplomacia. El acto de declarar la guerra perjudicar?la opinión que tienen los demás países del tuyo, especialmente si no tienes ninguna razón legítima para hacerlo. También puede reducir tu estabilidad. ¿Seguro que quieres hacerlo?;Non ne sono certo, magari pi?tardi;Nem vagyok benne biztos, talán késõbb?Nejsem si jist, možn?pozdìji;;;;;;;
IN;in;en;in;Wypowiedzenie wojny to czasami ostatecznoœæ, kiedy zawiod?pozosta³e dzia³ania dyplomatyczne. Akt wypowiedzenia wojny pogorszy nasz?reputacj?w oczach innych pañstw, szczególnie, jeœli nie ma on odpowiedniego uzasadnienia. Mo¿e ono równie?wp³yn¹æ na stabilnoœæ. Czy na pewno chcesz to zrobi?;en;Talvolta, una dichiarazione di guerra ?l'ultima carta da giocare in diplomazia. Una dichiarazione di guerra peggiora la tua immagine agli occhi degli altri paesi, soprattutto se non hai un motivo legittimo per farlo. Potrebbe anche ridurre la tua stabilit? Vuoi farlo davvero?;A hábor?néha az egyetlen lehetõség. A hadüzenetnek köszönhetõen romlik a többi állam véleménye rólad, fõként akkor, ha nem is volt igazi indokod a háborúra, ezenkívül visszavetheti a stabilitásodat is. Biztos, hogy ezt akarod?;Vyhl?en?války je nìkdy posledn?diplomatickou možnost? Vyhl?en?války zhorší postoj ostatních zem?k vaší zemi, zejména v pøípad? že k válce nemáte legitimn?záminku. M?e klesnout i stabilita. Skuteèn?to chcete uèinit?;;;;;;
MORE_THAN_THREE_PROV;more than 3 provinces.;plus de 3 provinces.;mehr als 3 Provinzen.;w;más de 3 provincias.;in;0;v;;;;;;
DECWARDESC;Selecting this option will allow you to offer a peace deal to your enemy;Sélectionner cette option vous permettra de faire une proposition de paix ?votre ennemi;Durch die Auswahl dieser Option bieten Sie dem Feind einen Friedensvertrag an;wiêcej ni?trzy prowincje;Si seleccionas esta opción, podrás ofrecer un acuerdo de paz al enemigo;pi?di 3 province.;több, mint három tartományban.;více ne?3 provinciích.;;;;;;
BUILDING_YEAR;Built in §Y$DATE$§W.;Construit en §Y$DATE$§W.;Gebaut bis §Y$DATE$§W.;Wybranie tej opcji umo¿liwi zaproponowanie traktatu pokojowego nieprzyjacielowi.;Construido en §Y$DATE$§W.;Seleziona questa opzione se vuoi proporre un trattato di pace al nemico.;Ezt a lehetõséget választva békeajánlatot teszel az ellenségnek;Vyberete-li tuto možnost, budete moci nepøíteli nabídnout mír;;;;;;
BEFORE_START;Before the game's timeframe.;Avant la période traitée par le jeu.;Vor Spielbeginn;Zbudowane w §Y$DATE$§W.;Anterior al período histórico del juego.;Costruisci in data: §Y$DATE$§W.;Épült §Y$DATE$§W.;Stavìt v §Y$DATE$§W.;;;;;;
MIL_CONST_TIP;A §Y$TYPE$§W will be fielded here on §Y$DATE$§W.;L'unit?§Y$TYPE$§W sera construite ici le §Y$DATE$§W.;Hier wird am §Y$DATE$§W eine §Y$TYPE$§W aufgestellt.;Przed rozpoczêciem gry;Aqu?se construir?un(a) §Y$TYPE$§W en §Y$DATE$§W.;Quadro temporale precedente;Még a játék kezdete elõtt.;Pøed èasovým rámcem hry.;;;;;;
BUILD_CONST_TIP;A §Y$BUILDING$§W will be finished here in §Y$DATE$§W.;La construction du bâtiment §Y$BUILDING$§W sera achevée ici le §Y$DATE$§W.;Hier wird am §Y$DATE$§W ein §Y$BUILDING$§W fertiggestellt.;§Y$TYPE$§W zostanie sformowana §Y$DATE$§W.;Aqu?se completar?un(a) §Y$BUILDING$§W en §Y$DATE$§W.;Qui verr?schierato: §Y$TYPE$§W in data §Y$DATE$§W.;§Y$TYPE$§W elkészülésének várhat?idõpontja: §Y$DATE$§W.;§Y$TYPE$§W zde bude od §Y$DATE$§W.;;;;;;
PORT;This is a naval base from which our fleets can operate.;Ceci est une base navale ?partir de laquelle nos flottes peuvent opérer.;Dies ist ein Marinestützpunkt, von dem aus unsere Flotten operieren können.;§Y$BUILDING$§W zostanie ukoñczony §Y$DATE$§W.;Esta es una base naval desde la que nuestras flotas podrán actuar.;Qui verr?completato: §Y$BUILDING$§W in data §Y$DATE$§W.;§Y$BUILDING$§W elkészülésének várhat?idõpontja: §Y$DATE$§W.;§Y$BUILDING$§W bude dokonèena k datu §Y$DATE$§W.;;;;;;
WARTAX_TIP;Raise War Taxes;Augmenter les impôts de guerre;Kriegssteuern;;Aum. imp. guerra;;;;;;;;;
INCREASED;increased;augmentés;verbesserten;Na³ó?podatki wojenne;Aumentado;Aumenta le tasse di guerra;Hadiadók kivetése;Zvednout váleèn?dan?;;;;;;
DECREASED;decreased;baissés;verschlechterten;zwiêkszone;Reducido;migliorate;nõtt;vzrostly;;;;;;
NO_ADVISORS;No Advisors available.;Aucun conseiller disponible.;Kein Berater verfügbar.;zmniejszone;No hay consejeros disponibles.;peggiorate;csökkent;klesly;;;;;;
NO_WAR_MIL_ACC;We have Military Access to their nation.;Nous disposons d'un accès militaire ?leur nation.;Wir haben Militärzugang für ihr Land.;Brak dostêpnych doradców;Tenemos acceso militar a su nación.;Nessun consigliere disponibile.;Nincs elérhet?tanácsad?;Žádn?rádce nen?k dispozici.;;;;;;
NAVY_COMBAT_TOOLTIP;Type: $TYPE$ \n Strength: $STR$;Type : $TYPE$ \n Force : $STR$;Typ: $TYPE$ \n Stärke: $STR$;Zgadzaj?si?na przemarsz naszych wojsk;Tipo: $TYPE$ \n Fuerza: $STR$;Abbiamo accesso militare alla loro nazione.;Katonai hozzáférésünk van a nemzetükhöz;Disponujeme vojenským pøístupem na jejich územ?;;;;;;
ISATWAR;You can not ask for Military Access when you are at war.;Vous ne pouvez pas demander un accès militaire quand vous êtes en guerre.;Sie können nicht um Militärzugang bitten, wenn Sie sich im Krieg befinden.;Rodzaj: $TYPE$ \n Si³a: $STR$;No se puede solicitar acceso militar mientras se est?en guerra.;Tipo: $TYPE$ \n Forza: $STR$;Típus: $TYPE$\n Er? $STR$;Typ: $TYPE$ \n Síla: $STR$;;;;;;
DIPLOICON_TIP;$TYPE$ from §Y$NATION$§W. \n If we do not respond before §Y$DATE$§W we will autodecline.;$TYPE$ de §Y$NATION$§W.\nSi nous ne répondons pas avant le §Y$DATE$§W, nous refuserons automatiquement.;$TYPE$ von §Y$NATION$§W. \n Wenn wir nicht vor §Y$DATE$§W reagieren, werden wir automatisch ablehnen.;Nie mo¿esz prosi?o przemarsz wojsk bêd¹c w trakcie wojny.;$TYPE$ desde §Y$NATION$§W. \n Si no respondemos antes de §Y$DATE$§W, se producir?un rechazo automático.;Non puoi chiedere accesso militare quando sei in guerra.;Nem kérhetsz katonai áthaladást, ha háborúban vagytok.;Nelze žádat o vojensk?pøístup v prùbìhu války.;;;;;;
DIPLOICON_TIP_NONATION;$TYPE$. \n If we do not respond before §Y$DATE$§W we will autodecline.;$TYPE$.\nSi nous ne répondons pas avant le §Y$DATE$§W, nous refuserons automatiquement.;$TYPE$. \n Wenn wir nicht vor §Y$DATE$§W reagieren, werden wir automatisch ablehnen.;$TYPE$ od §Y$NATION$§W. \nJeœli nie odpowiemy przed §Y$DATE$§W, bêdzie to oznacza?automatyczn?odmow?;$TYPE$. \n Si no respondemos antes de §Y$DATE$§W, se producir?un rechazo automático.;$TYPE$ da §Y$NATION$§W. \n Se non rispondiamo prima di: §Y$DATE$§W rinunceremo automaticamente.;$TYPE$, küldte: §Y$NATION$§W. \n Ha nem válaszolunk §Y$DATE$§W elõtt, az ajánlat automatikusan elutasításra kerül.;$TYPE$ z §Y$NATION$§W. \n Pokud neodpovíme do §Y$DATE$§W, automaticky odmítneme.;;;;;;
NAVAL_COMBAT;Naval Combat;Combat naval;Seekampf;$TYPE$. \nJeœli nie odpowiemy przed §Y$DATE$§W, bêdzie to oznacza?automatyczn?odmow?;El combate naval;$TYPE$. \n Se non rispondiamo prima di: §Y$DATE$§W rinunceremo automaticamente.;$TYPE$. \n Ha nem válaszolunk §Y$DATE$§W elõtt, az ahánlat automatikusan elutasításra kerül.;$TYPE$. \n Pokud neodpovíme do §Y$DATE$§W, automaticky odmítneme.;;;;;;
ATTACKER;Attacker;Attaquant;Angreifer;Bitwa morska;Atacante;Comb. navali;Tengeri ütközet;Boj na moøi;;;;;;
DEFENDER;Defender;Défenseur;Verteidiger;Atakuj¹cy;Defensor;Attaccante;Támad?Útoèník;;;;;;;
UNIT_PANEL;Reorganise Unit;Réorganiser l'unit?Einheit reorganisieren;Broni¹cy si?Reorganizar unidad;Difensore;Véd?Obránce;;;;;;;;;
WEANNEX;We demand their full Annexation.;Nous exigeons leur annexion totale.;Wir fordern ihre volle Annexion.;Reorganizuj jednostk?Exigimos su completa anexión.;Riorganizzare le unit?Egység átszervezése;Reorganizovat jednotku;;;;;;;;
OTHERANNEX;Full Annexation was demanded.;L'annexion totale a ét?exigée.;Volle Annexion wurde gefordert.;¯¹damy pe³nej aneksji.;Se ha exigido la completa anexión.;Esigiamo la loro completa annessione.;A teljes  egyesülést kívánjuk.;Požadujeme úplnou anexi.;;;;;;
AGREE;Agree;Accepter;Zustimmen;Za¿¹dano pe³nej aneksji.;Acceder;?stata richiesta l'annessione.;A teljes egyesülésre val?igény elküldve.;Je požadována úpln?anexe.;;;;;;
DECLINE;Decline;Refuser;Ablehnen;Zgoda;Rehusar;Accetta;Elfogadás;Souhlasím;;;;;;
NOMANPOWER;We need at least 1000 able bodied men (Manpower) to build this unit.;Nous avons besoin d'au moins 1000 hommes valides (main-d'œuvre) pour construire cette unit?;Wir brauchen mindestens 1000 fähige Männer (Mannstärke) zu Aushebung dieser Einheit.;Odmów;Necesitamos al menos 1.000 hombres capaces (recursos humanos) para construir esta unidad.;Rifiuta;Visszautasítás;Odmítnout;;;;;;
ESTIMATE_ARIVAL;Will arrive in $PROV$ on $DATE$;Arrivera en $PROV$ le $DATE$;Kommt in $PROV$ am $DATE$ an;Aby stworzy?t?jednostk? potrzebujemy przynajmniej 1000 mê¿czyzn (si³a ludzka).;Llegar?a $PROV$ el $DATE$;Ci servono almeno 1000 uomini abili (manodopera) per costruire questa unit?;Legalább 1000 erõs emberre van szükségünk ennek az egységnek az építéséhez.;Abychom sestavili tuto jednotku, potøebujeme alespo?1000 mužù.;;;;;;
UNDER_SIEGE;Province is under occupation!;Province assiégée !;Provinz wird belagert!;Przybêdzie do prowincji $PROV$ $DATE$;¡Provincia bajo asedio!;Arriveremo in $PROV$ in data $DATE$.;$DATE$ idõpontban érkezünk $PROV$ provinciára.;Doraz?do $PROV$ k datu $DATE$;;;;;;
OCCUPIEDBY;Province is occupied by $NATION$!;La province est occupée par la nation : $NATION$ !;Provinz wurde besetzt von $NATION$!;Prowincja jest oblegana!;¡La provincia ha sido ocupada por $NATION$!;La provincia ?sotto assedio!;Egy provinciát megtámadtak.;Provincie je v obležen?;;;;;;
OL_UNIT_MOVING;Moving towards §Y$TARGET$§W.;Se déplace en direction de : §Y$TARGET$§W.;Marschiert auf §Y$TARGET$§W zu.;Prowincja jest okupowana przez $NATION$!;Desplazándose hacia §Y$TARGET$§W.;La provincia ?occupata da $NATION$!;A provinciát $NATION$ elfoglalta!;Provincie je okupována $NATION$!;;;;;;
COMBAT_MORALE;Morale:;Moral :;Moral:;nogovernment_ruler;Moral:;nogovernment_ruler;nogovernment_ruler;bez vlády_vládce;;;;;;
COMBAT_BREAKING;Breaking;Rupture;Abbruch;Morale:;En ruptura;Morale:;Morál:;Morálka:;;;;;;
MAPMODE;Map-mode;Mode carte;Kartenmodus;Ucieczka;Modo de mapa;Spezzare;Törés;Rozdrcen?;;;;;;
LEDGER_CORE;Core;Centrale;Kernprovinz;Tryb mapy;Núcleo;Modalit?mappa;Pálya mód;Režim mapy;;;;;;
LEDGER_NOT_CORE;Not Core;Secondaire;Keine Kernprovinz;Prowincje narodowe;No núcleo;Provincia nazionale;Mag;Støed;;;;;;
ACCEPT;Accept;Confirmer;Akzeptieren;Prowincje nienarodowe;Aceptar;Non nazionale;Nem mag;Okraj;;;;;;
COMBAT_ASSAULT;Assault;Assaut;Angriff;Akceptuj;Asaltar;Accetta;Elfogadás;Pøijmout;;;;;;
PLAY;PLAY;JOUER;START;Premia s¹siedzka;JUGAR;Bonus nazione confinante;Szomszédségi bónusz;Sousedsk?bonus;;;;;;
DOMESTIC_NATION;nation;nation;Nation;GRAJ;Nación;GIOCARE;JÁTÉK;HRA;;;;;;
DOMESTIC_RELATION;relation;relation;Beziehung;naród;Relación;nazione;nemzet;národ;;;;;;
PW_POPULATION;Population ;Population ;Bevölkerung ;stosunki;Población ;relazione;viszony;vztah;;;;;;
PW_UNITS;Units;Unités;Einheiten;Ludnoœæ ;Unidades;Popolazione ;Népesség;Populace;;;;;;
GOTO_HEADER;Province Finder;Rechercher une province;Provinzsuche;Jednostki;Buscador de provincias;Unit?Egységek;Jednotky;;;;;;;
GOTO_BOX;Enter Province name;Entrer le nom de la province;Provinznamen eingeben;Wyszukiwarka prowincji;Introduce el nombre de la provincia;Ricerca provincia;Provincia keres?Objevitel provincie;;;;;;;
GOTO_LIST_BOX;Possible Provinces;Provinces possibles;Mögliche Provinzen;Wpisz nazw?prowincji;Posibles provincias;Immetti il nome della provincia;Add meg a provincia nevét;Zadat jméno provincie;;;;;;
GOTO_CANCEL;Cancel;Annuler;Abbrechen;Mo¿liwe prowincje;Cancelar;Province possibili;Elérhet?provinciák;Možn?provincie;;;;;;
GOTO_GOTO;Go to;Voir;Goto;Anuluj;Ir all?Annullare;Mégse;Zrušit;;;;;;;
TIME_AHEAD;This technology is $NUMBER$ years ahead of its time, so it is more difficult to reach.;Cette technologie est de $NUMBER$ ans en avance sur son temps, elle est donc plus difficile ?atteindre.;Diese Technologie ist ihrer Zeit $NUMBER$ Jahre voraus, daher ist sie schwieriger zu erreichen.;Id?do;Esta tecnología est?a $NUMBER$ años por delante de nuestro tiempo, por lo que es más difícil de alcanzar.;Andare;Ugrás;Pøejít na;;;;;;
CHAT_NONE;None;Rien;Keine;;Nada;;;;;;;;;
ABANDON_GAME;Abandon Game;Abandonner la partie;Spiel aufgeben;;Abandonar juego;;;;;;;;;
LOCAL_TRADE_INCOME_MODIFIER;Local Trade Income Modifier;Modificateur des revenus du commerce local;Modifikator - Lokales Handelseinkommen ;;Modificador por ingresos de comercio local;;;;;;;;;
GLOBAL_TRADE_INCOME_MODIFIER;National Trade Income Modifier;Modificateur des revenus du commerce national;Modifikator - Nationales Handelseinkommen ;;Modificador por ingresos de comercio nacional;;;;;;;;;
UV_MANPOWER;Men:;Hommes :;Soldaten:;;Hombres:;;;;;;;;;
UV_REGIMENTS;Brigades:;Régiments :;Regimenter:;;Regimientos:;;;;;;;;;
SM_WATER;Advanced Water;Effets améliorés pour l'eau;Detailliertes Wasser;;Agua detallada;;;;;;;;;
ARMY;Army;Armée;Armee;Ulepszona woda;Ejército;Acqua;Részletes víz ;Voda (pro pokroèil?;;;;;;
NAVY;Navy;Marine;Flotte;Armia;Armada;Esercito;Hadsereg;Armáda;;;;;;
CORE_IS_REVOLTER;This country may be created from this province, or appear as a new country if a revolt grows strong enough.;Ce pays peut être créé ?partir de cette province ou devenir un nouveau pays si une révolte y prend suffisamment d'ampleur.;Dieses Land kann aus dieser Provinz geschaffen werden oder sich durch eine Revolte befreien.;Marynarka;Puede crearse este país a partir de esta provincia, o surgir como país nuevo si se produce una revuelta lo bastante fuerte.;Marina;Flotta;Flotila;;;;;;
AMBIENT;Ambient;Ambiant;Ambiente;To pañstwo mo¿e zosta?stworzone z tej prowincji lub pojawi?si?na mapie, kiedy rebelia oka¿e si?bardzo silna.;Ambiente;This country may be created from this province, or appear as a new country if a revolt grows strong enough.;;Z této provincie m?e vzniknout tato zem??nebo nov?zem? jestliže revolta dostateèn?zesíl?;;;;;;
WCRD_ATT;This is a war that they have started.;C'est une guerre qu'ils ont déclenchée.;Dies ist ein Angriffskrieg.;Otoczenie;Es una guerra que ellos han empezado.;Ambiente;Környezet;Okoln?prostøed?;;;;;;
WCRD_DEF;This is a defensive war, where we need to help our ally.;C'est une guerre défensive o?nous devons aider notre alli?;Dies ist ein Verteidigungskrieg.;To wojna, któr?oni zaczêli. ;Es una guerra defensiva, donde tenemos que ayudar a nuestro aliado.;Esta es una guerra que han empezado ellos.;Ezt a háborút õk kezdték. ;Tuto válku zaèali oni.;;;;;;
TRIGGER_OVERLORD;Liege;Liège;Lehensherr;To wojna obronna, w której musimy wspomóc naszego sojusznika. ;Señor feudal;Esta es una guerra defensiva en la que debemos ayudar a nuestro aliado.;Ez egy védekez?hábor? amiben segítenünk kell a szövetségeseinket. ;Toto je obrann?válka a my potøebujeme pomoc našeho spojence.;;;;;;
FE_TUTORIAL;Tutorial;Didacticiel;Einführung;;Tutorial;;;;;;;;;
NO_EFFECT;No Effect;Aucun effet;Kein Effekt;Miasto;Ningún efecto;Citt?Város;Mìsto;;;;;;;
NONE_AVAILABLE;None available.;Aucun n'est disponible.;Keine verfügbar.;Brak efektów;Ninguno disponible.;Nessun effetto;Nincs hatása;Bez efektu;;;;;;
EXPIRES_ON;Expires on §Y$DATE$§W;Expire le §Y$DATE$§W;Läuft aus am §Y$DATE$§W;Brak dostêpnych.;Expira el §Y$DATE$§W;Non disponibili;Nem érhet?el.;Nen?k dispozici.;;;;;;
FINISHED_ON;Finished on $DATE$.;Termin?le $DATE$.;Fertigstellung am $DATE$.;Wygasa: §Y$DATE$§W;Terminado el $DATE$.;Scade il §Y$DATE$§W;Ekkor jár le: §Y$DATE$§W;Vyprší dne §Y$DATE$§W;;;;;;
FE_TRIALS;Trials;Essais;Verhandlungen;Zakoñczenie: $DATE$.;Pruebas;Finito il $DATE$.;Ekkor készül el: $DATE$.;Dokonèeno dne $DATE$.;;;;;;
CD_AGREEMENTS;Trade Agreement with $LIST$.;Accord commercial avec : $LIST$.;Handelsabkommen mit $LIST$.;Negocjacje;Acuerdo comercial con $LIST$.;Sfide;Próbák;Soudy;;;;;;
CD_GIVESACCESS;Grants military access to $LIST$.;Accorde l'accès militaire ?: $LIST$.;Gewährt militärisches Durchmarschrecht an $LIST$.;Umowa handlowa z $LIST$.;Ha concedido acceso militar a $LIST$.;Accordo commerciale con $LIST$.;Kereskedelmi egyezmény vele: $LIST$.;Obchodn?dohoda s $LIST$.;;;;;;
CD_HASACCESS;Has military access through $LIST$.;A un accès militaire ?travers : $LIST$.;Hat militärisches Durchmarschrecht von $LIST$.;Zgadza si?na przemarsz wojsk: $LIST$.;Tiene acceso militar por $LIST$.;Garantisce l'accesso militare a: $LIST$.;Katonai hozzáférést biztosít nekik: $LIST$.;Poskytuje vojensk?pøístup $LIST$.;;;;;;
PW_RESET;Reset;Réinitialiser;Zurücksetzen;Otrzyma?zgod?na przemarsz wojsk przez $LIST$.;Reiniciar;Ha l'accesso militare a: $LIST$.;Katonai hozzáféréssel rendelkeznek a területéhez: $LIST$.;M?vojensk?pøístup skrze $LIST$.;;;;;;
OURWARALLY;Allied in a War;Alli?dans une guerre;Verbündet in einem Krieg;Resetuj;Aliado(s) en una guerra;Ripristina;Újraindítást igényel;Resetovat;;;;;;
CONFIRMMISSIONTEXT;Are you sure you wish to send a missionary to $PROV$?;Êtes-vous sûr de vouloir envoyer un missionnaire dans la province $PROV$ ?;Sind Sie sicher, dass Sie einen Missionar nach $PROV$ schicken wollen?;Sprzymierzeñcy w wojnie;¿Seguro que quieres enviar un misionero a $PROV$?;Alleati in guerra;Szövetséges háborúban;Spojenci ve válce;;;;;;
COST_TIME;Cost: §Y$AMOUNT$§W Ducats \nTime: §Y$TIME$§W Days.;Coût : §Y$AMOUNT$§W?\nDurée : §Y$TIME$§W jours.;Kosten: §Y$AMOUNT$§W Dukaten \nZeit: §Y$TIME$§W Tage.;Jeste?pewien, ¿e chcesz wys³a?misjonarza do prowincji $PROV$?;Coste: §Y$AMOUNT$§W Ducados \nTiempo: §Y$TIME$§W días;Sicuro di voler inviare un missionario nella provincia di $PROV$?;Biztos vagy benne, hogy hittérítõket küldesz $PROV$ tartományra?;Skuteèn?chcete vyslat misionáøe do provincie $PROV$?;;;;;;
ADD_SUB_UNIT_EFFECT;Get $UNIT$ in §Y$WHERE$§W.;Envoyer $UNIT$ vers $WHERE$.;Erhält $UNIT$ in $WHERE$.;Koszt: §Y$AMOUNT$§W dukatów \nCzas: §Y$TIME$§W dni.;Llevar $UNIT$ a §Y$WHERE$§W.;Costo: §Y$AMOUNT$§W ducati \nTempo: §Y$TIME$§W Giorni.;Költség: §Y$AMOUNT$§W dukát \nId? §Y$TIME$§W nap.;Cena: §Y$AMOUNT$§W dukát?\nDoba: §Y$TIME$§W dn?;;;;;;
CHANGE_CONTROLLER_EFFECT;§Y$WHO$§W takes control over §Y$WHERE$§W.\n;§Y$WHO$§W prend le contrôle de §Y$WHERE$§W.\n;$WHO$ übernimmt die Kontrolle über $WHERE$.;Get $UNIT$ in $WHERE$.;§Y$WHO$§W toma el control de §Y$WHERE$§W.\n;Porta $UNIT$ a $WHERE$.;Get $UNIT$ in $WHERE$.;Získat $UNIT$ v $WHERE$.;;;;;;
WAR_EFFECT;Declare War on §Y$WHO$§W.\n;Déclarer la guerre ?§Y$WHO$§W.\n;Erklärt $WHO$ den Krieg.;$WHO$ przejmuje kontrol?nad $WHERE$.;Declara la guerra a §Y$WHO$§W.\n;$WHO$ assume il comando di $WHERE$.;$WHO$ átveszi az irányítást $WHERE$ felett.;$WHO$ pøebír?kontrolu nad $WHERE$.;;;;;;
CONFIRMSAVETITLE;Save Game;Sauvegarder;Speicherstand;Wypowiedz wojn?$WHO$;Guardar partida;Dichiarare guerra a $WHO$;Hadüzenet neki: $WHO$;Vyhlásit válku $WHO$;;;;;;
CONFIRMSAVETEXT;Are you sure you wish to overwrite the file $NAME$?;Êtes-vous sûr de vouloir écraser le fichier $NAME$ ?;Sind Sie sicher, dass Sie die Datei $NAME$ überschreiben möchten?;Zapisz gr?¿Seguro que quieres sobrescribir el archivo $NAME$?;Salvare partita;Mentés;Uložit hru;;;;;;;
PW_TRADE_VALUE;Trade Value:;Valeur commerciale :;Handelswert:;Czy na pewno chcesz nadpisa?plik $NAME$?;Valor comercial:;Sovrascrivere il file $NAME$?;Biztos vagy benne, hogy felül szeretnéd írni a következõt: $NAME$?;Skuteèn?chcete pøepsat soubor $NAME$?;;;;;;
PROV_TRADE_VALUE;Value contributed to the centre of trade.;Montant génér?pour le Centre de Commerce;Zum Handelszentrum beigesteuerter Wert.;Wartoœæ handl.:;Valor que contribuye al centro de comercio.;Valore di scambio:;Ker. érték:;Hodnota obchodu:;;;;;;
NO_SEPARATE_PEACE;You can not negotiate separate peace between two junior partners in a war.;Vous ne pouvez pas négocier de paix séparée entre deux partenaires mineurs de la guerre.;Sie können keinen Separatfrieden zwischen zwei Junior-Partnern in einem Krieg schließen.;Wartoœæ posiadanych udzia³ów w oœrodku handlu.;No puedes negociar una paz separada entre dos socios menores en una guerra.;Valore donato al centro del commercio.;Az pénz a Kereskedelmi Központba került.;Hodnota pøispívajíc?obchodnímu centru.;;;;;;
DIPCHANCE_VLIKELY;Very Likely;Très probable;Sehr wahrscheinlich;Nie mo¿esz negocjowa?oddzielnego pokoju pomiêdzy dwoma podrzêdnymi partnerami.;Muy probable;Non puoi negoziare una pace separata fra due membri sottoposti in una guerra.;Nem kezdeményezhetsz egyedi béketárgyalásokat.;Dva podøízen?partneøi (v alianci) spolu nemohou uzavøít separátn?mír.;;;;;;
DIPCHANCE_IMPOSSIBLE;Impossible;Impossible;Unmöglich;Bardzo prawdopodobne;Imposible;Molto probabile;Nagyon szívesen;Velmi pravdìpodobn?;;;;;;
DIPCHANCE_VUNLIKELY;Very Unlikely;Très improbable;Sehr unwahrscheinlich;Niemo¿liwe;Muy poco probable;Impossibile;Lehetetlen;Nemožn?;;;;;;
DIPCHANCE_UNLIKELY;Unlikely;Improbable;Unwahrscheinlich;Bardzo nieprawdopodobne;Poco probable;Molto improbabile;Egyeltalán nem szívesen;Velmi nepravdìpodobn?;;;;;;
DIPCHANCE_MAYBE;Maybe;Peut-être;Vielleicht;Nieprawdopodobne;Quiz?Improbabile;Nem szívesen;Nepravdìpodobn?;;;;;;;
DIPCHANCE_LIKELY;Likely;Probable;Wahrscheinlich;Mo¿liwe;Probable;Forse;Talán;Možn?;;;;;;
REMOVE_M_GOTO_BUTTON;Find Province;Trouver la province;Provinz finden;Prawdopodobne;Encontrar provincia;Probabile;Szívesen;Pravdìpodobn?;;;;;;
M_LEDGER_BUTTON;Ledger;Statistiques;Statistik;Znajd?prowincj?Memoriales;Trovare provincia;Provinciakeresés;Najít provincii;;;;;;;
M_MENU_BUTTON;Menu;Menu;Menu;Statystyki;Men?Statistiche;Fõkönyv;Úèetn?kniha;;;;;;;
M_HOME_BUTTON;Goto Capital Province;Se rendre ?la capitale de la province;Zur Hauptstadt;Menu;Ir a provincia capital;Menu;Men?Nabídka;;;;;;;
ONLY_HOST_SPEED;Only the host can change the gamespeed.;Seul l'hôte peut modifier la vitesse du jeu.;Nur der Host kann die Spielgeschwindigkeit ändern.;Id?do prowincji sto³ecznej;Solo el anfitrión puede cambiar la velocidad del juego.;Andare alla capitale della provincia;Ugrás a fõprovinciára;Pøejít do provincie hlavního mìsta;;;;;;
PW_GROWTH;Growth;Croissance;Wachstum;Tylko host mo¿e zmieni?prêdkoœæ gry.;Crecimiento;Solo l'host pu?modificare la velocit?di gioco.;Csak a hoszt állíthatja be a játék sebességét.;Pouze hostitel m?e zmìnit nastaven?rychlosti hry.;;;;;;
NOPORTOTHERCONTINENT;This province cannot be reached via any ports connected to our capital.;Cette province ne peut être atteinte via aucun port reli??notre capitale.;Diese Provinz kann von keinem Hafen mit Landverbindung zur Hauptstadt erreicht werden.;Wzrost;No se puede llegar a esta provincia a través de ninguno de los puertos conectados con nuestra capital.;Crescita;Növekedés;Rùst;;;;;;
RELATION_CHANGE_VALUE;Estimated yearly change:;Changement annuel estim?de la relation :;Geschätzte jährliche Veränderung;Ta prowincja nie jest dostêpna poprzez ¿aden port po³¹czony z nasz?stolic?;Cambio anual estimado:;Questa provincia ?irraggiungibile tramite porti connessi alla nostra capitale.;Ez a provincia nem közelíthet?meg egy olyan kikötõn keresztül sem, mely össze van kötve a fõprovinciánkkal.;Do této provincie se nelze dostat prostøednictvím žádného pøístavu pøístupného z našeho hlavního mìsta.;;;;;;
TAG_CHANGE;Country changes to $NEW$.\n;Le pays devient $NEW$.\n;Nation wechselt zu $NEW$.\n;Przewidywana zmiana (rocznie):;El país cambia a $NEW$.\n;Cambiamento annuale stimato:;Becsült éves bevétel;Odhadovan?roèn?zmìna:;;;;;;
PV_OCCUPIED_BY;§YOccupied by $NAME$§W;§Yoccupée par $NAME$§W;§YBesetzt von $NAME$§W;Pañstwo zmienia na $NEW$.\n;§Yocupado por $NAME$§W;Il paese cambia in $NEW$.;Az államforma megváltozott erre: $NEW$.\n;Zem?se mìn?na $NEW$.\n;;;;;;
BG_COUNTRY;COUNTRY:;PAYS :;NATION:;§YZajêta przez $NAME$§W;PAÍS:;Occupato da $NAME$§W;§YElfoglalta: $NAME$§W;§YOkupováno $NAME$§W;;;;;;
LOAD_GAME_FAILED;Failed to load game.;Le chargement du jeu a échou?;Konnte Spiel nicht laden.;PAÑSTWO:;Error al cargar la partida.;PAESE:;ORSZÁG:;ZEM?;;;;;;
MP_FEW_PLAYERS;You need more than one player to start a game.;Il vous faut plus d'un joueur pour commencer une partie.;Man braucht mehr als einen Spieler, um ein Spiel zu starten.;Nie uda³o si?wczyta?gry.;Hace falta más de un jugador para iniciar una partida.;Impossibile caricare la partita.;A játék betöltése nem sikerült;Hru nelze nahrát.;;;;;;
NATIONALISM_LASTS;Nationalism lasts until;Le nationalisme dure jusqu'?Nationalismus dauert bis;Do gry potrzeba wiêcej ni?jednego gracza.;El nacionalismo dura hasta;Ti serve pi?di un giocatore per iniziare una partita.;Egynél több játékosra van szükséged ahhoz, hogy elkezdd a játékot.;Spuštìn?hry vyžaduje víc ne?jednoho hráèe.;;;;;;;
LEDGER_NO_GRAPH_DATA;There is not yet enough data to generate this graph.;Il n'y a pas encore suffisamment de données pour générer ce graphique.;Es sind noch zuwenig Daten verfügbar, um dieses Diagramm zu erschaffen;Nacjonalizm trwa do;Aún no hay datos suficientes para generar este gráfico.;Il nazionalismo dura fino a;A nacionalizmus fennáll, amíg;Nacionalismus zùstane do;;;;;;
MENU_MESSAGES_RESET;Reset  defaults;Réinit. par défaut;Grundeinst.;Nie ma wystarczaj¹cych danych, aby wygenerowa?wykres.;Por defecto;Non ci sono ancora abbastanza dati per generare questo grafico.;Még nem áll elegend?adat a rendelkezésedre a grafikonok készítéséhez.;Graf nelze vygenerovat (nedostatek dat).;;;;;;
COL_CONST_TIP_FROM_SHIP;This colonist will reach $LOCATION$ at $DATE$.;Ce colon atteindra $LOCATION$ le $DATE$.;Dieser Kolonist erreicht $LOCATION$ am $DATE$.;Ustawienia domyœlne;Este colono llegar?a $LOCATION$ el $DATE$.;Ripristina i predefiniti;Alapértékek visszaállítása;Resetovat nastaven?(obnovit výchoz?nastaven?;;;;;;
STRAITS;The narrow strait across §Y$SEA$§W connects this province to §Y$PROV$§W;L'étroit détroit de §Y$SEA$§W relie cette province ?la province §Y$PROV$§W;Die schmale Wasserstraße über §Y$SEA$§W verbindet diese Provinz mit §Y$PROV$§W;Kolonista przybêdzie do $LOCATION$ w dniu $DATE$.;El estrecho en §Y$SEA$§W conecta esta provincia con §Y$PROV$§W;Questo colono raggiunger?$LOCATION$ il $DATE$.;A gyarmatosok várhatóan ekkor érkeznek $LOCATION$ tartományra: $DATE$.;Kolonista doraz?do $LOCATION$ k datu $DATE$.;;;;;;
STRAITSDESC;Narrow straits can be crossed by armies without the use of transports. An enemy fleet may however block the crossing.;Les armées peuvent franchir les détroits étroits sans utiliser de navires de transport. Cependant, une flotte ennemie peut en empêcher la traversée.;Schmale Seestraßen können von Armeen ohne die Hilfe von Transportern überquert werden. Allerdings können feindliche Flotten die Überquerung blockieren.;W¹ska cieœnina na: §Y$SEA$§W ³¹czy j?z prowincj?§Y$PROV$§W;Los ejércitos pueden cruzar estrechos sin la necesidad de transportes. Sin embargo, una flota enemiga puede bloquear el paso.;Il piccolo stretto che attraversa §Y$SEA$§W collega questa provincia a §Y$PROV$§W;A tengeri szoros §Y$SEA$§W tengeren összeköti ezt a provinciát a következõvel:  §Y$PROV$§W;Šíje vedouc?skrz §Y$SEA$§W spojuje tuto provincii s §Y$PROV$§W;;;;;;
SAVE_DONE;§GDone§W;§Gfait§W;§GFertig§W;W¹skie cieœniny mog?by?przekraczane przez armie bez koniecznoœci u¿ycia statków transportowych. Flota nieprzyjaciela mo¿e jednak blokowa?przepraw?;§GHecho§W;I piccoli stretti possono essere attraversati dagli eserciti senza l'utilizzo di mezzi. Tuttavia, una flotta nemica potrebbe bloccarne il passaggio.;A szorosokon szállítóhaj?nélkül átkelhetnek a csapataid, viszont az ellenséges flotta nem tud áthaladni rajtuk.;Šíji lze pøekroèit s pozemním vojskem i bez loïstva. Ale nepøátelsk?flotila m?e pøechod blokovat.;;;;;;
FOR_PLAYER;For Player:;Pour le joueur :;Für Spieler:;§GZrobione§W;Por el jugador:;§GFatto§W;§GKész§W;§GHotovo§W;;;;;;
FOR_AI;For AI:;Pour l'IA :;Für KI:;Dla gracza:;Por la IA:;Per giocatore:;Játékosnak:;Všem hráèùm:;;;;;;
MODIFIER_TECHNOLOGY_COST;Technology Cost;Coût de la technologie;Technologiekosten;Dla komputera:;Coste tecnológico;Per CPU:;Az AI-nak:;UI:;;;;;;
MODIFIER_REINFORCE_SPEED;Reinforce Speed;Accroître la vitesse;Verstärkungsgeschwindigkeit;;Reforzar velocidad;;;;;;;;;
UV_SHIPS;Ships:;Navires :;Schiffe:;;Barcos:;;;;;;;;;
BATTLES_SCORE;Battles: ;§YBatailles :§W ;Schlachten: ;;Batallas: ;;;;;;;;;
ALLIANCE_EFFECT;Alliance with §Y$WHO$§W.\n;Alliance avec §Y$WHO$§W.\n;Bündnis mit $WHO$.;;Alianza con §Y$WHO$§W.\n;;;;;;;;;
KILL_RULER_EFFECT;Current ruler (§Y$NAME$§W) will die.\n;Le dirigeant actuel, (§Y$NAME$§W), va mourir.\n;Der aktuelle Herrscher ($NAME$) wird bald sterben.;;El actual gobernante (§Y$NAME$§W) morir?\n;;;;;;;;;
KILL_LEADER_EFFECT;Leader §Y$NAME$§W will die.\n;Le chef §Y$NAME$§W va mourir.\n;Anführer $NAME$ wird bald sterben.;;El líder §Y$NAME$§W morir?\n;;;;;;;;;
SPAWN_EVENT;get the '$WHICH$' event.\n;obtiendra l'événement "$WHICH$".\n;führt zum Ereignis '$WHICH$'.\n;;Obtendr?el suceso '$WHICH$'.\n;;;;;;;;;
MODIFIER_REMOVED;$WHAT$ will be removed from $WHERE$.\n;$WHERE$ perdra §Y$WHAT$§W.\n;$WHAT$ wird entfernt aus $WHERE$.\n;;$WHAT$ se eliminar?de $WHERE$.\n;;;;;;;;;
LAND_ATTRITION;Land Attrition;Attrition des unités terrestres;Land-Verlustquote;;Desgaste terrestre;;;;;;;;;
NAVAL_ATTRITION;Naval Attrition;Attrition des unités navales;See-Verlustquote;;Desgaste naval;;;;;;;;;
STARTED; Started ; Commenc?;Begonnen;; Iniciado ;;;;;;;;;
WON;§GWon;§GGagn?§GGewonnen;;§GGanado;;;;;;;;;;
LOST;§RLost;§RPerdu;§RVerloren;;§RPerdido;;;;;;;;;
YOU_LOST;§RYou Lost;§RVous avez perdu;§RVerloren;;§RHas perdido;;;;;;;;;
YOU_WON;§GYou Won;§GVous avez gagn?§GGewonnen;;§GHas ganado;;;;;;;;;;
OPTION_CHANGED;$FROM$ has changed to: $TO$;$FROM$ a chang?pour $TO$;$FROM$ wurde geändert zu: $TO$;;$FROM$ ha cambiado a: $TO$;;;;;;;;;
THE_YEAR_IS_BEFORE;The year is before ;L'année est antérieure ?;Nicht später als ;;El año es anterior ;;;;;;;;;
THE_YEAR_IS_AFTER;The year is after ;L'année est postérieure ?;Nicht früher als ;;El año es posterior ;;;;;;;;;
HAVE_LESS_THAN;Have less than ;Ont moins de  ;Weniger haben als;;Tiene menos de ;;;;;;;;;
HAVE_MORE_THAN;Have at least ;Ont au moins ;Mehr haben als;;Tiene al menos ;;;;;;;;;
WAR_EXHAUSTION_MORE_THAN;War Exhaustion at least ;L'épuisement de guerre est d'au moins ;Kriegsmüdigkeit mehr als;;Agotamiento bélico de al menos ;;;;;;;;;
WAR_EXHAUSTION_LESS_THAN;War Exhaustion less than ;L'épuisement de guerre est inférieur ?;Kriegsmüdigkeit weniger als;;Agotamiento bélico inferior a ;;;;;;;;;
HAVE_LESS_MANPOWER_THAN;Have less manpower than ;Ont moins de main-d'œuvre que ;Mehr Mannstärke haben als;;Tiene menos recursos humanos que ;;;;;;;;;
HAVE_MORE_MANPOWER_THAN;Manpower at least ;Ont une main-d'œuvre d'au moins ;Weniger Mannstärke haben als;;Recursos humanos al menos ;;;;;;;;;
HAVE_CONTROL_OVER;Control ;Contrôlent ;Kontrolle haben über;;Control ;;;;;;;;;
HAVENT_CONTROL_OVER;Do NOT control ;Ne contrôlent pas ;Keine Kontrolle haben über;;No controla ;;;;;;;;;
HAVENT_CORE;Do NOT have a core in ;N'ont pas de territoire cl?dans ;Keine Kernprovinz haben in;;No tiene un núcleo en ;;;;;;;;;
HAVE_CORE_IN;Have a core in ;Ont un territoire cl?dans ;Kernprovinz haben in;;Tiene un núcleo en ;;;;;;;;;
HAVE_LESS_CITIES_THAN;Have less cities than ;Ont moins de villes que ;Weniger Städte haben als;;Tiene menos ciudades que ;;;;;;;;;
HAVE_MORE_CITIES_THAN;Number of cities at least ;ayant un nombre de villes d'au moins ;Mehr Städte haben als;;Número de ciudades al menos ;;;;;;;;;
HAVE_LESS_PORTS_THAN;Have less home ports than ;Leur nombre de ports d'attache est inférieur ?;Weniger Häfen haben als ;;Tiene menos puertos de origen que ;;;;;;;;;
HAVE_MORE_PORTS_THAN;Number of home ports at least ;Leur nombre de ports d'attache est d'au moins ;Mehr Häfen haben als ;;Número de puertos de origen al menos ;;;;;;;;;
HAVE_LESS_ALLIES_THAN;Have fewer allies than ;Ont moins d'alliés que ;Weniger Verbündete haben als;;Tiene menos aliados que ;;;;;;;;;
HAVE_MORE_ALLIES_THAN;Number of allies at least ;Leur nombre d'alliés est d'au moins ;Mehr Verbündete haben als;;Número de aliados al menos ;;;;;;;;;
IS_ENABLED; is enabled; est activ?e); ist aktiviert;; est?activado;;;;;;;;;
IS_DISABLED; is disabled; est désactiv?e); ist deaktiviert;; est?desactivado;;;;;;;;;
HAVE;Have ;Ont ;Haben ;;Tiene ;;;;;;;;;
HAVE_NOT;Do NOT have ;N'ont PAS ;Nicht haben ;;No tiene ;;;;;;;;;
HAS;Has ;a ;Hat ;;Tiene ;;;;;;;;;
HAS_NOT;Has NOT ;N'a PAS ;Hat nicht ;;No tiene ;;;;;;;;;
EXISTS; exists; existe; existiert;; existe;;;;;;;;;
DOSNT_EXISTS; does NOT exist; n'existe PAS; existiert nicht;;No existe;;;;;;;;;
DO_NOT_HAVE_A;Do NOT have a ;N'a pas de ;Nichtverfügung über;;No tiene ;;;;;;;;;
HAVE_A;Have a ;A un(e) ;Verfügung;;Tiene ;;;;;;;;;
HAVE_LESS_PROVINCE_THAT_PRODUCES_THEN;Less $GOODS$ producing provinces than ;Ont moins de provinces produisant $GOODS$ que ;Weniger Provinzen mit Produktion von $GOODS$ haben als;;Menos provincias productoras de $GOODS$ que ;;;;;;;;;
HAVE_MORE_PROVINCE_THAT_PRODUCES_THEN;$GOODS$ producing provinces at least ;Le nombre de provinces produisant $GOODS$ est d'au moins ;Mehr Provinzen mit Produktion von $GOODS$ haben als;;Provincias productoras de $GOODS$ al menos ;;;;;;;;;
HAVE_AT_LEST_ONE_OWNED_NEIGHBORING_PROVINCE;Have at least one owned neighboring province such that:;Détiennent au moins une province voisine telle que :;Mindestens eine besetzte Nachbarprovinz;;Tiene al menos una provincia adyacente como:;;;;;;;;;
HAVE_NO_OWNED_NEIGHBORING_PROVINCE;Have no owned neighboring province such that:;Ne détiennent pas de province voisine telle que :;Keine besetzte Nachbarprovinz;;No tiene provincias adyacentes como:;;;;;;;;;
DO_NOT_OWN;Does NOT own ;Ne possède PAS ;Kein Besitz von ;;No tiene ;;;;;;;;;
OWNS;Owns ;Possède ;Besitz von ;;Tiene ;;;;;;;;;
DO_NOT_CONTROL;Does NOT control ;Ne contrôle PAS ;Keine Kontrolle über ;;No controla ;;;;;;;;;
CONTROLS;Controls ;Contrôle ;Kontrolliert ;;Controla ;;;;;;;;;
IS_NOT;Is NOT ;N'est PAS ;ist NICHT ;;No es ;;;;;;;;;
IS;Is ;est ;ist ;;Es ;;;;;;;;;
HAVE_THE_MODIFIER;Have the modifier ;Ont le modificateur ;Verfügung über den Modifikator ;;Tiene el modificador ;;;;;;;;;
DONT_HAVE_THE_MODIFIER;Do NOT have the modifier ;N'ont PAS le modificateur ;Nichtverfügung über den Modifikator ;;No tiene el modificador ;;;;;;;;;
DONT_HAVE_THE_PROVICEN_MODIFIER;Do NOT have the province modifier ;N'ont PAS le modificateur de province ;Nichtverfügung über den Provinzmodifikator ;;No tiene el modificador de provincia ;;;;;;;;;
HAVE_THE_PROVINCE_MODIFIER;Have the province modifier ;Ont le modificateur de province ;Verfügung über den Provinzmodifikator ;;Tiene el modificador de provincia ;;;;;;;;;
HAVE_A_PORT_IN;Have a port in ;Dispose d'un port ?;Hat einen Hafen in ;;Tiene un puerto en ;;;;;;;;;
HAVE_NOT_A_PORT_IN;Do NOT have a port in ;Ne dispose PAS d'un port ?;Hat keinen Hafen in ;;No tiene un puerto en ;;;;;;;;;
HAVE_COUNTRY_FLAG;Have the country flag ;Ont le drapeau national ;Nationalflagge haben;;Tiene la bandera nacional ;;;;;;;;;
HAVE_NOT_COUNTRY_FLAG;Do NOT have the country flag ;N'ont PAS le drapeau national ;Keine Nationalflagge haben;;No tiene la bandera nacional ;;;;;;;;;
HAVE_PROVINCE_FLAG;Have the province flag ;Ont le drapeau provincial ;Provinzflagge haben;;Tiene la bandera de la provincia ;;;;;;;;;
HAVE_NOT_PROVINCE_FLAG;Do NOT have the province flag ;N'ont pas le drapeau provincial ;Keine Provinzflagge haben;;No tiene la bandera de la provincia ;;;;;;;;;
IS_NOT_ON_THE_CONTINET; is NOT on the continent ; n'est PAS sur le continent ; liegt nicht auf dem Kontinent ;; No est?en el continente ;;;;;;;;;
IS_ON_THE_CONTINET; is on the continent ; est sur le continent ; liegt auf dem Kontinent ;; est?en el continente ;;;;;;;;;
DONT_HAVE_A_X_INY;Do NOT have a $X$ in $Y$;N'ont PAS de $X$ en $Y$;Kein $X$ in $Y$ haben;;No tiene un(a) $X$ en $Y$;;;;;;;;;
HAVE_A_X_INY;Have a $X$ in $Y$;Ont un(e) $X$ en $Y$;Ein $X$ in $Y$ haben;;Tiene un(a) $X$ en $Y$;;;;;;;;;
PURE_REVOLT_RISK_LOWER_THAN;Base revolt risk lower than ;Risque de révolte de base inférieure ?;Grund-Revoltenrisiko geringer als ;;Riesgo de levantamiento básico inferior a ;;;;;;;;;
PURE_REVOLT_RISK_HIGHER_THAN;Base revolt risk at least ;Risque de révolte de base d'au moins ;Grund-Revoltenrisiko größer als ;;Riesgo de levantamiento básico de al menos ;;;;;;;;;
REVOLT_RISK_LOWER_THAN;Revolt risk lower than ;Risque de révolte inférieur ?;Revoltenrisiko geringer als ;;Riesgo de levantamiento inferior a ;;;;;;;;;
REVOLT_RISK_HIGHER_THAN;Revolt risk at least ;Risque de révolte d'au moins ;Revoltenrisiko größer als ;;Riesgo de levantamiento de al menos ;;;;;;;;;
IS_NOT_NEIGHBOUR_WITH;Does NOT neighbour ;N'est pas limitrophe de ;Ist kein Nachbar von ;;No es adyacente ;;;;;;;;;
IS_NEIGHBOUR_WITH;Neighbours ;Voisins ;Ist Nachbar von ;;Vecinos ;;;;;;;;;
HAVE_LESS_UNITS_IN_THAN;Have less units in $PROVINCE$ than ;Ont, dans la province $PROVINCE$, un nombre d'unités inférieur ?;Weniger Einheiten in $PROVINCE$ haben als ;;Tiene menos unidades en $PROVINCE$ que ;;;;;;;;;
HAVE_MORE_UNITS_IN_THAN;Units in $PROVINCE$ at least ;Ont, dans la province $PROVINCE$, un nombre d'unités d'au moins ;Mehr Einheiten in $PROVINCE$ haben als ;;Unidades en $PROVINCE$ al menos ;;;;;;;;;
HAVE_MORE_THAN_INFANTRY_IN;Have at least $UNITS$ infantry in $Province$;Ont au moins $UNITS$ unités d'infanterie dans la province $Province$;Verfügung über mehr als $UNITS$ Infanterie in $Province$;;Tiene al menos $UNITS$ de infantería en $Province$;;;;;;;;;
HAVE_LESS_THAN_INFANTRY_IN;Have less than $UNITS$ infantry in $Province$;Ont moins de $UNITS$ unités d'infanterie dans la province $Province$;Verfügung über weniger als $UNITS$ Infanterie in $Province$;;Tiene menos $UNITS$ de infantería en $Province$;;;;;;;;;
IS_AT_PEACE_WITH;Is at peace with ;Est en paix avec  ;Ist im Frieden mit ;;Est?en paz con ;;;;;;;;;
IS_AT_WAR_WITH;Is at war with ;Est en guerre contre ;Ist im Krieg mit ;;Est?en guerra con ;;;;;;;;;
HAS_NO_TRUCE_WITH;Have no truce with ;N'observe pas de trêve avec ;Hat keine Waffenruhe mit ;;No tiene tregua con ;;;;;;;;;
HAS_TRUCE_WITH;Have truce with ;Observe une trêve avec ;Hat Waffenruhe mit ;;Tiene tregua con ;;;;;;;;;
HAVE_NO_UNITS_IN_BATTLE;Have no units in battle;N'ont pas d'unités au combat;Keine Einheiten in der Schlacht haben;;No tiene unidades en combate;;;;;;;;;
HAVE_UNITS_IN_BATTLE;Have units in battle;Ont des unités au combat;Einheiten in der Schlacht haben;;Tiene unidades en combate;;;;;;;;;
HAVE_A_UNITS_WITH_A_LEADER;Have a unit with a leader;Ont une unit?avec un chef;Einheit mit einem Anführer haben;;Tiene una unidad con un líder;;;;;;;;;
HAVE_NO_UNITS_WITH_A_LEADER;Have no units with a leader;N'ont pas d'unit?avec un chef;Keine Einheit mit einem Anführer haben;;No tiene unidades con líder;;;;;;;;;
HAVE_A_NAVY_SMALLER_THAN;Have a navy smaller than ;Ont une marine plus petite que  ;Kleinere Marine haben als ;;Tiene una armada menor que ;;;;;;;;;
HAVE_A_NAVY_LARGER_THAN;Total navy size at least ;Taille totale de la marine d'au moins ;Größere Marine haben als ;;Tamaño total de la armada al menos ;;;;;;;;;
HAVE_A_ARMY_SMALLER_THAN;Have an army smaller than ;Ont une armée plus petite que ;Kleinere Armee haben als ;;Tiene un ejército menor que ;;;;;;;;;
HAVE_A_ARMY_LARGER_THAN;Total army size at least ;Taille totale de l'armée d'au moins ;Größere Armee haben als ;;Tamaño total del ejército al menos ;;;;;;;;;
HAVE_A_PERCENTAGE_OF_OVERSEAS_PROVINCE_LARGER_THAN;Overseas province percentage at least ;Le pourcentage de provinces d'outre-mer est d'au moins ;Größeren Prozentsatz an Überseeprovinzen haben als ;;Porcentaje de provincias de ultramar al menos ;;;;;;;;;
HAVE_A_PERCENTAGE_OF_OVERSEAS_PROVINCE_SMALLER_THAN;Overseas province percentage smaller than ;Le pourcentage de provinces d'outre-mer est inférieur ?;Geringeren Prozentsatz an Überseeprovinzen haben als ;;Porcentaje de provincias de ultramar menor que ;;;;;;;;;
HAVE_NOT_THE_LEADER;Do NOT have the leader ;N'ont PAS de chef ;Nicht den Anführer haben ;;No tiene al líder ;;;;;;;;;
HAVE_THE_LEADER;Have the leader ;Ont un chef ;Den Anführer haben ;;Tiene al líder ;;;;;;;;;
HAVE_N0T_ALLIANCE_WITH;Not allied with ;Ne sont pas alliés avec ;Kein Bündnis haben mit ;;No est?aliado con ;;;;;;;;;
HAVE_ALLIANCE_WITH;Allied with ;Sont alliés avec ;Bündnis haben mit ;;Aliado con ;;;;;;;;;
PROVINCE_IS_NOT;Province is NOT ;L'identification de la province n'est PAS ;Provinz ist nicht ;;La provinvia NO es ;;;;;;;;;
PROVINCE_IS;Province is ;L'identification de la province est ;Provinz ist ;;La la provincia es ;;;;;;;;;
LESS_THAN; less than; moins de; geringer als;; menor que;;;;;;;;;
GREATER_THAN; at least; au moins; größer als;; al menos;;;;;;;;;
HAVE_MORE_MANPOWER_THEN_MAXIMUM;Have at least max manpower;Ont plus de main-d'œuvre que le maximum;Größere Mannstärke haben als maximal;;Tiene al menos unos recursos humanos máximos;;;;;;;;;
HAVE_LESS_MANPOWER_THEN_MAXIMUM;Have less then max manpower;Ont moins de main-d'œuvre que le maximum;Geringere Mannstärke haben als maximal;;Tiene menos que el máximo de recursos humanos;;;;;;;;;
HAVE_LESS_BADBOY_THAN;Have less 'badboy' than ;Ont moins d'infamie que ;Geringeren Aggressionswert haben als ;;Tiene menos 'tipo malo' que ;;;;;;;;;
HAVE_MORE_BADBOY_THAN;Have 'badboy' of at least ;Ont une infamie d'au moins ;Größeren Aggressionswert haben als ;;Tiene 'tipo malo' de al menos ;;;;;;;;;
THE_NUMBER_OF_REVOLT_FRACTION_IS_MORE_THAN;Number of provinces in revolt at least ;Nombre de provinces se révoltant d'au moins ;Die Revoltenanteil ist größer als ;;Número de provincias rebeldes de al menos ;;;;;;;;;
THE_NUMBER_OF_REVOLT_FRACTION_IS_LESS_THAN;Fewer provinces in revolt than ;Nombre de provinces se révoltant inférieur ?;Die Revoltenanteil ist geringer als ;;Menos provincias rebeldes que ;;;;;;;;;
TECHNOLOGY_LOWER_THAN; lower than ; inférieur(e) ?; geringer als ;; menor que ;;;;;;;;;
TECHNOLOGY_HIGHER_THAN; at least ; au moins ; höher als ;; al menos ;;;;;;;;;
HAVE_NOT_ANY_NEIGHBOR;Have no neighbors;N'ont pas de voisins;Keine Nachbarn haben;;No tiene vecinos;;;;;;;;;
HAVE_ANY_NEIGHBOR;Have at least one neighbor;Ont au moins un voisin;Nachbarn haben;;Tiene al menos un vecino;;;;;;;;;
HAVE_NOT_CASUS_BELLI_AGAINST;Have no claims against ;Ne revendiquent ;Keinen Kriegsgrund haben gegen ;;No tiene reivindicaciones contra ;;;;;;;;;
HAVE_CASUS_BELLI_AGAINST;Have claims against ;Revendiquent ;Kriegsgrund haben gegen ;;Tiene reivindicaciones contra ;;;;;;;;;
IS_NOT_AI;Is NOT AI;N'est pas contrôl?par l'IA;Ist nicht KI;;No es de la IA;;;;;;;;;
IS_AI;Is AI;Est contrôl?par l'IA;Ist KI;;Es de la IA;;;;;;;;;
THEN_NUMBER_OF_REVOLTS_ARE_LESS_THAN;Fewer rebel provinces than ;Nombre de provinces rebelles inférieur ?;Revoltenanzahl geringer als ;;Menos provincias rebeldes que ;;;;;;;;;
THEN_NUMBER_OF_REVOLTS_ARE_MORE_THAN;Number of rebel provinces at least ;Nombre de provinces rebelles d'au moins ;Revoltenanzahl größer als ;;Número de provincias rebeldes de al menos ;;;;;;;;;
OR_TRIGGER_STARTS;One of the following must be true;L'une de ces conditions est réalisée ; muss einer der folgenden Punkte zutreffen;;Uno de los siguientes debe de ser la verdad;;;;;;;;;
NEIGHBOR_COUNTRY_STARTS;Neighboring country;Pays voisin;Nachbarland startet;;País vecino;;;;;;;;;
TRIGGER_NUM;Scope Num;Num déclencheur;Auslöserzahl;;Núm. de alcance;;;;;;;;;
TRIGGER_ALLY;Any Ally;Tout alli?Beliebiger Bündnispartner;;Cualquier aliado;;;;;;;;;;
TRIGGER_OWNER;Province Owner;Propriétaire de la province;Provinzeigentümer;;Propietario de la provincia;;;;;;;;;
TRIGGER_CONTROLLER;Province Controller;Contrôleur de la province;Provinzkontrolleur;;Controlador de la provincia;;;;;;;;;
TRIGGER_CAPITAL;Capital;Capitale;Hauptstadt;;Capital;;;;;;;;;
TRIGGER_SEA_ZONE;Sea Zone Outside;Zone maritime extérieure;Seezone außerhalb;;Zona marítima exterior;;;;;;;;;
TRIGGER_THIS;This;Cet(te);Dies;;Esto;;;;;;;;;
TRIGGER_FROM;From;De;Von;;De;;;;;;;;;
TRIGGER_LOCAL_ENEMY;Local Enemy;Ennemi local;Lokaler Feind;;Enemigo local;;;;;;;;;
CONFIRMBUILDTEXTLEDGER;Are you sure you wish to build $BUILDING$ in $PROVINCE$?;Voulez-vous vraiment construire $BUILDING$ dans la province $PROVINCE$ ?;Möchten Sie wirklich $BUILDING$ in $PROVINCE$ bauen?;;¿Seguro que quieres construir un(a) $BUILDING$ en $PROVINCE$?;;;;;;;;;
CORE_IS_REVOLTER_CAPITAL;This is the potential capital of this nation.;C'est la capitale potentielle de cette nation.;Dies ist die potentielle Hauptstadt dieser Nation.;;Ésta es la capital potencial de esta nación.;;;;;;;;;
REVOLTRISK_EFFECT;$DIRECTION$ $VALUE$ revoltrisk in $WHERE$.\n;$DIRECTION$ $VALUE$ risque de révolte en $WHERE$.\n;$DIRECTION$ $VALUE$ Revoltenrisiko in $WHERE$.\n;;$DIRECTION$ $VALUE$ riesgo de levantamiento en $WHERE$.\n;;;;;;;;;
LEDGER_CANT_BUILD_THIS_TECH;Your current technology level does not allow you to build this building;Votre niveau actuel en technologie ne vous permet pas de construire ce bâtiment;Ihre momentane Technologiestufe erlaubt Ihnen noch nicht den Bau dieses Gebäudes;;Tu actual nivel tecnológico no te permite la construcción de este edificio;;;;;;;;;
LEDGER_CANT_BUILD_THIS_FULL;Already built by all provinces;Déj?construit par toutes les provinces;Schon in allen Provinzen gebaut;;Ya se ha construido en todas las provincias;;;;;;;;;
LEDGER_OVERALL;Overall;Tous;Alles;;General;;;;;;;;;
THEYGUARANT;They guarantee our independence, so we can not guarantee theirs.;Ils sont garants de notre indépendance, nous ne pouvons donc pas garantir la leur.;Sie garantieren unsere Unabhängigkeit. Wir können deshalb nicht ihre Unabhängigkeit garantieren.;;Garantizan nuestra independencia, por lo que no podemos garantizar la suya.;;;;;;;;;
THEYWARN;They are warning us, so we can not warn them.;Ils nous ont déj?avertis, nous ne pouvons donc pas faire de même.;Sie haben uns gewarnt, und wir können sie deshalb nicht warnen.;;No están advirtiendo, por lo que no podemos advertirles a ellos.;;;;;;;;;
WCRD_GUA;We have guaranteed their independence.;Nous avons garanti leur indépendance.;Wir haben ihre Unabhängigkeit garantiert.;;Hemos garantizado su independencia.;;;;;;;;;
WCRD_WARNING;We have warned $WHO$ that this should be their last territorial demand.;Nous avons averti $WHO$ que ce serait leur dernière revendication territoriale.;Wir haben $WHO$ gewarnt, keinen Krieg zu beginnen.;;Hemos advertido a $WHO$ que ésta debería ser su última exigencia territorial.;;;;;;;;;
VARIABLE;Variable ;Variable ;Variable ;;Variable ;;;;;;;;;
IS_GREATER_THAN; is greater than ; est supérieur ?; ist größer als ;; es mayor que ;;;;;;;;;
IS_EQUAL_OR_LESS_THAN; is equal to or less than ; est inférieur ou égal ?; ist gleich gro?oder geringer als ;; es igual o inferior que ;;;;;;;;;
RANDOM_EFFECT;§Y$CHANCE$§W% chance of ;§Y$CHANCE$%§W de chances que ;$CHANCE$% Chance auf \n;;§Y$CHANCE$§W% probabilidades de ;;;;;;;;;
RANDOM_LIST_EFFECT;One of §Y$SIZE$§W options will happen.\n;L'une des §Y$SIZE$§W options prendra effet :\n;eine von $SIZE$ Optionen wird eintreten.\n;;Se producir?una de las opciones de §Y$SIZE$§W.\n;;;;;;;;;
ANY_PROVINCE_STARTS;Any owned province;Toute province détenue;Jede Provinz in Besitz;;Cualquier provincia en propiedad;;;;;;;;;
EFFECT_AND;...and;?et;…und;;... y;;;;;;;;;
EFFECT_MORE;more.;davantage.;mehr.;;Más;;;;;;;;;
OUR_RULER;Our Ruler;Notre dirigeant;Unser Herrscher;;Nuestro gobernante;;;;;;;;;
THEIR_RULER;Their Ruler;Leur dirigeant;Ihr Herrscher;;Su gobernante;;;;;;;;;
OCCUPIED_PROVINCES;Occupied Provinces;Provinces occupées;Besetzte Provinzen;;Provincias ocupadas;;;;;;;;;
CREATE_REBELS;§R$SIZE$§Y $TYPE$§W brigade(s) rise up in revolt in §Y$WHERE$§W.\n;§R$SIZE$§Y régiments $TYPE$§W se révoltent ?§Y$WHERE$§W.\n;§R$SIZE$§Y $TYPE$§W Regiment(er) erheben sich in §Y$WHERE$§W.\n;;§R$SIZE$§Y regimiento(s) de $TYPE$§W se rebelan en §Y$WHERE$§W.\n;;;;;;;;;
NATIONALISM_LOWER_THAN;Nationalism lower than ;Nationalisme inférieur ?;Nationalismus geringer als;;Nacionalismo inferior a ;;;;;;;;;
NATIONALISM_HIGHER_THAN;Nationalism higher than ;Nationalisme supérieur ?;Nationalismus höher als;;Nacionalismo superior a ;;;;;;;;;
KNOWN_COUNTRY_STARTS;Known country;Pays connu;Bekanntes Land;;País conocido;;;;;;;;;
EXTRA_NATIONALISM_DESC;$DIRECTION$ $VALUE$ years of nationalism in $WHERE$.\n;$DIRECTION$ $VALUE$ années de nationalisme en $WHERE$.\n;$DIRECTION$ $VALUE$ Jahre des Nationalismus in $WHERE$.\n;;$DIRECTION$ $VALUE$ años de nacionalismo en $WHERE$.\n;;;;;;;;;
HAVE_DIPLOMATIC_RELATION;has a relation of;entretient une relation de;hat eine Beziehung von;;tiene una relación de;;;;;;;;;
WITHL;with;avec;mit;;con;;;;;;;;;
WITHG;or greater with;ou supérieur avec;oder mehr mit;;o mayor con;;;;;;;;;
IS_NOT_IN_THE_REGION;Is NOT in the region ;N'est PAS dans la région ;Ist NICHT in der Region ;;No est?en la región ;;;;;;;;;
IS_IN_REGION;Is in the region;Est dans la région;Ist in der Region ;;Est?en la región;;;;;;;;;
NOT_OWNED_BY;Is NOT owned by ;N'est PAS détenue par ;Ist NICHT im Besitz von ;;No es propiedad de ;;;;;;;;;
OWNED_BY;Owned by ;Est détenue par ;Ist Eigentum von ;;Es propiedad de ;;;;;;;;;
NOT_CONTROLLED_BY;Is NOT controlled by ;N'est PAS contrôlée par ;Wird NICHT kontrolliert von ;;No est?controlada por ;;;;;;;;;
CONTROLLED_BY;Controlled by ;Est contrôlée par ;Wird kontrolliert von ;;Est?controlada por ;;;;;;;;;
RIVALSWITH;Views $LIST$ as natural rivals.;Affiche $LIST$ comme étant des rivaux naturels.;Sieht $LIST$ als natürliche Rivalen an.;;Ve a $LIST$ como rivales naturales.;;;;;;;;;
THREATENEDBY;Feels threatened by $LIST$.;Se sent menac?par $LIST$.;Fühlt sich bedroht von $LIST$.;;Se siente amenazada por $LIST$.;;;;;;;;;
HAVE_NO_UNITS_IN;$COUNTRY$ have NO units in $PROVINCE$.;$COUNTRY$ n'a AUCUNE unit?dans la province $PROVINCE$.;$COUNTRY$ haben KEINE Einheiten in $PROVINCE$.;;$COUNTRY$ NO tiene unidades en $PROVINCE$.;;;;;;;;;
HAVE_UNITS_IN;$COUNTRY$ have units in $PROVINCE$.;$COUNTRY$ a des unités dans la province $PROVINCE$.;$COUNTRY$ haben Einheiten in $PROVINCE$.;;$COUNTRY$ tiene unidades en $PROVINCE$.;;;;;;;;;
NEIGHBOR_PROVINCE_STARTS;Any neighboring province;Toute province voisine;Jede benachbarte Provinz;;Cualquier provincia adyacente;;;;;;;;;
AT_LEAST;At least;Au moins;Zumindest;;Al menos;;;;;;;;;
IMMEDIATEEFFECT;Immediate Effect: \n;Effet immédiat : \n;Sofortiger Effekt: \n;;Efecto inmediato: \n;;;;;;;;;
IS_SUBJECT;Is a subject nation;Est une nation inféodée;Ist eine untergebene Nation;;Es una nación vasalla;;;;;;;;;
IS_NOT_SUBJECT;Is not a subject nation;N'est pas une nation inféodée;Ist keine untergebene Nation;;No es una nación vasalla;;;;;;;;;
DEFINE_RULER_EFFECT;§Y$NAME$§W becomes ruler.\n;§Y$NAME$§W devient dirigeant.\n;§Y$NAME$§W wird Herrscher.\n;;§Y$NAME$§W sube al poder.\n;;;;;;;;;
friendly_regiments;Friendly Troops;Troupes amies;Freundliche Truppen;;Tropas amigas;;;;;;;;;
ANY_ALL;Any/All;Tous;Alle;;Cualquiera/Todos;;;;;;;;;
CANT_SEE_UNDER_FOW;This is not possible to determine without further access to the area.;Ceci est impossible ?déterminer sans un accès plus approfondi ?la zone.;Das ist unmöglich festzustellen, ohne weiteren Zugang zu dieser Region zu haben.;;No se puede determinar sin un mayor acceso a la zona.;;;;;;;;;
VASSAL_TIMER;It is not possible to offer this before $DATE$ though.;Il est toutefois impossible de proposer ceci avant $DATE$.;Es ist allerdings nicht möglich, dies vor $DATE$ anzubieten.;;Aunque no se puede ofrecer antes de $DATE$.;;;;;;;;;
INDEF;End Of;Fin de;Ende von;;Fin de;;;;;;;;;
MISS_DIST_CAPITAL;Distance from Capital;Distance de la capitale;Distanz zur Hauptstadt;;Distancia desde la capital;;;;;;;;;
FE_NUM_PLAYERS;Number of Players: $NUM$;Nombre de joueurs : $NUM$;Spieleranzahl: $NUM$;;Número de jugadores: $NUM$;;;;;;;;;
IS_NOT_COUNTRY_CORE;Is NOT a $COUNTRYADJ$ core;N'est pas un territoire cl?$COUNTRYADJ$;Ist KEINE $COUNTRYADJ$ Kernprovinz;;No es un núcleo de $COUNTRYADJ$;;;;;;;;;
IS_COUNTRY_CORE;Is a $COUNTRYADJ$ core;Est un territoire cl?$COUNTRYADJ$;Ist eine Kernprovinz von $COUNTRYADJ$;;Es un núcleo de $COUNTRYADJ$;;;;;;;;;
ITS_OWNER;its owner;son propriétaire;sein Besitzer;;su propietario;;;;;;;;;
NOT_POSSIBLE_CAUSE;Not possible because the following isn't true.;Impossible car les raisons suivantes ne sont pas vraies.;Nicht möglich, da Folgendes nicht zutrifft.;;No es poible porque lo siguiente no es verdad.;;;;;;;;;
ALLOWED_CAUSE;Possible here, due to the following...;Possible pour les raisons suivantes...;Hier möglich, aufgrund von:;;Aqu?es posible debido a lo siguiente...;;;;;;;;;
HAVE_MORE_MONEY_THAN;Monthly income at least ;Revenus mensuels d'au moins ;Monatliches Einkommen mindestens;;Ingresos mensuales de al menos ;;;;;;;;;
HAVE_LESS_MONEY_THAN;Monthly income less than ;Revenus mensuels inférieurs ?;Monatliches Einkommen weniger als;;Ingresos mensuales inferiores a ;;;;;;;;;
TRIG_IS;is;est;ist;;es;;;;;;;;;
TRIG_ISNOT;is not;n'est pas;ist nicht;;no es;;;;;;;;;
OPTIONS;OPTIONS;OPTIONS;OPTIONEN;;OPCIONES;;;;;;;;;
CANT_NEGOTIATE_UNTIL;We cannot negotiate with rebels again until;Nous ne pouvons pas entreprendre de nouvelles négociations avec les rebelles avant;Wir können mit den Rebellen nicht mehr verhandeln bis;;No podremos volver a negociar con lor rebeldes hasta;;;;;;;;;
WONT_NEGOTIATE;They will not negotiate unless the following is true:;Ils ne négocieront pas ?moins que les éléments suivants soient vrais :;Sie werden nicht mit uns verhandeln, bis folgendes zutrifft:;;No negociarán a menos que lo siguiente sea verdad:;;;;;;;;;
ALWAYS_FALSE;Never;Jamais;Niemals;;Nunca;;;;;;;;;
ALWAYS_TRUE;Always;Toujours;Immer;;Siempre;;;;;;;;;
REMOVE_FOW;Lift Fog of War from $COUNTRY$ for $MONTHS$ months.;Éliminer le brouillard de guerre du pays $COUNTRY$ pendant $MONTHS$ mois.;Kriegsnebel von $COUNTRY$ für $MONTHS$ Monate aufheben.;;Levantar niebla de guerra de $COUNTRY$ durante $MONTHS$ meses.;;;;;;;;;
IS_NOT_CAPITAL; is not a Capital Province; n'est pas une province capitale; ist keine Hauptstadtprovinz;; No es una provincia capital;;;;;;;;;
IS_CAPITAL; is a Capital Province; est une province capitale; ist eine Hauptstadtprovinz;; Es una provincia capital;;;;;;;;;
WAR_EXHUASTION_LABEL;War Exhaustion;Épuisement de guerre;Kriegsmüdigkeit;;Agotamiento bélico;;;;;;;;;
WE_MODIFIED_BY;It is modified each month by.;Ceci est modifi?chaque mois.;Wird jeden Monat modifiziert um.;;Se modifica cada mes por;;;;;;;;;
WARE_EFFECTS;War Exhaustion has the current effects.;Actuellement, l'épuisement de guerre a ces effets.;Kriegsmüdigkeit hat derzeit folgende Effekte:;;El agotamiento bélico tiene los siguientes efectos.;;;;;;;;;
FOW_IS_NOT_LIFTED;The Fog of War is not lifted;Le brouillard de guerre n'est pas élimin?Der Kriegsnebel ist nicht aufgehoben;;La niebla de guerra no se levanta;;;;;;;;;;
FOW_IS_LIFTED;The Fog of War is lifted;Le brouillard de guerre est élimin?Der Kriegsnebel ist aufgehoben;;La niebla de guerra se levanta;;;;;;;;;;
HAVE_GLOBAL_FLAG;Have the global flag ;Dispose du drapeau mondial ;Hat die globale Flagge;;Tiene la bandera global ;;;;;;;;;
HAVE_NOT_GLOBAL_FLAG;Do NOT have the global flag ;Ne dispose PAS du drapeau mondial ;Hat NICHT die globale Flagge;;No tiene la bandera global ;;;;;;;;;
ANY_CORE_STARTS;Any Core Country;Tout pays principal;Jede Kern-Nation;;Cualquier país núcleo;;;;;;;;;
LIKELY_REBELS;Likely Rebels;Probablement rebelles;Wahrscheinliche Rebellen;;Probablemente rebeldes;;;;;;;;;
PROFIT_GAIN;gain;gain de;Gewinn;;ganancia RDO;;;;;;;;;
PROFIT_LOSS;loss;perte de;Verlust;;pérdida, damnificación, baja, daño;;;;;;;;;
REINFORCE_INFO_TEXT;If the pops have enough reserves, this army will reinforce with §Y$VALUE$§W men each month in this location. The local reinforce rate is §Y$LOCAL$§W% in this province, and we get a bonus of §Y+$COUNTRY$§W% from technology.;Si les POP ont assez de réserves, cette armée se renforcera de §Y$VALUE$§W soldats chaque mois ?cet endroit. Le taux local de renfort est de §Y$LOCAL$%§W dans cette province, et nous obtenons un bonus de §Y+$COUNTRY$%§W par la technologie.;Mit genug Rekruten im Land wird diese Armee mit §Y$VALUE$§W Männern pro Monat in diesem Gebiet verstärkt werden. Die lokale Verstärkungsrate in dieser Provinz ist §Y$LOCAL$§W%, und wir bekommen einen Bonus von  §Y+$COUNTRY$§W% von den Werten unserer Nation.;;Si hay suficiente mano de obra en el país, este ejército se reforzar?con §Y$VALUE$§W hombres cada mes en esta ubicación. La tasa de refuerzos locales es de §Y$LOCAL$§W% en esta provincia, y obtenemos una bonificación de §Y+$COUNTRY$§W% por los valores de nuestra nación.;;;;;;;;;
THE_MONTH_IS_BEFORE;It is before ;Ceci est antérieur ;Es ist vor;;Es antes ;;;;;;;;;
THE_MONTH_IS_AFTER;It is at least ;Ceci est d'au moins ;Es ist zumindest;;Es de al menos ;;;;;;;;;
DM_MAX;With maximum;Avec un maximum de;Mit Maximum;;Con un máximo;;;;;;;;;
WEWAR;We are at War;Nous sommes en guerre;Wir sind im Krieg;;Estamos en guerra.;;;;;;;;;
STABHIT_FROM_MIL_ACCESS;Has Military Access;Dispose d'un accès militaire;Hat Militärzugang;Jesteœmy w stanie wojny;Tiene acceso militar;Siamo in guerra;Háborúban állunk;Jsme ve válce;;;;;;
THEYATWAR;We cannot do this while they are at war.;Nous ne pouvons pas faire ceci lorsqu'ils sont en guerre.;Wir können dies nicht tun, während sie im Krieg sind.;Maj?prawo przemarszu wojsk;No podemos hacer esto mientras estén en guerra.;ha l'accesso militare;Katonai hozzáféréssel rendelkezik;M?vojensk?pøístup;;;;;;
MS_BAD_VERSION;Wrong version. Please download the latest patch.;Mauvaise version. Veuillez télécharger le dernier patch.;Falsche Version. Bitte installieren Sie das letzte Update von Paradox.;Nie mo¿emy tego zrobi? kiedy prowadz?oni wojn?;Versión errónea. Por favor, descarga el último parche.;Non possiamo farlo mentre sono in guerra.;Amíg háborúban állnak, erre nincs lehetõségünk;To nem?eme uèinit, dokud jsou ve válce.;;;;;;
OFFENSEDESCR;*;*;*;Rzut koœci?*;Dadi;Kocka;Kostka;;;;;;;
CREATE_WAVES;Creating Waves;Création de vagues;Wellen schlagen;*;Creación de ondas;*;*;*;;;;;;
OL_SHIPS;Ships;Navires;Schiffe;;Barcos;;;;;;;;;
OL_TROOPS;Troops;Troupes;Truppen;Okrêty;Tropas;Navi;Hajók;Lodi;;;;;;
OL_COLONISTS_DESC;Our Colonist has §Y$CHANCE$§W% chance of success. The Colony currently has §Y$NUM$§W Colonists and §Y$NATIVES$§W natives living there.;Nos colons ont §Y$CHANCE$§W% de chance de réussir. §Y$NUM$§W colons et §Y$NATIVES$§W indigènes vivent actuellement dans cette colonie.;Unsere Kolonisten haben §Y$CHANCE$§W% Erfolgschance. In der Kolonie leben momentan §Y$NUM$§W Kolonisten und §Y$NATIVES$§W Eingeborene.;Wojsko;Nuestro colono tiene una probabilidad de éxito del §Y$CHANCE$§W%. La colonia cuenta actualmente con §Y$NUM$§W colonos y §Y$NATIVES$§W nativos.;Truppe;Szakaszok;Vojáci;;;;;;
OL_NONE;no;non;keine;Nasz kolonista ma §Y$CHANCE$§W% szans powodzenia. Aktualnie kolonia liczy sobie §Y$NUM$§W kolonistów. ¯yje tam §Y$NATIVES$§W tubylców.;no;I nostri coloni hanno: §Y$CHANCE$§W% di probabilit?di successo. Nella colonia al momento sono presenti §Y$NUM$§W coloni e §Y$NATIVES$§W nativi.;Gyarmatosítóinknak §Y$CHANCE$§W% esélyük van a sikerre. A gyarmaton jelenleg §Y$NUM$§W gyarmatosít?és §Y$NATIVES$§W õslakos él.;N? kolonista m?§Y$CHANCE$§W% šanci na úspìch. V kolonii nyn?žije §Y$NUM$§W kolonist?a §Y$NATIVES$§W domorodc?;;;;;;
OL_ARMY;This army currently $COMMANDER$ and is standing in §Y$PROV$§W.;Actuellement, cette armée $COMMANDER$ et se situe dans la province §Y$PROV$§W.;Diese Armee steht derzeit unter dem Befehl von $COMMANDER$ und befindet sich in §Y$PROV$§W.;nie;Este ejército $COMMANDER$ actualmente y se encuentra en §Y$PROV$§W.;nessuno;nem;ne;;;;;;
OL_NOCOMMANDER;has no commander;n'a pas de commandant;hat keinen Kommandeur;Dowództwo: $COMMANDER$. Stacjonuje ona w prowincji §Y$PROV$§W.;no tiene general;Questo esercito al momento $COMMANDER$ e si trova in §Y$PROV$§W.;Ez a hadsereg jelenleg $COMMANDER$ és $PROV$ tartományban állomásozik.;Této armád?vel?$COMMANDER$ a nacház?se v §Y$PROV$§W.;;;;;;
OL_COMMANDER;is under the command of $COMMANDER$;est sous le commandement de $COMMANDER$;steht unter dem Befehl von $COMMANDER$;brak dowódcy;est?bajo el mando de $COMMANDER$;non ha un comandante;parancsnok nélküli;nem?velitele;;;;;;
OL_ARMY_MOVE;It is on the move towards §Y$DEST$§W.;Elle se déplace vers : §Y$DEST$§W.;Sie marschiert Richtung §Y$DEST$§W.;$COMMANDER$;se est?desplazando hacia §Y$DEST$§W.;?al comando di $COMMANDER$;$COMMANDER$ irányítása alatt áll;je pod velením $COMMANDER$;;;;;;
OL_NAVY;This navy currently $COMMANDER$ and is located in §Y$PROV$§W.;Actuellement, cette marine $COMMANDER$ et se situe dans la province §Y$PROV$§W.;Diese Flotte steht derzeit unter dem Befehl von $COMMANDER$ und liegt in §Y$PROV$§W.;Zmierza w kierunku §Y$DEST$§W.;Esta armada $COMMANDER$ actualmente y se encuentra en §Y$PROV$§W.;Si sta dirigendo verso §Y$DEST$§W.;Úton $DEST$ fel?;Smìøuje do §Y$DEST$§W.;;;;;;
OL_NAVY_MOVE;It has set sail towards §Y$DEST$§W.;Elle navigue vers §Y$DEST$§W.;Sie hat Segel gen §Y$DEST$§W gesetzt.;Dowództwo: $COMMANDER$. Znajduje si?ona w prowincji §Y$PROV$§W.;Ha zarpado hacia §Y$DEST$§W.;Questa flotta al momento $COMMANDER$ e si trova in §Y$PROV$§W.;A flotta jelenleg $COMMANDER$ és $PROV$ tartományban állomásozik.;Této námoøn?armád?vel?$COMMANDER$ a nacház?se v §Y$PROV$§W.;;;;;;
OL_NAVAL_BASE;The $PROV$ naval base currently has $NUM$ units assigned;$NUM$ unités sont actuellement attribuées ?la base navale de $PROV$;Dem Marinestützpunkt $PROV$ sind momentan $NUM$ Einheiten zugewiesen;Wyruszy?w kierunku §Y$DEST$§W.;La base naval de $PROV$ tiene actualmente $NUM$ unidades asignadas;Si sta dirigendo verso §Y$DEST$§W.;$DEST$ fel?hajózik.;Pluje do §Y$DEST$§W.;;;;;;
OL_AIR_UNITS;Air Units;Unités aériennes;Lufteinheiten;;Unidades aéreas;;;;;;;;;
OL_AIR;This air unit currently $COMMANDER$ and is located in §Y$PROV$§W.;Actuellement, cette unit?aérienne $COMMANDER$ et se situe dans la province §Y$PROV$§W.;Diese Lufteinheit steht derzeit unter dem Befehl von $COMMANDER$ und befindet sich in §Y$PROV$§W.;;Esta unidad aérea $COMMANDER$ actualmente y se encuentra en §Y$PROV$§W.;;;;;;;;;
OL_AIR_MOVE;It has set flying towards §Y$DEST$§W.;Elle vole vers §Y$DEST$§W.;Ihr Flugziel ist §Y$DEST$§W.;;Ha partido hacia §Y$DEST$§W.;;;;;;;;;
OL_AIR_BASE;The $PROV$ airbase currently has $NUM$ units assigned;$NUM$ unités sont actuellement attribuées ?la base aérienne de $PROV$;Dem Luftwaffenstützpunkt $PROV$ sind momentan $NUM$ Einheiten zugewiesen;;La base aérea de $PROV$ tiene actualmente $NUM$ unidades asignadas;;;;;;;;;
OL_COMBATS;Land Combat;Combat terrestre;Landgefechte;;Combate terrestre;;;;;;;;;
OL_NAVAL_COMBAT;Naval Combat;Combat naval;Seegefechte;;El combate naval;;;;;;;;;
OL_AIR_COMBAT;Air Combat;Combat aérien;Luftkampf;;Combate aéreo;;;;;;;;;
OL_LAND_COMBAT_ATTACK;In our attack we have a progressed toward winning by §Y$PROGRESS$%§W. Our forces are led by §Y$OUR_LEAD$§W who has §Y$OUR_NUM$§W brigades committed, and have §Y$OUR_RES$§W brigades in reserves. We are facing $ENEMY$ forces led by §Y$THEIR_LEAD$§W who has §Y$THEIR_NUM$§W brigades committed, and have §Y$THEIR_RES$§W brigades in reserves.;Dans notre attaque, nous avons progress?vers la victoire de §Y$PROGRESS$%§W. Nos forces sont dirigées par §Y$OUR_LEAD$§W qui a §Y$OUR_NUM$§W régiments d'engagés, et a §Y$OUR_RES$§W régiments en réserve. Nous sommes confrontés ?$ENEMY$ forces dirigées par §Y$THEIR_LEAD$§W qui a §Y$THEIR_NUM$§W régiments d'engagés, et a §Y$THEIR_RES$§W régiments en réserve. ;Unser Angriff macht Fortschritte, zur Zeit liegen wir bei §Y$PROGRESS$%§W. Unsere Kräfte werden von §Y$OUR_LEAD$§W angeführt, der §Y$OUR_NUM$§W Brigaden im Einsatz und §Y$OUR_RES$§W Brigaden in Reserve hat. Wir stehen den $ENEMY$-Kräften unter Führung von §Y$THEIR_LEAD$§W gegenüber, der §Y$THEIR_NUM$§W Brigaden im Einsatz und  §Y$THEIR_RES$§W Brigaden in Reserve hat.;;En nuestro ataque, tenemos que progresar en §Y$PROGRESS$%§W. Nuestras fuerzas están al mando de §Y$OUR_LEAD$§W que tiene §Y$OUR_NUM$§W brigadas comprometidas, y §Y$OUR_RES$§W brigadas en la reserva. Nos enfrentamos a las fuerzas de $ENEMY$ dirigidas por §Y$THEIR_LEAD$§W, que cuenta con §Y$THEIR_NUM$§W brigadas comprometidas, y §Y$THEIR_RES$§W brigadas en la reserva.;;;;;;;;;
OL_LAND_COMBAT_DEFEND;We are defending against an attack which has progressed §R$PROGRESS$%§W towards success. Our defenders are led by §Y$OUR_LEAD$§W who has §Y$OUR_NUM$§W brigades committed and have §Y$OUR_RES$§W brigades in reserves. We are facing $ENEMY$ forces led by §Y$THEIR_LEAD$§W who has §Y$THEIR_NUM$§W brigades committed and have §Y$THEIR_RES$§W brigades in reserves.;Nous nous défendons contre une attaque qui a progress?de §Y$PROGRESS$%§W vers la victoire. Nos défenseurs sont dirigés par §Y$OUR_LEAD$§W qui a §Y$OUR_NUM$§W régiments d'engagés, et a §Y$OUR_RES$§W régiments en réserve. Nous sommes confrontés ?$ENEMY$ forces dirigées par §Y$THEIR_LEAD$§W qui a §Y$THEIR_NUM$§W régiments d'engagés, et a §Y$THEIR_RES$§W régiments en réserve. ;Wir verteidigen uns gegen einen Angriff mit einer Fortschrittsrate von §Y$PROGRESS$%§W. Unsere Verteidiger werden von §Y$OUR_LEAD$§W angeführt, der §Y$OUR_NUM$§W Brigaden im Einsatz und §Y$OUR_RES$§W Brigaden in Reserve hat. Wir stehen den $ENEMY$-Kräften unter Führung von §Y$THEIR_LEAD$§W gegenüber, der §Y$THEIR_NUM$§W Brigaden im Einsatz und  §Y$THEIR_RES$§W Brigaden in Reserve hat.;;Nos estamos defendiendo contra un ataque, con un progreso de §R$PROGRESS$%§W hacia el éxito. Nuestras fuerzas están al mando de §Y$OUR_LEAD$§W que tiene §Y$OUR_NUM$§W brigadas comprometidas, y §Y$OUR_RES$§W brigadas en la reserva. Nos enfrentamos a las fuerzas de $ENEMY$ dirigidas por §Y$THEIR_LEAD$§W, que cuenta con §Y$THEIR_NUM$§W brigadas comprometidas, y §Y$THEIR_RES$§W brigadas en la reserva.;;;;;;;;;
OL_BOMB_ON_US;Hostile Bombing;Bombardement ennemi;Feindliche Bombardements;;Bombardeo hostil;;;;;;;;;
OL_WE_BOMB;Our Bombings;Nos bombardements;Unsere Bombardements;;Nuestros bombardeos;;;;;;;;;
OL_WING;Wings;Flottes aériennes;Geschwader;;Alas;;;;;;;;;
NO_LEADER_FOR_THIS_1;This division lacks a leader.;Un chef manque ?cette division.;Dieser Division fehlt ein Anführer.;;Esta división carece de un líder.;;;;;;;;;
NO_LEADER_FOR_THIS_2;A single brigade cannot have a general to command them in battle.;Un seul régiment ne peut pas avoir un général pour les commander dans la bataille. ;Eine einzelne Brigade kann im Kampf nicht von einem Kommandeur angeführt werden.;;Una única brigada no puede tener a un general para conducirla al combate.;;;;;;;;;
LEADER_COMMAND_INFO;Led by §Y$NAME$§W (Skill: §Y$SKILL$§W)\n;Dirigée par §Y$NAME$§W (Compétence : §Y$SKILL$§W)\n;Angeführt von §Y$NAME$§W (Fähigkeit: §Y$SKILL$§W)\n;;Liderada por §Y$NAME$§W (habilidad: §Y$SKILL$§W)\n;;;;;;;;;
DIPRELCH_DEPENDENCY;Puppet-Master Relationship;Relations État fantoche-Maître;Beziehung Marionette-Herr;;Relación títere/amo;;;;;;;;;
RELATION_CAPPED;Can not go over this relation with gradual improvements.;Impossibilit?de dépasser cette relation avec des améliorations graduelles.;Diese Beziehung kann auch mit allmählichen Verbesserungen nicht weiter gebracht werden.;;No se puede cambiar esta relación con mejoras graduales.;;;;;;;;;
GGCOINS_BAD_LOGIN;Wrong username or password;Nom d'utilisateur ou mot de passe incorrect;Benutzername oder Passwort ungültig;;No es válido el nombre del usuario o la contraseña.;;;;;;;;;
OV_CONT;Checking the continuous box will start the mission immediately and allow it to continue until canceled by the player.;Cochez la case pour démarrer immédiatement la mission et la poursuivre jusqu'?ce qu'elle soit annulée par le joueur.;Aktivieren Sie das Kästchen "Kontinuierlich", um die Mission sofort zu starten. Sie wird dann weiter laufen, bis sie vom Spieler abgebrochen wird.;;El marcar la casilla de continuar iniciar?la misión de inmediato y permitir?que se continúe hasta que el jugador la cancele.;;;;;;;;;
ALLOWDEBTDESC;Request to be allowed to accumulate debt during wartime when trading with them.;Demandez l'autorisation d'accumuler des dettes pendant la guerre, lorsqu'il commerce avec eux.;Bitte um Erlaubnis, während Kriegszeiten beim Handel mit ihnen Verschuldungen einzugehen.;;Solicitar que se permita acumular deuda en tiempos de guerra al comerciar con ellos.;;;;;;;;;
KPH;KPH;km/h;km/h;;Km/h;;;;;;;;;
ITEM_RESEARCH_START;Start Research;Début des recherches;Forschung beginnen;km/h;Iniciar investigación;;;;;;;;;
NONE;None;Rien;Keine;;Nada;;;;;;;;;
AI;AI;IA;KI;Brak;IA;;;;;;;;;
ANY_CORE_PROVINCE;Any Core;Tout pays principal;Bel. Kernprovinz;;Cualquier núcleo;;;;;;;;;
OL_COMBAT;Combats;Combats;Kämpfe;;Combates;;;;;;;;;
OL_ARMIES;Armies;Armées;Armeen;;Ejércitos;;;;;;;;;
OL_NAVIES;Navies;Flottes;Flotten;;Armada;;;;;;;;;
OL_STATEBUILDING_CONSTRUCTION;Factory construction;Construction d'usine;Fabrikbau;;Construcción de fábrica;;;;;;;;;
OL_PROVINCE_CONSTRUCTION;Province construction;Construction provinciale;Provinzbau;;Construcción de provincia;;;;;;;;;
OL_ARMY_CONSTRUCTION;Army construction;Construction d'armée;Armeebau;;Construcción de ejército;;;;;;;;;
OL_NAVY_CONSTRUCITON;Navy construction;Construction navale;Flottenbau;;Construcción de Armada;;;;;;;;;
REMOVE_OL_SIEGES;Sieges;Sièges;Belagerungen;;Asedios;;;;;;;;;
REMOVE_OL_HOSTILE_SIEGES;Hostile sieges;Sièges hostiles;Feindliche Belagerungen;;Asedios enemigos;;;;;;;;;
OL_COMBAT_TOOLTIP;§Y$ARMY_NAME$§W is fighting §Y$OPPOSING_ARMY$§W in §Y$LOCATION$§W.;§Y$ARMY_NAME$§W combat §Y$OPPOSING_ARMY$§W ?§Y$LOCATION$§W.;§Y$ARMY_NAME$§W bekämpft §Y$OPPOSING_ARMY$§W in §Y$LOCATION$§W.;;§Y$ARMY_NAME$§W est?luchando con §Y$OPPOSING_ARMY$§W en §Y$LOCATION$§W.;;;;;;;;;
OL_NAVAL_COMBAT_TOOLTIP;§Y$NAVY_NAME$§W is fighting §Y$OPPOSING_NAVY$§W in §Y$LOCATION$§W.;§Y$NAVY_NAME$§W combat §Y$OPPOSING_NAVY$§W ?§Y$LOCATION$§W.;§Y$NAVY_NAME$§W bekämpft §Y$OPPOSING_NAVY$§W in §Y$LOCATION$§W.;;§Y$NAVY_NAME$§W est?luchando con §Y$OPPOSING_NAVY$§W en §Y$LOCATION$§W.;;;;;;;;;
OL_ARMIES_TOOLTIP;§Y$ARMY_NAME$§W is currently in §Y$LOCATION$§W.;§Y$ARMY_NAME$§W se trouve actuellement ?§Y$LOCATION$§W.;§Y$ARMY_NAME$§W befindet sich derzeit in §Y$LOCATION$§W.;;§Y$ARMY_NAME$§W est?actualmente en §Y$LOCATION$§W.;;;;;;;;;
OL_NAVIES_TOOLTIP;§Y$NAVY_NAME$§W is currently in §Y$LOCATION$§W.;§Y$NAVY_NAME$§W se trouve actuellement ?§Y$LOCATION$§W.;§Y$NAVY_NAME$§W befindet sich derzeit in  §Y$LOCATION$§W.;;§Y$NAVY_NAME$§W est?actualmente en §Y$LOCATION$§W.;;;;;;;;;
OL_STATEBUILDING_CONSTRUCTION_TOOLTIP;Currently building §Y$CONSTRUCTION$§W in §Y$LOCATION$§W.;§Y$CONSTRUCTION$§W en cours de construction ?§Y$LOCATION$§W.;Aktuell Bau von §Y$CONSTRUCTION$§W in §Y$LOCATION$§W.;;Actualmente construyendo §Y$CONSTRUCTION$§W en §Y$LOCATION$§W.;;;;;;;;;
OL_PROVINCE_CONSTRUCTION_TOOLTIP;Currently building §Y$CONSTRUCTION$§W in §Y$LOCATION$§W.;§Y$CONSTRUCTION$§W en cours de construction ?§Y$LOCATION$§W.;Aktuell Bau von §Y$CONSTRUCTION$§W in §Y$LOCATION$§W.;;Actualmente construyendo §Y$CONSTRUCTION$§W en §Y$LOCATION$§W.;;;;;;;;;
OL_ARMY_CONSTRUCTION_TOOLTIP;Currently building §Y$CONSTRUCTION$§W in §Y$LOCATION$§W.;§Y$CONSTRUCTION$§W en cours de construction ?§Y$LOCATION$§W.;Aktuell Bau von §Y$CONSTRUCTION$§W in §Y$LOCATION$§W.;;Actualmente construyendo §Y$CONSTRUCTION$§W en §Y$LOCATION$§W.;;;;;;;;;
OL_NAVY_CONSTRUCTION_TOOLTIP;Currently building §Y$CONSTRUCTION$§W in §Y$LOCATION$§W.;§Y$CONSTRUCTION$§W en cours de construction ?§Y$LOCATION$§W.;Aktuell Bau von §Y$CONSTRUCTION$§W in §Y$LOCATION$§W.;;Actualmente construyendo §Y$CONSTRUCTION$§W en §Y$LOCATION$§W.;;;;;;;;;
OL_SIEGES_TOOLTIP;We are occupying §Y$PROVINCE$§W.;Nous assiégeons §Y$PROVINCE$§W.;Wir belagern §Y$PROVINCE$§W.;;Estamos ocupando §Y$PROVINCE$§W.;;;;;;;;;
OL_HOSTILE_SIEGES_TOOLTIP;Our province of §Y$PROVINCE$§W is being occupied!;Notre province §Y$PROVINCE$§W est assiégée !;Unsere Provinz §Y$PROVINCE$§W wird belagert!;;¡Nuestra provincia de §Y$PROVINCE$§W est?siendo ocupada!;;;;;;;;;
OL_VIEW_COMBAT;Toggles §YCombat§W view.;Active la vue §YCombat terrestre§W.;Umschalten auf §YGefechts§W-Ansicht.;;Des/activar vista de §YCombate§W.;;;;;;;;;
OL_VIEW_NAVALCOMBAT;Toggles §YNaval Combat§W view.;Active la vue §YCombat naval§W.;Umschalten auf §YSeegefechts§W-Ansicht.;;Des/activar vista de §YCombate naval§W.;;;;;;;;;
OL_VIEW_ARMIES;Toggles §YArmy§W view.;Active la vue §YArmée§W.;Umschalten auf §YArmee§W-Ansicht.;;Des/activar vista de §YEjército§W.;;;;;;;;;
OL_VIEW_NAVIES;Toggles §YNavy§W view.;Active la vue §YFlotte§W.;Umschalten auf §YMarine§W -Ansicht.;;Des/activar vista de §YArmada§W.;;;;;;;;;
OL_VIEW_FACTORIES;Toggles §YFactory Construction§W view.;Active la vue §YConstruction d'usine§W.;Umschalten auf §YFabrikbau§W-Ansicht.;;Des/activar vista de §YConstrucción de fábrica§W.;;;;;;;;;
OL_VIEW_BUILDINGS;Toggles §YBuilding Construction§W view.;Active les vues §YConstruction d'usines et Constructions provinciales§W.;Umschalten auf §YGebäudebau§W-Ansicht.;;Des/activar vista de §YConstrucción de edificio§W.;;;;;;;;;
OL_VIEW_ARMY_CONSTRUCTION;Toggles §YArmy Construction§W view.;Active la vue §YConstruction d'armée§W.;Umschalten auf §YArmeebau§W-Ansicht.;;Des/activar vista de §YConstrucción de ejército§W.;;;;;;;;;
OL_VIEW_NAVY_CONSTRUCTION;Toggles §YNavy Construction§W view.;Active la vue §YConstruction navale§W.;Umschalten auf §YMarinebau§W-Ansicht.;;Des/activar vista de §YConstrucción de armada§W.;;;;;;;;;
REMOVE_OL_VIEW_SIEGES;Toggles §YSiege§W view.;Active la vue §YSiège§W.;Umschalten auf §YBelagerungs§W-Ansicht.;;Des/activar vista de §YAsedio§W.;;;;;;;;;
REMOVE_OL_VIEW_HOSTILE_SIEGES;Toggles §YHostile Siege§W view.;Active la vue §YSiège hostile§W.;Umschalten auf §YFeindbelagerungs§W-Ansicht.;;Des/activar vista de §YAsedio enemigo§W.;;;;;;;;;
ABU_anarcho_liberal;The Radical Faction;Faction radicale;Die radikale Fraktion;;La facción radical;;;;;;;;;
BAY_liberal;Liberaldem. Partei;Liberaldem. Partei;Liberaldem. Partei;;Liberaldem. Partei;;;;;;;;;
BAY_conservative;Zentrumspartei;Zentrumspartei;Zentrumspartei;;Zentrumspartei;;;;;;;;;
BAY_liberal_2;Nationalliberale ;Nationalliberale ;Nationalliberale ;;Nationalliberale ;;;;;;;;;
BAY_liberal_3;Freisinnige Partei;Freisinnige Partei;Freisinnige Partei;;Freisinnige Partei;;;;;;;;;
BAY_socialist;Deutscher Arbeiterverein;Deutscher Arbeiterverein;Deutscher Arbeiterverein;;Deutscher Arbeiterverein;;;;;;;;;
BAY_socialist_2;Sozialdem. Arbeiterpartei ;Sozialdem. Arbeiterpartei ;Sozialdem. Arbeiterpartei ;;Sozialdem. Arbeiterpartei ;;;;;;;;;
BAY_socialist_3;Sozial. Arbeiterpartei ;Sozial. Arbeiterpartei ;Sozial. Arbeiterpartei ;;Sozial. Arbeiterpartei ;;;;;;;;;
BAY_reactionary;Nationale Partei;Nationale Partei;Nationale Partei;;Nationale Partei;;;;;;;;;
BAY_conservative_2;Konservative Partei;Konservative Partei;Konservative Partei;;Konservative Partei;;;;;;;;;
BAY_conservative_3;Christsoz. Arbeiterpartei;Christsoz. Arbeiterpartei;Christsoz. Arbeiterpartei;;Christsoz. Arbeiterpartei;;;;;;;;;
BAY_anarcho_liberal;Radikale Arbeiterpartei;Arbeiterpartei radical;Radikale Arbeiterpartei;;Radical Abeiterpartei;;;;;;;;;
BAY_communist;The Communist Faction;Faction communiste;Die kommunistische Fraktion;;La facción comunista;;;;;;;;;
CSA_liberal;Democratic Party;Parti démocratique;Democratic Party;;Partido Democrático;;;;;;;;;
CSA_liberal_2;Whig Party;Parti Whig;Whig Party;;Partido Whig;;;;;;;;;
MAD_liberal;The Liberal Faction;Faction libérale;Die liberale Fraktion;;La Facción Liberal;;;;;;;;;
MAD_reactionary;The Nationalist Faction;Faction nationaliste;Die nationalistische Fraktion;;La Facción Nacionalista;;;;;;;;;
MAD_anarcho_liberal;The Radical Faction;Faction radicale;Die radikale Fraktion;;La Facción Radical;;;;;;;;;
KHI_conservative;Royal Faction;Faction royale;Königsfraktion;;Facción Real;;;;;;;;;
KHI_liberal;The Liberal Faction;Faction libérale;Die liberale Fraktion;;La Facción Liberal;;;;;;;;;
KHI_reactionary;The Nationalist Faction;Faction nationaliste;Die nationalistische Fraktion;;La Facción Nacionalista;;;;;;;;;
LUC_conservative_2;Popolari;Popolari;Popolari;;Popolari;;;;;;;;;
MOD_conservative_2;Popolari;Popolari;Popolari;;Popolari;;;;;;;;;
PAN_conservative;Royal Faction;Faction royale;Königsfraktion;;Facción Real;;;;;;;;;
PAN_liberal;The Liberal Faction;Faction libérale;Die liberale Fraktion;;La Facción Liberal;;;;;;;;;
PAN_reactionary;The Nationalist Faction;Faction nationaliste;Die nationalistische Fraktion;;La Facción Nacionalista;;;;;;;;;
PAN_anarcho_liberal;The Radical Faction;Faction radicale;Die radikale Fraktion;;La Facción Radical;;;;;;;;;
PAN_socialist;The Socialist Faction;Faction socialiste;Die sozialistische Fraktion;;La Facción Socialista;;;;;;;;;
PAN_communist;The Communist Faction;Faction communiste;Die kommunistische Fraktion;;La Facción Comunista;;;;;;;;;
PAN_fascist;The Fascist Faction;Faction fasciste;Die faschistische Fraktion;;La Facción Fascista;;;;;;;;;
SAR_conservative_2;Popolari;Popolari;Popolari;;Popolari;;;;;;;;;
SIC_conservative_2;Popolari;Popolari;Popolari;;Popolari;;;;;;;;;
TRI_conservative;Royal Faction;Faction royale;Königsfraktion;;Facción Real;;;;;;;;;
TRI_liberal;The Liberal Faction;Faction libérale;Die liberale Fraktion;;La Facción Liberal;;;;;;;;;
TRI_reactionary;The Nationalist Faction;Faction nationaliste;Die nationalistische Fraktion;;La Facción Nacionalista;;;;;;;;;
TRI_anarcho_liberal;The Radical Faction;Faction radicale;Die radikale Fraktion;;La Facción Radical;;;;;;;;;
TUS_conservative_2;Popolari;Popolari;Popolari;;Popolari;;;;;;;;;
REMOVE_USA_conservative_2;American Party;Parti américain;American Party;;Partido Americano;;;;;;;;;
REMOVE_USA_liberal_5;Union Party;Parti syndical;Union Party;;Partido Unionista;;;;;;;;;
REMOVE_USA_liberal_6;Republican Party;Parti républicain;Republican Party;;Partido Republicano;;;;;;;;;
REMOVE_USA_conservative_5;Democratic Party;Parti démocrate;Democratic Party;;Partido Demócrata;;;;;;;;;
REMOVE_USA_reactionary;Nationalist Party;Parti nationaliste;Nationalist Party;;Partido Nacionalista;;;;;;;;;
absolute_monarchy;Absolute Monarchy;Monarchie absolue;Absolute Monarchie;;Monarquía absoluta;;;;;;;;;
REMOVE_hms_government;Constitutional Monarchy;Monarchie Constitutionnelle;Konstitutionelle Monarchie;;Monarquia Constitucional;;;;;;;;;
TERM_FOR_LIFE;No Elections in this form of government;Pas d'élections sous ce régime.;Keine Wahlen unter dieser Regierung.;;No se celebran elecciones.;;;;;;;;;
CAN_APPOINT_RULING_PARTY;Can appoint ruling party.;Peut nommer un parti dirigeant.;Kann Regierungspartei ernennen.;;Puede nombrar al partido gobernante.;;;;;;;;;
TERM_DURATION;Elections must be held every $YEARS$ year.;Des élections doivent être tenues tous les $YEARS$ ans.;Wahlen sind alle $YEARS$ Jahre.;;Se celebran elecciones cada $YEARS$ años.;;;;;;;;;
NEXT_ELECTION;Next election is due;Proch. élection le ;Nächste Wahl:;;Próx. elecciones ;;;;;;;;;
UPPERHOUSE_SETUP;When our Upper House have been rearranged.;Si notre Chambre haute a ét?réorganisée.;Wenn unser Oberhaus neu zusammengesetzt wurde.;;Cuando se reestructure nuestra cámara alta;;;;;;;;;
UPPERHOUSE_HEADER;Political News in $COUNTRY$;Nouvelles politiques de $COUNTRY$;Politische Neuigkeiten;;Noticias políticas en $COUNTRY$;;;;;;;;;
UPPERHOUSE_1;Upper House rearranged;Chambre haute réorganisée;Oberhaus neu zusammengesetzt;;Cámara alta reestructurada;;;;;;;;;
UPPERHOUSE_2;$MONARCHTITLE$, our new Upper House has now been assembled.;$MONARCHTITLE$, notre Chambre haute est constituée.;Unser neues Oberhaus ist nun gebildet worden:;;$MONARCHTITLE$, se acaba de reunir nuestra nueva cámara alta.;;;;;;;;;
UPPERHOUSE_3;$DETAILS$;$DETAILS$;$DETAILS$;;$DETAILS$;;;;;;;;;
UPPERHOUSE_4;*;*;*;;*;;;;;;;;;
UPPERHOUSE_5;*;*;*;;*;;;;;;;;;
UPPERHOUSE_6;*;*;*;;*;;;;;;;;;
UPPERHOUSE_LOG;Upper House rearranged.;Chambre haute réorganisée.;Oberhaus neu zusammengesetzt.;;Cámara alta reestructurada.;;;;;;;;;
UPPERHOUSE_BTN1;OK;D'accord;OK;OK;;Aceptar;;;;;;;;
UPPERHOUSE_BTN2;OK;D'accord;OK;OK;;Aceptar;;;;;;;;
UPPERHOUSE_BTN3;Goto;Voir;Goto;;Ir all?;;;;;;;;;
UPPERHOUSE_MAP;*;*;*;;*;;;;;;;;;
ELECTIONDONE_SETUP;When the Election campaign has finished.;Si la campagne électorale est terminée.;Wenn der Wahlkampf beendet wurde.;;Cuando haya terminado la campaña electoral;;;;;;;;;
ELECTIONDONE_HEADER;Political News in $COUNTRY$;Nouvelles politiques de $COUNTRY$;Politische Neuigkeiten;;Noticias políticas en $COUNTRY$;;;;;;;;;
ELECTIONDONE_1;Election finished!;Élection terminée !;Wahlen beendet!;;¡Elecciones concluidas!;;;;;;;;;
ELECTIONDONE_2;$MONARCHTITLE$, the elections are now finished.;$MONARCHTITLE$, les élections sont maintenant terminées.;Die Wahlen haben nun ein Ende gefunden.;;$MONARCHTITLE$, las elecciones han concluido.;;;;;;;;;
ELECTIONDONE_3;$WINNER$ is now the new ruling party.;$WINNER$ est le nouveau parti dirigeant.;$WINNER$ ist jetzt die neue Regierungspartei.;;El nuevo partido gobernante es: $WINNER$.;;;;;;;;;
ELECTIONDONE_4;$DETAILS$;$DETAILS$;$DETAILS$;;$DETAILS$;;;;;;;;;
ELECTIONDONE_5;*;*;*;;*;;;;;;;;;
ELECTIONDONE_6;*;*;*;;*;;;;;;;;;
ELECTIONDONE_LOG;$WINNER$ will now lead the government of $COUNTRY$.;$WINNER$ sera ?la tête du gouvernement de $COUNTRY$.;$WINNER$ stellt nun die Regierung von $COUNTRY$.;;El gobierno de $COUNTRY$ estar?desde ahora en manos de: $WINNER$.;;;;;;;;;
ELECTIONDONE_BTN1;OK;D'accord;OK;OK;;Aceptar;;;;;;;;
ELECTIONDONE_BTN2;OK;D'accord;OK;OK;;Aceptar;;;;;;;;
ELECTIONDONE_BTN3;Goto;Voir;Goto;;Ir all?;;;;;;;;;
ELECTIONDONE_MAP;*;*;*;;*;;;;;;;;;
ELECTIONSTART_SETUP;At the start of an Election Campaign.;Au début d'une campagne électorale.;Zu Beginn des Wahlkampfes.;;Al comienzo de la campaña electoral;;;;;;;;;
ELECTIONSTART_HEADER;Political News in $COUNTRY$;Nouvelles politiques de $COUNTRY$;Politische Neuigkeiten;;Noticias políticas en $COUNTRY$;;;;;;;;;
ELECTIONSTART_1;The Elections of $COUNTRY$ is starting;Les élections pour $COUNTRY$ commencent;Der Wahlkampf in $COUNTRY$ beginnt;;Están comenzando las elecciones en $COUNTRY$;;;;;;;;;
ELECTIONSTART_2;$MONARCHTITLE$, we are now reporting that the elections have started.;$MONARCHTITLE$, nous vous informons que les élections ont commenc?;Wir können nun berichten, dass die Wahlen begonnen haben.;;$MONARCHTITLE$, han comenzado las elecciones.;;;;;;;;;
ELECTIONSTART_3;The final results will be in on;Nous connaîtrons le vainqueur des élections le;Man wird uns melden, wer die Wahlen am;;Los resultados finales se conocerán el;;;;;;;;;
ELECTIONSTART_4;$DETAILS$;$DETAILS$;$DETAILS$ gewonnen hat.;;$DETAILS$;;;;;;;;;
ELECTIONSTART_5;*;*;*;;*;;;;;;;;;
ELECTIONSTART_6;*;*;*;;*;;;;;;;;;
ELECTIONSTART_LOG;Election campaigns started in $COUNTRY$.;La campagne électorale a commenc??$COUNTRY$.;Wahlkampf in $COUNTRY$ hat begonnen.;;Ha comenzado la campaña electoral en $COUNTRY$.;;;;;;;;;
ELECTIONSTART_BTN1;OK;D'accord;OK;OK;;Aceptar;;;;;;;;
ELECTIONSTART_BTN2;OK;D'accord;OK;OK;;Aceptar;;;;;;;;
ELECTIONSTART_BTN3;Goto;Voir;Goto;;Ir all?;;;;;;;;;
ELECTIONSTART_MAP;*;*;*;;*;;;;;;;;;
SOCREFORM_SETUP;When enacting a social reform;Lors du décret d'une réforme sociale;Wenn wir eine Sozialreform verfügen.;;Cuando se implanta una reforma social;;;;;;;;;
SOCREFORM_HEADER;Political News in $COUNTRY$;Nouvelles politiques de $COUNTRY$;Politische Neuigkeiten;;Noticias políticas en $COUNTRY$;;;;;;;;;
SOCREFORM_1;Social Reforms in $COUNTRY$;Réformes sociales pour $COUNTRY$;Sozialreformen in $COUNTRY$;;Reformas sociales en $COUNTRY$;;;;;;;;;
SOCREFORM_2;$MONARCHTITLE$, we have now enacted;$MONARCHTITLE$, nous avons maintenant décrét?Wir verfügten nun;;$MONARCHTITLE$, hemos implantado:;;;;;;;;;;
SOCREFORM_3;$ISSUE$;§Y$ISSUE$§W;$ISSUE$;;$ISSUE$;;;;;;;;;
SOCREFORM_4;in;dans la catégorie;in;;en;;;;;;;;;
SOCREFORM_5;$CATEGORY$;$CATEGORY$;$CATEGORY$;;$CATEGORY$;;;;;;;;;
SOCREFORM_6;*;*;*;;*;;;;;;;;;
SOCREFORM_LOG;We enacted $ISSUE$ in $CATEGORY$.;Nous avons décrét?$ISSUE$ pour $CATEGORY$.;Wir verfügten $ISSUE$ in $CATEGORY$.;;Hemos implantado: $ISSUE$ en $CATEGORY$.;;;;;;;;;
SOCREFORM_BTN1;OK;D'accord;OK;OK;;Aceptar;;;;;;;;
SOCREFORM_BTN2;OK;D'accord;OK;OK;;Aceptar;;;;;;;;
SOCREFORM_BTN3;Goto;Voir;Goto;;Ir all?;;;;;;;;;
SOCREFORM_MAP;*;*;*;;*;;;;;;;;;
SOCREFORM_BAD_SETUP;When removing a social reform;Lors de la suppression d'une réforme sociale;Wenn wir eine Sozialreform aufheben.;;Cuando se deroga una reforma social;;;;;;;;;
SOCREFORM_BAD_HEADER;Political News in $COUNTRY$;Nouvelles politiques de $COUNTRY$;Politische Neuigkeiten;;Noticias políticas en $COUNTRY$;;;;;;;;;
SOCREFORM_BAD_1;Social Reforms Revoked in $COUNTRY$;Réformes sociales supprimées pour $COUNTRY$;Sozialreform in $COUNTRY$ aufgehoben.;;Reformas sociales derogado en $COUNTRY$;;;;;;;;;
SOCREFORM_BAD_2;$MONARCHTITLE$, we have now revoked benefits in;$MONARCHTITLE$, nous avons maintenant annul?les avantages de;Wir haben nun die Vorzüge von;;$MONARCHTITLE$, hemos revocado las reformas sociales en ;;;;;;;;;
SOCREFORM_BAD_3;$CATEGORY$;$CATEGORY$;$CATEGORY$;;$CATEGORY$;;;;;;;;;
SOCREFORM_BAD_4;from $OLD$ to $ISSUE$.;de $OLD$ ?$ISSUE$.;von $OLD$ auf $ISSUE$ zurückgesetzt.;;de $OLD$ a $ISSUE$.;;;;;;;;;
SOCREFORM_BAD_5;*;*;*;;*;;;;;;;;;
SOCREFORM_BAD_6;*;*;*;;*;;;;;;;;;
SOCREFORM_BAD_LOG;We revoked $OLD$ in $CATEGORY$ to $ISSUE$.;Nous avons annul?$OLD$ de $CATEGORY$ pour $ISSUE$.;Wir setzten $OLD$ in $CATEGORY$ zurück auf $ISSUE$.;;Hemos remplazado $OLD$ en $CATEGORY$ por $ISSUE$.;;;;;;;;;
SOCREFORM_BAD_BTN1;OK;D'accord;OK;OK;;Aceptar;;;;;;;;
SOCREFORM_BAD_BTN2;OK;D'accord;OK;OK;;Aceptar;;;;;;;;
SOCREFORM_BAD_BTN3;Goto;Voir;Goto;;Ir all?;;;;;;;;;
SOCREFORM_BAD_MAP;*;*;*;;*;;;;;;;;;
POLREFORM_SETUP;When enacting a political reform;Lors du décret d'une réforme sociale;Wenn wir eine politische Reform verfügen.;;Cuando se implanta una reforma política;;;;;;;;;
POLREFORM_HEADER;Political News in $COUNTRY$;Nouvelles politiques de $COUNTRY$;Politische Neuigkeiten;;Noticias políticas en $COUNTRY$;;;;;;;;;
POLREFORM_1;Political Reforms in $COUNTRY$;Réformes politiques pour $COUNTRY$;Politische Reformen in $COUNTRY$;;Reformas políticas en $COUNTRY$;;;;;;;;;
POLREFORM_2;$MONARCHTITLE$, we have now enacted;$MONARCHTITLE$, nous avons maintenant décrét?Wir verfügten nun;;$MONARCHTITLE$, hemos implantado:;;;;;;;;;;
POLREFORM_3;$ISSUE$;§Y$ISSUE$§W;$ISSUE$;;$ISSUE$;;;;;;;;;
POLREFORM_4;in;dans la catégorie;in;;en;;;;;;;;;
POLREFORM_5;$CATEGORY$;$CATEGORY$;$CATEGORY$;;$CATEGORY$;;;;;;;;;
POLREFORM_6;*;*;*;;*;;;;;;;;;
POLREFORM_LOG;We enacted $ISSUE$ in $CATEGORY$.;Nous avons décrét?$ISSUE$ pour $CATEGORY$.;Wir verfügten $ISSUE$ in $CATEGORY$.;;Hemos implantado: $ISSUE$ en $CATEGORY$.;;;;;;;;;
POLREFORM_BTN1;OK;OK;OK;;Aceptar;;;;;;;;;
POLREFORM_BTN2;OK;OK;OK;;Aceptar;;;;;;;;;
POLREFORM_BTN3;Goto;Voir;Goto;;Ir all?;;;;;;;;;
POLREFORM_MAP;*;*;*;;*;;;;;;;;;
POLREFORM_BAD_SETUP;When removing a political reform;Lors de la suppression d'une réforme sociale;Wenn wir eine politische Reform aufheben.;;Cuando se deroga una reforma política;;;;;;;;;
POLREFORM_BAD_HEADER;Political News in $COUNTRY$;Nouvelles politiques de $COUNTRY$;Politische Neuigkeiten;;Noticias políticas en $COUNTRY$;;;;;;;;;
POLREFORM_BAD_1;Political Reforms Revoked in $COUNTRY$;Réformes sociales supprimées pour $COUNTRY$;Politische Reformen aufgehoben in $COUNTRY$.;;Reformas políticas derogadas en $COUNTRY$;;;;;;;;;
POLREFORM_BAD_2;$MONARCHTITLE$, we have now revoked benefits in;$MONARCHTITLE$, nous avons maintenant annul?les avantages de;Wir haben nun die Vorzüge von;;$MONARCHTITLE$, hemos revocado las reformas sociales en ;;;;;;;;;
POLREFORM_BAD_3;$CATEGORY$;$CATEGORY$;$CATEGORY$;;$CATEGORY$;;;;;;;;;
POLREFORM_BAD_4;from $OLD$ to $ISSUE$.;de $OLD$ ?$ISSUE$.;von $OLD$ auf $ISSUE$ zurückgesetzt.;;de $OLD$ a $ISSUE$.;;;;;;;;;
POLREFORM_BAD_5;*;*;*;;*;;;;;;;;;
POLREFORM_BAD_6;*;*;*;;*;;;;;;;;;
POLREFORM_BAD_LOG;We revoked $OLD$ in $CATEGORY$ to $ISSUE$.;Nous avons annul?$OLD$ de $CATEGORY$ pour $ISSUE$.;Wir setzten $OLD$ in $CATEGORY$ auf $ISSUE$ zurück.;;Hemos remplazado $OLD$ en $CATEGORY$ por $ISSUE$.;;;;;;;;;
POLREFORM_BAD_BTN1;OK;D'accord;OK;OK;;Aceptar;;;;;;;;
POLREFORM_BAD_BTN2;OK;D'accord;OK;OK;;Aceptar;;;;;;;;
POLREFORM_BAD_BTN3;Goto;Voir;Goto;;Ir all?;;;;;;;;;
POLREFORM_BAD_MAP;*;*;*;;*;;;;;;;;;
SETPARTY_SETUP;When changing ruling party.;Lors du changement d'un parti dirigeant.;Wenn wir die Regierungspartei ändern.;;Cuando se cambia el partido gobernante;;;;;;;;;
SETPARTY_HEADER;Political News in $COUNTRY$;Nouvelles politiques de $COUNTRY$;Politische Neuigkeiten;;Noticias políticas en $COUNTRY$;;;;;;;;;
SETPARTY_1;New Ruling Party in $COUNTRY$;Nouveau parti dirigeant de $COUNTRY$;Neue Regierungspartei in $COUNTRY$.;;El nuevo partido gobernante en $COUNTRY$;;;;;;;;;
SETPARTY_2;$MONARCHTITLE$, we have now changed ruling party to;$MONARCHTITLE$, nous avons maintenant transform?le parti dirigeant en;Wir haben die Regierungspartei geändert zu;;$MONARCHTITLE$, hemos cambiado el partido gobernante por:;;;;;;;;;
SETPARTY_3;$PARTY$;$PARTY$;$PARTY$;;$PARTY$;;;;;;;;;
SETPARTY_4;They are a $IDEOLOGY$ party and have the following policies.;Il s'agit d'un parti $IDEOLOGY$ proposant les politiques suivantes :;Sie sind eine Partei, die der $IDEOLOGY$-Ideologie anhängt und folgendes politisches Programm verfolgt:;;Se trata de un partido de ideología $IDEOLOGY$, que defiende las siguientes políticas.;;;;;;;;;
SETPARTY_5;$DETAILS$;$DETAILS$;0;;$DETAILS$;;;;;;;;;
SETPARTY_6;*;*;*;;*;;;;;;;;;
SETPARTY_LOG;The $PARTY$ will now rule in $COUNTRY$.;Le $PARTY$ dirige maintenant $COUNTRY$.;Die $PARTY$ wird nun $COUNTRY$ regieren.;;El partido: $PARTY$ va a gobernar en $COUNTRY$.;;;;;;;;;
SETPARTY_BTN1;OK;D'accord;OK;OK;;Aceptar;;;;;;;;
SETPARTY_BTN2;OK;D'accord;OK;OK;;Aceptar;;;;;;;;
SETPARTY_BTN3;Goto;Voir;Goto;;Ir all?;;;;;;;;;
SETPARTY_MAP;*;*;*;;*;;;;;;;;;
POP_MIL_TOTAL;Monthly Change: ;Changement mensuel : ;Monatliche Veränderung: ;;Cambio mensual: ;;;;;;;;;
POP_CON_TOTAL;Monthly Change: ;Changement mensuel : ;Monatliche Veränderung: ;;Cambio mensual: ;;;;;;;;;
POP_MIL_NO_LIFE;Life-Needs not fulfilled;Besoins vitaux non satisfaits;Grundbedürfnisse nicht erfüllt;;Necesidades vitales no satisfechas;;;;;;;;;
POP_MIL_LACK_EVERY;Everyday-Needs not fulfilled;Besoins quotidiens non satisfaits;Alltagsbedürfnisse nicht erfüllt;;Necesidades cotidianas no satisfechas;;;;;;;;;
POP_MIL_HAS_EVERY;Everyday-Needs fulfilled;Besoins quotidiens satisfaits;Alltagsbedürfnisse erfüllt;;Necesidades cotidianas satisfechas;;;;;;;;;
POP_MIL_LUXURY;Enough Luxury bought;Assez de biens de luxe achetés;Genügend Luxus gekauft;;Lujos suficientes;;;;;;;;;
POP_MIL_RULING;Agrees with Ruling Party;Est d'accord avec le parti dirigeant;Stimmt mit Regierungspartei überein;;Est?de acuerdo con el partido gobernante;;;;;;;;;
POP_MIL_REFORM;Reform Desire;Désir de réforme;Reformwunsch;;Desea reformas;;;;;;;;;
POP_WAR_EXHAUST;War Exhaustion;Épuisement de guerre;Kriegsmüdigkeit;;Agotamiento de guerra;;;;;;;;;
POP_NON_CULTURE;Minority Culture;Culture minoritaire;Minderheitenkultur;;Cultura minoritaria;;;;;;;;;
POP_CON_LITERACY;Literacy;Alphabétisation;Alphabetisierung;;Alfabetización;;;;;;;;;
POP_CON_LUXURY_GOODS;Luxury Goods Bought;Biens de luxe achetés;Luxusgüter gekauft;;Bienes de lujo adquiridos;;;;;;;;;
POP_CON_CLERGY;Clergy;Clerg?Klerus;;Clero;;;;;;;;;;
party_issues;Party Issues;Enjeux de parti;Parteiangelegenheiten;;Temas de partido;;;;;;;;;
trade_policy;Trade Policy;Politique commerciale;Handelspolitik;;Política comercial;;;;;;;;;
protectionism;Protectionism;Protectionnisme;Protektionismus;;Proteccionismo;;;;;;;;;
protectionism_desc;Trade between nations is restricted.;Le commerce entre les États est limit?;Der Handel zwischen Staaten ist eingeschränkt.;;El comercio entre los países est?restringido.;;;;;;;;;
free_trade;Free Trade;Libre échange;Freihandel;;Libre comercio;;;;;;;;;
free_trade_desc;Traders are able to act and transact without interference from the government.;Les marchands peuvent commercer sans interférence du gouvernement.;Händler können ihre Geschäfte ohne Einmischung der Regierung betreiben.;;Los comerciantes pueden actuar sin interferencias del gobierno.;;;;;;;;;
economic_policy;Economic Policy;Politique économique;Wirtschaftspolitik;;Política económica;;;;;;;;;
laissez_faire;Laissez Faire;Laissez-faire;Laissez Faire;;Laissez Faire;;;;;;;;;
laissez_faire_desc;Industry is free from government interference;Le gouvernement n'interfère pas dans l'industrie;Die Regierung mischt sich nicht in die Industrie ein.;;La industria es libre de las interferencias del gobierno;;;;;;;;;
interventionism;Interventionism;Interventionnisme;Interventionismus;;Intervencionismo;;;;;;;;;
interventionism_desc;In general this is a free market economy but the government reserves the right to intervene when the national interest requires it.;En général, il s'agit d'une économie de libre échange, mais le gouvernement se réserve le droit d'intervenir lorsque l'intérêt national l'exige.;Im Allgemeinen ist dies eine Freihandelswirtschaft, aber die Regierung behält sich das Eingriffsrecht zum Wohle der Nation vor.;;En general se trata de una economía de libre mercado, pero el gobierno se reserva el derecho a intervenir cuando lo exija el interés general.;;;;;;;;;
state_capitalism;State Capitalism;Capitalisme d'État;Staatskapitalismus;;Capitalismo de Estado;;;;;;;;;
state_capitalism_desc;The State controls the commanding heights of the economy but limited free enterprise is allowed.;L'État contrôle les sphères dirigeantes de l'économie, mais une certaine libre entreprise est autorisée.;Der Staat steuert die Wirtschaft, freie Marktwirtschaft wird aber mit Einschränkungen gestattet.;;El Estado controla las instancias directivas de la economía, pero se permite un cierto grado de libre empresa.;;;;;;;;;
planned_economy;Planned Economy;Économie planifiée;Planwirtschaft;;Economía planificada;;;;;;;;;
planned_economy_desc;The government makes all decisions on the production and consumption of goods and services.;Le gouvernement prend toutes les décisions sur la production et la consommation des biens et des services.;Die Regierung trifft sämtliche Entscheidungen hinsichtlich der Produktion und des Verbrauchs von Gütern und Dienstleistungen.;;El gobierno toma todas las decisiones sobre la producción y el consumo de bienes y servicios.;;;;;;;;;
religious_policy;Religious Policy;Politique religieuse;Religionspolitik;;Política religiosa;;;;;;;;;
pro_atheism;Atheism;Athéisme;Atheismus;;Ateísmo;;;;;;;;;
pro_atheism_desc;Total separation between church and state, religion is purely a private matter.;Séparation totale entre l'église et l'État, la religion est une affaire purement privée.;Totale Trennung zwischen Kirche und Staat - die Religion ist eine strikt private Angelegenheit.;;Total separación entre iglesia y estado. La religión es un asunto meramente privado.;;;;;;;;;
secularized;Secularized;Sécularisation;Säkularisation;;Secularizado;;;;;;;;;
secularized_desc;Religion is not explicitly part of state policy, but the state tips it hat to traditional religious values.;La religion ne fait pas explicitement partie de la politique de l'État, mais celui-ci respecte les valeurs religieuses traditionnelles.;Die Religion ist zwar nicht direkt Teil der Staatspolitik, doch der Staat erkennt die traditionellen religiösen Werte an.;;La religión no forma parte explícitamente de la política del Estado, pero este tampoco es ajeno a los valores religiosos tradicionales.;;;;;;;;;
pluralism;Pluralism;Pluralisme;Pluralismus;;Pluralismo;;;;;;;;;
pluralism_desc;The state religion is actively promoted but other religions are tolerated.;La religion d'État est activement promue, mais d'autres religions sont tolérées.;Die Staatsreligion wird aktiv gefördert, aber andere Religionen werden auch toleriert.;;Se promueve activamente la religión del Estado, pero se toleran otras confesiones.;;;;;;;;;
moralism;Moralism;Moralisme;Moralismus;;Moralismo;;;;;;;;;
moralism_desc;Church and state are a single body, and religious minorities face discrimination.;L'église et l'État forment une même entit?et les minorités religieuses sont discriminées.;Kirche und Staat sind eine unzertrennbare Einheit und religiöse Minderheiten werden diskriminiert.;;La Iglesia y el Estado están unidos y las minorías religiosas sufren discriminación.;;;;;;;;;
citizenship_policy;Citizenship Policy;Polit. de citoyennet?Bürgerrechtspolitik;;Política de ciudadanía;;;;;;;;;;
residency;Residency;Résidence officielle;Residenz;;Residencia;;;;;;;;;
REMOVE_residency_desc;The votes from the primary culture are worth more than votes from the accepted cultures.;Les votes de la culture principale comptent plus que ceux des cultures acceptées.;Die Stimmen der Primärkultur sind mehr wert als die Stimmen von akzeptierten Kulturen.;;Los votos de las culturas principales tienen más valor que los de las meramente aceptadas.;;;;;;;;;
limited_citizenship;Limited Citizenship;Citoyennet?limitée;Limitiertes Bürgerrecht;;Ciudadanía limitada;;;;;;;;;
REMOVE_limited_citizenship_desc;The primary culture and the accepted cultures votes are equal, the other cultures votes are worth less.;Les votes des cultures principales et des cultures acceptées sont équivalents, mais ceux des autres cultures comptent moins.;Die Stimmen der Primärkultur und die der akzeptierten Kulturen sind gleichwertig - die Stimmen anderer Kulturen zählen weniger.;;Los votos de las culturas principales y aceptadas valen lo mismo. Los de las demás valen menos.;;;;;;;;;
full_citizenship;Full Citizenship;Pleine citoyennet?Volles Bürgerrecht;;Ciudadanía plena;;;;;;;;;;
full_citizenship_desc;Every vote is equal.;Chaque vote est équivalent.;Jede Stimme ist gleich.;;Todos los votos tienen el mismo valor.;;;;;;;;;
war_policy;War Policy;Politique de guerre;Kriegspolitik;;Política militar;;;;;;;;;
jingoism;Jingoism;Chauvinisme;Hurrapatriotismus;;Jingoísmo;;;;;;;;;
jingoism_desc;The military is the centrepiece of the state and military spending is prioritised.;L'armée est la pièce maîtresse de l'État et les dépenses militaires sont privilégiées.;Das Militär ist das Kernstück des Staats und der Wehretat hat oberste Priorität.;;El ejército es la pieza fundamental del Estado y se priorizan los gastos bélicos.;;;;;;;;;
pro_military;Pro Military;Pro-militaire;Pro Militär;;Pro militar;;;;;;;;;
pro_military_desc;The government is a strong supporter of the armed services.;Le gouvernement soutient les forces armées.;Die Regierung ist ein starker Unterstützer der Streitkräfte.;;El gobierno apoya activamente a las fuerzas armadas.;;;;;;;;;
anti_military;Anti Military;Antimilitarisme;Anti-Militär;;Anti militar;;;;;;;;;
anti_military_desc;The armed forces are a drain on the state coffers and the government feels money is better spent elsewhere.;Les forces armées grèvent les finances de l'État et le gouvernement estime que cet argent serait mieux utilis?ailleurs.;Die Streitkräfte belasten den Staatshaushalt und die Regierung ist der Ansicht, dass sie das Geld woanders besser einsetzen könnte.;;Las fuerzas armadas son una carga para los cofres del Estado y el gobierno considera que el dinero est?mejor gastado en cualquier otra parte.;;;;;;;;;
pacifism;Pacifism;Pacifisme;Pazifismus;;Pacifismo;;;;;;;;;
pacifism_desc;The government is actively hostile to the interests of the military, feeling they are opposed to the government policies.;Le gouvernement est activement hostile aux intérêts de l'armée qu'il juge contraires ?ses politiques.;Die Regierung ist den Interessen des Militärs gegenüber feindlich eingestellt und sieht sie als gegen die Regierungspolitik gerichtet an.;;El gobierno se opone activamente a los intereses de los militares, en la creencia de que son contrarios a los del Estado.;;;;;;;;;
political_reforms;Political Reforms;Réformes politiques;Politische Reformen;;Reformas políticas;;;;;;;;;
slavery;Slavery;Esclavage;Sklaverei;;Esclavismo;;;;;;;;;
yes_slavery;Allowed;Autoris?Gestattet;;Permitido;;;;;;;;;;
yes_slavery_desc;Slavery is allowed;L'esclavage est autoris?Sklaverei ist gestattet;;Se permite el esclavismo;;;;;;;;;;
no_slavery;Outlawed;Illégal;Geächtet;;Abolido;;;;;;;;;
no_slavery_desc;Slavery is forbidden;L'esclavage est interdit;Sklaverei ist geächtet;;Se prohíbe la esclavitud;;;;;;;;;
upper_house_composition;Upper House;Chambre haute;Oberhaus;;Cámara alta;;;;;;;;;
appointed;Appointed;Nommée;Ernennung;;Nombrada;;;;;;;;;
appointed_desc;Aristocrats or capitalists have been assigned seats in the Upper House by the leader of the country.;Le dirigeant du pays a attribu?aux aristocrates ou aux capitalistes des sièges ?la Chambre haute.;Aristokraten oder Kapitalisten wurden vom Anführer des Landes Sitze im Oberhaus zugeteilt.;;El líder del país asigna los escaños de la cámara alta a Aristócratas o Capitalistas.;;;;;;;;;
party_appointed;Ruling Party Only;Parti dirigeant seulement;Nur Regierungspartei;;Solo partido gobernante;;;;;;;;;
party_appointed_desc;Only members of the ruling party with the same ideology can be appointed to represent the party in the Upper House.;Seuls les membres du parti dirigeant de même idéologie peuvent être nommés pour représenter le parti ?la Chambre haute.;Nur Mitglieder der Regierungspartei, die derselben Ideologie anhängen, können zur Vertretung der Partei im Oberhaus ausgewählt werden.;;Solo se puede nombrar a miembros del partido gobernante, con la misma ideología, que lo representan en la cámara alta.;;;;;;;;;
state_equal_weight;Two per State;Deux par État;Zwei pro Staat;;Dos por estado;;;;;;;;;
state_equal_weight_desc;Each state has two votes to appoint representatives to the Upper House.;Chaque État dispose de deux votes pour nommer les représentants de la Chambre haute.;Jeder Staat hat zwei Stimmen zur Ernennung von Oberhausvertretern.;;Cada estado puede nombrar a dos representantes en la cámara alta.;;;;;;;;;
population_equal_weight;Based on Population;Selon la population;Bevölkerungsbasiert;;Principio demográfico;;;;;;;;;
population_equal_weight_desc;Representatives are determined by the collected ideologies of the population.;Les idéologies de la population déterminent les représentants.;Die Vertreter werden anhand der in der Bevölkerung präsenten Ideologien bestimmt.;;Los representantes se determinan en función de las ideologías de la población.;;;;;;;;;
vote_franschise;Vote Franchise;Droit de vote;Wahlrecht;;Derecho electoral;;;;;;;;;
none_voting;No Voting;Aucun vote;Keine Wahlen;;Sin sufragios;;;;;;;;;
none_voting_desc;No one is allowed to vote.;Personne ne peut voter.;Niemand darf wählen.;;A nadie se le permite votar.;;;;;;;;;
landed_voting;Only Landed;Système censitaire;Nur Landbesitzer;;Solo terratenientes;;;;;;;;;
landed_voting_desc;Only aristocrats and Capitalists may vote.;Seuls les aristocrates et les capitalistes peuvent voter.;Nur Aristokraten und Kapitalisten haben Wahlrecht.;;Solo votan los Aristócratas y los Capitalistas.;;;;;;;;;
wealth_weighted_voting;Weighted Wealth;Richesse pondérée;Vermögensgewichtung;;Censit. compensado;;;;;;;;;
wealth_weighted_voting_desc;Only the wealthy (clerks and above) may vote, but the rich men's votes are worth twice as much as middle-class votes.;Seuls les plus aisés (employés ou supérieur) peuvent voter, mais les votes des riches comptent deux fois plus que ceux des classes moyennes.;Nur wohlhabende Menschen (Angestellte und höher) dürfen wählen, aber die Stimmen reicher Männer zählen doppelt so viel wie die von Angehörigen der Mittelklasse.;;Solo pueden votar las clases adineradas (Oficinistas y superiores), pero los votos de los ricos valen el doble que los de las clases medias.;;;;;;;;;
wealth_voting;Wealth;Richesse;Vermögen;;Censitario;;;;;;;;;
wealth_voting_desc;Only the middle and upper classes may vote.;Seules les classes moyennes et supérieures peuvent voter.;Nur Angehörige der Mittel- und Oberklasse dürfen wählen.;;Solo pueden votar las clases altas y medias.;;;;;;;;;
universal_weighted_voting;Weighted Universal;Scrutin universel pondér?Universalgewichtung;;Univer. compensado;;;;;;;;;;
universal_weighted_voting_desc;Everyone is allowed to vote, but the rich men's votes are worth more.;Tout le monde peut voter, mais les votes des riches comptent davantage.;Jedermann darf wählen, aber die Stimmen reicher Männer zählen mehr.;;Todo el mundo tiene derecho al voto, pero los votos de los ricos valen más.;;;;;;;;;
universal_voting;Universal;Scrutin universel;Universal;;Universal;;;;;;;;;
universal_voting_desc;Everyone is allowed to vote.;Tout le monde peut voter.;Alle dürfen wählen.;;Todo el mundo puede votar.;;;;;;;;;
voting_system;Voting System;Système de vote;Wahlsystem;;Sistema electoral;;;;;;;;;
first_past_the_post;First Past the Post;Uninominal ?un tour;Mehrheitswahl;;Todo para el ganador;;;;;;;;;
first_past_the_post_desc;The candidate with the most votes wins.;Le candidat qui obtient le plus de voix l'emporte.;Der Kandidat mit den meisten Stimmen gewinnt.;;Gana el candidato con más votos.;;;;;;;;;
jefferson_method;Jefferson Method;Méthode de Jefferson;Jefferson-Methode;;Método Jefferson;;;;;;;;;
jefferson_method_desc;The Jefferson Method is a highest averages method for allocating seats.;La méthode de Jefferson correspond ?la méthode des moyennes les plus hautes pour attribuer des sièges.;Die Jefferson-Methode ist eine Methode der höchsten Querschnittswerte zur Zuteilung der Sitze.;;El método Jefferson es un método de asignación de escaños basado en medias superiores.;;;;;;;;;
proportional_representation;Proportional Representation;Représentation proportionnelle;Proportionalwahl;;Proporcional;;;;;;;;;
proportional_representation_desc;The percentage of votes that groups of candidates obtain in elections equals the percentage of seats they receive;Le pourcentage de voix que les groupes de candidats obtiennent lors des élections correspondent au pourcentage de sièges qu'ils reçoivent.;Der Prozentsatz an Stimmen, den Kandidatengruppen bei Wahlen erzielen, ist gleich dem Prozentsatz an Sitzen, den sie erhalten.;;El porcentaje de votos obtenido por los grupos en las elecciones equivale al de escaños que reciben.;;;;;;;;;
public_meetings;Public Meetings;Réun. publiques;Versammlungen;;Derecho reunión;;;;;;;;;
yes_meeting;Meetings allowed;Rassemblements autorisés;Gestattet;;Permitido;;;;;;;;;
yes_meeting_desc;Public meetings and rallies are allowed.;Les réunions publiques et les rassemblements sont autorisés.;Öffentliche Versammlungen und Kundgebungen sind gestattet.;;Se permiten concentraciones y reuniones públicas.;;;;;;;;;
no_meeting;Meetings not allowed;Interdites;Nicht gestattet;;No permitido;;;;;;;;;
no_meeting_desc;Public meetings are prohibited.;Les réunions publiques ne sont pas autorisées.;Öffentliche Versammlungen sind verboten.;;Se prohíben las reuniones públicas.;;;;;;;;;
press_rights;Press Rights;Droits de la presse;Pressefreiheit;;Libertad de prensa;;;;;;;;;
state_press;State Press Only;Presse d'État uniquement;Nur Staatspresse;;Solo prensa estatal;;;;;;;;;
state_press_desc;Only state-controlled press is allowed.;Seule la presse contrôlée par l'État est autorisée.;Nur staatlich-kontrollierte Presse ist gestattet.;;Sólo se permite la prensa controlada por el Estado.;;;;;;;;;
censored_press;Censored Press;Presse censurée;Pressezensur;;Prensa censurada;;;;;;;;;
censored_press_desc;While allowed a relative amount of freedom, the press is still censored by the government.;La libert?de la presse est autorisée, mais censurée par le gouvernement.;Freie Presse ist gestattet, wird aber von der Regierung zensiert.;;Aunque se tolera un cierto grado de libertad, la prensa sigue bajo el control del gobierno.;;;;;;;;;
free_press;Free Press;Libert?de la presse;Freie Presse;;Prensa libre;;;;;;;;;
free_press_desc;Free press is allowed without interference from the government.;La libert?de la presse est autorisée, sans interférence du gouvernement.;Freie Presse wird ohne Eingriffe von Seiten der Regierung gestattet.;;Hay libertad de prensa, sin interferencias del gobierno.;;;;;;;;;
trade_unions;Trade Unions;Syndicats;Gewerkschaften;;Sindicatos;;;;;;;;;
no_trade_unions;Illegal;Interdits;Illegal;;Ilegales;;;;;;;;;
no_trade_unions_desc;No trade unions are allowed.;Aucun syndicat n'est autoris?;Gewerkschaften werden nicht gestattet.;;No se permiten sindicatos.;;;;;;;;;
state_controlled;State Controlled;Contrôlés par l'État;Staatlich kontrolliert;;Estatales;;;;;;;;;
state_controlled_desc;The government controls the trade unions.;Le gouvernement contrôle les syndicats.;Die Gewerkschaften werden von der Regierung kontrolliert.;;El gobierno controla los sindicatos.;;;;;;;;;
non_socialist;Non-Socialist Allowed;Syndicats non socialistes autorisés;Nur Nichtsozialistische;;Solo no-socialistas;;;;;;;;;
non_socialist_desc;Non-Socialist trade unions are allowed.;Les syndicats non socialistes sont autorisés.;Nicht-sozialistische Gewerkschaften werden gestattet.;;Sólo se permiten sindicatos que no sean socialistas.;;;;;;;;;
all_trade_unions;All Allowed;Autorisés;Alle gestattet;;Permitidos todos;;;;;;;;;
all_trade_unions_desc;All trade unions are allowed.;Tous les syndicats sont autorisés.;Alle Gewerkschaften werden gestattet.;;Se permiten todos los sindicatos.;;;;;;;;;
political_parties;Political Parties;Partis politiques;Politische Parteien;;Partidos políticos;;;;;;;;;
underground_parties;Only Underground;Clandestinement uniquement;Nur Untergrund;;Solo clandestinos;;;;;;;;;
underground_parties_desc;The government actively prevents other parties from publicly campaigning for votes.;Le gouvernement empêche activement les autres partis de faire publiquement campagne.;Die Regierungsaktivitäten hindern andere Parteien daran, öffentlich um Stimmen zu werben.;;El gobierno impide de manera activa que los demás partidos hagan campaña en público.;;;;;;;;;
harassment;Harassment;Harcèlement;Schikanen;;Acoso;;;;;;;;;
harassment_desc;The ruling party harasses people into voting for them.;Le parti dirigeant harcèle la population pour qu'elle vote pour lui.;Die Regierungspartei schikaniert die Bevölkerung, für sie zu wählen.;;El partido gobernante acosa a la gente para conseguir sus votos.;;;;;;;;;
gerrymandering;Gerrymandering;Charcutage électoral;Wahlkreisschiebungen;;División fraudulenta de distritos;;;;;;;;;
gerrymandering_desc;Electoral district or constituency boundaries are deliberately modified for electoral purposes, meaning the votes for the ruling party are worth more. The ruling party can use gerrymandering in order to get people to vote for them.;Les circonscriptions électorales sont délibérément modifiées ?des fins électorales, ce qui signifie que les voix pour le parti dirigeant comptent davantage. Le parti dirigeant peut recourir au charcutage électoral pour que la population vote pour lui.;Wahlkreise oder -bezirke werden für Wahlen nach Belieben modifiziert. Als Resultat daraus zählen die Stimmen für die Regierungspartei mehr. Die Regierungspartei kann Wahlkreisschiebungen einsetzen, um die Bevölkerung dazu zu bewegen, für sie zu stimmen.;;Se modifican de manera deliberada los distritos o las fronteras electorales con fines interesados, lo que significa que los votos para el partido gobernante tienen más valor. El partido gobernante puede utilizar esta práctica para conseguir que la gente lo vote.;;;;;;;;;
non_secret_ballots;Non-Secret Ballots;Bulletins non secrets;Öffentliche Wahl;;Voto no secreto;;;;;;;;;
non_secret_ballots_desc;The voter's choices are non-confidential. The ruling party knows who the people vote for and can use pressure in order to get the people to vote for them.;Le vote des électeurs n'est pas confidentiel. Le parti dirigeant sait pour qui vote la population et peut faire pression pour l'inciter ?voter pour lui.;Die Entscheidungen der Wähler sind nicht vertraulich. Die Regierungspartei wei? wen die Bevölkerung wählt und kann so Druck auf die Bevölkerung ausüben, für sie zu stimmen.;;El voto no es secreto. El partido gobernante sabe a quién vota la gente y puede presionar a la población con fines electorales.;;;;;;;;;
secret_ballots;Secret Ballots;Bulletins secrets;Geheime Wahl;;Voto secreto;;;;;;;;;
secret_ballots_desc;The voter's choices are confidential in order to prevent others from influencing the voter by bribery or intimidation. The ruling party can't affect the way people votes.;Le vote des électeurs est confidentiel pour ne pas qu'ils soient influencés (corruption ou intimidation). Le parti dirigeant ne peut pas affecter le vote des électeurs.;Die Entscheidungen der Wähler werden vertraulich behandelt, um Bestechungen oder Einschüchterungen zu verhindern. Die Regierungspartei kann die Stimmabgaben der Bevölkerung nicht beeinflussen.;;La decisión de los votantes es confidencial, para impedir que alguien intimide o soborne a los votantes. El partido gobernante no puede influir en los votos de la gente.;;;;;;;;;
social_reforms;Social Reforms;Réformes sociales;Sozialreformen;;Reformas sociales;;;;;;;;;
wage_reform;Minimum Wage;Salaire minimum;Mindestlohn;;Salario mínimo;;;;;;;;;
no_minimum_wage;No Minimum Wage;Aucun salaire minimum;Kein Mindestlohn;;Sin salario mínimo;;;;;;;;;
no_minimum_wage_desc;No minimum level for wages.;Il n'existe pas de salaire minimum.;Kein Mindestniveau für Löhne.;;No hay salario mínimo;;;;;;;;;
REMOVE_trinket_wage;Symbolic Minimum Wage;Salaire min. symbolique;Symbolischer Mindestlohn;;Testimonial;;;;;;;;;
trinket_wage_desc;Minimum wages are very low.;Les salaires minimum sont très bas.;Die Mindestlöhne sind äußerst niedrig.;;El salario mínimo es muy bajo.;;;;;;;;;
low_minimum_wage;Low Minimum Wage;Salaire minimum bas;Niedriger Lohn;;Bajo;;;;;;;;;
low_minimum_wage_desc;Minimum wages are low.;Les salaires minimum sont bas.;Die Mindestlöhne sind niedrig.;;El salario mínimo es bajo.;;;;;;;;;
acceptable_minimum_wage;Acceptable Minimum Wage;Salaire min. acceptable;Akzeptabler Lohn;;Aceptable;;;;;;;;;
acceptable_minimum_wage_desc;Minimum wages are acceptable to most people.;Les salaires minimum sont acceptables.;Die Mindestlöhne sind für die meisten akzeptabel.;;El salario mínimo es aceptable para casi todos.;;;;;;;;;
good_minimum_wage;Good Minimum Wage;Bon salaire minimum;Guter Mindestlohn;;Bueno;;;;;;;;;
good_minimum_wage_desc;Minimum wages are above the normal.;Les salaires miminum sont supérieurs ?la normale.;Die Mindestlöhne sind über dem Normalniveau.;;El salario mínimo est?por encima de lo normal.;;;;;;;;;
work_hours;Max. Workhours;Temps de trav. max.;Max. Arbeitszeit;;Jornada laboral máxima;;;;;;;;;
no_work_hour_limit;Unlimited Work Day;Journée de travail illimitée;Unbegrenzt;;Ilimitada;;;;;;;;;
no_work_hour_limit_desc;No limit on working hours per day.;Aucune limite sur les heures travaillées par jour.;Es gibt kein Limit für die täglichen Arbeitsstunden.;;No hay límite a las horas de trabajo.;;;;;;;;;
fourteen_hours;14 Hour Work Day;14 heures par jour;14 Stunden-Tag;;14 horas al día;;;;;;;;;
fourteen_hours_desc;Maximum 14 working hours per day.;14 heures travaillées maximum par jour.;Maximal 14 Arbeitsstunden täglich.;;Máximo de 14 horas de trabajo al día.;;;;;;;;;
twelve_hours;12 Hour Work Day;12 heures par jour;12 Stunden-Tag;;12 horas al día;;;;;;;;;
twelve_hours_desc;Maximum 12 working hours per day.;12 heures travaillées maximum par jour.;Maximal 12 Arbeitsstunden täglich.;;Máximo de 12 horas de trabajo al día.;;;;;;;;;
ten_hours;10 Hour Work Day;10 heures par jour;10 Stunden-Tag;;10 horas al día;;;;;;;;;
ten_hours_desc;Maximum 10 working hours per day.;10 heures travaillées maximum par jour.;Maximal 10 Arbeitsstunden täglich.;;Máximo de 10 horas de trabajo al día.;;;;;;;;;
eight_hours;8 Hour Work Day;8 heures par jour;8 Stunden-Tag;;8 horas al día;;;;;;;;;
eight_hours_desc;Maximum 8 working hours per day.;8 heures travaillées maximum par jour.;Maximal 8 Arbeitsstunden täglich.;;Máximo de 8 horas de trabajo al día.;;;;;;;;;
safety_regulations;Safety Regulations;Règles de sécurit?Arbeitsschutz;;Legislación de seguridad laboral;;;;;;;;;;
no_safety;No Safety Regulations;Aucune règle;Keine Regeln;;Sin legislación ;;;;;;;;;
no_safety_desc;There are no safety regulations at all.;Il n'existe aucune règle de sécurit?;Es gibt überhaupt keine Sicherheitsvorschriften.;;No hay leyes de seguridad laboral.;;;;;;;;;
trinket_safety;Minimal Safety Regulations;Sécurit?minimum;Minimale Regeln;;Mínima;;;;;;;;;
trinket_safety_desc;There are safety regulations governing lethal tasks.;Des règles de sécurit?régissent les tâches mortelles.;Es gibt Sicherheitsvorschriften für lebensgefährliche Arbeiten.;;Ley de seguridad sobre trabajos con peligro mortal.;;;;;;;;;
low_safety;Limited Safety Regulations;Sécurit?limitée;Geringe Regeln;;Limitada;;;;;;;;;
low_safety_desc;There are safety regulations governing dangerous tasks.;Des règles de sécurit?régissent les tâches dangereuses.;Es gibt Sicherheitsvorschriften für gefährliche Arbeiten.;;Ley de seguridad sobre trabajos de riesgo.;;;;;;;;;
acceptable_safety;Acceptable Safety Regulations;Sécurit?acceptable;Akzeptable Regeln;;Aceptable;;;;;;;;;
acceptable_safety_desc;There are safety regulations governing all physical tasks.;Des règles de sécurit?régissent toutes les tâches physiques.;Es gibt Sicherheitsvorschriften für alle körperlichen Arbeiten.;;Ley de seguridad sobre toda clase de trabajos físicos.;;;;;;;;;
good_safety;Excellent Safety Regulations;Excellentes sécurit?Umfassende Regeln;;Excelente;;;;;;;;;;
good_safety_desc;There is a full-blown safety regulation system.;Un système complet de règles de sécurit?a ét?mis en place.;Es gibt ein voll entwickeltes System von Sicherheitsvorschriften.;;Existe un sistema legislativo integral de seguridad laboral.;;;;;;;;;
unemployment_subsidies;Unemployment Subsidies;Allocations chômage;Arbeitslosenhilfe;;Subsidios de desempleo;;;;;;;;;
no_subsidies;No Subsidies;Aucune allocation;Keine Hilfe;;Sin subsidios;;;;;;;;;
no_subsidies_desc;No unemployment subsidies.;Il n'existe aucune allocation chômage.;Keine Arbeitslosenunterstützung.;;Sin subsidios de desempleo.;;;;;;;;;
trinket_subsidies;Trinket Subsidies;Allocations dérisoires;Sachleistungen;;Testimoniales;;;;;;;;;
trinket_subsidies_desc;Very low unemployment subsidies.;Très basses allocations chômage.;Äußerst niedrige Arbeitslosenunterstützung.;;Subsidios de desempleo muy bajos.;;;;;;;;;
low_subsidies;Low Subsidies;Basses allocations;Niedrige Hilfe;;Bajos;;;;;;;;;
low_subsidies_desc;Low unemployment subsidies.;Basses allocations chômage.;Niedrige Arbeitslosenunterstützung.;;Subsidios de desempleo bajos.;;;;;;;;;
acceptable_subsidies;Extended Subsidies;Allocations étendues;Ausreichende Hilfe;;Amplios;;;;;;;;;
acceptable_subsidies_desc;Extended unemployment subsidies.;Allocations chômage étendues.;Ausgedehnte Arbeitslosenunterstützung.;;Subsidios de desempleo amplios.;;;;;;;;;
good_subsidies;Generous Subsidies;Allocations généreuses;Großzügige Hilfe;;Generosos;;;;;;;;;
good_subsidies_desc;Generous unemployment subsidies.;Généreuses allocations chômage.;Großzügige Arbeitslosenunterstützung.;;Subsidios de desempleo generosos.;;;;;;;;;
pensions;Pensions;Pensions;Renten;;Pensiones;;;;;;;;;
no_pensions;No Pensions;Aucune pension;Keine Renten;;Sin pensiones;;;;;;;;;
no_pensions_desc;No state pensions.;Aucune pension d'État.;Keine staatlichen Renten.;;Sin pensiones públicas.;;;;;;;;;
trinket_pensions;Trinket Pensions;Pensions dérisoires;Sachrente;;Testimoniales;;;;;;;;;
trinket_pensions_desc;Very low state pensions.;Très basses pensions d'État.;Äußerst geringe staatliche Renten.;;Pensiones públicas muy bajas.;;;;;;;;;
low_pensions;Low Pensions;Basses pensions;Niedrige Renten;;Bajas;;;;;;;;;
low_pensions_desc;Low state pensions.;Basses pensions d'État.;Geringe staatliche Renten.;;Pensiones públicas bajas.;;;;;;;;;
acceptable_pensions;Acceptable Pensions;Pensions acceptables;Akzeptable Renten;;Aceptables;;;;;;;;;
acceptable_pensions_desc;Acceptable state pensions.;Pensions d'État acceptables.;Akzeptable staatliche Renten.;;Pensiones públicas aceptables.;;;;;;;;;
good_pensions;Good Pensions;Bonnes pensions;Gute Renten;;Buenas;;;;;;;;;
good_pensions_desc;High state pensions.;Bonnes pensions d'État.;Hohe staatliche Renten.;;Pensiones públicas altas.;;;;;;;;;
health_care;Health Care;Système de sant?Gesundheitsschutz;;Sanidad pública;;;;;;;;;;
no_health_care;No Health Care;Aucun système de sant?Keine Hilfe;;Inexistente;;;;;;;;;;
no_health_care_desc;No public healthcare.;Aucun système de sant?public.;Keine öffentliche Gesundheitsfürsorge.;;Sin sanidad pública.;;;;;;;;;
trinket_health_care;Trinket Health care;Système dérisoire;Sachleistungen;;Testimonial;;;;;;;;;
trinket_health_care_desc;Very low quality public healthcare.;Très bas système de sant?public.;Qualitativ äußerst niedrige Gesundheitsfürsorge.;;Sanidad pública de calidad muy baja.;;;;;;;;;
low_health_care;Low Health Care;Bas système de sant?Geringe Hilfe;;Mala;;;;;;;;;;
low_health_care_desc;Low quality public healthcare.;Bas système de sant?public.;Qualitativ niedrige Gesundheitsfürsorge.;;Sanidad pública de calidad baja.;;;;;;;;;
acceptable_health_care;Acceptable Health Care;Système acceptable;Akzeptable Hilfe;;Aceptable;;;;;;;;;
acceptable_health_care_desc;Acceptable quality public healthcare.;Système de sant?public acceptable.;Gesundheitsfürsorge mit akzeptabler Qualität.;;Sanidad pública de calidad aceptable.;;;;;;;;;
good_health_care;Good Health Care;Bon système de sant?Gute Hilfe;;Buena;;;;;;;;;;
good_health_care_desc;High quality public healthcare.;Bon système de sant?public.;Qualitativ hochwertige Gesundheitsfürsorge.;;Sanidad pública de mucha calidad.;;;;;;;;;
protectionism_l;Protectionism;Protectionnisme;Protektionismus;;Proteccionismo;;;;;;;;;
free_trade_l;Free Trade;Libre échange;Freihandel;;Libre comercio;;;;;;;;;
laissez_faire_l;Laissez Faire;Laissez-faire;Laissez Faire;;Laissez Faire;;;;;;;;;
interventionism_l;Interventionism;Interventionnisme;Interventionismus;;Intervencionismo;;;;;;;;;
state_capitalism_l;State Capitalism;Capitalisme d'État;Staatskapitalismus;;Capitalismo de Estado;;;;;;;;;
planned_economy_l;Planned Economy;Économie planifiée;Planwirtschaft;;Economía planificada;;;;;;;;;
pro_atheism_l;Atheism;Athéisme;Atheismus;;Ateísmo;;;;;;;;;
secularized_l;Secularized;Sécularisation;Säkularisation;;Secularizado;;;;;;;;;
pluralism_l;Pluralism;Pluralisme;Pluralismus;;Pluralismo;;;;;;;;;
moralism_l;Moralism;Moralisme;Moralismus;;Moralismo;;;;;;;;;
residency_l;Residency;Résidence officielle;Residenz;;Residencia;;;;;;;;;
limited_citizenship_l;Limited Citizenship;Citoyennet?limitée;Limitiertes Bürgerrecht;;Ciudadanía limitada;;;;;;;;;
full_citizenship_l;Full Citizenship;Pleine citoyennet?Volles Bürgerrecht;;Ciudadanía plena;;;;;;;;;;
jingoism_l;Jingoism;Chauvinisme;Hurrapatriotismus;;Jingoísmo;;;;;;;;;
pro_military_l;Pro Military;Pro-militaire;Pro Militär;;Pro militar;;;;;;;;;
anti_military_l;Anti Military;Antimilitarisme;Anti-Militär;;Anti militar;;;;;;;;;
pacifism_l;Pacifism;Pacifisme;Pazifismus;;Pacifismo;;;;;;;;;
yes_slavery_l;Slavery Allowed;Esclavage autoris?Sklaverei gestattet;;Esclavitud permitida;;;;;;;;;;
no_slavery_l;Outlaw Slavery;Esclavage interdit;Sklaverei ächten;;Esclavitud abolida;;;;;;;;;
appointed_l;Appointed UH;Chambre haute nommée;Ernanntes OH;;CA nombrada;;;;;;;;;
party_appointed_l;UH same as Ruling Party;Chambre haute identique au parti dirigeant;OH entspricht Regierungspartei;;CA idéntica al partido gobernante;;;;;;;;;
state_equal_weight_l;Two per state in UH;Égalit?de tous les États ?la Chambre haute;Alle Regionen im OH gleich;;Dos escaños por estado en la CA ;;;;;;;;;
population_equal_weight_l;Population equal in UH;Égalit?de la population ?la Chambre haute;Bev. im OH gleich vertreten;;CA proporcional a la población;;;;;;;;;
none_voting_l;No Voting;Aucun vote;Keine Wahlen;;Sin sufragios;;;;;;;;;
landed_voting_l;Landed Voting;Système électoral censitaire;Landbesitzerwahl;;Terratenientes;;;;;;;;;
wealth_weighted_voting_l;Wealth Weighted Voting;Droit de vote pondér?bas?sur la fortune;Wahlen mit Vermögensgewichtung;;Sufragio censitario compensado;;;;;;;;;
wealth_voting_l;Wealth Voting;Droit de vote bas?sur la fortune;Vermögenswahl;;Sufragio censitario;;;;;;;;;
universal_weighted_voting_l;Universal Weighted Voting;Droit de vote universel pondér?Universal gewichtete Wahl;;Sufragio universal compensado;;;;;;;;;;
universal_voting_l;Universal Voting;Droit de vote universel;Universalwahlen;;Sufragio universal ;;;;;;;;;
first_past_the_post_l;First Past the Post;Scrutin uninominal majoritaire ?un tour;Mehrheitswahl;;Todo para el ganador;;;;;;;;;
jefferson_method_l;Jefferson Method;Méthode de Jefferson;Jefferson-Methode;;Método Jefferson;;;;;;;;;
proportional_representation_l;Proportional Representation;Représentation proportionnelle;Proportionale Repräsentation;;Representación proporcional;;;;;;;;;
yes_meeting_l;Allow Public Meetings;Autoriser les réunions publiques;Öffentliche Versammlungen gestatten;;Reuniones públicas permitidas;;;;;;;;;
no_meeting_l;Outlaw Public Meetings;Interdire les réunions publiques;Öffentliche Versammlungen ächten;;Reuniones públicas prohibidas;;;;;;;;;
state_press_l;State Press Only;Presse d'État uniquement;Nur Staatspresse;;Solo prensa estatal;;;;;;;;;
censored_press_l;Censored Press;Presse censurée;Pressezensur;;Prensa censurada;;;;;;;;;
free_press_l;Free Press;Presse libre;Freie Presse;;Prensa libre;;;;;;;;;
no_trade_unions_l;No Trade Unions;Aucun syndicat;Keine Gewerkschaften;;Sin sindicatos;;;;;;;;;
state_controlled_l;State Controlled Trade Unions;Syndicats contrôlés par l'État;Staatlich kontrollierte Gewerkschaften;;Sindicatos controlados por el Estado;;;;;;;;;
non_socialist_l;Non Socialist Trade Unions;Syndicats non socialistes;Keine sozialistischen Gewerkschaften;;Sindicatos no-socialistas;;;;;;;;;
all_trade_unions_l;All Trade Unions;Tous les syndicats;Alle Gewerkschaften;;Todo tipo de sindicatos;;;;;;;;;
underground_parties_l;Outlaw Political Parties;Autoriser les partis politiques;Politische Parteien ächten;;Partidos políticos prohibidos;;;;;;;;;
harassment_l;Harassed Parties.;Partis harcelés;Schikanierte Parteien;;Acoso a los partidos;;;;;;;;;
gerrymandering_l;Gerrymandering;Charcutage électoral;Wahlkreisschiebungen;;División fraudulenta de distritos;;;;;;;;;
non_secret_ballots_l;Non Secret Ballots;Bulletins non secrets;Geheime Wahl;;Votos no secretos;;;;;;;;;
secret_ballots_l;Secret Ballots;Bulletins secrets;Geheime Wahl;;Votos secretos;;;;;;;;;
no_minimum_wage_l;No Min.Wage;Aucun salaire min.;Kein Mindestlohn;;Sin salario mínimo;;;;;;;;;
trinket_wage_l;Trinket Min. Wage;Salaire min. dérisoire;Sach-Mindestlohn;;Salario mínimo testimonial;;;;;;;;;
low_minimum_wage_l;Low Min. Wage;Salaire min. bas;Niedriger Mindestlohn;;Salario mínimo bajo;;;;;;;;;
acceptable_minimum_wage_l;Acceptable Min. Wage;Salaire min. acceptable;Akzeptabler Mindestlohn;;Salario mínimo aceptable;;;;;;;;;
good_minimum_wage_l;Good Min. Wage;Salaire min. bon;Guter Mindestlohn;;Salario mínimo bueno;;;;;;;;;
no_work_hour_limit_l;No Workhour Limits;Temps de travail non limit?Keine Arbeitszeitbeschränkungen;;Sin límite;;;;;;;;;;
fourteen_hours_l;14h Workday;Journée de 14 heures;14 Stunden-Arbeitstag;;14 h/día;;;;;;;;;
twelve_hours_l;12h Workday;Journée de 12 heures;12 Stunden-Arbeitstag;;12 h/día;;;;;;;;;
ten_hours_l;10h Workday;Journée de 10 heures;10 Stunden-Arbeitstag;;10 h/día;;;;;;;;;
eight_hours_l;8h Workday;Journée de 8 heures;8 Stunden-Arbeitstag;;8 h/día;;;;;;;;;
no_safety_l;No Safety Regulations;Aucune règle de sécurit?Keine Sicherheitsvorschriften;;Sin ley de seguridad laboral;;;;;;;;;;
trinket_safety_l;Trinket Safety;Sécurit?dérisoire;Minimale Sicherheitsvorschriften;;Seguridad testimonial;;;;;;;;;
low_safety_l;Low Safety;Sécurit?basse;Geringe Sicherheitsvorschriften;;Seguridad baja;;;;;;;;;
acceptable_safety_l;Acceptable Safety;Sécurit?acceptable;Akzeptable Sicherheitsvorschriften;;Seguridad aceptable;;;;;;;;;
good_safety_l;Good Safety;Bonne sécurit?Umfassende Sicherheitsvorschriften;;Seguridad buena;;;;;;;;;;
no_subsidies_l;No Subsidies;Aucune indemnit?Keine Arbeitslosenhilfe;;Sin subsidios;;;;;;;;;;
trinket_subsidies_l;Trinket Subsidies;Indemnités dérisoires;Sach-Arbeitslosenhilfe;;Subsidios testimoniales;;;;;;;;;
low_subsidies_l;Low Subsidies;Indemnités basses;Niedrige Arbeitslosenhilfe;;Subsidios bajos;;;;;;;;;
acceptable_subsidies_l;Acceptable Subsidies;Indemnités acceptables;Ausreichende Arbeitslosenhilfe;;Subsidios aceptables;;;;;;;;;
good_subsidies_l;Good Subsidies;Bonnes indemnités;Großzügige Arbeitslosenhilfe;;Subsidios buenos;;;;;;;;;
no_pensions_l;No Pensions;Aucune pension;Keine Renten;;Sin pensiones;;;;;;;;;
trinket_pensions_l;Trinket Pensions;Pensions dérisoires;Sachrente;;Pensiones testimoniales;;;;;;;;;
low_pensions_l;Low Pensions;Basses pensions;Niedrige Renten;;Pensiones bajas;;;;;;;;;
acceptable_pensions_l;Acceptable Pensions;Pensions acceptables;Akzeptable Renten;;Pensiones aceptables;;;;;;;;;
good_pensions_l;Good Pensions;Bonnes pensions;Gute Renten;;Pensiones buenas;;;;;;;;;
no_health_care_l;No Healthcare;Aucun système de sant?Keine Gesundheitsfürsorge;;Sin sanidad pública;;;;;;;;;;
trinket_health_care_l;Trinket Healthcare;Système de sant?dérisoire;Sach-Gesundheitsfürsorge;;Sanidad pública testimonial;;;;;;;;;
low_health_care_l;Low Healthcare;Bas système de sant?Geringe Gesundheitsfürsorge;;Sanidad pública baja;;;;;;;;;;
acceptable_health_care_l;Acceptable Healthcare;Système de sant?acceptable;Akzeptable Gesundheitsfürsorge;;Sanidad pública aceptable;;;;;;;;;
good_health_care_l;Good Healthcare;Bon système de sant?Gute Gesundheitsfürsorge;;Buena sanidad pública;;;;;;;;;;
EVENTHAPPENOTHEROPTION_SETUP;When a historical event with multiple choice happens to another country.;Lorsqu'un événement historique ?choix multiple se produit dans un autre pays.;Wenn sich in einem anderen Land ein historisches Ereignis mit mehreren Auswahlmöglichkeiten ereignet.;;A otro país le ocurre un suceso histórico con múltiples opciones;;;;;;;;;
EVENTHAPPENOTHEROPTION_HEADER;The Foreign Minister reports;Le ministre des Affaires étrangères rapporte;:;Kiedy w innym pañstwie ma miejsce zdarzenie historyczne;El ministro de exteriores informa;Quando un evento storico a scelta multipla si verifica in un altro paese.;Mikor egy történelmi esemény több lehetõséget kínál egy másik nemzetnek;Kdy?v jin?zemi dojde k historick?události s více volbami.;;;;;;
EVENTHAPPENOTHEROPTION_1;$COUNTRY$;$COUNTRY$;$COUNTRY$;;$COUNTRY$;;;;;;;;;
EVENTHAPPENOTHEROPTION_2;They tell us about the events of;Ils nous ont parl?de;Sie berichten uns über das Ereignis;$COUNTRY$;Nos informan de los eventos de;$COUNTRY$;$COUNTRY$;$COUNTRY$;;;;;;
EVENTHAPPENOTHEROPTION_3;$EVENT$;$EVENT$;$EVENT$,;informuje nas o wydarzeniu:;$EVENT$;Ci parlano dei seguenti eventi:;A következ?eseményekrõl számolt be:;Sdìluj?nám informace o událostech;;;;;;
EVENTHAPPENOTHEROPTION_4;among the possible options, they went with;o?ils ont choisi de;wobei sie von den möglichen Optionen;$EVENT$.;dónde, entre otras opciones, decidieron;$EVENT$,;$EVENT$;$EVENT$;;;;;;
EVENTHAPPENOTHEROPTION_5;$OPTION$;$OPTION$;$OPTION$;Spoœród wszystkich mo¿liwoœci wybrano;$OPTION$;dove, tra le diverse opzioni possibili, hanno scelto;és a több lehetõség közül a következõt választotta:;z dostupných možnost?si vybrali;;;;;;
EVENTHAPPENOTHEROPTION_6;as their choice of action.;parmi les choix qui leur étaient offerts.;gewählt haben.;$OPTION$;como curso de la de acción.;$OPTION$;$OPTION$;$OPTION$;;;;;;
EVENTHAPPENOTHEROPTION_LOG;Event: '$OPTION$' in '$EVENT$' for $COUNTRY$.;$COUNTRY$ a choisi "$OPTION$" lors de l'événement "$EVENT$".;Ereignis: $OPTION$ in $EVENT$ für $COUNTRY$.;jako opcj?dzia³ania.;Suceso: '$OPTION$' en '$EVENT$' para $COUNTRY$.;.;és cselekedett is.;jako svoji volbu.;;;;;;
EVENTHAPPENOTHEROPTION_BTN1;OK;D'accord;OK;OK;$COUNTRY$. $EVENT$. $OPTION$;Aceptar;Evento: $OPTION$ per $EVENT$ in $COUNTRY$.;Esemény: $COUNTRY$ nemzete a/az $OPTION$ lehetõséget választotta erre az eseményre válaszolva: $EVENT$.;Událost: $OPTION$ v $EVENT$ pro $COUNTRY$.;;;;;
EVENTHAPPENOTHEROPTION_BTN2;OK;D'accord;OK;OK;OK;Aceptar;OK;Rendben;OK;;;;;
EVENTHAPPENOTHEROPTION_BTN3;GOTO;Voir;Goto;OK;Ir all?OK;Rendben;OK;;;;;;;
EVENTHAPPENOTHEROPTION_MAP;*;*;*;ID?DO;*;ANDARE;Menj ide:;PØEJÍT NA;;;;;;
EVENTHAPPENOTHER_SETUP;When a historical event with a single choice happens to another country.;Si un événement historique ?choix unique a lieu dans un autre pays.;Wenn sich in einem anderen Land etwas Historisches mit nur einer Auswahlmöglichkeit ereignet ?;*;A otro país le ocurre un suceso histórico con una única opción;*;*;;;;;;;
EVENTHAPPENOTHER_HEADER;The Foreign Minister reports;Le ministre des Affaires étrangères rapporte;:;Kiedy w innym kraju ma miejsce historyczne wydarzenie z jedyn?mo¿liw?opcj?wyboru;El ministro de exteriores informa;Quando un evento storico a scelta singola si verifica in un altro paese.;Mikor egy történelmi esemény következményeként csak egy választási lehetõsége van egy másik országnak.;Kdy?v jin?zemi dojde k historick?události s jednou volbou.;;;;;;
EVENTHAPPENOTHER_1;$COUNTRY$;$COUNTRY$;$COUNTRY$;;$COUNTRY$;;;;;;;;;
EVENTHAPPENOTHER_2;They tell us about the events of;Ils nous ont parl?de;Sie berichten uns über das Ereignis;$COUNTRY$;Nos informan de los eventos de;$COUNTRY$;$COUNTRY$;$COUNTRY$;;;;;;
EVENTHAPPENOTHER_3;$EVENT$;$EVENT$;$EVENT$;informuje nas o wydarzeniu:;$EVENT$;Ci parlano dei seguenti eventi:;A következ?eseményekrõl számolt be:;Sdìluj?nám informace o událostech;;;;;;
EVENTHAPPENOTHER_4;which has happened to their country recently.;qui a récemment eu lieu dans ce pays.;das sich neulich in ihrem Land ereignet hat.;$EVENT$;que han ocurrido recientemente en su país.;$EVENT$,;$EVENT$;$EVENT$;;;;;;
EVENTHAPPENOTHER_5;*;*;*;, które mia³o miejsce niedawno w ich pañstwie.;*;verificatisi nel loro paese di recente.;ami nemrég történt az országukban.;kter?se práv?odehrály v jejich zemi.;;;;;;
EVENTHAPPENOTHER_6;*;*;*;*;*;*;*;;;;;;;
EVENTHAPPENOTHER_LOG;Event: '$EVENT$' in $COUNTRY$.;Événement "$EVENT$" en $COUNTRY$.;Ereignis: $EVENT$ in $COUNTRY$.;*;Suceso: '$EVENT$' en $COUNTRY$.;*;*;;;;;;;
EVENTHAPPENOTHER_BTN1;OK;D'accord;OK;OK;$COUNTRY$. $EVENT$.;Aceptar;Evento: $EVENT$ in $COUNTRY$.;Esemény: $EVENT$ $COUNTRY$ nemzeténél.;Událost: $EVENT$ v $COUNTRY$.;;;;;
EVENTHAPPENOTHER_BTN2;OK;D'accord;OK;OK;OK;Aceptar;OK;Rendben;OK;;;;;
EVENTHAPPENOTHER_BTN3;*;*;*;OK;*;OK;Rendben;OK;;;;;;
EVENTHAPPENOTHER_MAP;*;*;*;*;*;*;*;;;;;;;
EVENTHAPPENUS_SETUP;When a historical event happens to us.;Si un événement historique se produit pour nous.;Wenn sich bei uns ein historisches Ereignis abspielt.;*;Cuando nos ocurra un suceso histórico;*;*;;;;;;;
EVENTHAPPENUS_HEADER;The Foreign Ministry reports;Le ministre des Affaires étrangères rapporte;Der Innenminister berichtet:;Kiedy wydarzenie historyczne ma miejsce w naszym pañstwie;El ministro de exteriores informa;Quando un evento storico si verifica da noi.;Mikor egy történelmi esemény nálunk következik be;Kdy?se u nás odehraje historick?událost.;;;;;;
EVENTHAPPENUS_1;$EVENT$;$EVENT$;$EVENT$;;$EVENT$;;;;;;;;;
EVENTHAPPENUS_2;happened;qui s'est produit;ist bei uns;$EVENT$;que nos ha sucedido;$EVENT$;$EVENT$;$EVENT$;;;;;;
EVENTHAPPENUS_3;to us.;pour nous.;eingetreten.; - to zdarzy³o si?a nosotros.;si ?verificato;történt;stalo se;;;;;;;
EVENTHAPPENUS_4;*;*;*;u nas.;*;a noi.;nálunk.;nám.;;;;;;
EVENTHAPPENUS_5;*;*;*;*;*;*;*;;;;;;;
EVENTHAPPENUS_6;*;*;*;*;*;*;*;;;;;;;
EVENTHAPPENUS_LOG;Event: '$EVENT$' for player.;Événement "$EVENT$" pour le joueur.;Ereignis: $EVENT$ für Spieler.;*;Evento: '$EVENT$' para el jugador.;*;*;;;;;;;
EVENTHAPPENUS_BTN1;OK;D'accord;OK;OK;Wydarzenie: $EVENT$ dla gracza.;Aceptar;Evento: $EVENT$ per il giocatore.;Esemény: $EVENT$ a játékosnál.;Událost: $EVENT$ pro hráèe.;;;;;
EVENTHAPPENUS_BTN2;OK;D'accord;OK;OK;OK;Aceptar;OK;Rendben;OK;;;;;
EVENTHAPPENUS_BTN3;*;*;*;OK;*;OK;Rendben;OK;;;;;;
EVENTHAPPENUS_MAP;*;*;*;*;*;*;*;;;;;;;
DECISIONOTHER_SETUP;When another country executes a decision.;Si un autre pays applique une décision.;Wenn ein anderes Land eine Entscheidung ausführt.;*;Cuando otro país ejecuta una decisión;*;*;;;;;;;
DECISIONOTHER_HEADER;The Foreign Minister reports;Le ministre des Affaires étrangères rapporte;Der Außenminister berichtet:;;El ministro de exteriores informa;;;;;;;;;
REMOVE_DECISIONOTHER_1;$COUNTRY$;$COUNTRY$;$COUNTRY$;;$COUNTRY$;;;;;;;;;
DECISIONOTHER_2;They have decided to;Ils ont décid?de;In $COUNTRY$ ereignete sich kürzlich;$COUNTRY$;¡Han decidido;$COUNTRY$;$COUNTRY$;$COUNTRY$;;;;;;
DECISIONOTHER_3;$EVENT$!;$EVENT$ !;$EVENT$!;;$EVENT$!;;;;;;;;;
DECISIONOTHER_4;$DESC$;$DESC$;$DESC$;$EVENT$!;$DESC$;$EVENT$!;$EVENT$!;$EVENT$!;;;;;;
DECISIONOTHER_5;*;*;*;$DESC$;*;$DESC$;$DESC$;;;;;;;
DECISIONOTHER_6;*;*;*;*;*;*;*;;;;;;;
DECISIONOTHER_LOG;Decision: $EVENT$ in $COUNTRY$.;Décision : $COUNTRY$ a décid?"$EVENT$".;Entscheidung: $EVENT$ in $COUNTRY$.;*;Decisión: $EVENT$ en $COUNTRY$.;*;*;;;;;;;
DECISIONOTHER_BTN1;OK;D'accord;OK;OK;;Aceptar;;;;;;;;
DECISIONOTHER_BTN2;OK;D'accord;OK;OK;OK;Aceptar;OK;Rendben;OK;;;;;
DECISIONOTHER_BTN3;*;*;*;OK;*;OK;Rendben;OK;;;;;;
DECISIONOTHER_MAP;*;*;*;*;*;*;*;;;;;;;
DECISIONUS_SETUP;When we execute a decision.;Si nous appliquons une décision.;Wenn wir eine Entscheidung ausführen.;*;Cuando ejecutamos una decisión;*;*;;;;;;;
DECISIONUS_HEADER;The Foreign Ministry reports;Le ministre des Affaires étrangères rapporte;Der Innenminister berichtet:;;El ministro de exteriores informa;;;;;;;;;
DECISIONUS_1;$EVENT$!;$EVENT$ !;$EVENT$!;;$EVENT$!;;;;;;;;;
DECISIONUS_2;$DESC$;$DESC$;$DESC$;$EVENT$!;$DESC$;$EVENT$!;$EVENT$!;$EVENT$!;;;;;;
DECISIONUS_3;*;*;*;;*;;;;;;;;;
DECISIONUS_4;*;*;*;*;*;*;*;;;;;;;
DECISIONUS_5;*;*;*;*;*;*;*;;;;;;;
DECISIONUS_6;*;*;*;*;*;*;*;;;;;;;
DECISIONUS_LOG;Decision: $EVENT$ for player.;Décision : "$EVENT$" pour le joueur.;Entscheidung: $EVENT$ für Spieler.;*;Decisión: $EVENT$ para el jugador.;*;*;;;;;;;
DECISIONUS_BTN1;OK;D'accord;OK;OK;;Aceptar;;;;;;;;
DECISIONUS_BTN2;OK;D'accord;OK;OK;OK;Aceptar;OK;Rendben;OK;;;;;
DECISIONUS_BTN3;*;*;*;OK;*;OK;Rendben;OK;;;;;;
DECISIONUS_MAP;*;*;*;*;*;*;*;;;;;;;
INDEPENDANCE_SETUP;When a nation declares independence;Si une nation proclame son indépendance;Wenn ein Land die Unhabhängigkeit erklärt;*;Cuando una nación declara su independencia;*;*;;;;;;;
INDEPENDANCE_HEADER;The Foreign Minister reports;Le ministre des Affaires étrangères rapporte;:;Kiedy pañstwo og³asza niepodleg³oœæ;El ministro de exteriores informa;Quando una nazione dichiara la propria indipendenza;Ha egy nemzet kinyilvánítja függetlenségét.;Kdy?národ vyhlás?nezávislost;;;;;;
INDEPENDANCE_1;$ACTOR$;$ACTOR$;$ACTOR$;;$ACTOR$;;;;;;;;;
INDEPENDANCE_2;Has;ont;hat die Unabhängigkeit;$ACTOR$;ha;$ACTOR$;$ACTOR$;$ACTOR$;;;;;;
INDEPENDANCE_3;Declared Independence;proclam?leur indépendance;von ihren früheren Herren;;declarado la independencia;;;;;;;;;
INDEPENDANCE_4;from their former masters of;envers leurs anciens maîtres de;aus;Og³osili niepodleg³oœæ;de sus anteriores señores;dichiarato l'indipendenza;Kinyilvánították különállóságukat;Deklarovali svoji nezávislost;;;;;;
INDEPENDANCE_5;$OPRESSOR$ and are now enjoying freedom to oppress each other.;$OPRESSOR$ et sont libres de commencer ?opprimer d'autres nations.;$OPRESSOR$ proklamiert.;wobec ich wczeœniejszych panów z;$OPRESSOR$ y ahora experimentan la libertad de oprimir por s?mismos;dai loro vecchi padroni di:;   ;na svých bývalých pánech;;;;;;
INDEPENDANCE_6;*;*;*;;*;;;;;;;;;
INDEPENDANCE_LOG;$ACTOR$ declared independence from $OPRESSOR$.;$ACTOR$ : ce pays a déclar?son indépendance envers la nation suivante : $OPRESSOR$.;$ACTOR$ erklärte sich unabhängig von $OPRESSOR$.;*;$ACTOR$ declar?la independencia de $OPRESSOR$.;*;*;;;;;;;
INDEPENDANCE_BTN1;OK;D'accord;OK;OK;$ACTOR$ og³osili niepodleg³oœæ wobec $OPRESSOR$.;Aceptar;$ACTOR$ ha dichiarato l'indipendenza da: $OPRESSOR$.;$ACTOR$ kinyilvánította a függetlenségét - $OPRESSOR$-tól/-tõl.;$ACTOR$ deklarovali nezávislost na $OPRESSOR$.;;;;;
INDEPENDANCE_BTN2;OK;D'accord;OK;OK;OK;Aceptar;OK;Rendben;OK;;;;;
INDEPENDANCE_BTN3;Go to;Voir;Goto;OK;Ir all?OK;Rendben;OK;;;;;;;
INDEPENDANCE_MAP;Revolution!;Révolution !;Revolution!;Id?do;¡Revolución!;Andare;Ugrás;Pøejít na;;;;;;
WEDEFECT_SETUP;When one of our provinces defects.;Si une de nos provinces passe ?l'ennemi.;Wenn sich eine unserer Provinzen abspaltet.;Rewolucja!;Cuando una de nuestras provincias cambie de bando;Rivoluzione!;Forradalom!;Revoluce!;;;;;;
WEDEFECT_HEADER;Defection!;Défection !;Sezession!;Kiedy jedna z naszych prowincji od³¹cza si?¡Traición!;Quando una delle nostre province ci abbandona;Mikor az egyik tartományunk elpártol tõlünk.;Kdy?jednu ze svých provinci?ztratíme.;;;;;;;
WEDEFECT_1;The province of;La province;Die Provinz;Zdrada!;La provincia de;Defezione!;Elpártolás;Ztráta!;;;;;;
WEDEFECT_2;$PROV$;$PROV$;$PROV$;Prowincja;$PROV$;La provincia di;A következ?tartomány:;Provincie;;;;;;
WEDEFECT_3;has defected to;appartient maintenant au pays;spaltete sich ab und ging zu;$PROV$;se ha pasado al bando de;$PROV$;$PROV$;$PROV$;;;;;;
WEDEFECT_4;$THEM$;$THEM$;$THEM$;przesz³a na stron?pañstwa;$THEM$;?passata a:;a következõhöz pártolt:;pøešla k zemi;;;;;;
WEDEFECT_5;*;*;*;$THEM$.;*;$THEM$;$THEM$;$THEM$;;;;;;
WEDEFECT_6;Fools! We shall not stand for this stupidity!;Imbéciles ! Nous ne tolérerons pas cette mascarade !;Ihr Narren, diese Dummheit werden wir nicht hinnehmen!;*;¡Necios! ¡No toleraremos esta estupidez!;*;*;;;;;;;
WEDEFECT_LOG;$PROV$ defected to $THEM$.;$PROV$ est passée ?$THEM$.;$PROV$ hat sich $THEM$ angeschlossen.;Durnie! Nie zniesiemy takiej g³upoty!;$PROV$ se ha pasado al bando de $THEM$.;sciocchi, non sopporteremo tanta stupidit?;Bolondok! Nem tûrhetjük ezt a bolondságot!;Blázni! Tuhle bláhovost nebudeme tolerovat!;;;;;;
WEDEFECT_BTN1;OK;D'accord;OK;OK;Prowincja $PROV$ przesz³a na stron?pañstwa $THEM$.;Aceptar;$PROV$ ?passata a: $THEM$.;$PROV$ $THEM$ nemzetéhez pártolt.;$PROV$ pøešla k $THEM$.;;;;;
WEDEFECT_BTN2;OK;D'accord;OK;OK;OK;Aceptar;OK;Rendben;OK;;;;;
WEDEFECT_BTN3;GOTO;Voir;Goto;OK;Ir all?OK;Rendben;OK;;;;;;;
WEDEFECT_MAP;Defection!;Défection !;Sezession!;ID?DO;¡Traición!;ANDARE;Menj ide:;PØEJÍT NA;;;;;;
THEYDEFECT_SETUP;When one of their provinces defect to us.;Si une de leurs provinces nous rejoint.;Wenn sich eine ihrer Provinzen uns anschließt.;Zdrada!;Cuando una de sus provincias se pasa a nuestro bando;Defezione!;Elpártolás!;Ztráta!;;;;;;
THEYDEFECT_HEADER;A new province!;Nouvelle province !;Eine neue Provinz!;Kiedy jedna z obcych prowincji przechodzi na nasz?stron?¡Una nueva provincia!;Quando una delle loro province passa a noi;Mikor az egyik tartományunk hozzánk pártol.;Kdy?jedna z jejich provinci?pøejde k nám.;;;;;;;
THEYDEFECT_1;The province of;La province;Die Provinz;Nowa prowincja!;La provincia de;Una nuova provincia!;Egy új tartomány!;Nov?provincie!;;;;;;
THEYDEFECT_2;$PROV$;$PROV$;$PROV$;Prowincja;$PROV$;La provincia di;A következ?tartomány:;Provincie;;;;;;
THEYDEFECT_3;defected to us.;nous a rejoint.;ist zu uns übergelaufen;$PROV$;se ha pasado a nuestro bando.;$PROV$;$PROV$;$PROV$;;;;;;
THEYDEFECT_4;They have wisely decided to embrace our enlightened rule;Avec une grande sagesse, ils ont décid?de rejoindre notre régime éclair?;Sie haben sich klugerweise dazu entschlossen, unsere erleuchtete Herrschaft zu begrüßen;przesz³a na nasz?stron?;Sabiamente, han decidido aceptar nuestro ilustrado gobierno.;?passata a noi.;hozzánk pártolt.;pøešla k nám.;;;;;;
THEYDEFECT_5;*;*;*;M¹drze zdecydowali, ¿e podporz¹dkuj?si?naszej oœwieconej w³adzy.;*;Hanno deciso saggiamente di seguire la nostra guida illuminata.;Bölcsen úgy döntöttek, hogy a mi felvilágosult nemzetünk mellett kötelezik el magukat.;Moudøe se rozhodli pro naši osvícenou vládu;;;;;;
THEYDEFECT_6;*;*;*;*;*;*;*;;;;;;;
THEYDEFECT_LOG;$PROV$ defected to us.;$PROV$ nous a rejoint.;$PROV$ hat sich uns angeschlossen.;*;$PROV$ se ha pasado a nuestro bando.;*;*;;;;;;;
THEYDEFECT_BTN1;OK;D'accord;OK;OK;Prowincja $PROV$ przesz³a na nasz?stron?;Aceptar;$PROV$ ?passata a noi.;$PROV$ mellénk pártolt.;$PROV$ pøešla k nám.;;;;;
THEYDEFECT_BTN2;OK;D'accord;OK;OK;OK;Aceptar;OK;Rendben;OK;;;;;
THEYDEFECT_BTN3;GOTO;Voir;Goto;OK;Ir all?OK;Rendben;OK;;;;;;;
THEYDEFECT_MAP;Defection!;Défection !;Sezession!;ID?DO;¡Traición!;ANDARE;Menj ide:;PØEJÍT NA;;;;;;
OTHERDEFECT_SETUP;When a province of one nation defects to another (neither is us).;Si l'une des provinces d'une nation passe ?une autre (except??la nôtre).;Wenn sich eine Provinz eines Landes einem anderen anschließt (keines von beiden sind wir).;Zdrada!;Una provincia de una nación cambia al bando de otra (no nuestra);Defezione!;Elpártolás!;Ztráta!;;;;;;
OTHERDEFECT_HEADER;Defection!;Défection !;Sezession!;Kiedy prowincja jednego z pañstw przechodzi na stron?innego kraju (nie dotyczy naszego kraju);¡Traición!;Quando la provincia di una nazione passa a un'altra (e noi non siamo nessuna delle due);Mikor egy nemzet úgy dönt, hogy egy másik nemzethez pártol (de nem hozzánk).;Kdy?provincie jednoho národa pøejde k jinému národu (nejedn?se o nás).;;;;;;
OTHERDEFECT_1;The province of;La province;Die Provinz;Zdrada!;La provincia de;Defezione!;Elpártolás!;Ztráta!;;;;;;
OTHERDEFECT_2;$PROV$;$PROV$;$PROV$;Prowincja;$PROV$;La provincia di;A következ?tartomány:;Provincie;;;;;;
OTHERDEFECT_3;defected to;appartient maintenant au pays;spaltete sich ab und ging zu;$PROV$;se pasa al bando de;$PROV$;$PROV$;$PROV$;;;;;;
OTHERDEFECT_4;$THEM$;$THEM$;$THEM$;przesz³a na stron?pañstwa;$THEM$;?passata a:;a következ?mell?pártolt:;pøešla k;;;;;;
OTHERDEFECT_5;*;*;*;$THEM$.;*;$THEM$.;$THEM$;$THEM$;;;;;;
OTHERDEFECT_6;*;*;*;*;*;*;*;;;;;;;
OTHERDEFECT_LOG;$PROV$ defected to $THEM$.;$PROV$ est passée ?$THEM$.;$PROV$ hat sich $THEM$ angeschlossen.;*;$PROV$ se ha pasado al bando de $THEM$.;*;*;;;;;;;
OTHERDEFECT_BTN1;OK;D'accord;OK;OK;Prowincja $PROV$ przesz³a na stron?pañstwa $THEM$.;Aceptar;$PROV$ ?passata a: $THEM$.;$PROV$ $THEM$ nemzetéhez pártolt.;$PROV$ pøešla k $THEM$.;;;;;
OTHERDEFECT_BTN2;OK;D'accord;OK;OK;OK;Aceptar;OK;Rendben;OK;;;;;
OTHERDEFECT_BTN3;GOTO;Voir;Goto;OK;Ir all?OK;Rendben;OK;;;;;;;
OTHERDEFECT_MAP;Defection!;Défection !;Sezession!;ID?DO;¡Traición!;ANDARE;Menj ide:;PØEJÍT NA;;;;;;
MAJOREVENTHAPPENOTHEROPTION_SETUP;When a Major event with multiple choice happens to another country.;Si un événement ?choix multiple majeur se produit pour un autre pays.;Wenn ein wichtiges Ereignis mit mehreren Auswahlmöglichkeiten für ein anderes Land eintritt.;Zdrada!;A otro país le ocurre un suceso importante con múltiples opciones;Defezione!;Elpártolás!;Ztráta!;;;;;;
MAJOREVENTHAPPENOTHEROPTION_HEADER;The Foreign Ministry reports;Le ministre des Affaires étrangères rapporte;Der Außenminister berichtet:;;El ministro de exteriores informa;;;;;;;;;
MAJOREVENTHAPPENOTHEROPTION_1;$COUNTRY$;$COUNTRY$;$COUNTRY$;;$COUNTRY$;;;;;;;;;
MAJOREVENTHAPPENOTHEROPTION_2;Our Embassy has heard that;Notre ambassade a appris que lorsque;Unsere Botschaft hat gehört, dass in $COUNTRY$ das Ereignis;$COUNTRY$;Nuestra embajada se ha enterado de que ha ocurrido;$COUNTRY$;$COUNTRY$;$COUNTRY$;;;;;;
MAJOREVENTHAPPENOTHEROPTION_3;$EVENT$;$EVENT$;$EVENT$;;$EVENT$;;;;;;;;;
MAJOREVENTHAPPENOTHEROPTION_4;They chose;avait eu lieu, ils avaient choisi de;stattfand. Sie wählten;$EVENT$.;y han escogido;$EVENT$,;$EVENT$;$EVENT$;;;;;;
MAJOREVENTHAPPENOTHEROPTION_5;$OPTION$;$OPTION$;$OPTION$;;$OPTION$;;;;;;;;;
MAJOREVENTHAPPENOTHEROPTION_6;as their choice of action.;parmi les choix qui leur étaient offerts.;*;$OPTION$;como curso de acción.;$OPTION$;$OPTION$;$OPTION$;;;;;;
MAJOREVENTHAPPENOTHEROPTION_LOG;Major Event: $OPTION$ in $EVENT$ for $COUNTRY$.;$COUNTRY$ a choisi $OPTION$ lors de l'événement majeur "$EVENT$".;Ereignis: $OPTION$ in $EVENT$ für $COUNTRY$.;jako opcj?dzia³ania.;Suceso importante: $OPTION$ en $EVENT$ para $COUNTRY$.;.;és cselekedett is.;jako svoji volbu.;;;;;;
MAJOREVENTHAPPENOTHEROPTION_BTN1;OK;D'accord;OK;OK;$COUNTRY$. $EVENT$. $OPTION$;Aceptar;Evento: $OPTION$ per $EVENT$ in $COUNTRY$.;Esemény: $COUNTRY$ nemzete a/az $OPTION$ lehetõséget választotta erre az eseményre válaszolva: $EVENT$.;Událost: $OPTION$ v $EVENT$ pro $COUNTRY$.;;;;;
MAJOREVENTHAPPENOTHEROPTION_BTN2;OK;D'accord;OK;OK;OK;Aceptar;OK;Rendben;OK;;;;;
MAJOREVENTHAPPENOTHEROPTION_BTN3;GOTO;Voir;Goto;OK;Ir all?OK;Rendben;OK;;;;;;;
MAJOREVENTHAPPENOTHEROPTION_MAP;*;*;*;ID?DO;*;ANDARE;Menj ide:;PØEJÍT NA;;;;;;
MAJOREVENTHAPPENOTHER_SETUP;When a Major event with a single choice happens to another country.;Si un événement ?choix unique se produit pour un autre pays.;Wenn ein wichtiges Ereignis mit nur einer Auswahlmöglichkeit für ein anderes Land eintritt.;*;A otro país le ocurre un suceso importante con una única opción;*;*;;;;;;;
MAJOREVENTHAPPENOTHER_HEADER;The Foreign Ministry reports;Le ministre des Affaires étrangères rapporte;Der Außenminister berichtet:;;El ministro de exteriores informa;;;;;;;;;
MAJOREVENTHAPPENOTHER_1;$COUNTRY$;$COUNTRY$;$COUNTRY$;;$COUNTRY$;;;;;;;;;
MAJOREVENTHAPPENOTHER_2; ; ;Aus $COUNTRY$ wurde uns folgendes Ereignis berichtet:;$COUNTRY$;Parece que;$COUNTRY$;$COUNTRY$;$COUNTRY$;;;;;;
MAJOREVENTHAPPENOTHER_3;$EVENT$;$EVENT$;$EVENT$;;$EVENT$;;;;;;;;;
MAJOREVENTHAPPENOTHER_4;$EVENTDESC$;$EVENTDESC$;$EVENTDESC$;$EVENT$;$EVENTDESC$;$EVENT$,;$EVENT$;$EVENT$;;;;;;
MAJOREVENTHAPPENOTHER_5;*;*;*;$EVENTDESC$;les ha sucedido;$EVENTDESC$;$EVENTDESC$;;;;;;;
MAJOREVENTHAPPENOTHER_6;*;*;*;;*;;;;;;;;;
MAJOREVENTHAPPENOTHER_LOG;Major Event: $EVENT$ in $COUNTRY$.;L'événement majeur "$EVENT$" a eu lieu pour $COUNTRY$.;Ereignis: $EVENT$ in $COUNTRY$.;*;Suceso importante: $EVENT$ en $COUNTRY$.;*;*;;;;;;;
MAJOREVENTHAPPENOTHER_BTN1;OK;D'accord;OK;OK;$COUNTRY$. $EVENT$.;Aceptar;Evento: $EVENT$ in $COUNTRY$.;Esemény: $EVENT$ $COUNTRY$ nemzeténél.;Událost: $EVENT$ v $COUNTRY$.;;;;;
MAJOREVENTHAPPENOTHER_BTN2;OK;D'accord;OK;OK;OK;Aceptar;OK;Rendben;OK;;;;;
MAJOREVENTHAPPENOTHER_BTN3;*;*;*;OK;*;OK;Rendben;OK;;;;;;
MAJOREVENTHAPPENOTHER_MAP;*;*;*;*;*;*;*;;;;;;;
TRIGMOD_SETUP;When you are affected by a triggered modifier.;Si vous êtes affect?par un modificateur activable (ex. péage maritime).;Wenn Sie von einem ausgelösten Modifikator betroffen werden (z. B. Sundzoll);*;Afectado por modificador desencadenado (como sonido de peaje);*;*;;;;;;;
TRIGMOD_HEADER;$head_of_government$ reports that;$head_of_government$ rapporte que;$head_of_government$ berichtet, dass;Kiedy modyfikator zwi¹zany z okreœlonym wydarzeniem wp³ywa na twoje pañstwo (np. c³o narzucone przez pañstwo trzecie);$head_of_government$ informa de;Quando subisci l'influenza di un modificatore condizionato (ad es. il Pedaggio sullo Stretto);Mikor valami esemény módosulása van rád hatással (korábbi hang-vám);Kdy?jste subjektem trojnásobného modifikátoru;;;;;;
TRIGMOD_1;$NAME$;$NAME$;$NAME$;;$NAME$;;;;;;;;;
TRIGMOD_2;$MONARCHTITLE$, $NAME$ happened to us.;$MONARCHTITLE$, $NAME$ s'est produit pour notre pays.;*;$NAME$;$MONARCHTITLE$, nos ha ocurrido $NAME$.;$NAME$;$NAME$;$NAME$;;;;;;
TRIGMOD_3;*;*;*;$NAME$;*;$MONARCHTITLE$, si ?verificato: $NAME$.;$NAME$ történt velünk.;$MONARCHTITLE$, $NAME$ se nám pøihodilo.;;;;;;
TRIGMOD_4;*;*;*;*;*;*;*;;;;;;;
TRIGMOD_5;Effect:;Effet :;Effekt:;*;Efecto:;*;*;;;;;;;
TRIGMOD_6;$EFFECT$;$EFFECT$;$EFFECT$;Efekt:;$EFFECT$;Effetto:;Hatás:;Efekt:;;;;;;
TRIGMOD_LOG;We had $NAME$ happen to us.;$NAME$ nous est arriv?;Uns ist ein $NAME$ widerfahren.;$EFFECT$;Nos ha ocurrido $NAME$.;$EFFECT$;$EFFECT$;$EFFECT$;;;;;;
TRIGMOD_BTN1;OK;D'accord;OK;OK;$NAME$;Aceptar;Si ?verificato $NAME$.;$NAME$ történt velünk.;Pøihodilo se nám $NAME$.;;;;;
TRIGMOD_BTN2;OK;D'accord;OK;OK;OK;Aceptar;OK;Rendben;OK;;;;;
TRIGMOD_BTN3;Details;Détails;Details;OK;Detalles;OK;Rendben;OK;;;;;;
TRIGMOD_MAP;*;*;*;Szczegó³y;*;Dettagli;Részletek;Detaily;;;;;;
TRIGMODLOST_SETUP;When the effect of a triggered modifier ceases.;Si un modificateur activable ne fait plus effet (ex. péage maritime).;Wenn der Effekt eines ausgelösten Modifikators endet (z. B. Sundzoll);*;Cesa efecto modificador desencadenado (como sonido de peaje);*;*;;;;;;;
TRIGMODLOST_HEADER;$head_of_government$ reports that;$head_of_government$ rapporte que;$head_of_government$ berichtet, dass;Kiedy modyfikator zwi¹zany z okreœlonym wydarzeniem przestaje oddzia³ywa?na twoje pañstwo (np. c³o narzucone przez pañstwo trzecie);$head_of_government$ informa de;Quando l'effetto di un modificatore condizionato (ad es. il Pedaggio sullo Stretto) cessa;Mikor egy módosítást okoz?esemény befejezõdik (korábbi hang-vám);Kdy?jste subjektem trojnásobného modifikátoru.;;;;;;
TRIGMODLOST_1;$NAME$;$NAME$;$NAME$;;$NAME$;;;;;;;;;
TRIGMODLOST_2;We have lost the effects of the $NAME$;$NAME$ n'a plus aucun effet sur nous.;Wir haben folgende Effekte verloren: $NAME$;$NAME$;Hemos perdido los efectos de $NAME$;$NAME$;$NAME$;$NAME$;;;;;;
TRIGMODLOST_3;*;*;*;Koniec $NAME$.;*;$EXPLANATION$;$EXPLANATION$;Kdy?ztratíme efekty $NAME$;;;;;;
TRIGMODLOST_4;*;*;*;*;*;*;*;;;;;;;
TRIGMODLOST_5;Effect:;Effet :;Effekt:;*;Efecto:;*;*;;;;;;;
TRIGMODLOST_6;$EFFECT$;$EFFECT$;$EFFECT$;Efekt:;$EFFECT$;Effetto:;Hatás:;Efekt:;;;;;;
TRIGMODLOST_LOG;$NAME$ is no longer affecting us.;$NAME$ ne nous affecte plus.;$NAME$ beeinflusst uns nicht mehr.;$EFFECT$;$NAME$ ya no nos afecta.;$EFFECT$;$EFFECT$;$EFFECT$;;;;;;
TRIGMODLOST_BTN1;OK;D'accord;OK;OK;$NAME$ nie ma ju?na nas wp³ywu.;Aceptar;$NAME$ non ha pi?alcuna influenza su di noi.;A/az $NAME$ már nincs ránk hatással.;$NAME$ se u?na nás nevztahuje.;;;;;
TRIGMODLOST_BTN2;OK;D'accord;OK;OK;OK;Aceptar;OK;Rendben;OK;;;;;
TRIGMODLOST_BTN3;Details;Détails;Details;OK;Detalles;OK;Rendben;OK;;;;;;
TRIGMODLOST_MAP;*;*;*;Szczegó³y;*;Dettagli;Részletek;Detaily;;;;;;
WORKFORCE_DISTTITLE;Workforce;Main-d'œuvre;Arbeitskräfte;;Pobl. activa;;;;;;;;;
RELIGION_DISTTITLE;Religion;Religion;Religion;;Religión;;;;;;;;;
IDEOLOGY_DISTTITLE;Ideology;Idéologie;Ideologie;;Ideología;;;;;;;;;
NATIONALITY_DISTTITLE;Nationality;Nationalit?Nationalität;;Nacionalidad;;;;;;;;;;
ELECTORATE_DISTTITLE;Electorate Vote;Vote électoral;Kandidaten-Stimme;;Voto electoral;;;;;;;;;
DOMINANT_ISSUES_DISTTITLE;Dominant Issues;Problèmes principaux;Primärprobleme;;Temas dominantes;;;;;;;;;
SECONDARY_ISSUES_DISTTITLE;Secondary Issues;Problèmes secondaires;Sekundärprobleme;;Temas secundarios;;;;;;;;;
PV_SLICE_DESC;§Y$TYPE$§W: $VAL$%;§Y$TYPE$§W : $VAL$%;§Y$TYPE$§W: $VAL$%;;§Y$TYPE$§W: $VAL$%;;;;;;;;;
POP_FILTER_SELECT_ALL;Select All;Tout sélectionner;Alle auswählen;;Seleccionar todo;;;;;;;;;
POP_FILTER_DESELECT_ALL;Deselect All;Tout désélectionner;Alle abwählen;;Anular toda selección;;;;;;;;;
PV_POP_NAME;Name;Nom;Name;;Nombre;;;;;;;;;
PV_POP_TYPE;Type;Type;Typ;;Tipo;;;;;;;;;
PV_POP_LITERACY;Literacy;Alphabétisation;Alphabetisierung;;Alfabetización;;;;;;;;;
PV_POP_change;Ch;Ch;V?;Ch;;;;;;;;;;
PV_POP_RR;RR;RR;RR;;RR;;;;;;;;;
PV_POP_LUX;Lu;Lu;Lu;;Lu;;;;;;;;;
PV_POP_EVE;Ev;Quo;Er;;Ev;;;;;;;;;
PV_POP_SUB;Su;Su;Su;;Su;;;;;;;;;
PV_POP_CASH;Cash;Argent;Geld;;Liquidez;;;;;;;;;
PV_POP_UNEMPLOYMENT;U;U;A;;P;;;;;;;;;
PV_POP_ISSUES;Issu;Prob;Prob;;Tema;;;;;;;;;
PV_POP_IDEOLOGY;Ideo;Idéo;Ideo;;Ideo;;;;;;;;;
PV_POP_CON;Con;Cons;Bew;;Cons;;;;;;;;;
PV_POP_MIL;Mil;Mil;Mil;;Mil;;;;;;;;;
PV_POP_RELIGION;Rel;Rel;Rel;;Rel;;;;;;;;;
PV_POP_NATIONALITY;Nationality;Nationalit?Nationalität;;Nacionalidad;;;;;;;;;;
PV_POP_LOCATION;Location;Situation;Ort;;Ubicación;;;;;;;;;
POP_PROMOTION;§Y$NUM$§W people promote to §Y$TYPE$§W each month;§Y$NUM$§W personnes sont promues §Y$TYPE$§W chaque jour;§Y$NUM$§W Menschen werden täglich zu §Y$TYPE$§W befördert.;;§Y$NUM$§W personas ascienden a §Y$TYPE$§W cada mes;;;;;;;;;
POP_PROMOTION_TARGET;Promote to:;Promus en : ;Befördern zu:;;Ascender a:;;;;;;;;;
POP_PROMOTION_FACTORS;Promotion factors:;Facteurs de promotion : ;Beförderungsfaktoren:;;Factores de ascenso:;;;;;;;;;
POP_DEMOTION;§Y$NUM$§W people will demote to §Y$TYPE$§W each month;§Y$NUM$§W personnes seront rétrogradées §Y$TYPE$§W chaque jour;§Y$NUM$§W Menschen werden täglich zu §Y$TYPE$§W degradiert.;;§Y$NUM$§W personas serán degradadas a §Y$TYPE$§W cada mes;;;;;;;;;
POP_DEMOTION_TARGET;Change employment to:;Changer d'emploi pour : ;Arbeit ändern zu:;;Cambiar empleo a:;;;;;;;;;
POP_DEMOTION_FACTORS;Demotion factors:;Facteur de rétrogradation : ;Degradierungsfaktoren:;;Factores de degradación:;;;;;;;;;
LIFE_NEEDS;Life Needs;Besoins vitaux;Grundbedürfnisse;;Necesidades vitales;;;;;;;;;
EVERYDAY_NEEDS;Everyday Needs;Besoins quotidiens;Alltagsbedürfnisse;;Necesidades cotidianas;;;;;;;;;
LUXURY_NEEDS;Luxury Needs;Besoins de luxe;Luxusbedürfnisse;;Lujos;;;;;;;;;
REMOVE_NO_PROMOTION;No Pops will be promoted today.;Aucun POP ne sera promu aujourd'hui.;Heute werden keine Bevs befördert.;;Hoy no va a ascender ninguna POB.;;;;;;;;;
CONCIOUSNESS;Consciousness;Conscience nationale;Bewusstsein;;Conciencia;;;;;;;;;
UNEMPLOYMENT;Unemployment;Chômage;Arbeitslosigkeit;;Desempleo;;;;;;;;;
LITERACY;Literacy;Alphabétisation;Alphabetisierung;;Alfabetización;;;;;;;;;
MILITANCY;Militancy;Militantisme;Militanz;;Militancia;;;;;;;;;
EMPLOYMENT;Employment;Emploi;Arbeit;;Empleo;;;;;;;;;
EDUCATION_SPENDING;Education Spending;Dépenses éducatives;Bildungsausgaben;;Gastos en educación;;;;;;;;;
CRIME_FIGHTING;Crime Fighting;Lutte contre la criminalit?Verbrechensbekämpfung;;Lucha contra la delincuencia;;;;;;;;;;
POP_CULTURE;Culture;Culture;Kultur;;Cultura;;;;;;;;;
POP_RELIGION;Religion;Religion;Religion;;Religión;;;;;;;;;
GETTING_NEEDS;Getting $NEED$: §Y$VAL$%§W;Recevant '$NEED$' : §Y$VAL$%§W;Decken $NEED$: §Y$VAL$%§W;;Obtiene $NEED$: §Y$VAL$%§W;;;;;;;;;
NO_NEED;No Needs;Aucun besoin;keinerlei Bedürfnisse;;Sin necesidades;;;;;;;;;
NO_POPS_OF_TYPE;There are no pops of this type;Il n'existe pas de POP pour ce type;Es gibt keine Bevs dieses Typs.;;No hay POB de este tipo;;;;;;;;;
PV_POP_SIZE;Size;Taille;Größe;;Tamaño;;;;;;;;;
PV_AVARAGE;Average: ;Moyenne : ;Durchschnitt:;;Media: ;;;;;;;;;
PV_REVOLTRISK;Revoltrisk: ;Risque de révolte ;Revoltenrisiko:;;Riesgo de revuelta: ;;;;;;;;;
PV_GROWTH;Population changed by ;Population modifiée par ;Bevölkerung verändert durch:;;La popularidad cambia en ;;;;;;;;;
PV_NATURAL_GROWTH;Natural Growth: ;Croissance naturelle : ;Natürliches Wachstum:;;Crecimiento vegetativo: ;;;;;;;;;
PV_IMMIGRATION;Immigration: ;Immigration : ;Immigration:;;Inmigración: ;;;;;;;;;
PV_EMIGRATION;Emigration: ;Émigration : ;Emigration:;;Emigración: ;;;;;;;;;
PV_COLONIAL_EMIGRATION;Colonial Emigration: ;Émigration coloniale : ;Koloniale Emigration:;;Emigración a las colonias: ;;;;;;;;;
PV_EXTERNAL_EMIGRATION;External Emigration: ;Émigration externe : ;Externe Emigration:;;Emigración exterior: ;;;;;;;;;
PV_INTERNAL_EMIGRATION;Internal Emigration: ;Émigration interne : ;Interne Emigration:;;Emigración interior: ;;;;;;;;;
PV_NEW_JOBS;Seeking new employment: ;Recherche d'un nouvel emploi : ;Suche neue Arbeit:;;En busca de nuevo empleo: ;;;;;;;;;
PV_ASSIMILATION;Cultural Assimilation: ;Assimilation culturelle : ;Kulturelle Assimilierung;;Asimilación cultural: ;;;;;;;;;
PV_CONVERSION;Religious Conversion: ;Conversion religieuse : ;Religiöse Konvertierung:;;Conversión religiosa: ;;;;;;;;;
POP_CONVERSION;§Y$NUM$§W people will convert to §Y$TYPE$§W each day;§Y$NUM$§W personnes seront converties §Y$TYPE$§W chaque jour;§Y$NUM$§W Menschen konvertieren täglich zur Religion: §Y$TYPE$§W;;§Y$NUM$§W persona(s) se convertir?n) al §Y$TYPE$§W cada día;;;;;;;;;
POP_CONVERSION_FACTORS;Conversion factors:;Facteurs de conversion :;Konvertierungsfaktoren:;;Factores de conversión:;;;;;;;;;
POP_ASSM;§Y$NUM$§W people will assimilate to §Y$TYPE$§W each month;§Y$NUM$§W personnes seront assimilées §Y$TYPE$§W chaque jour;§Y$NUM$§W Menschen werden täglich assimiliert zu: §Y$TYPE$§W;;§Y$NUM$§W persona(s) ser?n) asimilada(s) y se convertir?n) en §Y$TYPE$§W cada mes;;;;;;;;;
POP_ASSM_FACTORS;Assimilation Factors:;Facteurs d'assimilation :;Assimilierungsfaktoren:;;Factores de asimilación:;;;;;;;;;
POP_NO_CONV_TARGET;No Valid Target.;Aucune cible valide.;Kein gültiges Ziel.;;Sin objetivo válido.;;;;;;;;;
POP_INTERNAL_MIGRATION_FACTORS;Internal migration factors:;Facteurs de migration interne :;Interne Migrationsfaktoren:;;Factores de inmigración interna:;;;;;;;;;
POP_INTERNAL_MIGRATION_NONE;No internal migration.;Aucune migration interne.;Keine interne Migration.;;Sin inmigración interna.;;;;;;;;;
POP_COLONIAL_MIGRATION_FACTORS;Colonial migration factors:;Facteurs de migration coloniale :;Koloniale Migrationsfaktoren:;;Factores de emigración a las colonias:;;;;;;;;;
POP_COLONIAL_MIGRATION_NONE;No colonial migration.;Aucune migration coloniale.;Keine koloniale Migration.;;Sin emigración a las colonias.;;;;;;;;;
POP_EXTERNAL_MIGRATION_FACTORS;External migration factors:;Facteurs de migration externe :;Externe Migrationsfaktoren:;;Factores de emigración externa:;;;;;;;;;
POP_EXTERNAL_MIGRATION_NONE;No external migration.;Aucune migration externe.;Keine externe Migration.;;Sin emigración externa.;;;;;;;;;
RICH_STRATA;Rich Strata;Classes supérieures;Oberschicht;;Estrato rico;;;;;;;;;
MIDDLE_STRATA;Middle Strata;Classes moyennes;Mittelschicht;;Estrato medio;;;;;;;;;
POOR_STRATA;Poor Strata;Classes défavorisées;Unterschicht;;Estrato pobre;;;;;;;;;
POP_LACK_MONEY_FOR_NEEDS;Lacked funds to buy needed goods;Fonds insuffisants pour acheter les biens nécessaires;Zu wenig Geld zum Kauf erforderlicher Güter.;;Carecía de fondos para adquirir los bienes necesarios;;;;;;;;;
POP_LACK_GOODS;Some goods not available on market:;Certains biens ne sont pas disponibles sur le march?:;Einige Güter sind nicht auf dem Markt verfügbar:;;Algunos bienes no están disponibles en el mercado:;;;;;;;;;
POP_PRODUCING;Producing;Production;Produziert;;Produciendo;;;;;;;;;
POP_BUILDING;Current project: §Y$TYPE$§W\n;Projet actuel : §Y$TYPE$§W\n;Aktuelles Projekt: §Y$TYPE$§W\n;;Proyecto actual: §Y$TYPE$§W\n;;;;;;;;;
POP_BUILD_NEW_STATEBUILDING;Investing in a new factory;Financement d'une nouvelle usine;Investiert in eine neue Fabrik;;Invirtiendo en una nueva fábrica;;;;;;;;;
POP_BUILD_NEW_PROVINCEBUILDING;Investing in railways;Financement de voies ferrées;Investiert in die Eisenbahn;;Invirtiendo en ferrocarriles;;;;;;;;;
POP_REOPEN_STATE_FACTORY;Investing in factory reopening;Financement de la réouverture d'une usine;Investiert in Fabrik-Neueröffnung;;Invirtiendo en la reapertura de una fábrica;;;;;;;;;
POP_EXPAND_STATE_FACTORY;Investing in factory expansion;Financement de l'agrandissement d'une usine;Investiert in Fabrikerweiterung;;Invirtiendo en la ampliación de una fábrica;;;;;;;;;
POP_NO_PROJECT;Nothing;Rien;Nichts;;Nada;;;;;;;;;
POP_STATE;State: §Y$VALUE$§W\n;État : §Y$VALUE$§W\n;Staat: §Y$VALUE$§W\n;;Estado: §Y$VALUE$§W\n;;;;;;;;;
POP_PROVINCE;Province: §Y$VALUE$§W\n;Province : §Y$VALUE$§W\n;Provinz: §Y$VALUE$§W\n;;Provincia: §Y$VALUE$§W\n;;;;;;;;;
POP_DAILY_MONEY;Daily Income: §Y$VAL$§W?Revenus quotidiens : §Y$VAL$§W?Tageseinkommen: §Y$VAL$§W?;Ingresos diarios: §Y$VAL$§W?;;;;;;;;;;;;
POP_DAILY_NEEDS;Needs: §Y$VAL$§W?Besoins : §Y$VAL$§W?Bedürfnisse: §Y$VAL$§W?;Necesidades: §Y$VAL$§W?;;;;;;;;;;;;
POP_DAILY_WELFARE;Welfare: §Y$VAL$§W?Allocations : §Y$VAL$§W?Wohlfahrt: §Y$VAL$§W?;Bienestar: §Y$VAL$§W?;;;;;;;;;;;;
POP_DAILY_SALARY;Salary: §Y$VAL$§W?Salaires : §Y$VAL$§W?Gehalt: §Y$VAL$§W?;Salario: §Y$VAL$§W?;;;;;;;;;;;;
POP_DAILY_EXPENSES;Expenses: §Y$VAL$§W?Dépenses : §Y$VAL$§W?Ausgaben: §Y$VAL$§W?;Gastos: §Y$VAL$§W?;;;;;;;;;;;;
POP_DAILY_EVENTS;Events: §Y$VAL$§W?Événéments : §Y$VAL$§W?Ereignisse: §Y$VAL$§W?;Sucesos: §Y$VAL$§W?;;;;;;;;;;;;
POP_DAILY_PROJECT;Projects: §Y$VAL$§W?Projets : §Y$VAL$§W?Projekte: §Y$VAL$§W?;Proyectos: §Y$VAL$§W?;;;;;;;;;;;;
POP_DAILY_BANK;Deposited in bank: §Y$VAL$§W?Banque nationale : §Y$VAL$§W?Nationalbank: §Y$VAL$§W?;Depositado en el banco: §Y$VAL$§W?;;;;;;;;;;;;
UNIT_PRICE;Unit price: §Y$VAL$§W?Prix unitaire : §Y$VAL$§W?Einheitspreis: §Y$VAL$§W?;Precio por unidad: §Y$VAL$§W?;;;;;;;;;;;;
AVAILABLE_IN_BANK;Savings in bank: §Y$VAL$§W?Épargne bancaire : §Y$VAL$§W?Ersparnisse in der Bank: §Y$VAL$§W?;Ahorros en el banco: §Y$VAL$§W?;;;;;;;;;;;;
PV_PROMOTIONS;Promotions:;Promotions :;Beförderungen:;;Promociones:;;;;;;;;;
POP_NO_POPS_OF_TYPE;No pops of this type;Aucun groupe démographique (POP) pour ce type;Keine Bev. dieses Typs;;No hay POB de este tipo;;;;;;;;;
REMOVE_PROV353;Kuressaare;Kuressaare;Kuressaare;;Kuressaare;;;;;;;;;
REMOVE_PROV1723;Colon;Canal de Panama ;Panamakanal;;Colón;;;;;;;;;
REMOVE_PROV2049;Maputo;Maputo;Maputo;;Maputo;;;;;;;;;
REMOVE_PROV2918;Gulf of Nigeria;Golf du Nigeria;Golf von Nigeria;;Golfo de Nigeria;;;;;;;;;
REMOVE_PROV2921;Coast of Gambia;Côte de Gambie;Küste von Gambia;;Costa de Gambia;;;;;;;;;
REMOVE_PROV2922;Coast of Guinea;Côte de Guinée;Küste von Guinea;;Costa de Guinea;;;;;;;;;
REMOVE_PROV3041;New Georgia Islands;Îles de New Georgia;New Georgia-Inseln;;Islas de Nueva Georgia;;;;;;;;;
PROVINCEVIEW_RGOOWNER;State RGO owner presence: §Y$VALUE$% $TYPE$§W;Présence de propriétaires d'EAM dans l'état : §Y$TYPE$ $VALUE$ %§W;RGO-Besitzerpräsenz im Staat: §Y$VALUE$% $TYPE$§W;;Presencia de propietarios en el TOR del estado: §Y$VALUE$% de $TYPE$§W;;;;;;;;;
PROVINCEVIEW_ADMIN;State administrative efficiency: §Y$VALUE$%§W;Efficacit?administrative de l'État : §Y$VALUE$%§W;Verwaltungseffizienz des Staates: §Y$VALUE$%§W;;Eficiencia administrativa del estado: §Y$VALUE$%§W;;;;;;;;;
PROVINCEVIEW_LIFERATING;Province liferating: §Y$VALUE$§W;Habitabilit?de la province : §Y$VALUE$§W;Provinz-Lebensqualität: §Y$VALUE$§W;;Calidad de vida en la provincia: §Y$VALUE$§W;;;;;;;;;
PROVINCEVIEW_GOODSINCOME;Sold §Y$GOODS$§W for §Y$VALUE$§W?yesterday;Hier, vente de §Y$GOODS$§W pour §Y$VALUE$§W?Gestern §Y$GOODS$§W für §Y$VALUE$§W?verkauft;;Ayer se vendi? §Y$GOODS$§W por §Y$VALUE$§W?;;;;;;;;;;
PROVINCEVIEW_EMPLOYMENT;Current employees in RGO §Y$VALUE$§W;Employés actuels des EAM §Y$VALUE$§W;Momentane Beschäftigten in RGO §Y$VALUE$§W;;Empleados actuales del TOR: §Y$VALUE$§W;;;;;;;;;
PROVINCEVIEW_CRIMEFIGHT;Province crime fighting rate §Y$VALUE$%§W;Taux de lutte contre le crime de la province §Y$VALUE$%§W;Provinz-Verbrechensbekämpfungsrate §Y$VALUE$%§W;;Tasa de lucha contra el crimen en la provincia: §Y$VALUE$%§W;;;;;;;;;
PROVINCEVIEW_REVOLTRISK;Province revoltrisk$VALUE$;Risque de révolte de la province $VALUE$;Provinz-Revoltenrisiko$VALUE$;;Riesgo de revuelta en la provincia: $VALUE$;;;;;;;;;
PROVINCEVIEW_TOTALPOP;Province population;Population de la province;Provinzbevölkerung;;Población de la provincia:;;;;;;;;;
PROVINCEVIEW_MIGRATION;Province migration this month: $VALUE$;Migration vers la province ce mois-ci : $VALUE$;Provinzmigration diesen Monat: $VALUE$;;Migración en la provincia este mes: $VALUE$;;;;;;;;;
PROVINCEVIEW_GROWTH;Province growth this month: $VALUE$;Croissance de la province ce mois-ci : $VALUE$;Provinzwachstum diesen Monat: $VALUE$;;Crecimiento en la provincia este mes: $VALUE$;;;;;;;;;
PROVINCEVIEW_UNDERCONSTRUCTION;Under construction$VALUE$;En cours de construction $VALUE$;Im Bau$VALUE$;;En construcción: $VALUE$;;;;;;;;;
PROVINCEVIEW_BUILD_ARMY;Build army;Créer une armée;Armee bauen;;Construir ejército;;;;;;;;;
PROVINCEVIEW_BUILD_NAVY;Build navy;Créer une flotte;Flotte bauen;;Construir armada;;;;;;;;;
PROVINCEVIEW_FROM_ADMIN_SPENDING;From Administration Spending: §Y+;Provenant des dépenses administratives : §Y+;Aus Verwaltungsausgaben: §Y+;;Por gastos de la administración: §Y+;;;;;;;;;
REMOVE_PROVINCEVIEW_FROM_LOCAL_TAX;From local tax efficiency: §Y+;Provenant de l'efficacit?fiscale locale : §Y+;Aus lokaler Steuereffizienz: §Y+;;Por la eficacia impositiva local: §Y+;;;;;;;;;
PROVINCEVIEW_GOODSPRODUCTION;Produced §Y$NUM$§W units of §Y$GOODS$§W at §Y$VALUE$§W?efficiency.;§Y$NUM$§W unités produites de §Y$GOODS$§W ?une efficacit?de §Y$VALUE$§W?;Produzierte §Y$NUM$§W Einheiten von §Y$GOODS$§W bei §Y$VALUE$§W?Effizienz.;;§Y$NUM$§W unidades producidas de: §Y$GOODS$§W (§Y$VALUE$§W?de eficacia).;;;;;;;;;
PROVINCEVIEW_BUILD_ARMY2;Build Army;Créer une armée;Armee bauen;;Construir ejército;;;;;;;;;
PROVINCEVIEW_BUILD_NAVY2;Build Navy;Créer une flotte;Flotte bauen;;Construir armada;;;;;;;;;
PROVINCEVIEW_EXPAND;Expand;Agrandir;Erweitern;;Ampliar;;;;;;;;;
PROVINCEVIEW_EXPANDING;Expanding...;Agrandissement...;Erweitere ...;;Expandiendo...;;;;;;;;;
PROVINCEVIEW_CORES;Cores:;Territoire cl?:;Kernprovinzen:;;Núcleos:;;;;;;;;;
NO_PROVINCE_CRIME;No Crime.:;Pas de crime :;Keine Verbrechen:;;Sin criminalidad:;;;;;;;;;
PW_NATIONAL_FOCUS;National Focus: ;Cause nationale : ;Nationaler Fokus:;;Atención nacional: ;;;;;;;;;
PW_NO_NATIONAL_FOCUS;No National Focus set;Aucune cause nationale définie;Kein nationaler Fokus eingestellt;;Sin atención nacional establecida;;;;;;;;;
PW_COLONY;Colonial Province;Province coloniale;Kolonialprovinz;;Provincia colonial;;;;;;;;;
PW_COLONY_STATE;Click to convert to state. This requires §Y$VALUE$? free colonial power points.;Cliquez pour convertir en État.;Klicken Sie, um zum Staat zu konvertieren.;;Haz clic para convertir en estado.;;;;;;;;;
PROVINCEVIEW_TERRAIN;Terrain: §Y$TERRAIN$§W;Terrain : §Y$TERRAIN$§W;Gelände: §Y$TERRAIN$§W;;Terreno: §Y$TERRAIN$§W;;;;;;;;;
PROVINCEVIEW_CURRENT_SHIPS;Current ships: §Y$CURRENT$§W;Navires actuels : §Y$CURRENT$§W;Momentane Schiffe: §Y$CURRENT$§W;;Barcos actuales: §Y$CURRENT$§W;;;;;;;;;
PROVINCEVIEW_CURRENT_ARMY;Current brigades: §Y$CURRENT$§W\nAllowed brigades: §Y$ALLOWED$§W;Régiments actuels : §Y$CURRENT$§W\nRégiments autorisés : §Y$ALLOWED$§W;Momentane Regimenter: §Y$CURRENT$§W\nZugelassene Regimenter: §Y$ALLOWED$§W;;Brigadas actuales: §Y$CURRENT$§W\nBrigadas permitidas: §Y$ALLOWED$§W;;;;;;;;;
PV_UNCOLONIZED;Uncolonized;Non colonis?Unkolonisiert;;Sin colonizar;;;;;;;;;;
PV_COLONY_PROG;Colony progress: §Y$VAL$§W%. Estimated completion: §Y$TIME$§W;Progression de la colonie : §Y$VAL$%§W\nFin estimée : §Y$TIME$§W;Koloniefortschritt: §Y$VAL$§W%. Geschätzte Fertigstellung: §Y$TIME$§W;;Progreso de la colonización: §Y$VAL$§W%. Finalización estimada: §Y$TIME$§W;;;;;;;;;
PV_COLONY_TROOP;Troops presence bonus: §G+$VAL$§W%;Bonus de présence de troupes : §G+$VAL$%§W;Truppenpräsenzbonus: §G+$VAL$§W%;;Bonificación por presencia militar: §G+$VAL$§W%;;;;;;;;;
PV_REBEL_PRESENCE;Factions present: ;Factions présentes : ;Gegenwärtige Fraktionen: ;;Facciones presentes: ;;;;;;;;;
PV_LOCAL_MEMBERS;Local members: ;Membres locaux : ;Lokale Mitglieder: ;;Miembros locales: ;;;;;;;;;
PV_AVG_MIL;Average militancy: ;Militantisme moyen : ;Durchschnittliche Militanz: ;;Militancia media: ;;;;;;;;;
PROVINCEVIEW_GROWTH_TECH;From tech: §Y$VALUE$§W;Provenant de la technologie : §Y$VALUE$§W;Von Tech: §Y$VALUE$§W;;Por tecnología: §Y$VALUE$§W;;;;;;;;;
PROVINCEVIEW_ADMIN_BASE;Base administrative efficiency: §Y$VALUE$%§W;Efficacit?administrative de base : §Y$VALUE$%§W;Basisverwaltungseffizienz: §Y$VALUE$%§W;;Eficiencia administrativa básica: §Y$VALUE$%§W;;;;;;;;;
PROVINCEVIEW_ADMIN_TECH;From tech: §Y$VALUE$%§W;Provenant de la technologie : §Y$VALUE$%§W;Von Tech: §Y$VALUE$%§W;;Por tecnología: §Y$VALUE$%§W;;;;;;;;;
PROVINCEVIEW_ADMIN_POPS;From §YBureaucrats: $VALUE$%§W;Provenant des §Ybureaucrates : $VALUE$%§W;Von §YBürokraten: $VALUE$%§W;;Por §YBurócratas: $VALUE$%§W;;;;;;;;;
PROVINCEVIEW_UNCOLONIZED;Uncolonized;Non colonis?Unkolonisiert;;Sin colonizar;;;;;;;;;;
PROVINCEVIEW_SELECT_NATIONAL_FOCUS_TO_COLONIZE;Select national focus to colonize.;Sélectionnez la cause nationale pour coloniser.;Nationaler Fokus zur Kolonisierung auswählen.;;Elige atención nacional para colonizar.;;;;;;;;;
REMOVE_USA_220;West Virginia;Virgine-Occidentale;West Virginia;;Virginia Occidental;;;;;;;;;
ENG_58;Quebec;Québécois;Quebec;;Quebec;;;;;;;;;
SPA_2209;Greater Antilles;Grandes Antilles;Große Antillen;;Antillas Mayores;;;;;;;;;
YEM_1173;Yemen;Yémen;Yemen;;Yemen;;;;;;;;;
REMOVE_TUR_806;West Macedonia;Macédoine de l'ouest;Westmazedonien;;Macedonia Occidental;;;;;;;;;
REMOVE_MEC_544;Mecklemburg-Holstein;Mecklemburg-Holstein;Mecklenburg-Holstein;;Mecklemburg-Holstein;;;;;;;;;
REMOVE_ENG_203;North Caribbean Islands;Îles Caraïbes du Nord;Nordkaribische Inseln;;Islas del Norte del Caribe;;;;;;;;;
MEX_2138;Sonora;Sonora;Sonora;;Sonora;;;;;;;;;
MEX_2146;Nuevo León;Nuevo León;Nuevo León;;Nuevo León;;;;;;;;;
ENG_43;Nunavut;Nunavut;Nunavut;;Nunavut;;;;;;;;;
catholic;Catholic;Catholiques;Katholisch;;Católica;;;;;;;;;
protestant;Protestant;Protestants;Protestantisch;;Protestante;;;;;;;;;
orthodox;Orthodox;Orthodoxes;Orthodox;;Ortodoxa;;;;;;;;;
coptic;Coptic;Coptes;Koptisch;;Copta;;;;;;;;;
sunni;Sunni;Sunnites;Sunnitisch;;Sunn?;;;;;;;;;
shiite;Shiite;Chiites;Schiitisch;;Chiíta;;;;;;;;;
jewish;Jewish;Juifs;Jüdisch;;Judía;;;;;;;;;
mahayana;Mahayana;Mahayana;Mahayana;;Budista Mahayana;;;;;;;;;
gelugpa;Gelugpa;Gelugpa;Gelugpa;;Budista Gelugpa;;;;;;;;;
theravada;Theravada;Theravada;Theravada;;Budista Theravada;;;;;;;;;
hindu;Hindu;Hindous;Hindu;;Hind?;;;;;;;;;
shinto;Shinto;Shintoïstes;Shinto;;Sintoísta;;;;;;;;;
sikh;Sikh;Sikhs;Sikh;;Sij;;;;;;;;;
animist;Animist;Animistes;Animistisch;;Animista;;;;;;;;;
REMOVE_RULE_POP_BUILD_FACTORY;Pop Build Factory;POP construit une usine;Pop Build Factory;;POB construye fábrica;;;;;;;;;
RULE_RICH_ONLY;Rich Only;Riches uniquement;Nur Reiche;;Solo los ricos;;;;;;;;;
RULE_SAME_AS_RULING_PARTY;Same As Ruling Party;Comme le parti dirigeant;Wie Regierungspartei;;Igual que el partido gobernante;;;;;;;;;
RULE_STATE_VOTE;State Vote;Vote État;Staatswahl;;Votación por estados;;;;;;;;;
RULE_POPULATION_VOTE;Population Vote;Vote Population;Bevölkerungswahl;;Votación por población;;;;;;;;;
RULE_SLAVERY_ALLOWED;Slavery Allowed;Esclavage autoris?Sklaverei erlaubt;;Esclavitud permitida;;;;;;;;;;
ENABLE_CRIME_TECH;Allow ;Autorise ;Ermöglichen ;;Se permite ;;;;;;;;;
DIGIN_FROM_TECH;Dig-In Cap;Capacit??se retrancher;Max. Eingrabung;;Límite de atrincheramiento;;;;;;;;;
ENABLE_UNIT_TECH;Allows construction of;Permet la construction de;Erlaubt;;Permite construir;;;;;;;;;
ENABLE_BUILDING_TECH;Allows;Permet la construction de;Erlaubt;;Permite construir;;;;;;;;;
REPAIR_RATE_TECH;Repair Rate;Taux de réparation;Reparaturgeschwindigkeit;;Velocidad de reparación;;;;;;;;;
ACTIVATE_GOODS;Activate: ;Active : ;Aktivieren: ;;Activar: ;;;;;;;;;
TECH_TAX_EFF;Tax Efficiency: ;Efficacit?fiscale : ;Steuereffizienz: ;;Eficacia impositiva: ;;;;;;;;;
MORALE_TECH;Morale;Moral;Moral;;Moral;;;;;;;;;
REINFORCE_TECH;Reinforcement;Renforts;Verstärkung;;Refuerzo;;;;;;;;;
SOLDIER_TO_POP_LOSS_TECH;Military Hospitals;Hôpitaux militaires;Militärkrankenhäuser;;Hospitales militares;;;;;;;;;
REGULAR_EXP_TECH;Reg. Experience;Expérience des régiments;Reg. Erfahrung;;Experiencia reg.;;;;;;;;;
MOB_SIZE_TECH;Mobilisation Size;Taille de la mobilisation;Mobilisierungsumfang;;Tamaño de la movilización;;;;;;;;;
MOB_IMPACT_TECH;Mobilisation Impact;Impact de la mobilisation;Mobilisierungseffekt;;Impacto de la movilización;;;;;;;;;
MAX_WORKFORCE_TECH;Max. Workforce;Main-d'œuvre max.;Max. Arbeitskräfte;;Máx. pobl. activa;;;;;;;;;
COLONIAL_LIFE_TECH;Min. Liferating;Habitabilit?min.;Min. Lebensqualität;;Calidad de vida mín.;;;;;;;;;
ADM_EFF_TECH;Adm. Eff.;Efficacit?administrative;Verw. Eff.;;Efi. adm.;;;;;;;;;
EDU_EFF_TECH;Education Eff.;Efficacit?éducative;Bildungseff.;;Efi. educativa;;;;;;;;;
LOAN_INTEREST_TECH;Loan Interest;Intérêt d'emprunt;Darlehenszinsen;;Intereses;;;;;;;;;
TECH_MAX_FOCUS;Max National Focus;Cause nationale max.;Max. nationaler Fokus;;Atención nacional máx.;;;;;;;;;
WAR_EXHAUST_BATTLES;War Exhaustion;Épuisement de guerre;Kriegsermüdung;;Agotamiento bélico;;;;;;;;;
MIL_TACTICS_TECH;Military Tactics;Tactiques militaires;Militärtaktiken;;Tácticas militares;;;;;;;;;
LAND_ATTRITION_TECH;Army Attrition;Attrition de l'armée;Heeresverlustquote;;Desgaste del ejército;;;;;;;;;
NAVAL_ATTRITION_TECH;Navy Attrition;Attrition de la flotte;Flottenverlustquote;;Desgaste de la armada;;;;;;;;;
SUPPLY_RANGE_TECH;Supply Range;Portée de ravitaillement;Versorgungsreichweite;;Alcance de los suministros;;;;;;;;;
SUPPLY_LIMIT_TECH;Supply Limit;Limite en ravitaillement;Versorgungslimit;;Límite de suministros;;;;;;;;;
MUL_WITH_TECHNOLOGY;Multiplied by Technology;Multipli?par la technologie;Multipliziert mit Technologie;;Multiplicado por tecnología;;;;;;;;;
heavy_armament;Heavy Armament;Armement lourd ;Schwere Bewaffnung;;Armamento pesado;;;;;;;;;
heavy_armament_desc;This is your heavy support as artillery pieces and mortars. The applications will upgrade the combat values of your artillery detachments. Those detachments will give your units an extra punch that will be formidable with the later applications.;C'est votre soutien lourd compos?de pièces d'artillerie et de mortiers. Les dispositions permettront d'améliorer les valeurs de combat de vos détachements d'artillerie. Ces détachements donneront ?vos unités un punch supplémentaire qui sera redoutable avec les dispositions plus tardives. ;Dies ist Ihre schwere Feuerunterstützung in Form von Artilleriegeschützen und Mörsern. Die Anwendungen erhöhen die Kampfwerte Ihrer Artillerieabteilungen. Diese Abteilungen geben Ihren Einheiten zusätzliche Schlagkraft, die mit späteren Anwendungen beeindruckend wird.;;Se trata de tu apoyo pesado, como las piezas de artillería y los morteros. Su utilización mejorar?la eficacia militar de tus unidades de artillería. Esos destacamentos darán a tus unidades un empujón que resultar?formidable en usos posteriores.;;;;;;;;;
army_leadership;Army Leadership;Commandement ;Armeeführung;;Mando militar;;;;;;;;;
army_leadership_desc;These are the education and leadership principles used by your officer corps. Better leadership procedures will increase the organization and morale values of your units.;Il s'agit de la formation et des règles de commandement de vos officiers. De meilleures règles de commandement amélioreront l'organisation et le moral de vos équipages.;Dies sind die Ausbildungsmethoden und Führungsprinzipien Ihres Offizierskorps. Verbesserte Führungsverfahren erhöhen die Organisations- und Moralwerte Ihrer Einheiten.;;Esto incluye los principios de instrucción y mando usados por tus cuerpos de oficiales. Unos procedimientos de mando mejores aumentarán la eficacia de la organización y la moral de tus unidades.;;;;;;;;;
naval_doctrine;Naval Doctrine;Doctrine navale;Marinedoktrin;;Doctrina naval;;;;;;;;;
naval_doctrine_desc;This is the doctrinal change of your navy. New ideas on how to move, attack and defend. The applications will change the combat values of your ships as tactics and strategies evolve.;Il s'agit du changement de doctrine de votre marine. De nouvelles méthodes de déplacement, d'attaque et de défense feront évoluer la tactique et la stratégie et augmenteront le potentiel de combat de vos bâtiments.;Dies ist der doktrinelle Wechsel Ihrer Marine. Neue Ideen bezüglich Bewegung, Angriff und Verteidigung. Diese Anwendungen erhöhen im Zuge der Entwicklung von Taktiken und Strategien die Kampfwerte Ihrer Schiffe.;;Es el cambio doctrinal de tu Armada. Nuevas ideas sobre cómo moverse, atacar y defender. Su utilización cambiar?la eficacia militar de tus barcos a medida que evolucionen las tácticas y las estrategias.;;;;;;;;;
ship_construction;Ship Construction;Construction navale;Schiffsbau;;Construcción de barcos;;;;;;;;;
ship_construction_desc;The fighting ships changed enormously over the 19th century. By developing in ship construction you go from sailing ships of wood, over steamships of iron, to turbine ships of steel. ;Au cours du XIXe siècle, les bateaux de guerre évoluèrent considérablement. En développant la construction navale, vous passerez des voiliers en bois aux navires ?vapeur en fer, puis aux bateaux en acier ?turbine. ;Im Verlauf des 19. Jahrhunderts veränderten sich die Kampfschiffe enorm. Durch Weiterentwicklungen im Schiffsbau können Sie sich von Segelschiffen aus Holz über Dampfschiffe aus Eisen zu Stahlschiffen mit Turbinenantrieb verbessern.;;Las naves de combate cambiaron enormemente durante el siglo XIX. Mediante el desarrollo de la construcción de buques pasarás de los veleros de madera a los barcos de vapor de hierro hasta los navíos de turbina o acero. ;;;;;;;;;
commerce_raiders;Commerce Raiders;Navires marchands militarisés;Handelszerstörer;;Cruceros auxiliares;;;;;;;;;
naval_engineering;Naval Engineering;Ingénierie navale;Marine-Ingenieurswesen;;Ingeniería naval;;;;;;;;;
naval_engineering_desc;This is the naval branch that design equipment on your ships. Over time your naval commanders will get numerous wonderful toys such as Mines, Armor Piercing Projectiles and On-Board Recon Aircraft.;C'est la branche de la construction navale qui conçoit l'équipement de vos bateaux. Au fil du temps, vos amiraux se verront proposer de magnifiques jouets tels que des mines, des obus perforants ou des avions de reconnaissance embarqués.;Dies ist die Marineabteilung, die Ihre Schiffsausrüstungen entwickelt. Im Laufe der Zeit erhalten Ihre Marinekommandeure zahlreiche neue Spielzeuge wie Minen, panzerbrechende Munition und Bordaufklärungsflugzeuge.;;Es la rama naval que diseña el equipamiento de tus barcos. Con el tiempo, tus superiores navales conseguirán muchos juguetes maravillosos, como minas, proyectiles perforantes y aviación de reconocimiento a bordo.;;;;;;;;;
naval_science;Naval Science;Science navale;Marinewissenschaft;;Ciencia naval;;;;;;;;;
naval_science_desc;This is the scientific evolution of your navy. Statistics, logistics and well laid plans became an important facet of war. New applications will increase the organization value of your ships.;Il s'agit de l'évolution scientifique de votre marine. La statistique, la logistique, et la planification sont devenues des éléments importants de la guerre. Les nouvelles évolutions amélioreront l'organisation de vos navires.;Dies ist die wissenschaftliche Evolution Ihrer Marine. Statistik, Logistik und ausgeklügelte Pläne wurden zu einer wichtigen Facette des Kriegs. Neue Anwendungen erhöhen den Organisationswert Ihrer Schiffe.;;Es la evolución científica de tu Armada. Las estadísticas, la logística y los planes bien preparados se convertían en una faceta importante de la guerra. Las nuevas aplicaciones aumentarán la eficacia de tus barcos a la hora de organizarse.;;;;;;;;;
naval_leadership;Naval Leadership;Commandement ;Marineführung;;Mando naval;;;;;;;;;
naval_leadership_desc;These are the education and leadership principles used by your officer corps. Better leadership procedures will increase the organization and morale values of your ships.;Il s'agit de la formation et des règles de commandement de vos officiers. De meilleures règles de commandement amélioreront l'organisation et le moral de vos équipages.;Dies sind die Ausbildungsmethoden und Führungsprinzipien Ihres Offizierskorps. Verbesserte Führungsverfahren erhöhen die Organisations- und Moralwerte Ihrer Schiffe.;;Esto incluye los principios de instrucción y mando usados por tus cuerpos de oficiales. Unos procedimientos de mando mejores aumentarán la eficacia de la organización y la moral de tus barcos.;;;;;;;;;
financial_institutions;Financial Institutions;Institutions financières;Finanzinstitutionen;;Instituciones financieras;;;;;;;;;
financial_institutions_desc;Financial Institutions are organizations that improve the flow of financial assets in your country. The development goes from having not even private banks to instituting a bank inspection board.;Les institutions financières sont des organismes qui améliorent les flux de capitaux dans votre pays. Le développement va de l'absence de banques privées jusqu'?l'institution d'une inspection des affaires bancaires.;Finanzinstitutionen sind Organisationen, die den Fluss von Vermögenswerten in Ihr Land verbessern. Die Entwicklung reicht vom Fehlen von Privatbanken bis zum Einsetzen eines Bankenüberwachungsausschusses.;;Las instituciones financieras son organizaciones que mejoran el flujo de bienes fiscales en tu país. El desarrollo mejora de no tener siquiera banca privada a la institución de comisiones de inspección bancaria.;;;;;;;;;
monetary_system;Monetary System;Système monétaire;Währungssystem;;Sistema monetario;;;;;;;;;
monetary_system_desc;A functional economy needs a working monetary system. It needs a balanced money stock for the economic transactions to be done smoothly. Also an effective regulation of this is also needed.;Une économie a besoin d'un système monétaire fiable. Une masse monétaire équilibrée permet des transactions sans ?coups. Il faut donc aussi la réguler.;Eine leistungsfähige Wirtschaft benötigt ein funktionierendes Währungssystem. Außerdem benötigt sie ausgewogene Geldvorräte für reibungslose Wirtschaftstransaktionen. Hierfür war auch ein effizientes Regulierungssystem vonnöten.;;Una Economía funcional necesita un sistema monetario que funcione, as?como un fondo monetario equilibrado para que las transacciones económicas se realicen sin problemas. También resulta necesaria una reglamentación eficaz.;;;;;;;;;
economic_thought_and_critique;Economic Thought and Critique;Pensée et critique économique;Wirtschaftsgedanken und -kritik;;Pensamiento y crítica económicas;;;;;;;;;
economic_thought_and_critique_desc;The scientific development of Economics gave large repercussions into the functions of the world economy, both on a micro and macro level. New ideas and knowledge was swiftly applied by business and the state to increase the efficiency of their work.;Le développement scientifique de l'Economie a donn?d'importantes répercussions sur les fonctions de l'économie mondiale, tant au niveau micro que macro. De nouvelles idées et de connaissances ont ét?rapidement appliquées par les entreprises et l'État pour accroître l'efficacit?de leur travail. ;Die wissenschaftliche Entwicklung der Wirtschaft wirkte sich auf lokaler wie internationaler Ebene nachhaltig auf die Weltwirtschaft aus. Neue Ideen und Erkenntnisse wurden rasch auf die Geschäftswelt und den Staat angewandt, um deren Arbeit effizienter zu machen.;;El desarrollo científico de la Economía supuso grandes repercusiones en el funcionamiento de la Economía global en sus niveles micro y macroeconómicos. Las nuevas ideas y conocimientos se aplicaron rápidamente a los negocios y al estado para incrementar la eficacia de su trabajo.;;;;;;;;;
market_functionality;Market Functionality;Fonctionnement du march?Marktfunktionalität;;Funcionalidad de mercado;;;;;;;;;;
market_functionality_desc;This area centres around the functionality of the market. It concerns both the number of actors on the market and the level of regulations to guide its performance.;Ce domaine concerne le fonctionnement du march? Il s'intéresse ?la fois au nombre d'acteurs du march?et au degr?de réglementation afin de guider ses performances.;Dieser Bereich konzentriert sich auf die Funktionalität des Marktes. Er bezieht auf die Anzahl der marktaktiven Parteien und die Regulierungsstufe seiner Leistung.;;Esta área se centra en la funcionalidad del mercado. Su guía de actuación concierne tanto a su número de actores como a su nivel de regulación.;;;;;;;;;
tech_organization;Organization;Organisation;Organisation;;Organización;;;;;;;;;
tech_organization_desc;This area concerns the internal development of the firms. Internal production procedures and business styles changed over time and cooperated with the changes in economic science.;Ce domaine concerne le développement interne des entreprises. Les procédures de production et les modes de vente ont chang?au fil du temps en accompagnant l'évolution des sciences économiques.;Dieser Bereich konzentriert sich auf die interne Entwicklung von Firmen. Die internen Produktionsverfahren und Geschäftsmodelle veränderten sich im Laufe der Zeit und wirkten mit der Evolution der Wirtschaftswissenschaften zusammen.;;Esta área se ocupa del desarrollo interno de las empresas. Los procedimientos internos de producción y los estilos de negocio cambiaron con el tiempo y cooperaron en los cambios de la ciencia económica.;;;;;;;;;
aesthetics;Aesthetics;Arts;Ästhetik;;Estética;;;;;;;;;
aesthetics_desc;This area involves the development and refinements in Literature, Art and Music.;Ce domaine concerne le développement et le perfectionnement de la littérature, des arts et de la musique.;Dieser Bereich bezieht sich auf die Entwicklung und Verfeinerung von Literatur, Kunst und Musik.;;Esta área implica el desarrollo y refinamiento de la Literatura, la Música y el Arte.;;;;;;;;;
philosophy;Philosophy;Philosophie;Philosophie;;Filosofía;;;;;;;;;
philosophy_desc;This area is the development of thoughts in general. Specifically though it is the change view of the human being and its consciousness, it is also a discussion concerning the metaquestion of what we can know anything about. However, the areas that Philosophy undertakes are so big it could be called 'a forthgoing discussion about everything'.;;Dieser Bereich konzentriert sich auf die Entwicklung der Gedanken im Allgemeinen. Im Besonderen ist die Philosophie die Beschäftigung mit dem Menschen und seinem Bewusstsein und der Frage, über welche Sachverhalte wir überhaupt etwas wissen können. Die Themengebiete, mit der sich die Philosophie beschäftigt, sind jedoch so weitgreifend, dass sie auch als 'fortwährende Diskussion über alles' bezeichnet werden könnte.;;Esta área es el desarrollo de los pensamientos en general. Más concretamente, es el cambio de visión del ser humano y su conciencia. También es un debate en cuanto a la duda metafísica de lo que podemos llegar a conocer acerca de las cosas. Sin embargo, las áreas que asume la filosofía son tan extensas que podría definirse como un debate acerca de cualquier cosa.;;;;;;;;;
social_thought;Social Thought;Pensée sociale;Sozialer Gedanke;;Pensamiento social;;;;;;;;;
social_thought_desc;This area covers the developments in the social sciences and in much influences how the fabric of your society is organized.;Ce domaine concerne le développement des sciences sociales et influence largement la façon dont votre sociét?est structurée.;Dieser Bereich deckt die Entwicklungen in den Sozialwissenschaften ab, und wie organisiert die Struktur Ihrer Gesellschaft ist.;;Esta área cubre los desarrollos en las Ciencias Sociales e influye bastante en cómo se organiza la estructura de la sociedad.;;;;;;;;;
political_thought;Political Thought;Pensée politique;Politische Gedanken;;Pensamiento político;;;;;;;;;
political_thought_desc;This area covers the developments in political science. It influences the political system of your country and changes the attitudes of your population.;Ce domaine concerne le développement de la science politique. Il influence le système politique de votre pays, et change l'attitude de votre population.;Dieser Bereich deckt die Entwicklungen der Politikwissenschaft ab und beeinflusst das politische System ihres Landes sowie Einstellungsänderungen Ihrer Bevölkerung.;;Esta área cubre la evolución de la Ciencia Política e influye en el sistema político de tu país, además de cambiar la actitud de tu población.;;;;;;;;;
psychology;Psychology;Psychologie;Psychologie;;Psicología;;;;;;;;;
psychology_desc;This area covers the developments in psychology. It changed not only mankind’s view of itself but also created systematic knowledge in behaviour especially on a macrolevel.;Ce domaine concerne le développement de la psychologie. Cela changea non seulement la conception de l'humanit? mais aboutit aussi ?une connaissance méthodique du comportement, surtout ?un niveau macro.;Dieser Bereich deckt die Entwicklung der Psychologie ab. Nicht nur änderte sie die Ansicht der Menschheit über sich selbst, sondern erarbeitete auch systematisches Wissen um das Verhalten, besonders auf einer Makrostufe.;;Esta área cubre la evolución de la psicología. Cambi?no sólo la visión que se tenía del hombre, sino que también cre?un conocimiento sistemático de la conducta, especialmente a nivel general.;;;;;;;;;
tech_power;Power;Énergie;Antriebskraft;;Energía;;;;;;;;;
tech_power_desc;This area involves the development of power and engines. Note that each application within this area is the prerequisite for each other application at the same level within the technology branch of Industry.;Ce domaine concerne le développement de l'énergie et des moteurs. Notez que chaque amélioration dans ce domaine permet une amélioration de même niveau dans le domaine des technologies industrielles.;Dieser Bereich bezieht sich auf die Entwicklung von Antriebskraft und Motoren. Beachten Sie, dass jede Anwendung in diesem Bereich eine Voraussetzung für jede andere Anwendung derselben Stufe im Technologiezweig der Industrie ist.;;Esta área implica el desarrollo de la energía y los motores. Observa que cada aplicación en esta área es el prerrequisito para cada nueva aplicación del mismo nivel en la rama tecnológica de la industria.;;;;;;;;;
mechanization;Mechanization;Mécanisation;Mechanisierung;;Mecanización;;;;;;;;;
mechanization_desc;This area involves the development of mechanizations in the factories of your country. It concerns both machinery, tools and working procedures.;Ce domaine concerne le développement de la mécanisation des usines de votre pays. Il implique ?la fois la machinerie, les outils et les procédures de travail.;Dieser Bereich bezieht sich auf die Entwicklung der Mechanisierung in den Fabriken Ihres Landes. Dies betrifft Maschinen, Werkzeuge und Arbeitsverfahren.;;Esta área implica el desarrollo de la mecanización en las fábricas de tu país. Engloba a la maquinaria, las herramientas y los procedimientos de trabajo.;;;;;;;;;
metallurgy;Metallurgy;Métallurgie;Metallurgie;;Metalurgia;;;;;;;;;
metallurgy_desc;This area involves the development and refinement of metal and minerals. Different techniques of cleaning, roasting, grinding and smelting decreased the losses of resources that had often occurred earlier.;Ce domaine concerne le développement et le perfectionnement des métaux et minerais. On a diminu?les pertes en matière première, jadis fréquentes, grâce ?des techniques différentes de lavage, de calcination, de broyage et de fusion.;Dieser Bereich bezieht sich auf die Entwicklung und Verfeinerung von Metallen und Mineralen. Verschiedene Techniken zum Säubern, Rösten, Zermahlen und Schmelzen verringerten die vormals oft hohen Ressourcenverluste.;;Esta área implica el desarrollo y refinamiento de los metales y minerales. Las diferentes técnicas de limpieza, horneado, amolado y fundido disminuyeron la pérdida de recursos que se producía con anterioridad.;;;;;;;;;
tech_infrastructure;Infrastructure;Infrastructures ferroviaires;Infrastruktur;;Infraestructura;;;;;;;;;
tech_infrastructure_desc;This area involves the development of railroad from early 19th century horse-and-wagon to the integral rail systems of the early 1920s.;Ce domaine concerne le développement du chemin de fer, des voitures tractées par des chevaux du début du XIXe siècle au réseau ferroviaire intégr?du XXe siècle.;Dieser Bereich bezieht sich auf die Entwicklung der Eisenbahn von den Pferdebahnen des frühen neunzehnten Jahrhunderts bis zu den Schienennetzen des frühen zwanzigsten Jahrhunderts.;;Esta área involucra el desarrollo del ferrocarril desde el coche de caballos de principios del XIX a los sistemas ferroviarios integrales de comienzos del XX.;;;;;;;;;
chemistry_and_electricity;Chemistry and Electricity;Chimie et électricit?Chemie und Elektrizität;;Química y electricidad;;;;;;;;;;
chemistry_and_electricity_desc;This area involves the development of chemistry and electricity and all its spinoffs.;Ce domaine concerne le développement de la chimie, de l'électricit?et de leurs applications.;Dieser Bereich bezieht sich auf die Entwicklung von Chemie und Elektrizität sowie aller Ausgliederungen.;;Esta área implica el desarrollo de la química y la electricidad y todos sus derivados.;;;;;;;;;
# Building Names;;;;;;;;;;;;;;
# Factory tech names;;;;;;;;;;;;;;
RGO_INPUT_TECH;RGO input efficiency tech;Tech efficacit?matières premières EAM;RGO-Inputeffizienz-Tech;;Tecnología de eficiencia de entrada (TOR);;;;;;;;;
RGO_OUTPUT_TECH;RGO output efficiency tech;Tech efficacit?rendement EAM;RGO-Leistungseffizienz-Tech;;Tecnología de eficiencia de producción (TOR);;;;;;;;;
RGO_THROUGHPUT_TECH;RGO throughput efficiency tech;Tech efficacit?débit EAM;RGO-Durchsatzeffizienz-Tech;;Tecnología de eficiencia de rendimiento (TOR);;;;;;;;;
RGO_NONE_EFFECT_TECH;;;;;;;;;;;;;;
FACTORY_INPUT_TECH;Factory input efficiency tech;Tech efficacit?matières premières Usine;Fabrik-Inputeffizienz-Tech;;Tecnología de eficiencia de entrada (fábrica);;;;;;;;;
FACTORY_OUTPUT_TECH;Factory output efficiency tech;Tech efficacit?rendement Usine;Fabrik-Leistungseffizienz-Tech;;Tecnología de eficiencia de producción (fábrica);;;;;;;;;
FACTORY_THROUGHPUT_TECH;Factory throughput tech;Tech efficacit?débit Usine;Fabrik-Durchsatzeffizienz-Tech;;Tecnología de eficiencia de rendimiento (fábrica);;;;;;;;;
FACTORY_NONE_EFFECT_TECH;;;;;;;;;;;;;;
ARTISAN_INPUT_TECH;Artisan input efficiency tech;Tech efficacit?matières premières Artisan;Handwerker-Inputeffizienz-Tech;;Tecnología de eficiencia de entrada (artesano);;;;;;;;;
ARTISAN_OUTPUT_TECH;Artisan output efficiency tech;Tech efficacit?rendement Artisan;Handwerker-Leistungseffizienz-Tech;;Tecnología de eficiencia de producción (artesano);;;;;;;;;
ARTISAN_THROUGHPUT_TECH;Artisan throughput efficiency tech;Tech efficacit?débit Artisan;Handwerker-Durchsatzeffizienz-Tech;;Tecnología de eficiencia de rendimiento (artesano);;;;;;;;;
ARTISAN_NONE_EFFECT_TECH;;;;;;;;;;;;;;
NONE_TYPE_INPUT_TECH;;;;;;;;;;;;;;
NONE_TYPE_OUTPUT_TECH;;;;;;;;;;;;;;
NONE_TYPE_THROUGHPUT_TECH;;;;;;;;;;;;;;
NONE_TYPE_NONE_EFFECT_TECH;;;;;;;;;;;;;;
TECH_MINE_OUTPUT;Mining output;Rendement minier;Bergbauförderung;;Producción minera;;;;;;;;;
TECH_FARM_OUTPUT;Farming output;Rendement agricole;Landwirtschaftsleistung;;Producción agraria;;;;;;;;;
TECH_OUTPUT;production output;rendement de la production;Produktionsleistung;;Salida de producción;;;;;;;;;
TECH_INPUT;production input;matières premières de la production;Produktions-Input;;Entrada de producción;;;;;;;;;
TECH_THROUGHPUT;production throughput;débit de la production;Produktionsdurchsatz;;Rendimiento de producción;;;;;;;;;
CHANGES_UNIT_APPEARANCE_TECH;Changes unit appearance;Modifie l'apparence des unités;Verändert Einheitenerscheinung;;Cambia la apariencia de la unidad;;;;;;;;;
PRESTIGE_MODIFIER_TECH;Prestige gain;Gain de prestige;Prestigegewinn;;Ganancia de prestigio;;;;;;;;;
PERMANENT_PRESTIGE_TECH;Permanent prestige;Prestige permanent;Prestigegewinn (absolut);;Prestigio permanente;;;;;;;;;
COLONIAL_PRESTIGE_MODIFIER_TECH;Colonial prestige;Prestige colonial;Kolonialprestige;;Prestigio colonial;;;;;;;;;
SHARED_PRESTIGE_TECH;Shared prestige(current);Prestige partag?(actuel);Prestigegewinn (relativ);;Prestigio compartido (actual);;;;;;;;;
TECH_POP_GROWTH;Pop Growth;Croissance démographique;Bev.wachstum;;Crecimiento de la población;;;;;;;;;
TECH_REBEL_ORG_GAIN;Rebel organization gain;Gain d'organisation rebelle;Rebellen-Organisationsverbesserung;;Ganancia de organización para los rebeldes;;;;;;;;;
DIPLOMATIC_POINTS_TECH;Diplomatic points;Points de diplomatie;Diplomatiepunkte;;Puntos diplomáticos;;;;;;;;;
TECH_PLURALITY;Plurality;Pluralit?Mehrheit;;Pluralidad;;;;;;;;;;
TECH_FACTORY;Factory Cost;Coût usine;Fabrikkosten;;Coste de fábricas;;;;;;;;;
TECH_MAX_LEVEL;max level;niveau max;max. Stufe;;Nivel máximo;;;;;;;;;
TECH_DIPLOMATIC_INFLUENCE;Diplomatic Points Gain;Gain de points diplomatiques;Diplomatiepunkte-Zugewinn;;Ganancia de puntos diplomáticos;;;;;;;;;
TECH_GP_INFLUENCE;Diplomatic Influence;Influence diplomatique;Diplomatischer Einfluss;;Influencia Diplomática;;;;;;;;;
RGO_SIZE;RGO Size;Taille EAM;RGO-Größe;;Tamaño del TOR;;;;;;;;;
TECH_ONCE_SETUP;When a major technology has been researched.;Si technologie importante a ét?étudiée.;Wenn eine Schlüsseltechnologie erforscht wurde.;;Cuando se haya desarrollado una tecnología principal;;;;;;;;;
TECH_ONCE_HEADER;Major Technology Researched.;Une technologie majeure a ét?étudiée.;Schlüsseltechnologie erforscht;;Tecnología principal desarrollada;;;;;;;;;
TECH_ONCE_1;$TYPE$;$TYPE$;$TYPE$;;$TYPE$;;;;;;;;;
TECH_ONCE_2;$TITLE$, we have finished the research of $TYPE$ which will give us the following benefits.;$TITLE$, nous avons termin?la recherche de : $TYPE$, ce qui nous donnera les avantages suivants.;Wir haben die Erforschung von $TYPE$ abgeschlossen, was uns folgende Vorzüge bietet:;;$TITLE$, hemos finalizado la investigación sobre $TYPE$ que nos proporcionar?los siguientes beneficios.;;;;;;;;;
TECH_ONCE_3;$EFFECT$;$EFFECT$;$EFFECT$;;$EFFECT$;;;;;;;;;
TECH_ONCE_4;*;*;*;;*;;;;;;;;;
TECH_ONCE_5;*;*;*;;*;;;;;;;;;
TECH_ONCE_6;*;*;*;;*;;;;;;;;;
TECH_ONCE_LOG;Research of $TYPE$ finished.;La recherche de $TYPE$ est terminée.;Forschung an $TYPE$ abgeschlossen.;;Investigación sobre $TYPE$ finalizada.;;;;;;;;;
TECH_ONCE_BTN1;OK;OK;OK;;Aceptar;;;;;;;;;
TECH_ONCE_BTN2;OK;OK;OK;;Aceptar;;;;;;;;;
TECH_ONCE_BTN3;Details;Détails;Details;;Detalles;;;;;;;;;
TECH_ONCE_MAP;*;*;*;;*;;;;;;;;;
TECH_REPEAT_SETUP;When you have increased your technological ability.;Si vos compétences technologiques augmentent.;Wenn Sie Ihre technologische Fähigkeiten verbessert haben.;;Cuando aumente tu habilidad tecnológica;;;;;;;;;
TECH_REPEAT_HEADER;Technology Improvement;Amélioration de la technologie;Technologieverbesserung;;Mejoras tecnológicas;;;;;;;;;
TECH_REPEAT_1;$TYPE$ Advance!;$TYPE$ améliorés !;$TYPE$ verbessert!;;¡Avances en $TYPE$!;;;;;;;;;
TECH_REPEAT_2;$TITLE$, we have improved our abilities in $TYPE$ to level $LEVEL$, giving us the following benefit.;$TITLE$, nos compétences $TYPE$ se sont améliorées et sont maintenant de niveau $LEVEL$, ce qui nous donne l'avantage suivant.;Wir haben unsere Fähigkeiten in ;;$TITLE$, hemos mejorado nuestras habilidades en $TYPE$ hasta el nivel $LEVEL$, lo que nos da los siguientes beneficios.;;;;;;;;;
TECH_REPEAT_3;$EFFECT$;$EFFECT$;$TYPE$ auf Stufe $LEVEL$ erhöht, was uns nun die folgenden Vorzüge bietet:;;$EFFECT$;;;;;;;;;
TECH_REPEAT_4;*;*;$EFFECT$;;*;;;;;;;;;
TECH_REPEAT_5;*;*;*;;*;;;;;;;;;
TECH_REPEAT_6;*;*;*;;*;;;;;;;;;
TECH_REPEAT_LOG;$TYPE$ increased to $LEVEL$;$TYPE$ augmentés ?$LEVEL$;$TYPE$ erhöht auf $LEVEL$;;$TYPE$ ha aumentado hasta $LEVEL$;;;;;;;;;
TECH_REPEAT_BTN1;OK;OK;OK;;Aceptar;;;;;;;;;
TECH_REPEAT_BTN2;OK;OK;OK;;Aceptar;;;;;;;;;
TECH_REPEAT_BTN3;Details;Détails;Details;;Detalles;;;;;;;;;
TECH_REPEAT_MAP;*;$ATTUNIT$\nattaquent\n$DEFUNIT$.;*;;*;;;;;;;;;
TECHNOLOGY;Technology;Technologie;Technologie;;Tecnología;;;;;;;;;
POPULATION;Population;Population;Bevölkerung;;Población;;;;;;;;;
TRADE;Trade;Commercer;Handel;;Comercio;;;;;;;;;
TB_PRODUCTION_PRODUCED;Top produced:;Meilleures productions :;Top-Produkt:;;Máxima producción:;;;;;;;;;
TB_PRODUCTION_LOSING_MONEY;Losing money;Perte financière;Geldverlust;;Pierde dinero;;;;;;;;;
TB_PRODUCTION_SHOULD_EXPAND;Factory at full capacity;Usine ?pleine capacit?Fabrik bei voller Kapazität;;Fábrica a plena capacidad;;;;;;;;;;
TB_PRODUCTION_IS_SUBSIDIZING;Is subsidizing;Subventionne;Subventioniert:;;Recibe subsidios;;;;;;;;;
TB_PRODUCTION_CAN_OPEN;Can open factory;Peut ouvrir une usine;Fabrik ist betriebsbereit;;Puede abrir fábrica;;;;;;;;;
TB_PRODUCTION_MOST_PROFITABLE;Most profitable factories:;Usines les plus rentables :;Rentabelste Fabriken:;;Fábricas más lucrativas:;;;;;;;;;
TB_BUDGET_INCOME;Income: $PARAM$;Revenus : $PARAM$;Einkommen: $PARAM$;;Ingresos: $PARAM$;;;;;;;;;
TB_BUDGET_EXPENSE;Expense: $PARAM$;Dépenses : $PARAM$;Ausgaben: $PARAM$;;Gastos: $PARAM$;;;;;;;;;
TB_BUDGET_DAILY_BALANCE;Daily balance: $PARAM$;Bilan quotidien : $PARAM$;Tagesbilanz: $PARAM$;;Balance diario: $PARAM$;;;;;;;;;
TB_BUDGET_FUNDS;§Y$FUNDS$§W($INCOME$);§Y$FUNDS$§W($INCOME$);§Y$FUNDS$§W($INCOME$);;§Y$FUNDS$§W($INCOME$);;;;;;;;;
TB_TECH_CURRENT;$PARAM$;$PARAM$;$PARAM$;;$PARAM$;;;;;;;;;
TB_TECH_NO_CURRENT;§RNo research set§W;§RAucune recherche définie§W;§RKeine Forschung eingestellt§W;;§RSin investigación§W;;;;;;;;;
TB_TECH_LITERACY;Literacy:;Alphabétisation :;Alphabetisierung:;;Alfabetización:;;;;;;;;;
TB_POLITICS_CAN_DO_REFORM;$PARAM$Reforms available;$PARAM$Réformes disponibles;Reformen verfügbar: $PARAM$ ;;$PARAM$Reformas disponibles;;;;;;;;;
TB_POLITICS_CAN_DO_DECISION;$PARAM$Decision available;$PARAM$Décision disponible;Entscheidung verfügbar: $PARAM$;;$PARAM$Decisión disponible;;;;;;;;;
TB_POPULATION_TOTAL;Population:;Population :;Bevölkerung:;;Población:;;;;;;;;;
TB_POPULATION_AVG_MIL;Avg. Mil:;Militantisme moyen :;Durchschn. Mil.;;Mil. media:;;;;;;;;;
TB_POPULATION_AVG_CON;Avg. Con:;Conscience nationale moyenne :;Durchschn. Bew.;;Con. media:;;;;;;;;;
TB_TRADE_IMPORT;Top imported:;Meilleures importations :;Top-Import:;;Más importado:;;;;;;;;;
TB_TRADE_EXPORT;Top exported:;Meilleures exportations :;Top-Export.;;Más exportado:;;;;;;;;;
TB_TRADE_NEEDS;Needs: $PARAM$;Besoins : $PARAM$;Benötigt: $PARAM$;;Necesita: $PARAM$;;;;;;;;;
TB_TRADE_TOP_SOLD;Top sold: $PARAM$;Meilleures ventes : $PARAM$;Top-Verkauf: $PARAM$;;Más vendido: $PARAM$;;;;;;;;;
TB_TRADE_TOP_BOUGHT;Top bought: $PARAM$;Meilleurs achats : $PARAM$;Top-Kauf: $PARAM$;;Más comprado: $PARAM$;;;;;;;;;
TB_DIPLOMACY_ALLIES;Allies: §Y$PARAM$§W;Alliés : §Y$PARAM$§W;Verbündete: §Y$PARAM$§W;;Aliados: §Y$PARAM$§W;;;;;;;;;
TB_DIPLOMACY_ENEMIES;War: §Y$PARAM$§W;Guerre : §Y$PARAM$§W;Krieg: §Y$PARAM$§W;;Guerra: §Y$PARAM$§W;;;;;;;;;
TB_DIPLOMACY_PRESTIGE;Prestige:;Prestige :;Prestige:;;Prestigio:;;;;;;;;;
TB_DIPLOMACY_DIPLOPOINTS;Diplomatic points:;Points diplomatique :;Diplomatiepunkte:;;Puntos diplomáticos:;;;;;;;;;
TB_MILITARY_ARMY;Army:;Armée :;Armee:;;Ejército:;;;;;;;;;
TB_MILITARY_NAVY;Navy:;Marine :;Flotte:;;Armada:;;;;;;;;;
TB_MILITARY_MANPOWER;Manpower:;Main-d'œuvre :;Mannstärke:;;Rec. hum.:;;;;;;;;;
TB_MILITARY_LEADERSHIP;Leadership:;Commandement :;Anführerschaft:;;Liderazgo:;;;;;;;;;
TB_NATIONALFOCUS_NONE;There are currently no provinces with national focus;Actuellement, aucune province ne dispose de cause nationale.;Dort gibt es derzeit keine Provinzen mit nationalem Fokus.;;Actualmente no hay provincias con atención nacional;;;;;;;;;
TB_MAX_FOCUS;Technology limits you to a maximum of §Y$FOCUS$§W National focus points.;La technologie vous limite ?un maximum de §Y$FOCUS$§W points de cause nationale.;Technologie schränkt Sie auf maximal §Y$FOCUS$§W nationale Fokuspunkte ein.;;La tecnología te limita a un máximo de §Y$FOCUS$§W puntos de atención nacional.;;;;;;;;;
NAT_IN;in ;en; in;;en ;;;;;;;;;
UNITY_IS_ATLEAST_TRIGGER;Unity is at least §Y$VALUE$§W.\n;L'unit?est au moins ?§Y$VALUE$§W.\n;Zusammenhalt steht bei mindestens §Y$VALUE$§W.\n;;La unidad est?al menos a §Y$VALUE$§W.\n;;;;;;;;;
AMOUNT_OF_DIVISIONS_IS_ATLEAST_TRIGGER;§Y$COUNTRY$§W Number of divisions is at least §Y$VALUE$§W.\n;Le nombre de divisions de §Y$COUNTRY$§W est au moins de §Y$VALUE$§W.\n;Anzahl der Divisionen in §Y$COUNTRY$§W steht bei mindestens §Y$VALUE$§W.\n;;El número de divisiones de §Y$COUNTRY$§W es al menos §Y$VALUE$§W.\n;;;;;;;;;
IDEOLOGY_IS_EQUAL_TO_TRIGGER;Ruling party is §Y$NAME$§W.\n;L'idéologie de §Y$COUNTRY$§W équivaut ?celle de §Y$NAME$§W.\n;Ideologie in §Y$COUNTRY$§W ist äquivalent mit §Y$NAME$§W.\n;;La ideología de §Y$COUNTRY$§W es igual a la de §Y$NAME$§W.\n;;;;;;;;;
MINISTER_ALIVE_TRIGGER;§Y$NAME$§W is alive§W.\n;§Y$NAME$§W est vivant§W.\n;§Y$NAME$§W lebt§W.\n;;§Y$NAME$§W est?con vida§W.\n;;;;;;;;;
MONEY_IS_ATLEAST_TRIGGER;Money is at least §Y$VALUE$§W.\n;Il y a au moins §Y$VALUE$§W d'argent.\n;Geld steht bei mindestens §Y$VALUE$§W.\n;;El dinero es un mínimo de §Y$VALUE$§W.\n;;;;;;;;;
THREAT_IS_ATLEAST_WITH_TRIGGER;§Y$COUNTRY$§W threat with §Y$TARGET_COUNTRY$§W is at least §Y$VALUE$§W.\n;La menace de §Y$COUNTRY$§W ?l'encontre de §Y$TARGET_COUNTRY$§W est d'au moins §Y$VALUE$§W.\n;Die Bedrohung von §Y$TARGET_COUNTRY$§W durch §Y$COUNTRY$§W steht bei mindestens §Y$VALUE$§W.\n;;La amenaza de §Y$COUNTRY$§W a §Y$TARGET_COUNTRY$§W es al menos de §Y$VALUE$§W.\n;;;;;;;;;
ENERGY_IS_ATLEAST_TRIGGER;Energy is at least §Y$VALUE$§W.\n;Il y a au moins §Y$VALUE$§W d'énergie.\n;Energie steht bei mindestens §Y$VALUE$§W.\n;;La energía est?al menos a §Y$VALUE$§W.\n;;;;;;;;;
CRUDE_OIL_IS_ATLEAST_TRIGGER;Crude oil is at least §Y$VALUE$§W.\n;Il y a au moins §Y$VALUE$§W de pétrole brut.\n;Rohöl steht bei mindestens §Y$VALUE$§W.\n;;El crudo est?al menos a §Y$VALUE$§W.\n;;;;;;;;;
RARE_MATERIALS_IS_ATLEAST_TRIGGER;Rare materials is at least §Y$VALUE$§W.\n;Il y a au moins §Y$VALUE$§W de matériaux rares.\n;Seltene Materialien steht bei mindestens §Y$VALUE$§W.\n;;los materiales raros están al menos a §Y$VALUE$§W.\n;;;;;;;;;
METAL_IS_ATLEAST_TRIGGER;Metal is at least §Y$VALUE$§W.\n;Il y a au moins §Y$VALUE$§W de métaux.\n;Metalle steht bei mindestens §Y$VALUE$§W.\n;;El metal est?al menos a §Y$VALUE$§W.\n;;;;;;;;;
SUPPLIES_IS_ATLEAST_TRIGGER;Supplies are at least §Y$VALUE$§W.\n;Il y a au moins §Y$VALUE$§W de ravitaillement.\n;Nachschub steht bei mindestens §Y$VALUE$§W.\n;;Los suministros están al menos a §Y$VALUE$§W.\n;;;;;;;;;
MILITARY_ACCESS_WITH_TRIGGER;§Y$COUNTRY$§W has military access with §Y$TARGET_COUNTRY$§W.\n;§Y$COUNTRY$§W dispose d'un accès militaire au pays : §Y$TARGET_COUNTRY$§W.\n;§Y$COUNTRY$§W hat Militärzugang zu §Y$TARGET_COUNTRY$§W.\n;;§Y$COUNTRY$§W tiene acceso militar a §Y$TARGET_COUNTRY$§W.\n;;;;;;;;;
NON_AGGRESSION_PACT_WITH_TRIGGER;§Y$COUNTRY$§W has non-aggression pact with §Y$TARGET_COUNTRY$§W.\n;§Y$COUNTRY$§W a sign?un pacte de non-agression avec §Y$TARGET_COUNTRY$§W.\n;§Y$COUNTRY$§W hat Nichtangriffspakt mit §Y$TARGET_COUNTRY$§W.\n;;§Y$COUNTRY$§W tiene un pacto de no agresión con §Y$TARGET_COUNTRY$§W.\n;;;;;;;;;
LOST_NATIONAL_PROVINCES_ATLEAST_TRIGGER;§Y$COUNTRY$§W has lost at least §Y$VALUE$%§W national provinces §W.\n;§Y$COUNTRY$§W a perdu au moins §Y$VALUE$%§W provinces nationales §W.\n;§Y$COUNTRY$§W verloren mindestens §Y$VALUE$%§W Provinzen §W.\n;;§Y$COUNTRY$§W ha perdido §Y$VALUE$%§W provincias nacionales §W.\n;;;;;;;;;
LOST_IC_IS_ATLEAST_TRIGGER;§Y$COUNTRY$§W has lost at least §Y$VALUE$%§W IC §W.\n;§Y$COUNTRY$§W a perdu au moins §Y$VALUE$%§W en CI §W.\n;§Y$COUNTRY$§W verloren mindestens §Y$VALUE$%§W IC §W.\n;;§Y$COUNTRY$§W ha perdido §Y$VALUE$%§W CI §W.\n;;;;;;;;;
GOVERNMENT_POSITION_TRIGGER;§Y$NAME$§W is §Y$POSITION$§W.\n;§Y$NAME$§W est §Y$POSITION$§W.\n;§Y$NAME$§W ist §Y$POSITION$§W.\n;;§Y$NAME$§W es §Y$POSITION$§W.\n;;;;;;;;;
GOVERNMENT_POSITION_NOT_TRIGGER;§Y$NAME$§W is not §Y$POSITION$§W.\n;§Y$NAME$§W n'est pas §Y$POSITION$§W.\n;§Y$NAME$§W ist nicht §Y$POSITION$§W.\n;;§Y$NAME$§W no es §Y$POSITION$§W.\n;;;;;;;;;
IS_GUARANTEEING_TRIGGER;§Y$COUNTRY$§W Is guaranteeing §Y$TARGET_COUNTRY$§W.\n;§Y$COUNTRY$§W garantit §Y$TARGET_COUNTRY$§W.\n;§Y$COUNTRY$§W gibt Garantie aus für §Y$TARGET_COUNTRY$§W.\n;;§Y$COUNTRY$§W garantiza a §Y$TARGET_COUNTRY$§W.\n;;;;;;;;;
DISSENT_IS_ATLEAST_TRIGGER;Dissent is at least §Y$VALUE$§W.\n;La dissidence est au moins de §Y$VALUE$§W.\n;Unmut steht bei mindestens §Y$VALUE$§W.\n;;La disensión est?al menos a §Y$VALUE$§W.\n;;;;;;;;;
ORGANISATION_IS_ATLEAST_TRIGGER;§Y$IDEOLOGY$§W has at least §Y$VALUE$§W in organisation§W.\n;§Y$IDEOLOGY$§W a un impact d'au moins §Y$VALUE$§W sur l'organisation§W.\n;Der Organisationswert von §Y$IDEOLOGY$§W steht bei mindestens §Y$VALUE$§W §W.\n;;§Y$IDEOLOGY$§W tiene un mínimo de §Y$VALUE$§W en organización§W.\n;;;;;;;;;
POPULARITY_IS_ATLEAST_TRIGGER;§Y$IDEOLOGY$§W has popularity at least §Y$VALUE$§W.\n;La popularit?de §Y$IDEOLOGY$§W est d'au moins §Y$VALUE$§W.\n;Die Beliebtheit von §Y$IDEOLOGY$§W ist mindestens §Y$VALUE$§W.\n;;§Y$IDEOLOGY$§W tiene una popularidad mínima de §Y$VALUE$§W.\n;;;;;;;;;
IS_THREATEND_TRIGGER;§Y$COUNTRY$§W is threatened by countries with threat value at least §Y$VALUE$§W.\n;§Y$COUNTRY$§W est menac?par certains pays et la valeur de la menace est d'au moins §Y$VALUE$§W.\n;§Y$COUNTRY$§W wird von Ländern mit einem Bedrohungswert von mindestens §Y$VALUE$§W bedroht.\n;;§Y$COUNTRY$§W est?amenazado por países con un valor de amenaza de al menos §Y$VALUE$§W.\n;;;;;;;;;
THREAT_IS_NOT_TRIGGER;§Y$COUNTRY$§W threat with §Y$TARGET_COUNTRY$§W is not §Y$VALUE$§W.\n;La menace de §Y$COUNTRY$§W ?l'encontre de §Y$TARGET_COUNTRY$§W n'est pas de niveau §Y$VALUE$§W.\n;§Y$COUNTRY$§W Bedrohung von §Y$TARGET_COUNTRY$§W ist nicht §Y$VALUE$§W.\n;;La amenaza de §Y$COUNTRY$§W a §Y$TARGET_COUNTRY$§W no es §Y$VALUE$§W.\n;;;;;;;;;
UNITY_IS_NOT_TRIGGER;Unity is not §Y$VALUE$§W.\n;L'unit?n'est pas de niveau §Y$VALUE$§W.\n;Zusammenhalt ist nicht §Y$VALUE$§W.\n;;La unidad no es §Y$VALUE$§W.\n;;;;;;;;;
AMOUNT_OF_DIVISIONS_IS_NOT_TRIGGER;§Y$COUNTRY$§W number of divisions is not §Y$VALUE$§W.\n;Le nombre de divisions de §Y$COUNTRY$§W n'est pas de §Y$VALUE$§W.\n;§Y$COUNTRY$§W Anzahl der Divisionen ist nicht §Y$VALUE$§W.\n;;El número de divisiones de §Y$COUNTRY$§W no es §Y$VALUE$§W.\n;;;;;;;;;
IDEOLOGY_IS_NOT_TRIGGER;Ruling Party is NOT §Y$NAME$§W.\n;L'idéologie de §Y$COUNTRY$§W n'équivaut pas ?celle de §Y$NAME$§W.\n;§Y$COUNTRY$§Ws Ideologie ist nicht äquivalent zu §Y$NAME$§W.\n;;La ideología de §Y$COUNTRY$§W no es igual a la de §Y$NAME$§W.\n;;;;;;;;;
MINISTER_IS_NOT_ALIVE_TRIGGER;§Y$NAME$§W is not alive§W.\n;§Y$NAME$§W est mort§W.\n;§Y$NAME$§W ist tot§W.\n;;§Y$NAME$§W no est?con vida§W.\n;;;;;;;;;
MONEY_IS_NOT_TRIGGER;Money is not §Y$VALUE$§W.\n;L'argent disponible n'est pas de §Y$VALUE$§W.\n;Geld ist nicht §Y$VALUE$§W.\n;;El dinero no es §Y$VALUE$§W.\n;;;;;;;;;
ENERGY_IS_NOT_TRIGGER;Energy is not §Y$VALUE$§W.\n;L'énergie disponible n'est pas de §Y$VALUE$§W.\n;Energie ist nicht §Y$VALUE$§W.\n;;La energía no es §Y$VALUE$§W.\n;;;;;;;;;
CRUDE_OIL_IS_NOT_TRIGGER;Crude oil is not §Y$VALUE$§W.\n;Le stock de pétrole brut n'est pas de §Y$VALUE$§W.\n;Rohöl ist nicht §Y$VALUE$§W.\n;;El crudo no es §Y$VALUE$§W.\n;;;;;;;;;
RARE_MATERIALS_IS_NOT_TRIGGER;Rare materials is not §Y$VALUE$§W.\n;Le stock de matériaux rares n'est pas de §Y$VALUE$§W.\n;Seltene Materialien ist nicht §Y$VALUE$§W.\n;;Los materiales raros no son §Y$VALUE$§W.\n;;;;;;;;;
METAL_IS_NOT_TRIGGER;Metal is not §Y$VALUE$§W.\n;Le stock de métaux n'est pas de §Y$VALUE$§W.\n;Metalle ist nicht §Y$VALUE$§W.\n;;El metal no es §Y$VALUE$§W.\n;;;;;;;;;
SUPPLIES_IS_NOT_TRIGGER;Supplies are not §Y$VALUE$§W.\n;Le stock de ravitaillement n'est pas de §Y$VALUE$§W.\n;Nachschub ist nicht §Y$VALUE$§W.\n;;Los suministros no son §Y$VALUE$§W.\n;;;;;;;;;
NO_NON_AGGRESSION_PACT_WITH;§Y$COUNTRY$§W does not have a non-aggression pact with §Y$TARGET_COUNTRY$§W.\n;§Y$COUNTRY$§W n'a pas sign?de pacte de non-agression avec §Y$TARGET_COUNTRY$§W.\n;§Y$COUNTRY$§W hat keinen Nichtangriffspakt mit §Y$TARGET_COUNTRY$§W.\n;;§Y$COUNTRY$§W no tiene un pacto de no agresión con §Y$TARGET_COUNTRY$§W.\n;;;;;;;;;
NO_MILITARY_ACCESS_WITH_TRIGGER;§Y$COUNTRY$§W does not have military access with §Y$TARGET_COUNTRY$§W.\n;§Y$COUNTRY$§W ne dispose pas d'un accès militaire au pays §Y$TARGET_COUNTRY$§W.\n;§Y$COUNTRY$§W hat keinen Militärzugang zu §Y$TARGET_COUNTRY$§W.\n;;§Y$COUNTRY$§W no tiene acceso militar a §Y$TARGET_COUNTRY$§W.\n;;;;;;;;;
LOST_NATIONAL_PROVINCES_NOT_TRIGGER;§Y$COUNTRY$§W has not lost §Y$VALUE$%§W national provinces §W.\n;§Y$COUNTRY$§W n'a pas perdu §Y$VALUE$%§W provinces nationales §W.\n;§Y$COUNTRY$§W hat keine §Y$VALUE$%§W Provinzen verloren §W.\n;;§Y$COUNTRY$§W no ha perdido §Y$VALUE$%§W provincias nacionales §W.\n;;;;;;;;;
LOST_IC_IS_NOT_TRIGGER;§Y$COUNTRY$§W has not lost §Y$VALUE$%§W IC §W.\n;§Y$COUNTRY$§W n'a pas perdu §Y$VALUE$%§W en IC §W.\n;§Y$COUNTRY$§W hat nicht §Y$VALUE$%§W IC §W verloren.\n;;§Y$COUNTRY$§W no ha perdido §Y$VALUE$%§W CI §W.\n;;;;;;;;;
DISSENT_IS_NOT_TRIGGER;Dissent is not §Y$VALUE$§W.\n;La dissidence n'est pas de §Y$VALUE$§W.\n;Unmut ist nicht §Y$VALUE$§W.\n;;La disensión no es §Y$VALUE$§W.\n;;;;;;;;;
ORGANISATION_IS_NOT_TRIGGER;§Y$IDEOLOGY$§W does not have §Y$VALUE$§W in organisation§W.\n;L'impact de §Y$IDEOLOGY$§W sur l'organisation n'a pas ét?de §Y$VALUE$§W§W.\n;Der Organisationswert von §Y$IDEOLOGY$§W steht nicht bei §Y$VALUE$§W §W.\n;;§Y$IDEOLOGY$§W no tiene §Y$VALUE$§W en organización§W.\n;;;;;;;;;
POPULARITY_IS_NOT_TRIGGER;§Y$IDEOLOGY$§W does not have §Y$VALUE$§W in popularity§W.\n;La popularit?de §Y$IDEOLOGY$§W n'a pas ét?de §Y$VALUE$§W§W.\n;Der Beliebtheitswert von §Y$IDEOLOGY$§W steht nicht bei§W.\n;;§Y$IDEOLOGY$§W no tiene §Y$VALUE$§W en popularidad§W.\n;;;;;;;;;
IS_NOT_THREATEND_TRIGGER;§Y$COUNTRY$§W Is not threatened by countries with threat value §Y$VALUE$§W.\n;§Y$COUNTRY$§W n'est pas menac?par les pays dont la valeur de la menace est de §Y$VALUE$§W.\n;§Y$COUNTRY$§W wird nicht von Ländern mit dem Bedrohungswert §Y$VALUE$§W bedroht.\n;;§Y$COUNTRY$§W no est?amenazado por países con un valor de amenaza de al menos §Y$VALUE$§W.\n;;;;;;;;;
IS_NOT_GUARANTEEING_TRIGGER;§Y$COUNTRY$§W is not guaranteeing §Y$TARGET_COUNTRY$§W.\n;§Y$COUNTRY$§W ne protège pas §Y$TARGET_COUNTRY$§W.\n;§Y$COUNTRY$§W gibt keine Garantie aus für §Y$TARGET_COUNTRY$§W.\n;;§Y$COUNTRY$§W no garantiza a §Y$TARGET_COUNTRY$§W.\n;;;;;;;;;
COUNTRY_HAS_UNITS_IN_PROVINCE_TRIGGER;§Y$COUNTRY$§W has units in province §Y$PROVINCE$§W.\n;§Y$COUNTRY$§W a des unités dans la province §Y$PROVINCE$§W.\n;§Y$COUNTRY$§W hat Einheiten in der Provinz §Y$PROVINCE$§W.\n;;§Y$COUNTRY$§W tiene unidades en la provincia §Y$PROVINCE$§W.\n;;;;;;;;;
COUNTRY_HAS_NO_UNITS_IN_PROVINCE_TRIGGER;§Y$COUNTRY$§W has no units in province §Y$PROVINCE$§W.\n;§Y$COUNTRY$§W n'a pas d'unités dans la province §Y$PROVINCE$§W.\n;§Y$COUNTRY$§W hat keine Einheiten in der Provinz §Y$PROVINCE$§W.\n;;§Y$COUNTRY$§W no tiene unidades en la provincia §Y$PROVINCE$§W.\n;;;;;;;;;
ALL_ORG_POP_IS_NOT_TRIGGER;§Y$IDEOLOGY$§W does not have§Y$ORGANISATION$§W in organisation and §Y$POPULARITY$§W in popularity§W.\n;L'impact de §Y$IDEOLOGY$§W n'est pas de §Y$ORGANISATION$§W sur l'organisation et de §Y$POPULARITY$§W sur la popularité§W.\n;§Y$IDEOLOGY$§W hat keinen Organisationswert von §Y$ORGANISATION$§W und keinen Beliebtheitswert von §Y$POPULARITY$§W §W.\n;;§Y$IDEOLOGY$§W no tiene §Y$ORGANISATION$§W en organización y §Y$POPULARITY$§W en popularidad§W.\n;;;;;;;;;
ALL_ORG_POP_IS_ATLEAST_TRIGGER;§Y$IDEOLOGY$§W has organisation of at least §Y$ORGANISATION$§W or popularity above §Y$POPULARITY$§W.\n;L'impact de §Y$IDEOLOGY$§W sur l'organisation est d'au moins §Y$ORGANISATION$§W ou l'impact de cette idéologie sur la popularit?est supérieur ?§Y$POPULARITY$§W.\n;§Y$IDEOLOGY$§W hat einen Organisationswert von mindestens §Y$ORGANISATION$§W oder einen Beliebtheitswert von über §Y$POPULARITY$§W.\n;;§Y$IDEOLOGY$§W tiene una organización de al menos §Y$ORGANISATION$§W o popularidad superior a §Y$POPULARITY$§W.\n;;;;;;;;;
IS_NOT_LAW_TRIGGER;§Y$LAW$§W is NOT the $GROUP$.;§Y$LAW$§W n'est PAS $GROUP$.;§Y$LAW$§W ist nicht $GROUP$.;;§Y$LAW$§W NO es el $GROUP$.;;;;;;;;;
IS_LAW_TRIGGER;The $GROUP$ is §Y$LAW$§W.;$GROUP$ est §Y$LAW$§W.;$GROUP$ ist §Y$LAW$§W.;;El $GROUP$ es §Y$LAW$§W.;;;;;;;;;
IS_IN_EXILE;is a government in exile.;est un gouvernement en exil.;ist eine Exilregierung.;;es un gobierno en el exilio.;;;;;;;;;
IS_NOT_IN_EXILE;is NOT a government in exile.;n'est PAS un gouvernement en exil.;ist KEINE Exilregierung.;;No es un gobierno en el exilio.;;;;;;;;;
NEUTRALITY_IS_NOT_TRIGGER;Neutrality is below §Y$VALUE$§W.;La neutralit?est inférieure ?§Y$VALUE$§W.;Neutralität liegt unter §Y$VALUE$§W.;;La neutralidad es inferior a §Y$VALUE$§W.;;;;;;;;;
NEUTRALITY_IS_ATLEAST_TRIGGER;Neutrality is at least §Y$VALUE$§W.;La neutralit?est au moins de §Y$VALUE$§W.;Neutralität steht bei mindestens §Y$VALUE$§W.;;La neutralidad es al menos §Y$VALUE$§W.;;;;;;;;;
IS_NOT_IN_FACTION_TRIGGER;Is not a member of any faction.;n'est pas membre d'une faction.;Ist kein Mitglied einer Fraktion.;;No pertenece a ninguna facción.;;;;;;;;;
IS_IN_FACTION_TRIGGER;Is a member of a faction.;est membre d'une faction.;Ist ein Mitglied einer Fraktion.;;Pertenece a una facción.;;;;;;;;;
IS_NUM_IN_FACTION_TRIGGER;Is a member of a faction of at least §Y$VAL$§W members.;est membre d'une faction d'au moins §Y$VAL$§W membres.;Ist ein Mitglied einer Fraktion mit mindestens §Y$VAL$§W Mitgliedern.;;Es un miembro de una facción de al menos §Y$VAL$§W miembros.;;;;;;;;;
IS_BELOW_NUM_IN_FACTION_TRIGGER;Is a member of a faction with fewer than §Y$VAL$§W members.;est membre d'une faction comportant moins de §Y$VAL$§W membres.;Ist ein Mitglied einer Fraktion mit weniger als §Y$VAL$§W Mitgliedern.;;Es un miembro de una facción con menos de §Y$VAL$§W miembros.;;;;;;;;;
IS_NOT_MEMBER_OF_FACTION_TRIGGER;Is NOT a member of §Y$FACTION$§W.;n'est PAS membre de §Y$FACTION$§W.;Ist KEIN Mitglied von §Y$FACTION$§W.;;No es miembro de §Y$FACTION$§W.;;;;;;;;;
IS_MEMBER_OF_FACTION_TRIGGER;Is member of §Y$FACTION$§W.;est membre de §Y$FACTION$§W.;Ist ein Mitglied von §Y$FACTION$§W.;;Es miembro de §Y$FACTION$§W. ;;;;;;;;;
POP_DONT_HAVE_X_INY;$TYPE$ in $PROV$ does not have $WHAT$.;$TYPE$ en $PROV$ n'a pas de $WHAT$.;0;;$TYPE$ ($PROV$) carece de: $WHAT$.;;;;;;;;;
POP_HAVE_X_INY;$TYPE$ in $PROV$ have $WHAT$;$TYPE$ en $PROV$ a $WHAT$;$TYPE$ in $PROV$ haben $WHAT$;;$TYPE$ ($PROV$) dispone de: $WHAT$;;;;;;;;;
IS_NOT_RELIGION;The state religion is not;La religion d'État n'est pas;Die Staatsreligion ist nicht;;La religión de estado no es;;;;;;;;;
IS_RELIGION;The state religion is not;La religion d'État n'est pas;Die Staatsreligion ist nicht;;La religión de estado no es;;;;;;;;;
IS_NOT_CULTURE;Culture is not;La culture n'est pas;Kultur ist nicht;;La cultura no es;;;;;;;;;
IS_CULTURE;Any pop in province;Tout POP de la province;Jede Bev. in der Provinz;;Cualquier POB de la provincia;;;;;;;;;
HAS_TERRAIN;Terrain is;Le terrain est;Gelände ist;;El terreno es;;;;;;;;;
HAS_NOT_TERRAIN;Terrain is not;Le terrain n'est pas;Gelände ist nicht;;El terreno no es;;;;;;;;;
IS_OF_POPTYPE;Pop is of type;Le POP est de type;Bev. ist vom Typ;;La POB es del tipo;;;;;;;;;
IS_NOT_OF_POPTYPE;Pop is not of type;Le POP n'est pas de type;Bev. ist nicht vom Typ;;La POB no es del tipo;;;;;;;;;
MORE_THAN_NEEDS_COST;Money to cover §Y$VAL$§W of needs.\n;Argent couvrant §Y$VAL$§W des besoins.;Geld zur Abdeckung von §Y$VAL$§W der Bedürfnisse.\n;;Dinero para cubrir el §Y$VAL$§W de las necesidades.\n;;;;;;;;;
NOT_MORE_THAN_NEEDS_COST;Not enough money to cover §Y$VAL$§W% of needs.\n;Argent insuffisant pour couvrir §Y$VAL$§W% des besoins.;Nicht genügend Geld zur Abdeckung von §Y$VAL$§W der Bedürfnisse.\n;;No hay dinero suficiente para cubrir el §Y$VAL$§W% de las necesidades.\n;;;;;;;;;
MORE_THAN_NEEDS;Getting more than §Y$VAL$§W% of their §Y$TYPE$§W.\n;Obtention de plus de §Y$VAL$§W% de leurs besoins en §Y$TYPE$§W.;Erhalten mehr als §Y$VAL$§W% ihrer §Y$TYPE$§W-Bedürfnisse.\n;;Obtiene más del §Y$VAL$§W% de sus §Y$TYPE$§W.\n;;;;;;;;;
NOT_MORE_THAN_NEEDS;Getting less than §Y$VAL$§W% of their §Y$TYPE$§W.\n;Obtention de moins de §Y$VAL$§W% de leurs besoins en §Y$TYPE$§W.;Erhalten weniger als §Y$VAL$§W% ihrer §Y$TYPE$§W-Bedürfnisse.\n;;Obtiene menos del §Y$VAL$§W% de sus §Y$TYPE$§W.\n;;;;;;;;;
MORE_THAN_CON;Consciousness above §Y$VAL$§W.\n;Conscience nationale supérieure ?§Y$VAL$§W;Bewusstsein über §Y$VAL$§W\n;;Conciencia por encima de §Y$VAL$§W.\n;;;;;;;;;
NOT_MORE_THAN_CON;Consciousness below §Y$VAL$§W.\n;Conscience nationale inférieure ?§Y$VAL$§W;Bewusstsein unter §Y$VAL$§W\n;;Conciencia por debajo de §Y$VAL$§W.\n;;;;;;;;;
MORE_THAN_MIL;Militancy above §Y$VAL$§W.\n;Militantisme supérieur ?§Y$VAL$§W;Militanz über §Y$VAL$§W\n;;Militancia por encima de §Y$VAL$§W.\n;;;;;;;;;
NOT_MORE_THAN_MIL;Militancy below §Y$VAL$§W.\n;Militantisme inférieur ?§Y$VAL$§W;Militanz unter §Y$VAL$§W\n;;Militancia por debajo de §Y$VAL$§W.\n;;;;;;;;;
UNEMPLOYMENT_HIGHER_THAN;Unemployment above §Y$VAL$§W%;Chômage supérieur ?§Y$VAL$§W%;Arbeitslosigkeit über §Y$VAL$§W;;Paro por encima del §Y$VAL$§W%;;;;;;;;;
NOT_UNEMPLOYMENT_HIGHER_THAN;Unemployment below §Y$VAL$§W%;Chômage inférieur ?§Y$VAL$§W%;Arbeitslosigkeit unter §Y$VAL$§W;;Paro por debajo del §Y$VAL$§W%;;;;;;;;;
LITERACY_HIGHER_THAN;Literacy above §Y$VAL$§W%\n;Alphabétisation supérieure ?§Y$VAL$§W%;Alphabetisierung über §Y$VAL$§W%\n;;Alfabetización por encima del §Y$VAL$§W%\n;;;;;;;;;
NOT_LITERACY_HIGHER_THAN;Literacy below §Y$VAL$§W%\n;Alphabétisation inférieure ?§Y$VAL$§W%;Alphabetisierung unter §Y$VAL$§W%\n;;Alfabetización por debajo del §Y$VAL$§W%\n;;;;;;;;;
MILITARY_SPENDING_OVER;Military Spending above §Y$VAL$§W%\n;Dépenses militaires supérieures ?§Y$VAL$§W%;Wehretat über §Y$VAL$§W%\n;;Gastos militares por encima del §Y$VAL$§W%\n;;;;;;;;;
NOT_MILITARY_SPENDING_OVER;Military Spending below §Y$VAL$§W%\n;Dépenses militaires inférieures ?§Y$VAL$§W%;Wehretat unter §Y$VAL$§W%\n;;Gastos militares por debajo del §Y$VAL$§W%\n;;;;;;;;;
EDUCATION_SPENDING_OVER;Education Spending above §Y$VAL$§W%\n;Dépenses éducatives supérieures ?§Y$VAL$§W%;Bildungsausgaben über §Y$VAL$§W%\n;;Gastos en educación por encima del §Y$VAL$§W%\n;;;;;;;;;
NOT_EDUCATION_SPENDING_OVER;Education Spending below §Y$VAL$§W%\n;Dépenses éducatives inférieures ?§Y$VAL$§W%;Bildungsausgaben unter §Y$VAL$§W%\n;;Gastos en educación por debajo del §Y$VAL$§W%\n;;;;;;;;;
CRIME_FIGHTING_SPENDING_OVER;Administration above §Y$VAL$§W%\n;Administration supérieure ?§Y$VAL$§W%;Verwaltung über §Y$VAL$§W%\n;;Administración por encima del §Y$VAL$§W%\n;;;;;;;;;
NOT_CRIME_FIGHTING_SPENDING_OVER;Administration below §Y$VAL$§W%\n;Administration inférieure ?§Y$VAL$§W%;Verwaltung unter §Y$VAL$§W%\n;;Administración por debajo del §Y$VAL$§W%\n;;;;;;;;;
IS_NOT_RULING_PARTY;is NOT in charge.;n'est PAS responsable.;ist NICHT an der Macht.;;NO gobierna.;;;;;;;;;
IS_RULING_PARTY;is in charge.;est responsable.;ist an der Macht.;;gobierna.;;;;;;;;;
RUL_PARTY_IS_NOT;Current government is NOT;Le gouvernement actuel n'est PAS;Aktuelle Regierung ist NICHT;;El gobierno actual NO es;;;;;;;;;
RUL_PARTY_IS;Current government is;Le gouvernement actuel est;Aktuelle Regierung ist;;El gobierno actual es;;;;;;;;;
IDE_HAVE_LESS;is less than;est inférieur ?ist weniger als;;es menos de;;;;;;;;;;
IDE_HAVE_MORE;is at least;est d'au moins;ist mindestens bei;;es al menos;;;;;;;;;
NOT_IN_ELECTION_CAMPAIGN;in NOT in an election campaign.;ne figure PAS dans la campagne électorale.;NICHT in einem Wahlkampf.;;NO est?en campaña electoral.;;;;;;;;;
IN_ELECTION_CAMPAIGN;in election campaign.;figure dans la campagne électorale.;in einem Wahlkampf.;;est?en campaña electoral.;;;;;;;;;
NOT_HAS_NATIONAL_VALUE;National value is NOT §Y$NATIONALVALUE$§W.;La valeur nationale n'est PAS §Y$NATIONALVALUE$§W.;Nationalwert ist NICHT §Y$NATIONALVALUE$§W.;;El valor nacional NO es §Y$NATIONALVALUE$§W.;;;;;;;;;
HAS_NATIONAL_VALUE;National value is §Y$NATIONALVALUE$§W.;La valeur nationale est §Y$NATIONALVALUE$§W.;Nationalwert ist §Y$NATIONALVALUE$§W. ;;El valor nacional es §Y$NATIONALVALUE$§W.;;;;;;;;;
IS_NOT_STATE_RELIGION;Does NOT belong to dominant religion.;N'appartient PAS ?la religion dominante.;Gehört NICHT der dominierenden Religion an.;;NO pertenece a la religión dominante.;;;;;;;;;
IS_STATE_RELIGION;Belongs to dominant religion.;Appartient ?la religion dominante.;Gehört der dominierenden Religion an.;;Pertenece a la religión dominante.;;;;;;;;;
REMOVE_IS_NOT_PRIMARY_CULTURE;Is NOT primary culture.;N'est PAS une culture principale.;Ist NICHT Primärkultur.;;NO es la cultura principal.;;;;;;;;;
REMOVE_IS_PRIMARY_CULTURE;Is primary culture.;Est une culture principal.;Ist Primärkultur.;;Es la cultura principal.;;;;;;;;;
IS_NOT_ACCEPTED_CULTURE;Is NOT accepted culture.;N'est PAS une culture acceptée.;Ist KEINE akzeptierte Kultur.;;NO es una cultura aceptada.;;;;;;;;;
IS_ACCEPTED_CULTURE;Is accepted culture.;Est une culture acceptée.;Ist eine akzeptierte Kultur.;;Es una cultura aceptada.;;;;;;;;;
IS_NOT_COASTAL;Is NOT a coastal province.;N'est PAS une province côtière.;Ist KEINE Küstenprovinz.;;NO es una provincia costera.;;;;;;;;;
IS_COASTAL;Is a coastal province.;Est une province côtière.;Ist eine Küstenprovinz.;;Es una provincia costera.;;;;;;;;;
IS_NOT_IN_SPHERE;Is NOT in the $ADJ$ sphere of influence.;N'est PAS dans la sphère d'influence $ADJ$.;Ist NICHT in der Einflusssphäre von $ADJ$.;;No est?en la esfera de influencia de $ADJ$.;;;;;;;;;
IS_IN_SPHERE;Is in the $ADJ$ sphere of influence.;Est dans la sphère d'influence $ADJ$.;Ist in der Einflusssphäre von $ADJ$.;;Est?en la esfera de influencia de $ADJ$.;;;;;;;;;
IS_NOT_SLAVE_STATE;Is not a slave state.;N'est pas un État esclavagiste.;Ist kein Sklavenstaat.;;No es un estado esclavista.;;;;;;;;;
IS_SLAVE_STATE;Is a slave state.;Est un État esclavagiste.;Ist ein Sklavenstaat.;;Es un estado esclavista.;;;;;;;;;
IS_NOT_COLONIAL_STATE;Is not a colonial state.;N'est pas un État colonial.;Ist kein Kolonialstaat.;;Es un estado esclavista.;;;;;;;;;
IS_COLONIAL_STATE;Is a colonial state.;Est un État colonial.;Ist ein Kolonialstaat.;;Es un estado colonial.;;;;;;;;;
ALL_CORE_PROVINCE;All with cores;Tous les territoires clés;Alle Kernprovinzen;;Todas con núcleo;;;;;;;;;
ANY_GP_STARTS;Any Great Power;Toutes les grandes puissances;Beliebige Großmacht;;Cualquier gran potencia;;;;;;;;;
NOT_AV_MIL;Average militancy below §Y$VAL$§W.\n;Militantisme moyen inférieur ?§Y$VAL$§W.\n;Durchschnittliche Militanz unter §Y$VAL$§W;;Militancia media por debajo de §Y$VAL$§W.\n;;;;;;;;;
MORE_AV_MIL;Average militancy at least §Y$VAL$§W.\n;Militantisme moyen d'au moins §Y$VAL$§W.\n;Durchschnittliche Militanz mindestens §Y$VAL$§W;;Militancia media al menos de §Y$VAL$§W.\n;;;;;;;;;
NOT_AV_CON;Average consciousness below §Y$VAL$§W.\n;Conscience nationale moyenne inférieure ?§Y$VAL$§W.\n;Durchschnittliches Bewusstsein unter §Y$VAL$§W;;Conciencia media por debajo de §Y$VAL$§W.\n;;;;;;;;;
MORE_AV_CON;Average consciousness at least §Y$VAL$§W.\n;Conscience nationale moyenne d'au moins §Y$VAL$§W.\n;Durchschnittliches Bewusstsein mindestens §Y$VAL$§W;;Conciencia media al menos de §Y$VAL$§W.\n;;;;;;;;;
IS_PROD_TRIG;Is producing §Y$VAL$§W.\n;Produit §Y$VAL$§W.\n;Produziert §Y$VAL$§W.\n;;Est?produciendo §Y$VAL$§W.\n;;;;;;;;;
IS_NOT_PROD_TRIG;Is NOT producing §Y$VAL$§W.\n;Ne produit PAS §Y$VAL$§W.\n;Produziert NICHT §Y$VAL$§W.\n;;No est?produciendo §Y$VAL$§W.\n;;;;;;;;;
NOT_STOCKPILE_TR;National stockpile of §Y$NAME$§W is less than $VAL$.\n;Les réserves nationales de §Y$NAME$§W sont inférieures ?$VAL$.\n;Nationaler Vorrat von §Y$NAME$§W ist geringer als $VAL$.\n;;La reserva nacional de §Y$NAME$§W est?por debajo de $VAL$.\n;;;;;;;;;
STOCKPILE_TR;National stockpile of §Y$NAME$§W is at least $VAL$.\n;Les réserves nationales de §Y$NAME$§W sont d'au moins $VAL$.\n;Nationaler Vorrat von §Y$NAME$§W ist mindestens $VAL$.\n;;La reserva nacional de §Y$NAME$§W es de al menos $VAL$.\n;;;;;;;;;
ISSUE_POP_TR;At least §Y$VAL$%§W think §Y$NAME$§W is important.;Au moins §Y$VAL$%§W soulignent l'importance de §Y$NAME$§W.;Mindestens §Y$VAL$%§W denken, dass §Y$NAME$§W wichtig ist.;;Al menos un §Y$VAL$%§W cree que §Y$NAME$§W es importante.;;;;;;;;;
NOT_ISSUE_POP_TR;Less than §Y$VAL$%§W think §Y$NAME$§W is important.;Moins de §Y$VAL$%§W soulignent l'importance de §Y$NAME$§W.;Weniger als §Y$VAL$%§W denken, dass §Y$NAME$§W wichtig ist.;;Menos de un §Y$VAL$%§W cree que §Y$NAME$§W es importante.;;;;;;;;;
NOT_LIFE_TR;Life rating lower than §Y$VAL$§W.\n;Habitabilit?inférieure ?§Y$VAL$§W.\n;Lebensqualität geringer als §Y$VAL$§W.\n;;Calidad de vida inferior a §Y$VAL$§W.\n;;;;;;;;;
LIFE_TR;Life rating at least §Y$VAL$§W.\n;Habitabilit?d'au moins §Y$VAL$§W.\n;Lebensqualität mindestens §Y$VAL$§W;;Calidad de vida al menos §Y$VAL$§W.\n;;;;;;;;;
NOT_UPPER_HOUSE_TR;There is less than §Y$VAL$§W percent §Y$NAME$§W in the Upper House.\n;Il y a moins de §Y$VAL$§W pour-cent de §Y$NAME$§W ?la Chambre haute.;Im Oberhaus sind weniger als §Y$VAL$§W Prozent §Y$NAME$§W.;;Hay menos de un §Y$VAL$§W por ciento de §Y$NAME$§W en la cámara alta.\n;;;;;;;;;
UPPER_HOUSE_TR;There is at least §Y$VAL$§W percent §Y$NAME$§W in the Upper House.\n;Il y a au moins de §Y$VAL$§W pour-cent de §Y$NAME$§W ?la Chambre haute.;Im Oberhaus sind mindestens §Y$VAL$§W Prozent §Y$NAME$§W.;;Hay al menos un §Y$VAL$§W por ciento de §Y$NAME$§W en la cámara alta.\n;;;;;;;;;
NOT_IS_NEXT_REFORM_TR;$ISSUE$ is NOT the next possible reform for $GROUP$.;$ISSUE$ n'est PAS la prochaine réforme possible pour $GROUP$.;$ISSUE$ ist NICHT die nächstmögliche Reform für $GROUP$.;;$ISSUE$ NO es la siguiente reforma posible para $GROUP$.;;;;;;;;;
IS_NEXT_REFORM_TR;$ISSUE$ is next possible reform for $GROUP$.;$ISSUE$ est la prochaine réforme possible pour $GROUP$.;$ISSUE$ ist die nächstmögliche Reform für $GROUP$.;;$ISSUE$ es la siguiente reforma posible para $GROUP$.;;;;;;;;;
NOT_PLURALITY_TR;Plurality is lower than §Y$VAL$§W.\n;La pluralit?est inférieure ?§Y$VAL$§W.\n;Pluralität ist geringer als §Y$VAL$§W.\n;;La pluralidad es inferior a §Y$VAL$§W.\n;;;;;;;;;
PLURALITY_TR;Plurality is at least §Y$VAL$§W.\n;La pluralit?est d'au moins §Y$VAL$§W.\n;Pluralität ist mindestens §Y$VAL$§W;;La pluralidad es de al menos §Y$VAL$§W.\n;;;;;;;;;
HAVE_MINORTITIES;Minorities are present in ;Des minorités sont présentes ?;Es gibt Minderheiten in;;Hay minorías presentes en ;;;;;;;;;
HAVE_NOT_MINORITIES;No minorities are present in;Aucune minorit?n'est présente ?Es gibt keine Minderheiten in;;No hay minorías presentes en;;;;;;;;;;
AGREE_RP_TR;At least §Y$VAL$%§W is of the same ideology as the ruling party.;Au moins §Y$VAL$%§W partagent la même idéologie que le parti dirigeant.;Mindestens §Y$VAL$%§W hat dieselbe Ideologie wie die Regierungspartei.;;Al menos el §Y$VAL$%§W es de la misma ideología que el partido gobernante.;;;;;;;;;
NOT_AGREE_RP_TR;Less than §Y$VAL$%§W is of the same ideology as the ruling party.;Moins de §Y$VAL$%§W partagent la même idéologie que le parti dirigeant.;Weniger als §Y$VAL$%§W hat dieselbe Ideologie wie die Regierungspartei.;;Menos del §Y$VAL$%§W es de la misma ideología que el partido gobernante.;;;;;;;;;
MEMBER_OF_FACTION;Has the §Y$NAME$%§W faction.;A la faction §Y$NAME$%§W.;Gehört zur §Y$NAME$%§W-Fraktion.;;Tiene la facción §Y$NAME$%§W.;;;;;;;;;
NOT_MEMBER_OF_FACTION;Does not have the §Y$NAME$%§W faction.;N'a pas la faction §Y$NAME$%§W.;Gehört nicht zur §Y$NAME$%§W-Fraktion.;;No tiene la facción §Y$NAME$%§W.;;;;;;;;;
NOT_UNEMPLOYED_BY_TYPE;Unemployment amongst §Y$NAME$§W is below §Y$VALUE$§W percent.\n;Le chômage parmi §Y$NAME$§W est inférieur ?§Y$VALUE$§W pour cent.\n;Die Arbeitslosigkeit innerhalb der §Y$NAME$§W beträgt unter §Y$VALUE$§W Prozent.\n;;El paro entre los §Y$NAME$§W est?por debajo del §Y$VALUE$§W por ciento.\n;;;;;;;;;
UNEMPLOYED_BY_TYPE;Unemployment amongst §Y$NAME$§W is at least §Y$VALUE$§W percent.\n;Le chômage parmi §Y$NAME$§W est d'au moins §Y$VALUE$§W pour cent.\n;Die Arbeitslosigkeit innerhalb der §Y$NAME$§W beträgt mindestens §Y$VALUE$§W Prozent.\n;;El paro entre los §Y$NAME$§W es de al menos el §Y$VALUE$§W por ciento.\n;;;;;;;;;
POP_UNEMPLOYMENT_HIGHER_THAN;§Y$TYPE$§W unemployment above §Y$VAL$§W%;Chômage §Y$TYPE$§W supérieur ?§Y$VAL$§W%;§Y$TYPE$§W-Arbeitslosigkeit über §Y$VAL$§W%;;El paro entre los §Y$TYPE$§W est?por encima del §Y$VAL$§W%;;;;;;;;;
NOT_POP_UNEMPLOYMENT_HIGHER_THAN;§Y$TYPE$§W unemployment below §Y$VAL$§W%;Chômage §Y$TYPE$§W inférieur ?§Y$VAL$§W%;§Y$TYPE$§W-Arbeitslosigkeit unter §Y$VAL$§W%;;El paro entre los §Y$TYPE$§W est?por debajo del §Y$VAL$§W%;;;;;;;;;
HAVE_UNCLAIMED_CORE;Have unclaimed cores.\n;Disposent de territoires clés non revendiqués.\n;Haben unbeanspruchte Kernprovinzen.\n;;Tiene núcleos sin reclamar.\n;;;;;;;;;
HAVE_UNCLAIMED_CORE_NOT;Do not have unclaimed cores.\n;Ne disposent pas de territoires clés non revendiqués.\n;Haben keine unbeanspruchte Kernprovinz.\n;;No tiene núcleos sin reclamar.\n;;;;;;;;;
IS_UNION_CULTURE;Is union culture of ;Est une culture d'union de ;Ist eine Unionskultur von;;Es una unión cultural de ;;;;;;;;;
IS_NOT_UNION_CULTURE;Is not union culture of ;N'est pas une culture d'union de ;Ist keine Unionskultur von;;No es una unión cultural de ;;;;;;;;;
IS_NOT_CULTURE_GROUP;Culture Group is not;Le groupe de cultures n'est pas;Kulturgruppe ist nicht;;El grupo cultural no es;;;;;;;;;
IS_CULTURE_GROUP;Culture Group is;Le groupe de cultures est;Kulturgruppe ist;;El grupo cultural es;;;;;;;;;
NOT_WORK_AVAILABLE;No work available for;Pas de travail disponible pour;Keine Arbeit verfügbar für;;No hay trabajo disponible para;;;;;;;;;
WORK_AVAILABLE;Work available for;Travail disponible pour;Arbeit verfügbar für;;Hay trabajo disponible para;;;;;;;;;
IS_NOT_MOBILIZED_TR;is NOT mobilized.\n;n'est PAS mobilis?\n;ist NICHT mobilisiert.\n;;NO se ha movilizado.\n;;;;;;;;;
IS_MOBILIZED_TR;is mobilized.\n;est mobilis?\n;ist mobilisiert.\n;;se ha movilizado.\n;;;;;;;;;
MOB_SIZE_LESS_TR;Mobilisation level is less than §Y$VALUE$§W of the workforce.;Le niveau de mobilisation est inférieur ?§Y$VALUE$§W de la main-d'œuvre.;Mobilisierungsstufe ist weniger als §Y$VALUE$§W der Arbeitskräfte.;;El nivel de movilización alcanza a menos del §Y$VALUE$§W de la mano de obra.;;;;;;;;;
MOB_SIZE_AT_LEAST_TR;Mobilisation level is at least §Y$VALUE$§W of the workforce.;Le niveau de mobilisation est d'au moins §Y$VALUE$§W de la main-d'œuvre.;Mobilisierungsstufe ist mindestens §Y$VALUE$§W der Arbeitskräfte.;;El nivel de movilización alcanza al menos al §Y$VALUE$§W de la mano de obra.;;;;;;;;;
HAVE_PRESTIGE_LESS_THAN;Prestige less than;Prestige inférieur ?Prestige ist weniger als;;Prestigio menor que;;;;;;;;;;
HAVE_PRESTIGE_MORE_THAN;Prestige at least;Prestige d'au moins;Prestige ist mindestens;;Prestigio de al menos;;;;;;;;;
CAN_NOT_BUILD_FACTORY;Can not build factory.\n;Ne peut pas construire d'usine.\n;Fabrikbau unmöglich.\n;;No puede construir fábricas.\n;;;;;;;;;
CAN_BUILD_FACTORY;Can not build factory.\n;Ne peut pas construire d'usine.\n;Fabrikbau unmöglich.\n;;No puede construir fábricas.\n;;;;;;;;;
GEN_POP_HAVE;Must have $WHAT$;Doit disposer de $WHAT$;Muss verfügen über: $WHAT$.;;Debe tener $WHAT$;;;;;;;;;
GEN_POP_NOT_HAVE;Must not have $WHAT$.;Ne doit pas disposer de $WHAT$.;Darf nicht verfügen über: $WHAT$.;;No debe tener $WHAT$.;;;;;;;;;
IS_NOT_SPHERELEADER_OF;Has NOT $ADJ$ in sphere of influence.;N'a PAS de $ADJ$ dans la sphère d'influence.;Ist NICHT in der $ADJ$ Einflusssphäre;;NO tiene a $ADJ$ en su esfera de influencia.;;;;;;;;;
IS_SPHERELEADER_OF;Has $ADJ$ in sphere of influence.;A $ADJ$ dans la sphère d'influence.;Ist in der Einflusssphäre von $ADJ$.;;Tiene a $ADJ$ en su esfera de influencia.;;;;;;;;;
HAVE_LESS_DIPLOMATIC_RELATION;has lower diplomatic relations than;a des relations diplomatiques inférieures ?hat schlechtere diplomatische Beziehungen als;;tiene menos relaciones diplomática que;;;;;;;;;;
POP_NOT_OF_CULTURE;are not $WHAT$.;ne sont pas $WHAT$.;sind nicht $WHAT$.;;no es $WHAT$.;;;;;;;;;
POP_OF_CULTURE;are $WHAT$.;sont $WHAT$.;sind $WHAT$.;;es $WHAT$.;;;;;;;;;
POP_NOT_OF_RELIGION;are not $WHAT$.;ne sont pas $WHAT$.;sind nicht $WHAT$.;;no es $WHAT$.;;;;;;;;;
POP_OF_RELIGION;are $WHAT$.;sont $WHAT$.;sind $WHAT$.;;es $WHAT$.;;;;;;;;;
COMBAT_TRIUMPH;triumphant;victorieuse;hat triumphiert;;vencedor;;;;;;;;;
COMBAT_FLEE;fleeing;en fuite;flieht;w triumfie;huido;trionfante;diadalittas;vítìzn?;;;;;;
MY;My;mon;Mein;w ucieczce;mi;in fuga;megfutamodott;na útìku;;;;;;
COMBAT_WINNERTYPE_THEIR;their;leur;ihre;*;de incumplir su;Mio;Enyém;N?;;;;;;
COMBAT_WINNERTYPE_OUR;our;notre;uns;ich;nuestra;loro;Övék;jejich;;;;;;
RESULT_LOSS;lost;perdu;verloren;nasze;perdido;nostro;Miénk;naše;;;;;;
RESULT_WON;won;gagn?gewonnen;;ganado;;;;;;;;;;
SIEGEOVER_SETUP;When control over a province have been achieved.;Si le contrôle d'une province est atteint.;Wenn die Kontrolle über eine Provinz erlangt wurde.;;Cuando se obtiene el control de una provincia;;;;;;;;;
SIEGEOVER_HEADER;$MESSENGER$;$MESSENGER$;$MESSENGER$;;$MESSENGER$;;;;;;;;;
SIEGEOVER_1;The $NAME$ is Over!;Fin de $NAME$ !;$NAME$ ist vorbei!;;¡El $NAME$ ha terminado!;;;;;;;;;
SIEGEOVER_2;$MONARCHTITLE$, we have $RESULT$ ;$MONARCHTITLE$, nous avons $RESULT$ ;Wir haben die;;$MONARCHTITLE$, hemos $RESULT$ ;;;;;;;;;
SIEGEOVER_3;The $NAME$!;$NAME$ !;$NAME$ $RESULT$!;;¡El $NAME$!;;;;;;;;;
SIEGEOVER_4;It took $TIME$ days for;Il nous a fallu $TIME$ jours pour;Es kostete uns $TIME$ Tage,;;$WINNER$ ha tardado;;;;;;;;;
SIEGEOVER_5;$WINNER$;$WINNER$;bis $WINNER$;;$TIME$ días;;;;;;;;;
SIEGEOVER_6;to gain control of the province.;pour maintenant contrôler la province.;die Provinz nun kontrolliert.;;en hacerse con el control de la provincia.;;;;;;;;;
SIEGEOVER_LOG;We $RESULT$ the $NAME$.;Nous avons $RESULT$ $NAME$.;Wir haben die $NAME$ $RESULT$.;;Hemos $RESULT$ el $NAME$.;;;;;;;;;
SIEGEOVER_BTN1;OK;OK;OK;;Aceptar;;;;;;;;;
SIEGEOVER_BTN2;OK;OK;OK;;Aceptar;;;;;;;;;
SIEGEOVER_BTN3;Goto;ALLER ?Goto;;Ir all?;;;;;;;;;;
SIEGEOVER_MAP;*;*;*;;*;;;;;;;;;
BATTLE_OF;Battle of;Bataille de;Schlacht von;;Batalla de;;;;;;;;;
SIEGE_OF;Occupation of;Occupation de;Belagerung von;Bitwa o;Asedio de;Battaglia di;    ;Bitva o;;;;;;
PROVINCELOST_SETUP;When you lose control of a province;Si vous perdez le contrôle d'une province;Wenn Sie die Kontrolle über eine Provinz verlieren.;;Cuando pierdes el control de una provincia;;;;;;;;;
PROVINCELOST_HEADER;$MESSENGER$ reports;Rapports $MESSENGER$;$MESSENGER$ berichtet;Kiedy tracisz nieufortyfikowan?prowincj?$MESSENGER$ informa;Quando perdi una provincia non fortificata;Ha elvesztettél egy védtelen provinciát;Kdy?ztratíte neopevnìnou provincii;;;;;;;
PROVINCELOST_1;Province Lost!;Province perdue !;Provinz verloren!;;¡Provincia perdida!;;;;;;;;;
PROVINCELOST_2;We have lost the province of;Nous avons perdu la province;Wir verloren die Provinz;Prowincja stracona!;Hemos perdido la provincia de;Provincia persa!;Elvesztettünk egy provinciát;Provincie ztracena!;;;;;;
PROVINCELOST_3;$PROV$;$PROV$.;$PROV$;Straciliœmy prowincj?$PROV$;Abbiamo perso la provincia di;Elvesztettük;Ztratili jsme provincii;;;;;;;
PROVINCELOST_4;to the despicable;qui est passée aux mains de;an ;$PROV$;ante;$PROV$;$PROV$;$PROV$;;;;;;
PROVINCELOST_5;$COUNTRY$;$COUNTRY$;$COUNTRY$;na rzecz nikczemnego pañstwa;$COUNTRY$;con la spregevole nazione di;tartományt, mely most;a získala ji mrzk?zem?;;;;;;
PROVINCELOST_6;We must reacquire it!;Nous devons la reconquérir !;Wir müssen sie zurückerobern!;$COUNTRY$;¡Debemos recuperarla!;$COUNTRY$;$COUNTRY$ kezére került.;$COUNTRY$;;;;;;
PROVINCELOST_LOG;We lost $PROV$ to $COUNTRY$.;Nous avons perdu la province $PROV$ au bénéfice du pays $COUNTRY$.;Wir haben $PROV$ an $COUNTRY$ verloren.;Musimy j?odzyska?;Perdimos $PROV$ ante $COUNTRY$.;Dobbiamo riconquistarla!;Vissza kell szereznünk!;Musíme ji získat zpátky!;;;;;;
PROVINCELOST_BTN1;Ok;OK;Ok;Straciliœmy prowincj?$PROV$ na rzecz $COUNTRY$.;Aceptar;Abbiamo perso $PROV$ con $COUNTRY$.;$COUNTRY$ kezére került $PROV$ tartományunk.;Ztratili jsme provincii $PROV$ ve prospìch zem?$COUNTRY$.;;;;;;
PROVINCELOST_BTN2;Ok;OK;Ok;OK;Aceptar;Ok;Ok;Ok;;;;;;
PROVINCELOST_BTN3;Goto;ALLER ?Goto;OK;Ir all?Ok;Ok;Ok;;;;;;;;
PROVINCELOST_MAP;Province Lost!;Province perdue !;Provinz verloren!;Id?do;¡Provincia perdida!;Andare;Menj ide!;Pøejít na;;;;;;
UNITARRIVED_SETUP;When one of our units arrives at its destination;Si l'une de nos unités arrive ?destination;Wenn eine unserer Einheiten ihr Ziel erreicht;Prowincja stracona!;Cuando una de nuestras unidades llega a su destino;Provincia persa!;Elveszett egy provincia!;Provincie ztracena!;;;;;;
UNITARRIVED_HEADER;Our Chief of Staff reports;Notre état-major rapporte que;Unser Stabschef berichtet:;Kiedy jedna z naszych jednostek przybywa na miejsce;Nuestro jefe de estado mayor informa de que;Quando una delle nostre unit?arriver?a destinazione;Ha az egyik egységünk megérkezett a célponthoz.;Kdy?jedna z našich jednotek doraz?na místo urèen?;;;;;;
UNITARRIVED_1;$TYPE$ Arrived!;$TYPE$ est arriv?e) !;$TYPE$ angekommen!;;?TYPE$ ha llegado!;;;;;;;;;
UNITARRIVED_2;our $TYPE$ of;notre $TYPE$,;Unsere $TYPE$;$TYPE$ przybywa!;nuestro $TYPE$ de;$TYPE$ arrivato!;$TYPE$ megérkezett!;$TYPE$ dorazila!;;;;;;
UNITARRIVED_3;$NAME$;$NAME$;$NAME$;nasze $TYPE$ z;$NAME$;$TYPE$ di;$TYPE$ egységünk,;naše $TYPE$ jménem;;;;;;
UNITARRIVED_4;has safely arrived in;est arriv?sans encombre dans la province;ist sicher in;$NAME$;ha llegado a salvo a;$NAME$;$NAME$;$NAME$;;;;;;
UNITARRIVED_5;$PROV$;$PROV$.;$PROV$ angekommen.;przybywa (-j? bezpiecznie do;$PROV$;?arrivato in sicurezza a;sikeresen megérkezett;bezpeèn?dorazila do;;;;;;
UNITARRIVED_6;They are awaiting further orders;Ils y attendent de nouveaux ordres.;Sie warten auf weitere Befehle.;prowincji $PROV$;Están esperando órdenes adicionales;$PROV$;$PROV provinciára.;$PROV$;;;;;;
UNITARRIVED_LOG;$NAME$ arrived in $PROV$;$NAME$ est arriv?dans la province $PROV$;$NAME$ ist in $PROV$ angekommen.;Oczekuj?na dalsze rozkazy;$NAME$ lleg?a $PROV$;Attende ulteriori ordini;További parancsainkra várnak.;Oèekáv?další rozkazy.;;;;;;
UNITARRIVED_BTN1;OK;OK;OK;$NAME$ przyby?do prowincji $PROV$;Aceptar;;$NAME$ ?arrivato in $PROV$?arrivato in;$NAME$ dorazil do $PROV$;;;;;;
UNITARRIVED_BTN2;OK;OK;OK;OK;Aceptar;OK;Rendben;OK;;;;;;
UNITARRIVED_BTN3;GOTO;ALLER ?Goto;OK;Ir all?OK;Rendben;OK;;;;;;;;
UNITARRIVED_MAP;*;*;*;ID?DO;*;ANDARE;Menj ide:;PØEJÍT NA;;;;;;
UNIT_ATTACK_INFO_NAVY;With a total of $CAP$ capital ships, $SCR$ screens & $TRA$ transports.;Avec un total de $CAP$ bâtiments de ligne, $SCR$ escortes et $TRA$ transporteurs.;Mit insgesamt $CAP$ Großkampfschiffen, $SCR$ Vorhutschiffen & $TRA$ Transportschiffen.;*;Con un total de $CAP$ buques grandes, $SCR$ escoltas y $TRA$ transportes.;*;*;*;;;;;;
UNIT_ATTACK_INFO_ARMY;With a total of $BRIG$ brigades, totalling $MEN$ effective soldiers.;Avec un total de $BRIG$ brigades pour un effectif de $MEN$ soldats.;Mit insgesamt $BRIG$ Brigaden, die $MEN$ kampfbereite Soldaten haben.;;Con un total de $BRIG$ brigadas formadas por $MEN$ efectivos.;;;;;;;;;
ATTACKTHEM_SETUP;When one of our land units attacks the enemy ;Si l'une de nos unités terrestres attaque l'ennemi. ;Wenn eine unserer Landeinheiten den Feind angreift;;Cuando una de nuestras unidades terrestres ataca al enemigo;;;;;;;;;
ATTACKTHEM_HEADER;Our Chief of Staff reports that;Notre état-major rapporte que;Unser Stabschef berichtet:;;Nuestro jefe de estado mayor informa de que;;;;;;;;;
ATTACKTHEM_1;We have engaged the Enemy!;nous avons attaqu?l'ennemi !;Aufeinandertreffen mit dem Feind!;;¡Hemos entablado combate con el enemigo!;;;;;;;;;
ATTACKTHEM_2;$MONARCHTITLE$, we have reports that battle has commenced in;$MONARCHTITLE$, nous vous informons que la bataille a commenc?dans la province;Uns wird gemeldet, dass eine Schlacht in;;$MONARCHTITLE$, nos informan que ha comenzado la batalla en;;;;;;;;;
ATTACKTHEM_3;$PROV$.;$PROV$.;$PROV$ begonnen hat.;;$PROV$.;;;;;;;;;
ATTACKTHEM_4;We are attacking forces of $DEFENDER$ and attempting to dislodge their defences. We have engaged with ;Nous sommes les forces d'attaque de $DEFENDER$ et nous tentons de déplacer leurs défenses. Nous avons engag?le combat contre ;Wir greifen Truppen aus $DEFENDER$ an und versuchen, sie aus ihren Stellungen zu werfen.;;Atacamos a la fuerza $DEFENDER$, en un intento de desbaratar sus defensas. Hemos entablado ;;;;;;;;;
ATTACKTHEM_5;*;*;*;;combate con: $ATTUNIT$\n;;;;;;;;;
ATTACKTHEM_6;*;*;*;;atacando a: $DEFUNIT$;;;;;;;;;
ATTACKTHEM_LOG;We have attacked the enemy in $PROV$.;Nous avons attaqu?l'ennemi dans la province $PROV$.;Wir haben den Feind in $PROV$ angegriffen.;;Hemos atacado al enemigo en $PROV$.;;;;;;;;;
ATTACKTHEM_BTN1;OK;OK;OK;;Aceptar;;;;;;;;;
ATTACKTHEM_BTN2;OK;OK;OK;;Aceptar;;;;;;;;;
ATTACKTHEM_BTN3;Goto;ALLER ?Goto;;Ir all?;;;;;;;;;;
ATTACKTHEM_MAP;Attack Commenced;*;*;;*;;;;;;;;;
ATTACKUS_SETUP;When one of our land units is attacked by the enemy ;Si l'une de nos unités terrestres est attaquée par l'ennemi. ;Wenn eine unserer Landeinheiten vom Feind angegriffen wird;;Una de nuestras unidades terrestres es atacada por el enemigo;;;;;;;;;
ATTACKUS_HEADER;Our Chief of Staff reports that;Notre état-major rapporte que;Unser Stabschef berichtet:;;Nuestro jefe de estado mayor informa de que;;;;;;;;;
ATTACKUS_1;Our forces are under attack!;nos forces sont attaquées !;Unsere Truppen werden angegriffen!;;¡Están atacando a nuestras fuerzas!;;;;;;;;;
ATTACKUS_2;$MONARCHTITLE$, we have been attacked in;$MONARCHTITLE$, nous avons ét?attaqués dans la province;$MONARCHTITLE$, wir werden in;;$MONARCHTITLE$, hemos sido atacados en;;;;;;;;;
ATTACKUS_3;$PROV$.;$PROV$.;$PROV$ angegriffen.;;$PROV$.;;;;;;;;;
ATTACKUS_4;Hostile forces from $ATTACKER$ have engaged us with;Les forces ennemies de $ATTACKER$ ont engag?le combat avec nous et;Feindliche Truppen aus $ATTACKER$ greifen uns an.;;Fuerzas hostiles de $ATTACKER$ han entablado combate con nosotros con;;;;;;;;;
ATTACKUS_5;*;*;*;;*;;;;;;;;;
ATTACKUS_6;*;*;*;;*;;;;;;;;;
ATTACKUS_LOG;We have been attacked in $PROV$.;Nous avons ét?attaqués dans la province $PROV$.;Wir werden angegriffen in $PROV$.;;Hemos sido atacados en $PROV$.;;;;;;;;;
ATTACKUS_BTN1;OK;OK;OK;;Aceptar;;;;;;;;;
ATTACKUS_BTN2;OK;OK;OK;;Aceptar;;;;;;;;;
ATTACKUS_BTN3;Goto;ALLER ?Goto;;Ir all?;;;;;;;;;;
ATTACKUS_MAP;Under attack!;*;*;;¡Nos atacan!;;;;;;;;;
NAVALATTACKTHEM_SETUP;When one of our navies attack the enemy;Si l'une de nos marines attaque l'ennemi.;Wenn eine unserer Flotten den Feind angreift;;Cuando una de nuestras armadas ataca al enemigo;;;;;;;;;
REMOVE_NAVALATTACKTHEM_HEADER;$chief_of_navy$ reports;$chief_of_navy$ rapporte que;$chief_of_navy$ berichtet:;;$chief_of_navy$ informa de;;;;;;;;;
NAVALATTACKTHEM_1;We have engaged a hostile navy!;nous avons engag?le combat contre une marine ennemie !;Aufeinandertreffen mit feindlicher Flotte!;;¡Entablado combate con una armada hostil!;;;;;;;;;
NAVALATTACKTHEM_2;$MONARCHTITLE$, our navy has engaged enemy ships in;$MONARCHTITLE$, notre marine a engag?le combat avec des navires ennemis dans la province;Unsere Flotte befindet sich im Kampf mit feindlichen Schiffen;;$MONARCHTITLE$, nuestra marina ha entablado combate con barcos enemigos en;;;;;;;;;
NAVALATTACKTHEM_3;$PROV$.;$PROV$.;aus $DEFENDER$ in $PROV$.;;$PROV$.;;;;;;;;;
NAVALATTACKTHEM_4;An enemy fleet consisting of ships from $DEFENDER$ will be destroyed by;Une flotte ennemie composée de navires de $DEFENDER$ sera détruite par;Angreifer: $ATTUNIT$;;Una flota enemiga compuesta por buques de $DEFENDER$ ser?destruida por;;;;;;;;;
NAVALATTACKTHEM_5;$ATTUNIT$\nattacking\n$DEFUNIT$;$ATTUNIT$\nattaquant\n$DEFUNIT$.;Verteidiger: $DEFUNIT$;;$ATTUNIT$\natacando a\n$DEFUNIT$;;;;;;;;;
NAVALATTACKTHEM_6;*;*;*;;*;;;;;;;;;
NAVALATTACKTHEM_LOG;Our navy has engaged a hostile fleet in $PROV$.;Notre marine a engag?le combat avec une flotte ennemie dans la province $PROV$.;Unsere Flotte befindet sich im Kampf mit feindlichen Schiffen in $PROV$.;;Nuestra marina ha entablado combate con una flota hostil en $PROV$.;;;;;;;;;
NAVALATTACKTHEM_BTN1;OK;OK;OK;;Aceptar;;;;;;;;;
NAVALATTACKTHEM_BTN2;OK;OK;OK;;Aceptar;;;;;;;;;
NAVALATTACKTHEM_BTN3;Goto;ALLER ?Goto;;Ir all?;;;;;;;;;;
NAVALATTACKTHEM_MAP;Engaging Enemy Fleet!;*;Angriff auf feindliche Flotte!;;¡Entablado combate con una armada hostil!;;;;;;;;;
NAVALATTACKUS_SETUP;When one of our navies is attacked by the enemy;Si l'une de nos marines est attaquée par l'ennemi;Wenn eine unserer Flotten vom Feind angegriffen wird;;Cuando una de nuestras armadas es atacada por el enemigo;;;;;;;;;
REMOVE_NAVALATTACKUS_HEADER;$chief_of_navy$ reports;$chief_of_navy$ rapporte que;$chief_of_navy$ berichtet:;;$chief_of_navy$ informa de;;;;;;;;;
NAVALATTACKUS_1;Our Navy is under attack!;notre marine est attaquée !;Unsere Flotte wird angegriffen!;;¡Están atacando a nuestra armada!;;;;;;;;;
NAVALATTACKUS_2;$MONARCHTITLE$, our navy has been engaged by enemy ships in;$MONARCHTITLE$, notre marine a ét?attaquée par des navires ennemis dans la province;Unsere Schiffe wurden angegriffen von feindlichen Schiffen in;;$MONARCHTITLE$, buques enemigos han entablado combate con nuestra armada en;;;;;;;;;
NAVALATTACKUS_3;$PROV$.;$PROV$.;$PROV$.;;$PROV$.;;;;;;;;;
NAVALATTACKUS_4;An enemy fleet consisting of ships from $ATTACKER$:;Une flotte ennemie composée de navires de $ATTACKER$:;Eine feindliche Flotte aus $ATTACKER$:;;una flota enemiga compuesta de buques de $ATTACKER$ con;;;;;;;;;
NAVALATTACKUS_5;$ATTUNIT$\nis attacking our\n$DEFUNIT$;$ATTUNIT$\nattaquant nos\n$DEFUNIT$.;$ATTUNIT$\nattackiert unsere\n$DEFUNIT$;;$ATTUNIT$\natacando a nuestra\n$DEFUNIT$;;;;;;;;;
NAVALATTACKUS_6;*;*;*;;*;;;;;;;;;
NAVALATTACKUS_LOG;Our fleet in $PROV$ is under attack from hostile ships.;Notre flotte est attaquée par des navires ennemis dans la province $PROV$.;Unsere Flotte in $PROV$ wird von feindlichen Schiffen angegriffen.;;Nuestra flota en $PROV$ est?siendo atacada por buques hostiles.;;;;;;;;;
NAVALATTACKUS_BTN1;OK;OK;OK;;Aceptar;;;;;;;;;
NAVALATTACKUS_BTN2;OK;OK;OK;;Aceptar;;;;;;;;;
NAVALATTACKUS_BTN3;Goto;ALLER ?Goto;;Ir all?;;;;;;;;;;
NAVALATTACKUS_MAP;Fleet under attack!;Flotte attaquée !;*;;¡Nuestra flota est?siendo atacada!;;;;;;;;;
LANDBATTLEOVER_SETUP;When a land battle is over;Si une bataille terrestre est terminée;Wenn eine Feldschlacht vorbei ist;;Cuando termina una batalla terrestre;;;;;;;;;
LANDBATTLEOVER_HEADER;The Chief of Staff reports that;$chief_of_army$ rapporte que;$chief_of_army$ berichtet:;Kiedy bitwa l¹dowa dobiegnie koñca;The Chief of Staff nos informa de;Quando finisce una battaglia di terra;Ha vége egy szárazföldi ütközetnek;Kdy?skonèí bitva na souši;;;;;;
LANDBATTLEOVER_1;$NAME$;$NAME$;Die $NAME$ ;;$NAME$;;;;;;;;;
LANDBATTLEOVER_2;$MONARCHTITLE$, we have $RESULT$;$MONARCHTITLE$, nous avons $RESULT$;Wir haben;$NAME$ jest skoñczona!;$MONARCHTITLE$, ¡hemos $RESULT$;$NAME$ !;A $NAME$ véget ért!;$NAME$ je u konce!;;;;;;
LANDBATTLEOVER_3;The $NAME$!;$NAME$ !;Die $NAME$!;$RESULT$;la $NAME$!;$MONARCHTITLE$, abbiamo $RESULT$;Népünk $RESULT$;$MONARCHTITLE$, známe výsledky: $RESULT$;;;;;;
LANDBATTLEOVER_4;During the struggle $USLOSS$ of our $USNUM$ troops were killed.;Pendant le combat $USLOSS$ de nos $USNUM$ troupes ont ét?tuées.;$RESULT$. Während des Kampfes wurden $USLOSS$ unserer $USNUM$ Soldaten getötet.;$NAME$!;Durante la lucha, $USLOSS$ de nuestras $USNUM$ tropas perecieron.;$NAME$!;a $NAME$ ütközetben!;$NAME$!;;;;;;
LANDBATTLEOVER_5;$OTHER$;$OTHER$;$OTHER$;Podczas walk zginê³o $USLOSS$ z $USNUM$ naszych ¿o³nierzy.;$OTHER$;Nel corso della battaglia, $USLOSS$ dei nostri $USNUM$ uomini sono stati uccisi.;$USLOSS$ veszett oda a $USNUM$ fõs seregünkbõl.;V bojích padlo $USLOSS$ z našich $USNUM$ voják?;;;;;;
LANDBATTLEOVER_6;has $OTHERRESULT$ the battle. Out of $THEIRNUM$ Troops, $THEIRLOST$ were killed.;a $OTHERRESULT$ la bataille. $THEIRLOST$ sur $THEIRNUM$ de leurs troupes ont ét?tuées.;hat die Schlacht $OTHERRESULT$. Von $THEIRNUM$ Soldaten fielen $THEIRLOST$.;$OTHER$ - ;ha $OTHERRESULT$ la batalla. De $THEIRNUM$ tropas que tenían, han muerto $THEIRLOST$.;$OTHER$;$OTHER$;$OTHER$;;;;;;
LANDBATTLEOVER_LOG;We $RESULT$ the $NAME$.;Nous avons $RESULT$ $NAME$.;Wir haben die $NAME$ $RESULT$.;$OTHERRESULT$ bitw? Z armii licz¹cej $THEIRNUM$, zginê³o $THEIRLOST$ ¿o³nierzy.;Hemos $RESULT$ la $NAME$.;ha $OTHERRESULT$ la battaglia. Di $THEIRNUM$ uomini, $THEIRLOST$ sono stati uccisi.;$OTHERRESULT$ a csatában. Az ?oldalukon a $THEIRNUM$ fõbõl $THEIRLOST$ veszett oda.;dosáhl $OTHERRESULT$ v boji. Z $THEIRNUM$ voják?jich $THEIRLOST$ padlo.;;;;;;
LANDBATTLEOVER_BTN1;OK;OK;OK;$RESULT$ $NAME$.;Aceptar;Noi abbiamo $RESULT$ $NAME$.;$NAME$ eredménye: $RESULT$.;My jsme dosáhli: $RESULT$ $NAME$.;;;;;;
LANDBATTLEOVER_BTN2;OK;OK;OK;OK;Aceptar;OK;Rendben;OK;;;;;;
LANDBATTLEOVER_BTN3;Goto;ALLER ?Goto;OK;Ir all?OK;Rendben;OK;;;;;;;;
LANDBATTLEOVER_MAP;$RESULT$ ;$RESULT$  ;*;Id?do;$RESULT$ ;Andare;Ugrás;Pøejít na;;;;;;
WE;we;nous;wir;*;nosotros;*;*;;;;;;;
NAVALBATTLEOVER_SETUP;When a naval battle is over;Si une bataille navale est terminée;Wenn eine Seeschlacht vorbei ist;my;Cuando acaba una batalla naval;noi;mi;my;;;;;;
NAVALBATTLEOVER_HEADER;The Admiralty reports that;$chief_of_navy$ rapporte que;$chief_of_navy$ berichtet:;Kiedy bitwa morska dobiegnie koñca;La Armada nos informa que;Quando finisce una battaglia navale;Ha egy tengeri ütközetnek vége;Kdy?skonèí bitva na moøi;;;;;;
NAVALBATTLEOVER_1;$NAME$;$NAME$;Die $NAME$;;$NAME$;;;;;;;;;
NAVALBATTLEOVER_2;$MONARCHTITLE$, we have $RESULT$;$MONARCHTITLE$, nous avons $RESULT$;Wir haben die $NAME$;$NAME$ jest skoñczona!;$MONARCHTITLE$, ¡hemos $RESULT$;$NAME$ ?finita!;$NAME$ véget ért!;$NAME$ je u konce!;;;;;;
NAVALBATTLEOVER_3;The $NAME$!;$NAME$ !;$RESULT$. ;$RESULT$;la $NAME$!;$MONARCHTITLE$, abbiamo $RESULT$;Népünk $RESULT$;$MONARCHTITLE$, známe výsledky: $RESULT$;;;;;;
NAVALBATTLEOVER_4;The fleet from;La flotte de;Die Flotte(n) von $OTHER$ ;$NAME$!;La flota de;$NAME$!;a $NAME$ tengeri ütközetben!;$NAME$!;;;;;;
NAVALBATTLEOVER_5;$OTHER$;$OTHER$;$OTHERRESULT$.;Si³y;$OTHER$;Le forze di:;   ;Jednotky;;;;;;
NAVALBATTLEOVER_6;is $OTHERRESULT$. We lost $SHIPS$ while they lost $THEIRSHIP$ .;est $OTHERRESULT$. Nous avons perdu $SHIPS$ alors qu'ils en ont perdu $THEIRSHIP$.;Wir verloren $SHIPS$, $OTHER$ verlor $THEIRSHIP$.;$OTHER$ - ;ha $OTHERRESULT$. Hemos perdido $SHIPS$ y ellos $THEIRSHIP$.;$OTHER$;$OTHER$ erõi;$OTHER$;;;;;;
NAVALBATTLEOVER_LOG;We $RESULT$ the $NAME$.;Nous avons $RESULT$ $NAME$.;Wir haben die $NAME$ $RESULT$.;;Hemos $RESULT$ la $NAME$.;;;;;;;;;
NAVALBATTLEOVER_BTN1;OK;OK;OK;$RESULT$ $NAME$.;Aceptar;Noi abbiamo $RESULT$ $NAME$.;$NAME$ eredménye: $RESULT$.;My jsme dosáhli: $RESULT$ $NAME$.;;;;;;
NAVALBATTLEOVER_BTN2;OK;OK;OK;OK;Aceptar;OK;Rendben;OK;;;;;;
NAVALBATTLEOVER_BTN3;Goto;ALLER ?Goto;OK;Ir all?OK;Rendben;OK;;;;;;;;
NAVALBATTLEOVER_MAP;$RESULT$ ;$RESULT$  ;*;Id?do;$RESULT$ ;Andare;Ugrás;Pøejít na;;;;;;
WE_MOBILIZE_SETUP;When we mobilize in preparation of war.;Si nous nous mobilisons pour préparer une guerre.;Wenn wir für den Krieg mobilisieren.;*;Cuando nos movilizamos en preparación de una guerra;*;*;;;;;;;
WE_MOBILIZE_HEADER;We have decided to;Nous avons déclench?la;Wir haben die;;Hemos empezado a;;;;;;;;;
WE_MOBILIZE_1;MOBILIZE;MOBILISATION;MOBILISIERUNG;;MOVILIZAR;;;;;;;;;
WE_MOBILIZE_2;our armed forces, and we will soon be able to field a strong army. This however, will be seen as a threatening move to our potential enemies.;de nos forces armées et nous serons bientôt en mesure de réunir une armée puissante.  Cela sera cependant considér?comme un geste menaçant par nos ennemis potentiels.;unserer Streitkräfte beschlossen und werden bald eine starke Armee aufgestellt haben. Dies wird allerdings von unseren möglichen Feinden als Bedrohung angesehen werden.;;nuestras fuerzas armadas y pronto seremos capaces de desplegar un poderoso ejército. Desgraciadamente, esto ser?visto como un movimiento amenazador por nuestros enemigos potenciales.;;;;;;;;;
WE_MOBILIZE_3;*;*;*;;*;;;;;;;;;
WE_MOBILIZE_4;*;*;*;;*;;;;;;;;;
WE_MOBILIZE_5;*;*;*;;*;;;;;;;;;
WE_MOBILIZE_6;*;*;*;;*;;;;;;;;;
WE_MOBILIZE_LOG;We have started to mobilize our reserves.;Nous avons commenc??mobiliser nos réserves.;Wir haben begonnen, unsere Reserven zu mobilisieren.;;Hemos comenzado a movilizar nuestras reservas.;;;;;;;;;
WE_MOBILIZE_BTN1;OK;OK;OK;;Aceptar;;;;;;;;;
WE_MOBILIZE_BTN2;OK;OK;OK;;Aceptar;;;;;;;;;
WE_MOBILIZE_BTN3;Details;Détails;Details;;Detalles;;;;;;;;;
WE_MOBILIZE_MAP;*;*;*;;*;;;;;;;;;
WE_DEMOBILIZE_SETUP;When we decide to demobilize.;Si nous décidons de démobiliser.;Wenn wir die Demobilisierung beschließen.;;Cuando decidimos desmovilizarnos;;;;;;;;;
WE_DEMOBILIZE_HEADER;We have decided to;Nous avons décid?de;Wir haben die;;¡Hemos decidido;;;;;;;;;
WE_DEMOBILIZE_1;DEMOBILIZE;DÉMOBILISER;DEMOBILISIERUNG;;DESMOVILIZAR;;;;;;;;;
WE_DEMOBILIZE_2;our armed forces, and our troops are now standing down.;nos forces armées et nos troupes sont au repos.;unserer Streitkräfte beschlossen, und unsere Truppen sind nun inaktiv.;;nuestras fuerzas armadas y nuestras tropas están ahora detenidas!;;;;;;;;;
WE_DEMOBILIZE_3;*;*;*;;*;;;;;;;;;
WE_DEMOBILIZE_4;*;*;*;;*;;;;;;;;;
WE_DEMOBILIZE_5;*;*;*;;*;;;;;;;;;
WE_DEMOBILIZE_6;*;*;*;;*;;;;;;;;;
WE_DEMOBILIZE_LOG;We have given the orders to demobilize our reserves.;Nous avons ordonn?la démobilisation de nos réserves.;Wir haben Befehl gegeben, unsere Reserven zu demobilisieren.;;Hemos dado órdenes para desmovilizar nuestras reservas.;;;;;;;;;
WE_DEMOBILIZE_BTN1;OK;OK;OK;;Aceptar;;;;;;;;;
WE_DEMOBILIZE_BTN2;OK;OK;OK;;Aceptar;;;;;;;;;
WE_DEMOBILIZE_BTN3;Details;Détails;Details;;Detalles;;;;;;;;;
WE_DEMOBILIZE_MAP;*;*;*;;*;;;;;;;;;
OTHER_MOBILIZE_SETUP;When another mobilize in preparation of war.;Si quelqu'un d'autre mobilise pour préparer une guerre.;Wenn ein anderes Land für den Krieg mobilisiert.;;Cuando otro se moviliza en preparación de una guerra;;;;;;;;;
OTHER_MOBILIZE_HEADER;The Secret Police report that;La police secrète indique :;Der Geheimdienst berichtet:;;La policía secreta informa de que;;;;;;;;;
OTHER_MOBILIZE_1;$COUNTRY$ is mobilizing;$COUNTRY$ mobilise actuellement;$COUNTRY$;;$COUNTRY$ esta movilizando;;;;;;;;;
OTHER_MOBILIZE_2;their armed forces, and they will soon be able to field a strong army. ;ses forces armées et que ce pays sera bientôt en mesure de réunir une armée puissante.  ;hat seine Streitkräfte;;sus fuerzas armadas y pronto serán capaces de desplegar un fuerte ejército.;;;;;;;;;
OTHER_MOBILIZE_3;*;*;MOBILISIERT;;*;;;;;;;;;
OTHER_MOBILIZE_4;*;*;und wird sie bald zu einer starken Armee aufgestellt haben.;;*;;;;;;;;;
OTHER_MOBILIZE_5;*;*;*;;*;;;;;;;;;
OTHER_MOBILIZE_6;*;*;*;;*;;;;;;;;;
OTHER_MOBILIZE_LOG;$COUNTRY$ has started to mobilize their reserves.;$COUNTRY$ a commenc??mobiliser ses réserves.;$COUNTRY$ hat begonnen, alle Reserven zu mobilisieren.;;$COUNTRY$ ha comenzado a movilizar sus reservas.;;;;;;;;;
OTHER_MOBILIZE_BTN1;OK;OK;OK;;Aceptar;;;;;;;;;
OTHER_MOBILIZE_BTN2;OK;OK;OK;;Aceptar;;;;;;;;;
OTHER_MOBILIZE_BTN3;Details;Détails;Details;;Detalles;;;;;;;;;
OTHER_MOBILIZE_MAP;*;*;*;;*;;;;;;;;;
OTHER_DEMOBILIZE_SETUP;When another country decides to demobilize.;Si un autre pays décide de démobiliser.;Wenn ein anderes Land die Demobilisierung beschließt.;;Cuando otro país decide desmovilizarse;;;;;;;;;
OTHER_DEMOBILIZE_HEADER;There are reports that;Des rapports font état que;Es liegen Berichte vor, dass;;Hay informes que indican que;;;;;;;;;
OTHER_DEMOBILIZE_1;$COUNTRY$ is demobilizing;$COUNTRY$ démobilise actuellement;$COUNTRY$ seine;;$COUNTRY$ est?desmovilizando;;;;;;;;;
OTHER_DEMOBILIZE_2;their armed forces, and their troops are now standing down.;ses forces armées et que leurs troupes sont maintenant au repos.;Streitkräfte demobilisiert hat und ihre Truppen nun inaktiv sind.;;sus fuerzas armadas y sus tropas están ahora detenidas.;;;;;;;;;
OTHER_DEMOBILIZE_3;*;*;*;;*;;;;;;;;;
OTHER_DEMOBILIZE_4;*;*;*;;*;;;;;;;;;
OTHER_DEMOBILIZE_5;*;*;*;;*;;;;;;;;;
OTHER_DEMOBILIZE_6;*;*;*;;*;;;;;;;;;
OTHER_DEMOBILIZE_LOG;$COUNTRY$ has given the orders to demobilize their reserves.;$COUNTRY$ a ordonn?la démobilisation de ses réserves.;$COUNTRY$ hat den Befehl gegeben, die Reserven zu demobilisieren.;;$COUNTRY$ ha dado órdenes para desmovilizar sus reservas.;;;;;;;;;
OTHER_DEMOBILIZE_BTN1;OK;OK;OK;;Aceptar;;;;;;;;;
OTHER_DEMOBILIZE_BTN2;OK;OK;OK;;Aceptar;;;;;;;;;
OTHER_DEMOBILIZE_BTN3;Details;Détails;Details;;Detalles;;;;;;;;;
OTHER_DEMOBILIZE_MAP;*;*;*;;*;;;;;;;;;
DISBAND_SETUP;When a unit is disbanded;Si une unit?est démantelée;Wenn eine Einheit aufgelöst wird;;Cuando se desbanda una unidad;;;;;;;;;
DISBAND_HEADER;$chief_of_staff$ reports;$chief_of_staff$ rapporte que;$chief_of_staff$ berichtet:;Kiedy jednostka zostaje rozwi¹zana;$chief_of_staff$ informa de que;Quando un'unit?viene sciolta;Mikor egy egységet szétoszlatnak;Kdy?je rozpuštìna jednotka;;;;;;
DISBAND_1;Unit Disbanded.;Unit?démantelée.;Einheit aufgelöst.;;Unidad desbandada;;;;;;;;;
DISBAND_2;$MONARCHTITLE$, we have disbanded;$MONARCHTITLE$, nous avons démantel?l'unit?:;*;Jednostka rozwi¹zana;$MONARCHTITLE$, hemos desbandado;Unit?sciolta.;Egység szétoszlatva;Jednotka byla rozpuštìna.;;;;;;
DISBAND_3;$UNIT$;$UNIT$;$UNIT$;Rozwi¹zaliœmy;$UNIT$;$MONARCHTITLE$, abbiamo sciolto l'unit?;Szétoszlattuk a következõt:;$MONARCHTITLE$, rozpustili jsme;;;;;;
DISBAND_4;No doubt the scum of the earth that make up our armies will squander their more than generous pay in the taverns..;Il ne fait aucun doute que la racaille qui compose nos troupes va aller dépenser sa solde plus que généreuse dans les tavernes.;Das Gesocks, das in unseren Armeen dient, wird seinen mehr als großzügigen Sold zweifelsohne in den Schenken verprassen.;$UNIT$.;Sin duda, la escoria de la tierra que compone nuestros ejércitos dilapidar?su más que generosa paga en las tabernas...;$UNIT$.;$UNIT$;$UNIT$;;;;;;
DISBAND_5;*;*;*;Bez w¹tpienia ci ³ajdacy, którzy s³u¿¹ w naszej armii roztrwoni?swój bardziej ni?pokaŸny ¿o³d w tawernach.;*;Non c'?dubbio che quella feccia di cui ?fatto il nostro esercito sperperer?la nostra generosissima paga alla taverna.;Semmi kétség, hogy az söpredék, amibõl a seregünk állt még több pénzt fog elkölteni a kocsmákban.;Nen?pochyb, že ti mizerov?byli k nièemu a svùj více ne?štìdr?žold jen propíjeli v tavernách.;;;;;;
DISBAND_6;*;*;*;*;*;*;*;;;;;;;
DISBAND_LOG;$UNIT$ was disbanded.;$UNIT$ : unit?démantelée.;$UNIT$ wurde aufgelöst.;*;Se ha desbandado $UNIT$.;*;*;;;;;;;
DISBAND_BTN1;OK;OK;OK;Jednostka $UNIT$ zosta³a rozwi¹zana.;Aceptar;L'unit? $UNIT$ ?stata sciolta.;$UNIT$ feloszlatva.;$UNIT$ byla rozpuštìna.;;;;;;
DISBAND_BTN2;OK;OK;OK;OK;Aceptar;OK;Rendben;OK;;;;;;
DISBAND_BTN3;Goto;ALLER ?Goto;OK;Ir all?OK;Rendben;OK;;;;;;;;
DISBAND_MAP;*;*;*;Id?do;*;Andare;Ugrás;Pøejít na;;;;;;
TRANSFEREDSUBUNIT_SETUP;When a ship, wing or division is transferred from one unit to another.;Si un navire, un détachement ou une division est transfér?d'une unit??une autre.;Wenn ein Schiff, Geschwader oder eine Division von einer Einheit zu einer anderen transferiert wird.;*;Cuando un buque, ala o división se transfiere de una unidad a otra;*;*;;;;;;;
TRANSFEREDSUBUNIT_HEADER;$chief_of_staff$ reports;$chief_of_staff$ rapporte que;$chief_of_staff$ berichtet:;;?chief_of_staff$ informa que;;;;;;;;;
TRANSFEREDSUBUNIT_1;$SUB$ reassigned!;$SUB$ réaffectée !;Einheit umgruppiert;;se ha reasignado $SUB$!;;;;;;;;;
TRANSFEREDSUBUNIT_2;$MONARCHTITLE$, we have reassigned $SUB$ from $OLD$ to;$MONARCHTITLE$, nous avons réaffect?l'unit?$SUB$ de l'unit?$OLD$ ?l'unit?Wir haben $SUB$ von $OLD$ nach;;$MONARCHTITLE$, hemos reasignado $SUB$ de $OLD$ a;;;;;;;;;;
TRANSFEREDSUBUNIT_3;$NEW$;$NEW$;$NEW$ umgruppiert.;;$NEW$;;;;;;;;;
TRANSFEREDSUBUNIT_4;*;*;*;;*;;;;;;;;;
TRANSFEREDSUBUNIT_5;*;*;*;;*;;;;;;;;;
TRANSFEREDSUBUNIT_6;*;*;*;;*;;;;;;;;;
TRANSFEREDSUBUNIT_LOG;$SUB$ has been assigned to $NEW$.;L'unit?$SUB$ a ét?transférée ?l'unit?$NEW$.;$SUB$ wurde $NEW$ eingegliedert.;;Se ha asignado $SUB$ a $NEW$.;;;;;;;;;
TRANSFEREDSUBUNIT_BTN1;OK;OK;OK;;Aceptar;;;;;;;;;
TRANSFEREDSUBUNIT_BTN2;OK;OK;OK;;Aceptar;;;;;;;;;
TRANSFEREDSUBUNIT_BTN3;Goto;ALLER ?Goto;;Ir all?;;;;;;;;;;
TRANSFEREDSUBUNIT_MAP;*;*;*;;*;;;;;;;;;
SHIPSUNK_SETUP;When one of your ships sinks due to attrition;Si l'un de vos navires coule ?cause de l'attrition.;Wenn eines Ihrer Schiffe aufgrund seiner Verlustquote sinkt;;Cuando uno de nuestros buques se hunde debido al desgaste;;;;;;;;;
SHIPSUNK_HEADER;The Admiralty reports;$chief_of_navy$ rapporte que;$chief_of_navy$ berichtet:;Kiedy jeden z twoich okrêtów idzie na dno z powodu zu¿ycia;¡La Armada nos informa de que;Quando una delle tue navi affonda per logoramento;Egyik hajód elsüllyedt az elhasználódás miatt;Kdy?se jedna z našich lod?potop?;;;;;;
SHIPSUNK_1;Ship Lost!;qu'un navire a ét?perdu !;Schiff gesunken!;;hemos perdido un buque!;;;;;;;;;
SHIPSUNK_2;$MONARCHTITLE$, one of our vessels has been;$MONARCHTITLE$, l'un de nos vaisseaux a ét?Eines unserer Schiffe ist;Straciliœmy okrêt!;$MONARCHTITLE$, ¡uno de nuestros buques se ha;Una nave ?perduta!;Elveszett egy haj?;Lo?je ztracena!;;;;;;;
SHIPSUNK_3;LOST!;PERDU;GESUNKEN!;Jeden z naszych okrêtów;PERDIDO!;$MONARCHTITLE$, uno dei nostri vascelli ?Az egyik hajónk;$MONARCHTITLE$, jedno z našich plavidel;;;;;;;
SHIPSUNK_4;while traversing the hazardous waters of;en traversant les eaux périlleuses de la province de :;Es befuhr die gefährlichen Gewässer von;ZATON¥^;mientras navegaba por las peligrosas aguas de;PERDUTO!;ELVESZETT!;SE POTOPILO;;;;;;
SHIPSUNK_5;$PROV$;$PROV$.;$PROV$;pokonuj¹c niebezpieczne wody;$PROV$;mentre navigava nelle perigliose acque di:;miközben;pøi plavb?v nebezpeèných vodách;;;;;;
SHIPSUNK_6;*;*;*;$PROV$.;*;$PROV$;$PROV$ veszélyes vizein hajózott.;$PROV$;;;;;;
SHIPSUNK_LOG;A ship was lost in $PROV$;Un navire a ét?perdu dans la province de : $PROV$.;Ein Schiff ging in $PROV$ verloren.;*;Se ha perdido un buque en $PROV$;*;*;;;;;;;
SHIPSUNK_BTN1;OK;OK;OK;Straciliœmy okrêt w prowincji $PROV$.;Aceptar;Abbiamo perso una nave in $PROV$.;Egy haj?elveszett $PROV$ provinciánál;V $PROV$ se potopila lo?;;;;;;
SHIPSUNK_BTN2;OK;OK;OK;OK;Aceptar;OK;Rendben;OK;;;;;;
SHIPSUNK_BTN3;Goto;ALLER ?Goto;OK;Ir all?OK;Rendben;OK;;;;;;;;
SHIPSUNK_MAP;A ship is lost!;Nous avons perdu un navire !;Schiff gesunken!;Id?do;¡Se ha perdido un buque!;Andare;Ugrás;Pøejít na;;;;;;
LEADERDIED_SETUP;When one of our leaders died;Si l'un de nos leaders meurt.;Wenn einer unserer Anführer stirbt;Okrêt zaton¹³!;Cuando muere uno de nuestros líderes;Una nave ?perduta!;Egy haj?elveszett;Lo?je ztracena!;;;;;;
LEADERDIED_HEADER;$MESSENGER$;$MESSENGER$;$MESSENGER$;Kiedy jeden z naszych dowódców umiera;$MESSENGER$;Quando muore uno dei nostri leader;Ha az egyik vezérünk meghal;Kdy?jeden z našich vùdc?zemøe;;;;;;
LEADERDIED_1;A Military Leader has Died!;Un de nos leaders militaires est mort !;Ein Kommandeur ist gestorben!;$MESSENGER$;¡Ha muerto un líder militar!;$MESSENGER$;$MESSENGER$;$MESSENGER$;;;;;;
LEADERDIED_2;$MONARCHTITLE$, we have ill news indeed;$MONARCHTITLE$, nous avons en effet de tristes nouvelles.;Wir haben wahrlich schlechte Nachrichten:;Dowódca umar?;$MONARCHTITLE$, tenemos malas noticias;Un condottiero ?morto!;Egy katonai vezetõnk elesett!;Vojensk?velitel zemøel!;;;;;;
LEADERDIED_3;$TYPE$ $NAME$ is Dead!;$TYPE$ $NAME$ est mort !;$TYPE$ $NAME$ ist tot!;Mamy smutne wieœci - ;?TYPE$ $NAME$ ha muerto!;$MONARCHTITLE$, abbiamo pessime notizie.;Rossz híreket hoztunk?$MONARCHTITLE$, pøin?íme špatn?zprávy;;;;;;;
LEADERDIED_4;He served us faithfully and well. Only the finest funeral will do for such a colossus of the battlefield.;Il nous a servi avec loyaut?et compétence. Un tel titan du champ de bataille mérite les plus belles funérailles.;Er hat uns treu und gut gedient. Für solch einen Helden ist nur das glorreichste Begräbnis gut genug.;$TYPE$ $NAME$ nie ¿yje!;Nos sirvi?con eficacia y lealtad. Solo el mejor funeral ser?apropiado para tal coloso de la batalla.;$TYPE$ $NAME$ ?morto!;$NAME$, a nagyszer?$TYPE$ halott!;$TYPE$ $NAME$ je mrtev!;;;;;;
LEADERDIED_5;*;*;*;S³u¿y?nam dobrze i wiernie. Posta?tego formatu zas³uguje na najwspanialszy pogrzeb. ;*;Ci ha servito bene e fedelmente, sar?necessario allestire una solenne commemorazione funebre per onorare un simile eroe.;Hûséggel és becsülettel szolgált minket, kijár neki a legpompázatosabb temetés!;Sloužil nám vìrn?a dobøe, takov?velikán bitevních pol?si zaslouží jen ten nejdùstojnìjší pohøeb.;;;;;;
LEADERDIED_6;*;*;*;*;*;*;*;;;;;;;
LEADERDIED_LOG;$TYPE$ $NAME$ has died.;$TYPE$ $NAME$ est mort.;$TYPE$ $NAME$ ist gestorben.;*;$TYPE$ $NAME$ ha muerto.;*;*;;;;;;;
LEADERDIED_BTN1;OK;OK;OK;$TYPE$ $NAME$ umiera.;Aceptar;$TYPE$ $NAME$ ?morto.;$NAME$ $TYPE$ elesett.;$TYPE$ $NAME$ zemøel.;;;;;;
LEADERDIED_BTN2;OK;OK;OK;OK;Aceptar;OK;Rendben;OK;;;;;;
LEADERDIED_BTN3;Goto;ALLER ?Goto;OK;Ir all?OK;Rendben;OK;;;;;;;;
LEADERDIED_MAP;*;*;*;Id?do;*;Andare;Ugrás;Pøejít na;;;;;;
