Key;English;French;German;Polish;Spanish;Italian;Swedish;Czech;Hungarian;Dutch;Portuguese;Russian;Finnish;
ABU_communist;The Communist Faction;Faction communiste;Die kommunistische Fraktion;;La facción comunista;;;;;;;;;
ABU_conservative;Sheikhs Council;Conseil des Cheikhs;Scheichrat;;Consejo de jeques;;;;;;;;;
ABU_conservative_2;Trucial Sheiks;Sheiks Trucial;Befriedete Scheichs;;Jeques truciales;;;;;;;;;
ABU_fascist;The Fascist Faction;Faction fasciste;Die faschistische Fraktion;;La facción fascista;;;;;;;;;
ABU_liberal;The Liberal Faction;Faction libérale;Die liberale Fraktion;;La facción liberal;;;;;;;;;
ABU_reactionary;The Nationalist Faction;Faction nationaliste;Die nationalistische Fraktion;;La facción nacionalista;;;;;;;;;
ABU_socialist;The Socialist Faction;Faction socialiste;Die sozialistische Fraktion;;La facción socialista;;;;;;;;;
AFG_anarcho_liberal;The Radical Faction;Faction radicale;Die radikale Fraktion;;La facción radical;;;;;;;;;
AFG_communist;People's Democratic Party of Afghanistan;;;;;;;;;;;;;
AFG_conservative;Amir Faction;Faction Amir;Amir-Fraktion;;Facción Amir;;;;;;;;;
AFG_fascist;The Fascist Faction;Faction fasciste;Die faschistische Fraktion;;La facción fascista;;;;;;;;;
AFG_liberal;Pashah Faction;Faction Pashah;Pascha-Fraktion;;Facción Bajá;;;;;;;;;
AFG_liberal_2;The Liberal Faction;Faction libérale;Die liberale Fraktion;;La facción liberal;;;;;;;;;
AFG_reactionary;The Nationalist Faction;Faction nationaliste;Die nationalistische Fraktion;;La facción nacionalista;;;;;;;;;
AFG_socialist;The Socialist Faction;Faction socialiste;Die sozialistische Fraktion;;La facción socialista;;;;;;;;;
AJU_anarcho_liberal_93;Radical Liberals;Radical Liberals;Radical Liberals;;;;;;;;;;;
AJU_communist_86;Communists;Communists;Communists;;;;;;;;;;;
AJU_conservative_92;Conservatives;Conservatives;Conservatives;;;;;;;;;;;
AJU_fascist_72;Fascists;Fascists;Fascists;;;;;;;;;;;
AJU_liberal_79;Liberals;Liberals;Liberals;;;;;;;;;;;
AJU_liberal_87;National Liberals;National Liberals;National Liberals;;;;;;;;;;;
AJU_reactionary_84;Monarchy Leadership;Monarchy Leadership;Monarchy Leadership;;;;;;;;;;;
AJU_socialist_85;Socialists;Socialists;Socialists;;;;;;;;;;;
AJU_socialist_99;National Socialists;National Socialists;National Socialists;;;;;;;;;;;
ALB_anarcho_liberal;The Radical Faction;Faction radicale;Die radikale Fraktion;;La facción radical;;;;;;;;;
ALB_communist;The Communist Faction;Faction communiste;Die kommunistische Fraktion;;La facción comunista;;;;;;;;;
ALB_conservative;Pasha Faction;Faction Pasha;Pascha-Fraktion;;Facción bajá;;;;;;;;;
ALB_conservative_2;Royal Faction;Faction royale;Königsfraktion;;Facción real;;;;;;;;;
ALB_fascist;The Fascist Faction;Faction fasciste;Die faschistische Fraktion;;La facción fascista;;;;;;;;;
ALB_liberal;National Assembly;Assemblée nationale;Nationalversammlung;;Asamblea Nacional;;;;;;;;;
ALB_liberal_2;The Liberal Faction;Faction libérale;Die liberale Fraktion;;La facción liberal;;;;;;;;;
ALB_reactionary;League of Pirzen;Ligue de Pirzen;Liga von Prizren;;Liga de Pilzen;;;;;;;;;
ALB_reactionary_2;The Nationalist Faction;Faction nationaliste;Die nationalistische Fraktion;;La facción nacionalista;;;;;;;;;
ALB_socialist;The Socialist Faction;Faction socialiste;Die sozialistische Fraktion;;La facción socialista;;;;;;;;;
ALD_anarcho_liberal;The Radical Faction;Faction radicale;Die radikale Fraktion;;La facción radical;;;;;;;;;
ALD_communist;The Communist Faction;Faction communiste;Die kommunistische Fraktion;;La facción comunista;;;;;;;;;
ALD_conservative;Bey Faction;Faction Bey;Bey-Fraktion;;Facción bey;;;;;;;;;
ALD_fascist;The Fascist Faction;Faction fasciste;Die faschistische Fraktion;;La facción fascista;;;;;;;;;
ALD_liberal;Conceil Général;Conseil général;Conseil Général;;Conceil Général;;;;;;;;;
ALD_liberal_2;Jeunesse Algérienne;Jeunesse algérienne;Jeunesse Algérienne;;Jeunesse Algérienne;;;;;;;;;
ALD_liberal_3;The Liberal Faction;Faction libérale;Die liberale Fraktion;;La facción liberal;;;;;;;;;
ALD_reactionary;Amir Faction;Faction Amir;Amir-Fraktion;;Facción Amir;;;;;;;;;
ALD_reactionary_2;The Nationalist Faction;Faction nationaliste;Die nationalistische Fraktion;;La facción nacionalista;;;;;;;;;
ALD_socialist;The Socialist Faction;Faction socialiste;Die sozialistische Fraktion;;La facción socialista;;;;;;;;;
ANH_anarcho_liberal;Radical Arbeiterpartie;Arbeiterpartie radical;Radikale Arbeiterpartei;;Radical Arbeiterpartie;;;;;;;;;
ANH_communist;Communist Arbeiterpartie;Arbeiterpartie communiste;Kommunistische Arbeiterpartei;;Communist Arbeiterpartie;;;;;;;;;
ANH_conservative;Zentrumspartei;Zentrumspartei;Zentrumspartei;;Zentrumspartei;;;;;;;;;
ANH_conservative_2;Konservative Partei;Konservative Partei;Konservative Partei;;Konservative Partei;;;;;;;;;
ANH_conservative_3;Christsoz. Arbeiterpartei;Christsoz. Arbeiterpartei;Christsoz. Arbeiterpartei;;Christsoz. Arbeiterpartei;;;;;;;;;
ANH_fascist;NSDP;NSDP;NSDP;;NSDP;;;;;;;;;
ANH_liberal;Liberaldem. Partei;Liberaldem. Partei;Liberaldem. Partei;;Liberaldem. Partei;;;;;;;;;
ANH_liberal_2;Nationalliberale ;Nationalliberale ;Nationalliberale ;;Nationalliberale ;;;;;;;;;
ANH_liberal_3;Freisinnige Partei;Freisinnige Partei;Freisinnige Partei;;Freisinnige Partei;;;;;;;;;
ANH_reactionary;Nationale Partei;Nationale Partei;Nationale Partei;;Nationale Partei;;;;;;;;;
ANH_socialist;Deutscher Arbeiterverein;Deutscher Arbeiterverein;Deutscher Arbeiterverein;;Deutscher Arbeiterverein;;;;;;;;;
ANH_socialist_2;Sozialdem. Arbeiterpartei ;Sozialdem. Arbeiterpartei ;Sozialdem. Arbeiterpartei ;;Sozialdem. Arbeiterpartei ;;;;;;;;;
ANH_socialist_3;Sozial. Arbeiterpartei ;Sozial. Arbeiterpartei ;Sozial. Arbeiterpartei ;;Sozial. Arbeiterpartei ;;;;;;;;;
ANN_anarcho_liberal;Viêt Nam Quang Phuc Hôi;Viêt Nam Quang Phuc Hôi;Viêt Nam Quang Phuc Hôi;;Viêt Nam Quang Phuc Hôi;;;;;;;;;
ANN_anarcho_liberal_2;The Radical Party;Parti radical;Die radikale Partei;;El Partido Radical;;;;;;;;;
ANN_communist;The Communist Party;Parti communiste;Die kommunistische Partei;;El Partido Comunista;;;;;;;;;
ANN_conservative;Nguyên danh tù´;Nguyên danh tù´;Nguyên danh tù´;;Nguyên danh tù´;;;;;;;;;
ANN_fascist;The Fascist Party;Parti fasciste;Die faschistische Partei;;El Partido Fascista;;;;;;;;;
ANN_liberal;Cân Vuong;Cân Vuong;Cân Vuong;;Cân Vuong;;;;;;;;;
ANN_liberal_2;Duy Tân Hôi;Duy Tân Hôi;Duy Tân Hôi;;Duy Tân Hôi;;;;;;;;;
ANN_liberal_3;The Liberal Party;Parti libéral;Die liberale Partei;;El Partido Liberal;;;;;;;;;
ANN_liberal_4;The Liberal Party;Parti libéral;Die liberale Partei;;El Partido Liberal;;;;;;;;;
ANN_reactionary;The Nationalist Party;Parti nationaliste;Die nationalistische Partei;;El Partido Nacionalista;;;;;;;;;
ANN_socialist;The Socialist Party;Parti socialiste;Die sozialistische Partei;;El Partido Socialista;;;;;;;;;
APC_anarcho_liberal;Libertarian Party;Partido Federalista;Partido Federalista;;;Partido Federalista;;;;;;;;
APC_communist;Communist Party;Partido communiste;Partido Communist;;;Partido Comunista;;;;;;;;
APC_conservative;Conservative Party;Partido Conservador;Partido Conservador;;;Partido Conservador;;;;;;;;
APC_fascist;Fascist Party;Partido fasciste;Partido Fascist;;;Partido Fascista;;;;;;;;
APC_liberal;Liberal Party;Partido Liberal;Partido Liberal;;;Partido Liberal;;;;;;;;
APC_reactionary;Radical Party;Partido Imperialista;Partido Imperialista;;;Partido Imperialista;;;;;;;;
APC_socialist;Socialist Party;Partido socialiste;Partido Socialist;;;Partido Socialista;;;;;;;;
ARA_anarcho_liberals;Anarcho-Liberals;Anarcho-libéraux;Anarcho-Liberale;;;;;;;;;;;
ARA_communist;Communists;Communistes;Kommunisten;;;;;;;;;;;
ARA_conservative;Conservatives;Conservateurs;Konservative;;;;;;;;;;;
ARA_fascist;National Socialist Party;Parti national-socialiste;Faschisten;;;;;;;;;;;
ARA_liberal;Liberals;Libéraux;Liberale;;;;;;;;;;;
ARA_reactionary;Reactionaries;Réactionnaires;Reaktionäre;;;;;;;;;;;
ARA_socialist;Socialists;Socialistes;Sozialisten;;;;;;;;;;;
ARG_anarcho_liberal;Partido Radical;Partido radical;Partido Radical;;Partido Radical;;;;;;;;;
ARG_communist;Partido Comunista;Partido communiste;Partido Communist;;Partido Comunista;;;;;;;;;
ARG_conservative;Partido Federal;Partido Federal;Partido Federal;;Partido Federal;;;;;;;;;
ARG_conservative_2;Partido Nacional;Partido Nacional;Partido Nacional;;Partido Nacional;;;;;;;;;
ARG_conservative_3;Autonomista Nacional;Autonomista Nacional;Autonomista Nacional;;Autonomista Nacional;;;;;;;;;
ARG_conservative_4;Partido Autonomista;Partido Autonomista;Partido Autonomista;;Partido Autonomista;;;;;;;;;
ARG_conservative_5;Unión Civica Nacional;Unión Civica Nacional;Unión Civica Nacional;;Unión Cívica Nacional;;;;;;;;;
ARG_fascist;Partido Fascista;Partido fasciste;Partido Fascist;;Partido Fascista;;;;;;;;;
ARG_liberal;Partido Liberal;Partido Liberal;Partido Liberal;;Partido Liberal;;;;;;;;;
ARG_liberal_2;Partido Unitario;Partido Unitario;Partido Unitario;;Partido Unitario;;;;;;;;;
ARG_liberal_3;Unión Civica;Unión Civica;Unión Civica;;Unión Cívica;;;;;;;;;
ARG_liberal_4;Unión Civica Radical;Unión Civica Radical;Unión Civica Radical;;Unión Cívica Radical;;;;;;;;;
ARG_reactionary;Partido Reaccionario;Partido réactionnaire;Partido Reactionary;;Partido Reaccionario;;;;;;;;;
ARG_socialist;Partido Socialista;Partido Socialista;Partido Socialista;;Partido Socialista;;;;;;;;;
ARM_anarcho_liberal;The Radical Faction;Faction radicale;Die radikale Fraktion;;La facción radical;;;;;;;;;
ARM_communist;The Communist Faction;Faction communiste;Die kommunistische Fraktion;;La facción comunista;;;;;;;;;
ARM_conservative;Bey Faction;Faction Bey;Bey-Fraktion;;Facción bey;;;;;;;;;
ARM_conservative_2;Armenakans;Armenakans;Armenakans;;Armenakans;;;;;;;;;
ARM_fascist;The Fascist Faction;Faction fasciste;Die faschistische Fraktion;;La facción fascista;;;;;;;;;
ARM_liberal;Toughte Sherepa;Toughte Sherepa;Toughte Sherepa;;Toughte Sherepa;;;;;;;;;
ARM_liberal_2;The Liberal Faction;Faction libérale;Die liberale Fraktion;;La facción liberal;;;;;;;;;
ARM_liberal_3;The Liberal Faction;Faction libérale;Die liberale Fraktion;;La facción liberal;;;;;;;;;
ARM_reactionary;The Nationalist Faction;Faction nationaliste;Die nationalistische Fraktion;;La facción nacionalista;;;;;;;;;
ARM_socialist;Hnchakians;Hnchakians;Hnchakians;;Hnchakians;;;;;;;;;
ARM_socialist_2;Dashnaktsutiunk;Dashnaktsutiunk;Dashnaktsutiunk;;Dashnaktsutiunk;;;;;;;;;
AST_anarcho_liberal;Radical Party;Parti radical;Radical Party;;Partido Radical;;;;;;;;;
AST_communist;Communist Party Australia;Parti communiste australien;Communist Party Australia;;Partido Comunista Australiano;;;;;;;;;
AST_conservative;Protectionist Party;Parti protectionniste;Protectionist Party;;Partido Proteccionista;;;;;;;;;
AST_conservative_2;Country Party;Parti national;Country Party;;Partido Nacional;;;;;;;;;
AST_fascist;Fascist Party;Parti fasciste;Fascist Party;;Partido Fascista;;;;;;;;;
AST_liberal;Free Trade Party;Parti du libre échange;Free Trade Party;;Partido del Libre Comercio;;;;;;;;;
AST_liberal_2;Liberal Party;Parti libéral;Liberal Party;;Partido Liberal;;;;;;;;;
AST_reactionary;Nationalist Party;Parti nationaliste;Nationalist Party;;Partido Nacionalista;;;;;;;;;
AST_socialist;Australian Labour Party;Parti travailliste australien;Australian Labour Party;;Partido Laborista Australiano;;;;;;;;;
ATJ_anarcho_liberal;The Radical Faction;Faction radicale;Die radikale Fraktion;;La Facción Radical;;;;;;;;;
ATJ_communist;The Communist Faction;Faction communiste;Die kommunistische Fraktion;;La Facción Comunista;;;;;;;;;
ATJ_conservative;Royal Faction;Faction royale;Königsfraktion;;Facción real;;;;;;;;;
ATJ_fascist;The Fascist Faction;Faction fasciste;Die faschistische Fraktion;;La Facción Fascista;;;;;;;;;
ATJ_liberal;The Liberal Faction;Faction libérale;Die liberale Fraktion;;La Facción Liberal;;;;;;;;;
ATJ_reactionary;The Nationalist Faction;Faction nationaliste;Die nationalistische Fraktion;;La Facción Nacionalista;;;;;;;;;
ATJ_socialist;The Socialist Faction;Faction socialiste;Die sozialistische Fraktion;;La Facción Socialista;;;;;;;;;
AUS_anarcho_liberal;Radical Party;Parti radical;Radical Party;;Partido Radical;;;;;;;;;
AUS_communist;Communists;Communistes;Communists;;Comunistas;;;;;;;;;
AUS_conservative;Metternich's Faction;Faction de Metternich;Metternich-Fraktion;;Facción de Metternich;;;;;;;;;
AUS_conservative_2;Kolovrat's Faction;Faction de Kolovrat;Kolovrat-Fraktion;;Facción de Kolovrat;;;;;;;;;
AUS_conservative_3;Bach's Faction;Faction de Bach;Bach's Faction;;Facción de Bach;;;;;;;;;
AUS_conservative_4;The Iron Ring;Iron Ring;The Iron Ring;;El Anillo de Hierro;;;;;;;;;
AUS_conservative_5;Conservatives;Conservateurs;Conservatives;;Conservadores;;;;;;;;;
AUS_fascist;DNSAP;DNSAP;DNSAP;;DNSAP;;;;;;;;;
AUS_liberal;Federalists;Fédéralistes;Föderalisten;;Federalistas;;;;;;;;;
AUS_liberal_2;Federalist Great Proprietors;Grands propriétaires fédéralistes;Federalist Great Proprietors;;Grandes Propietarios Federalistas;;;;;;;;;
AUS_reactionary;Neo-absolutists;Néo-absolutistes;Neo-Absolutisten;;Neoabsolutistas;;;;;;;;;
AUS_reactionary_2;German Radicals;Radicaux allemands;German Radicals;;Radicales alemanes;;;;;;;;;
AUS_socialist;Radicals;Radicaux;Radikale;;Radicales;;;;;;;;;
AUS_socialist_2;Socialists;Socialistes;Socialists;;Socialistas;;;;;;;;;
AUS_socialist_3;Social Democratic Party;Parti social-démocrate;Social Democratic Party;;Partido Socialdemócrata;;;;;;;;;
AWA_anarcho_liberal;The Radical Faction;Faction radicale;Die radikale Fraktion;;La facción radical;;;;;;;;;
AWA_communist;The Communist Faction;Faction communiste;Die kommunistische Fraktion;;La facción comunista;;;;;;;;;
AWA_conservative;Royal Faction;Faction royale;Königsfraktion;;Facción real;;;;;;;;;
AWA_fascist;The Fascist Faction;Faction fasciste;Die faschistische Fraktion;;La facción fascista;;;;;;;;;
AWA_liberal;The Liberal Faction;Faction libérale;Die liberale Fraktion;;La facción liberal;;;;;;;;;
AWA_reactionary;The Nationalist Faction;Faction nationaliste;Die nationalistische Fraktion;;La facción nacionalista;;;;;;;;;
AWA_socialist;The Socialist Faction;Faction socialiste;Die sozialistische Fraktion;;La facción socialista;;;;;;;;;
AZB_anarcho_liberal;Freedom Party;Parti de la liberté;Freiheitspartei;;Partido Libertario;;;;;;;;;
AZB_communist;Bolshevik Party;Parti bolchevique;Bolschewistische Partei ;;Partido Bolchevique;;;;;;;;;
AZB_conservative;Ittihad;Ittihad;Ittihad;;Ittihad;;;;;;;;;
AZB_fascist;National Front;Front national;Nationale Front;;Frente Nacional;;;;;;;;;
AZB_liberal;Musavat;Musavat;Musavat;;Musavat;;;;;;;;;
AZB_reactionary;Nationalist Party;Parti nationaliste;Nationalistische Partei;;Partido Nacionalista;;;;;;;;;
AZB_socialist;Muslim Social Democratic Party;Parti social-démocrate musulman;Muslimische sozialdemokratische Partei;;Partido Democrático Social Musulmán;;;;;;;;;
BAD_anarcho_liberal;Radikale Arbeiterpartei;Arbeiterpartei radical;Radikale Arbeiterpartei;;Radical Arbeiterpartei;;;;;;;;;
BAD_communist;Kommunistische Arbeiterpartei;Arbeiterpartei communiste;Kommunistische Arbeiterpartei;;Communist Arbeiterpartei;;;;;;;;;
BAD_conservative;Zentrumspartei;Zentrumspartei;Zentrumspartei;;Zentrumspartei;;;;;;;;;
BAD_conservative_2;Konservative Partei;Konservative Partei;Konservative Partei;;Konservative Partei;;;;;;;;;
BAD_conservative_3;Christsoz. Arbeiterpartei;Christsoz. Arbeiterpartei;Christsoz. Arbeiterpartei;;Christsoz. Arbeiterpartei;;;;;;;;;
BAD_fascist;NSDP;NSDP;NSDP;;NSDP;;;;;;;;;
BAD_liberal;Liberaldem. Partei;Liberaldem. Partei;Liberaldem. Partei;;Liberaldem. Partei;;;;;;;;;
BAD_liberal_2;Nationalliberale ;Nationalliberale ;Nationalliberale ;;Nationalliberale ;;;;;;;;;
BAD_liberal_3;Freisinnige Partei;Freisinnige Partei;Freisinnige Partei;;Freisinnige Partei;;;;;;;;;
BAD_reactionary;Nationale Partei;Nationale Partei;Nationale Partei;;Nationale Partei;;;;;;;;;
BAD_socialist;Deutscher Arbeiterverein;Deutscher Arbeiterverein;Deutscher Arbeiterverein;;Deutscher Arbeiterverein;;;;;;;;;
BAD_socialist_2;Sozialdem. Arbeiterpartei ;Sozialdem. Arbeiterpartei ;Sozialdem. Arbeiterpartei ;;Sozialdem. Arbeiterpartei ;;;;;;;;;
BAD_socialist_3;Sozial. Arbeiterpartei ;Sozial. Arbeiterpartei ;Sozial. Arbeiterpartei ;;Sozial. Arbeiterpartei ;;;;;;;;;
BAL_anarcho_liberal;The Radical Faction;Faction radicale;Die radikale Fraktion;;La facción radical;;;;;;;;;
BAL_communist;The Communist Faction;Faction communiste;Die kommunistische Fraktion;;La facción comunista;;;;;;;;;
BAL_conservative;Royal Faction;Faction royale;Königsfraktion;;Facción real;;;;;;;;;
BAL_fascist;The Fascist Faction;Faction fasciste;Die faschistische Fraktion;;La facción fascista;;;;;;;;;
BAL_liberal;The Liberal Faction;Faction libérale;Die liberale Fraktion;;La facción liberal;;;;;;;;;
BAL_reactionary;The Nationalist Faction;Faction nationaliste;Die nationalistische Fraktion;;La facción nacionalista;;;;;;;;;
BAL_socialist;The Socialist Faction;Faction socialiste;Die sozialistische Fraktion;;La facción socialista;;;;;;;;;
BAS_anarcho_liberal;The Radical Faction;Faction radicale;Die radikale Fraktion;;La facción radical;;;;;;;;;
BAS_communist;The Communist Faction;Faction communiste;Die kommunistische Fraktion;;La facción comunista;;;;;;;;;
BAS_conservative;Royal Faction;Faction royale;Königsfraktion;;Facción real;;;;;;;;;
BAS_fascist;The Fascist Faction;Faction fasciste;Die faschistische Fraktion;;La facción fascista;;;;;;;;;
BAS_liberal;The Liberal Faction;Faction libérale;Die liberale Fraktion;;La facción liberal;;;;;;;;;
BAS_reactionary;The Nationalist Faction;Faction nationaliste;Die nationalistische Fraktion;;La facción nacionalista;;;;;;;;;
BAS_socialist;The Socialist Faction;Faction socialiste;Die sozialistische Fraktion;;La facción socialista;;;;;;;;;
BAV_anarcho_liberal;Radikale Arbeiterpartei;Arbeiterpartei radical;Radikale Arbeiterpartei;;Radical Abeiterpartei;;;;;;;;;
BAV_communist;The Communist Faction;Faction communiste;Die kommunistische Fraktion;;La facción comunista;;;;;;;;;
BAV_conservative;Zentrumspartei;Zentrumspartei;Zentrumspartei;;Zentrumspartei;;;;;;;;;
BAV_conservative_2;Konservative Partei;Konservative Partei;Konservative Partei;;Konservative Partei;;;;;;;;;
BAV_conservative_3;Christsoz. Arbeiterpartei;Christsoz. Arbeiterpartei;Christsoz. Arbeiterpartei;;Christsoz. Arbeiterpartei;;;;;;;;;
BAV_fascist;NSDP;NSDP;NSDP;;NSDP;;;;;;;;;
BAV_liberal;Liberaldem. Partei;Liberaldem. Partei;Liberaldem. Partei;;Liberaldem. Partei;;;;;;;;;
BAV_liberal_2;Nationalliberale ;Nationalliberale ;Nationalliberale ;;Nationalliberale ;;;;;;;;;
BAV_liberal_3;Freisinnige Partei;Freisinnige Partei;Freisinnige Partei;;Freisinnige Partei;;;;;;;;;
BAV_reactionary;Nationale Partei;Nationale Partei;Nationale Partei;;Nationale Partei;;;;;;;;;
BAV_socialist;Deutscher Arbeiterverein;Deutscher Arbeiterverein;Deutscher Arbeiterverein;;Deutscher Arbeiterverein;;;;;;;;;
BAV_socialist_2;Sozialdem. Arbeiterpartei ;Sozialdem. Arbeiterpartei ;Sozialdem. Arbeiterpartei ;;Sozialdem. Arbeiterpartei ;;;;;;;;;
BAV_socialist_3;Sozial. Arbeiterpartei ;Sozial. Arbeiterpartei ;Sozial. Arbeiterpartei ;;Sozial. Arbeiterpartei ;;;;;;;;;
BDB_liberal;Liberaldem. Partei;Liberaldem. Partei;Liberaldem. Partei;;Liberaldem. Partei;;;;;;;;;
BDB_conservative;Zentrumspartei;Zentrumspartei;Zentrumspartei;;Zentrumspartei;;;;;;;;;
BDB_liberal_2;Nationalliberale ;Nationalliberale ;Nationalliberale ;;Nationalliberale ;;;;;;;;;
BDB_liberal_3;Freisinnige Partei;Freisinnige Partei;Freisinnige Partei;;Freisinnige Partei;;;;;;;;;
BDB_socialist;Deutscher Arbeiterverein;Deutscher Arbeiterverein;Deutscher Arbeiterverein;;Deutscher Arbeiterverein;;;;;;;;;
BDB_socialist_2;Sozialdem. Arbeiterpartei ;Sozialdem. Arbeiterpartei ;Sozialdem. Arbeiterpartei ;;Sozialdem. Arbeiterpartei ;;;;;;;;;
BDB_socialist_3;Sozial. Arbeiterpartei ;Sozial. Arbeiterpartei ;Sozial. Arbeiterpartei ;;Sozial. Arbeiterpartei ;;;;;;;;;
BDB_reactionary;Nationale Partei;Nationale Partei;Nationale Partei;;Nationale Partei;;;;;;;;;
BDB_conservative_2;Konservative Partei;Konservative Partei;Konservative Partei;;Konservative Partei;;;;;;;;;
BDB_conservative_3;Christsoz. Arbeiterpartei;Christsoz. Arbeiterpartei;Christsoz. Arbeiterpartei;;Christsoz. Arbeiterpartei;;;;;;;;;
BDB_anarcho_liberal;Radikale Arbeiterpartei;Arbeiterpartei radical;Radikale Arbeiterpartei;;Radical Arbeiterpartei;;;;;;;;;
BDB_communist;Kommunistische Arbeiterpartei;Arbeiterpartei communiste;Kommunistische Arbeiterpartei;;Communist Arbeiterpartei;;;;;;;;;
BDB_fascist;NSBD;NSBD;NSBD;;NSBD;;;;;;;;;
BEL_anarcho_liberal;Radical Partij;Partij radical;Radical Partij;;Radical Partij;;;;;;;;;
BEL_communist;Communist Partij;Partij communiste;Communist Partij;;Communist Partji;;;;;;;;;
BEL_conservative;Katholieke Partij;Katholieke Partij;Katholieke Partij;;Katholieke Partij;;;;;;;;;
BEL_conservative_2;Christene Volkspartij;Christene Volkspartij;Christene Volkspartij;;Christene Volkspartij;;;;;;;;;
BEL_conservative_3;Meeting Partij;Meeting Partij;Meeting Partij;;Meeting Partij;;;;;;;;;
BEL_fascist;Fascist Partij;Partij fasciste;Fascist Partij;;Fascist Partji;;;;;;;;;
BEL_liberal;Liberale Partij;Liberale Partij;Liberale Partij;;Liberale Partij;;;;;;;;;
BEL_reactionary;Nationalist Partij;Partij nationaliste;Nationalist Partij;;Nationalist Partij;;;;;;;;;
BEL_socialist;Belgische Werklieden Partij;Belgische Werklieden Partij;Belgische Werklieden Partij;;Belgische Werklieden Partij;;;;;;;;;
BER_anarcho_liberal;The Radical Faction;Faction radicale;Die radikale Fraktion;;La facción radical;;;;;;;;;
BER_communist;The Communist Faction;Faction communiste;Die kommunistische Fraktion;;La facción comunista;;;;;;;;;
BER_conservative;Royal Faction;Faction royale;Königsfraktion;;Facción real;;;;;;;;;
BER_fascist;The Fascist Faction;Faction fasciste;Die faschistische Fraktion;;La facción fascista;;;;;;;;;
BER_liberal;The Liberal Faction;Faction libérale;Die liberale Fraktion;;La facción liberal;;;;;;;;;
BER_reactionary;The Nationalist Faction;Faction nationaliste;Die nationalistische Fraktion;;La facción nacionalista;;;;;;;;;
BER_socialist;The Socialist Faction;Faction socialiste;Die sozialistische Fraktion;;La facción socialista;;;;;;;;;
BHO_anarcho_liberal;The Radical Faction;Faction radicale;Die radikale Fraktion;;La facción radical;;;;;;;;;
BHO_communist;The Communist Faction;Faction communiste;Die kommunistische Fraktion;;La facción comunista;;;;;;;;;
BHO_conservative;Royal Faction;Faction royale;Königsfraktion;;Facción real;;;;;;;;;
BHO_fascist;The Fascist Faction;Faction fasciste;Die faschistische Fraktion;;La facción fascista;;;;;;;;;
BHO_liberal;The Liberal Faction;Faction libérale;Die liberale Fraktion;;La facción liberal;;;;;;;;;
BHO_reactionary;The Nationalist Faction;Faction nationaliste;Die nationalistische Fraktion;;La facción nacionalista;;;;;;;;;
BHO_socialist;The Socialist Faction;Faction socialiste;Die sozialistische Fraktion;;La facción socialista;;;;;;;;;
BHP_anarcho_liberal;Libertarian Party;Partido Federalista;Partido Federalista;;;Partido Federalista;;;;;;;;
BHP_communist;Communist Party;Partido communiste;Partido Communist;;;Partido Comunista;;;;;;;;
BHP_conservative;Conservative Party;Partido Conservador;Partido Conservador;;;Partido Conservador;;;;;;;;
BHP_fascist;Fascist Party;Partido fasciste;Partido Fascist;;;Partido Fascista;;;;;;;;
BHP_liberal;Liberal Party;Partido Liberal;Partido Liberal;;;Partido Liberal;;;;;;;;
BHP_reactionary;Radical Party;Partido Imperialista;Partido Imperialista;;;Partido Imperialista;;;;;;;;
BHP_socialist;Socialist Party;Partido socialiste;Partido Socialist;;;Partido Socialista;;;;;;;;
BHR_anarcho_liberal;Al Anarkiliberali;;;;;;;;;;;;;
BHR_communist;Al-Hizb al-Shuyui al-Urduni;;;;;;;;;;;;;
BHR_conservative;Hizb al-Wasat al-Islami;;;;;;;;;;;;;
BHR_conservative_2;Hizb al-Wasat al-Islami;;;;;;;;;;;;;
BHR_fascist;Hizb al-Mustaqbal;;;;;;;;;;;;;
BHR_liberal;Yasari-d-al-Dimaqrati al-Urduni;;;;;;;;;;;;;
BHR_reactionary;Hizb al-Hashemiyya al-Urduni;;;;;;;;;;;;;
BHR_socialist;Hizb al-Baath al-Ishtiraki al-Urduni;;;;;;;;;;;;;
BHU_anarcho_liberal;The Radical Faction;Faction radicale;Die radikale Fraktion;;La facción radical;;;;;;;;;
BHU_communist;The Communist Faction;Faction communiste;Die kommunistische Fraktion;;La facción comunista;;;;;;;;;
BHU_conservative;Royal Faction;Faction royale;Königsfraktion;;Facción real;;;;;;;;;
BHU_fascist;The Fascist Faction;Faction fasciste;Die faschistische Fraktion;;La facción fascista;;;;;;;;;
BHU_liberal;The Liberal Faction;Faction libérale;Die liberale Fraktion;;La facción liberal;;;;;;;;;
BHU_reactionary;The Nationalist Faction;Faction nationaliste;Die nationalistische Fraktion;;La facción nacionalista;;;;;;;;;
BHU_socialist;The Socialist Faction;Faction socialiste;Die sozialistische Fraktion;;La facción socialista;;;;;;;;;
BIK_anarcho_liberal;The Radical Faction;Faction radicale;Die radikale Fraktion;;La facción radical;;;;;;;;;
BIK_communist;The Communist Faction;Faction communiste;Die kommunistische Fraktion;;La facción comunista;;;;;;;;;
BIK_conservative;Royal Faction;Faction royale;Königsfraktion;;Facción real;;;;;;;;;
BIK_fascist;The Fascist Faction;Faction fasciste;Die faschistische Fraktion;;La facción fascista;;;;;;;;;
BIK_liberal;The Liberal Faction;Faction libérale;Die liberale Fraktion;;La facción liberal;;;;;;;;;
BIK_reactionary;The Nationalist Faction;Faction nationaliste;Die nationalistische Fraktion;;La facción nacionalista;;;;;;;;;
BIK_socialist;The Socialist Faction;Faction socialiste;Die sozialistische Fraktion;;La facción socialista;;;;;;;;;
BLZ_anarcho_liberal;Libertarian Party;Arbeiterpartei radical;Radikale Arbeiterpartei;;Radical Arbeiterpartei;;;;;;;;;
BLZ_communist;Communist Party;Arbeiterpartei communiste;Kommunistische Arbeiterpartei;;Communist Arbeiterpartei;;;;;;;;;
BLZ_conservative;United Democratic Party;Zentrumspartei;Zentrumspartei;;Zentrumspartei;;;;;;;;;
BLZ_fascist;Fascist Party;NSBD;NSBD;;NSBD;;;;;;;;;
BLZ_liberal;People's United Party;Liberaldem. Partei;Liberaldem. Partei;;Liberaldem. Partei;;;;;;;;;
BLZ_reactionary;Radical Party;Nationale Partei;Nationale Partei;;Nationale Partei;;;;;;;;;
BLZ_socialist;Socialist Party;Deutscher Arbeiterverein;Deutscher Arbeiterverein;;Deutscher Arbeiterverein;;;;;;;;;
BOH_anarcho_liberal;The Radical Faction;Faction radicale;Die radikale Fraktion;;La facción radical;;;;;;;;;
BOH_communist;The Communist Faction;Faction communiste;Die kommunistische Fraktion;;La facción comunista;;;;;;;;;
BOH_conservative;Royal Faction;Faction royale;Königsfraktion;;Facción real;;;;;;;;;
BOH_fascist;The Fascist Faction;Faction fasciste;Die faschistische Fraktion;;La facción fascista;;;;;;;;;
BOH_liberal;The Liberal Faction;Faction libérale;Die liberale Fraktion;;La facción liberal;;;;;;;;;
BOH_reactionary;The Nationalist Faction;Faction nationaliste;Die nationalistische Fraktion;;La facción nacionalista;;;;;;;;;
BOH_socialist;The Socialist Faction;Faction socialiste;Die sozialistische Fraktion;;La facción socialista;;;;;;;;;
BOL_anarcho_liberal;Partido Radical;Partido Radical;Partido Radical;;Partido Radical;;;;;;;;;
BOL_communist;Partido Comunista;Partido communiste;Partido Communist;;Partido Comunista;;;;;;;;;
BOL_conservative;Partido Conservador;Partido conservateur;Partido Conservador;;Partido Conservador;;;;;;;;;
BOL_fascist;Partido Fascista;Partido fasciste;Partido Fascist;;Partido Fascista;;;;;;;;;
BOL_liberal;Partido Liberal;Partido libéral;Partido Liberal;;Partido Liberal;;;;;;;;;
BOL_liberal_2;Partido Populista;Partido populaire;Partido Populista;;Partido Populista;;;;;;;;;
BOL_reactionary;Partido Nacionalista;Partido nationaliste;Partido Nationalist;;Partido Nacionalista;;;;;;;;;
BOL_socialist;Partido Socialista;Partido socialiste;Partido Socialist;;Partido Socialista;;;;;;;;;
BOS_anarcho_liberal;The Radical Faction;Faction radicale;Die radikale Fraktion;;La facción radical;;;;;;;;;
BOS_communist;The Communist Faction;Faction communiste;Die kommunistische Fraktion;;La facción comunista;;;;;;;;;
BOS_conservative;Royal Faction;Faction royale;Königsfraktion;;Facción real;;;;;;;;;
BOS_fascist;The Fascist Faction;Faction fasciste;Die faschistische Fraktion;;La facción fascista;;;;;;;;;
BOS_liberal;The Liberal Faction;Faction libérale;Die liberale Fraktion;;La facción liberal;;;;;;;;;
BOS_reactionary;The Nationalist Faction;Faction nationaliste;Die nationalistische Fraktion;;La facción nacionalista;;;;;;;;;
BOS_socialist;The Socialist Faction;Faction socialiste;Die sozialistische Fraktion;;La facción socialista;;;;;;;;;
BRA_anarcho_liberal;Radikale Arbeiterpartei;Arbeiterpartei radical;Radikale Arbeiterpartei;;Radical Arbeiterpartei;;;;;;;;;
BRA_communist;Kommunistische Arbeiterpartei;Arbeiterpartei communiste;Kommunistische Arbeiterpartei;;Communist Arbeiterpartei;;;;;;;;;
BRA_conservative;Zentrumspartei;Zentrumspartei;Zentrumspartei;;Zentrumspartei;;;;;;;;;
BRA_conservative_2;Konservative Partei;Konservative Partei;Konservative Partei;;Konservative Partei;;;;;;;;;
BRA_conservative_3;Christsoz. Arbeiterpartei;Christsoz. Arbeiterpartei;Christsoz. Arbeiterpartei;;Christsoz. Arbeiterpartei;;;;;;;;;
BRA_fascist;NSDP;NSDP;NSDP;;NSDP;;;;;;;;;
BRA_liberal;Liberaldem. Partei;Liberaldem. Partei;Liberaldem. Partei;;Liberaldem. Partei;;;;;;;;;
BRA_liberal_2;Nationalliberale ;Nationalliberale ;Nationalliberale ;;Nationalliberale ;;;;;;;;;
BRA_liberal_3;Freisinnige Partei;Freisinnige Partei;Freisinnige Partei;;Freisinnige Partei;;;;;;;;;
BRA_reactionary;Nationale Partei;Nationale Partei;Nationale Partei;;Nationale Partei;;;;;;;;;
BRA_socialist;Deutscher Arbeiterverein;Deutscher Arbeiterverein;Deutscher Arbeiterverein;;Deutscher Arbeiterverein;;;;;;;;;
BRA_socialist_2;Sozialdem. Arbeiterpartei ;Sozialdem. Arbeiterpartei ;Sozialdem. Arbeiterpartei ;;Sozialdem. Arbeiterpartei ;;;;;;;;;
BRA_socialist_3;Sozial. Arbeiterpartei ;Sozial. Arbeiterpartei ;Sozial. Arbeiterpartei ;;Sozial. Arbeiterpartei ;;;;;;;;;
BRE_anarcho_liberal;Radikale Arbeiterpartei;Arbeiterpartei radical;Radikale Arbeiterpartei;;Radical Arbeiterpartei;;;;;;;;;
BRE_communist;Kommunistische Arbeiterpartei;Arbeiterpartei communiste;Kommunistische Arbeiterpartei;;Communist Arbeiterpartei;;;;;;;;;
BRE_conservative;Zentrumspartei;Zentrumspartei;Zentrumspartei;;Zentrumspartei;;;;;;;;;
BRE_conservative_2;Konservative Partei;Konservative Partei;Konservative Partei;;Konservative Partei;;;;;;;;;
BRE_conservative_3;Christsoz. Arbeiterpartei;Christsoz. Arbeiterpartei;Christsoz. Arbeiterpartei;;Christsoz. Arbeiterpartei;;;;;;;;;
BRE_fascist;NSDP;NSDP;NSDP;;NSDP;;;;;;;;;
BRE_liberal;Liberaldem. Partei;Liberaldem. Partei;Liberaldem. Partei;;Liberaldem. Partei;;;;;;;;;
BRE_liberal_2;Nationalliberale ;Nationalliberale ;Nationalliberale ;;Nationalliberale ;;;;;;;;;
BRE_liberal_3;Freisinnige Partei;Freisinnige Partei;Freisinnige Partei;;Freisinnige Partei;;;;;;;;;
BRE_reactionary;Nationale Partei;Nationale Partei;Nationale Partei;;Nationale Partei;;;;;;;;;
BRE_socialist;Deutscher Arbeiterverein;Deutscher Arbeiterverein;Deutscher Arbeiterverein;;Deutscher Arbeiterverein;;;;;;;;;
BRE_socialist_2;Sozialdem. Arbeiterpartei ;Sozialdem. Arbeiterpartei ;Sozialdem. Arbeiterpartei ;;Sozialdem. Arbeiterpartei ;;;;;;;;;
BRE_socialist_3;Sozial. Arbeiterpartei ;Sozial. Arbeiterpartei ;Sozial. Arbeiterpartei ;;Sozial. Arbeiterpartei ;;;;;;;;;
BRU_anarcho_liberal;The Radical Faction;Faction radicale;Die radikale Fraktion;;La facción radical;;;;;;;;;
BRU_communist;The Communist Faction;Faction communiste;Die kommunistische Fraktion;;La facción comunista;;;;;;;;;
BRU_conservative;Royal Faction;Faction royale;Königsfraktion;;Facción real;;;;;;;;;
BRU_fascist;The Fascist Faction;Faction fasciste;Die faschistische Fraktion;;La facción fascista;;;;;;;;;
BRU_liberal;The Liberal Faction;Faction libérale;Die liberale Fraktion;;La facción liberal;;;;;;;;;
BRU_reactionary;The Nationalist Faction;Faction nationaliste;Die nationalistische Fraktion;;La facción nacionalista;;;;;;;;;
BRU_socialist;The Socialist Faction;Faction socialiste;Die sozialistische Fraktion;;La facción socialista;;;;;;;;;
BRZ_anarcho_liberal;Partido Radical;Partido Radical;Partido Radical;;Partido Radical;;;;;;;;;
BRZ_communist;Partido Comunista;Partido communiste;Partido Communist;;Partido Comunista;;;;;;;;;
BRZ_conservative;Partido Conservador;Partido Conservador;Partido Conservador;;Partido Conservador;;;;;;;;;
BRZ_conservative_2;Partido Paulista;Partido Paulista;Partido Paulista;;Partido Paulista;;;;;;;;;
BRZ_fascist;Partido Fascista;Partido fasciste;Partido Fascist;;Partido Fascista;;;;;;;;;
BRZ_liberal;Partido Liberal;Partido Liberal;Partido Liberal;;Partido Liberal;;;;;;;;;
BRZ_liberal_2;Partido Carioca;Partido Carioca;Partido Carioca;;Partido Carioca;;;;;;;;;
BRZ_reactionary;Partido Caramuru;Partido Caramuru;Partido Caramuru;;Partido Caramuru;;;;;;;;;
BRZ_socialist;Partido Socialista;Partido socialiste;Partido Socialist;;Partido Socialista;;;;;;;;;
BUK_anarcho_liberal;The Radical Faction;Faction radicale;Die radikale Fraktion;;La facción radical;;;;;;;;;
BUK_communist;The Communist Faction;Faction communiste;Die kommunistische Fraktion;;La facción comunista;;;;;;;;;
BUK_conservative;Royal Faction;Faction royale;Königsfraktion;;Facción real;;;;;;;;;
BUK_fascist;The Fascist Faction;Faction fasciste;Die faschistische Fraktion;;La facción fascista;;;;;;;;;
BUK_liberal;The Liberal Faction;Faction libérale;Die liberale Fraktion;;La facción liberal;;;;;;;;;
BUK_reactionary;The Nationalist Faction;Faction nationaliste;Die nationalistische Fraktion;;La facción nacionalista;;;;;;;;;
BUK_socialist;The Socialist Faction;Faction socialiste;Die sozialistische Fraktion;;La facción socialista;;;;;;;;;
BUL_anarcho_liberal;Radical;Radical;Radikal;;Radical;;;;;;;;;
BUL_communist;Communist;Communiste;Kommunistisch;;Comunista;;;;;;;;;
BUL_conservative;Conservative;Conservateur;Konservativ;;Conservadora;;;;;;;;;
BUL_fascist;Fascist;Fasciste;Faschistisch;;Fascista;;;;;;;;;
BUL_liberal;Liberal;Libéral;Liberal;;Liberal;;;;;;;;;
BUL_reactionary;Nationalist;Nationaliste;Nationalistisch;;Nacionalista;;;;;;;;;
BUL_socialist;Socialist;Socialiste;Sozialistisch;;Socialista;;;;;;;;;
BUN_anarcho_liberal;The Radical Faction;Faction radicale;Die radikale Fraktion;;La facción radical;;;;;;;;;
BUN_communist;The Communist Faction;Faction communiste;Die kommunistische Fraktion;;La facción comunista;;;;;;;;;
BUN_conservative;Royal Faction;Faction royale;Königsfraktion;;Facción real;;;;;;;;;
BUN_fascist;The Fascist Faction;Faction fasciste;Die faschistische Fraktion;;La facción fascista;;;;;;;;;
BUN_liberal;The Liberal Faction;Faction libérale;Die liberale Fraktion;;La facción liberal;;;;;;;;;
BUN_reactionary;The Nationalist Faction;Faction nationaliste;Die nationalistische Fraktion;;La facción nacionalista;;;;;;;;;
BUN_socialist;The Socialist Faction;Faction socialiste;Die sozialistische Fraktion;;La facción socialista;;;;;;;;;
BUR_anarcho_liberal;The Radical Faction;Faction radicale;Die radikale Fraktion;;La facción radical;;;;;;;;;
BUR_communist;The Communist Faction;Faction communiste;Die kommunistische Fraktion;;La facción comunista;;;;;;;;;
BUR_conservative;Royal Faction;Faction royale;Königsfraktion;;Facción real;;;;;;;;;
BUR_fascist;The Fascist Faction;Faction fasciste;Die faschistische Fraktion;;La facción fascista;;;;;;;;;
BUR_liberal;The Liberal Faction;Faction libérale;Die liberale Fraktion;;La facción liberal;;;;;;;;;
BUR_reactionary;The Nationalist Faction;Faction nationaliste;Die nationalistische Fraktion;;La facción nacionalista;;;;;;;;;
BUR_socialist;The Socialist Faction;Faction socialiste;Die sozialistische Fraktion;;La facción socialista;;;;;;;;;
BYE_anarcho_liberals;Anarcho-Liberals;Anarcho-libéraux;Anarcho-Liberale;;;;;;;;;;;
BYE_communist;Bolsheviks;Bolchéviques;Bolschewiki;;;;;;;;;;;
BYE_conservative;Conservatives;Conservateurs;Konservative;;;;;;;;;;;
BYE_fascist;National Socialist Party;Parti national-socialiste;Fasischten;;;;;;;;;;;
BYE_liberal;Liberals;Libéraux;Liberale;;;;;;;;;;;
BYE_reactionary;Reactionaries;Réactionnaires;Reaktionäre;;;;;;;;;;;
BYE_socialist;Belarusian Socialist Assembly;Assemblée biélorusse socialiste;Weißrussische Sozialistische Hramada;;;;;;;;;;;
BYZ_anarcho_liberal;Neoteristikon Kómma;Neoteristikon Kómma;Neoteristikon Kómma;;Neoteristikon Kómma;;;;;;;;;
BYZ_communist;Kommounistikó Kómma Byzantós;Kommounistikó Kómma Byzantós;Kommounistikó Kómma Byzantós;;Kommounistikó Kómma Byzantós;;;;;;;;;
BYZ_conservative;Komma Ethnikofronon;Komma Ethnikofronon;Komma Ethnikofronon;;Komma Ethnikofronon;;;;;;;;;
BYZ_fascist;Kómma ton Eleutherofróvon;Kómma ton Eleutherofróvon;Kómma ton Eleutherofróvon;;Kómma ton Eleutherofróvon;;;;;;;;;
BYZ_liberal;Kómma Fileleftheron;Kómma Fileleftheron;Kómma Fileleftheron;;Kómma Fileleftheron;;;;;;;;;
BYZ_reactionary;Kómma Paleologós;Kómma Paleologós;Kómma Paleologós;;Kómma Paleologós;;;;;;;;;
BYZ_socialist;Sosialistikó Kómma Byzantós;Sosialistikó Kómma Byzantós;Sosialistikó Kómma Byzantós;;Sosialistikó Kómma Byzantós;;;;;;;;;
CAL_anarcho_liberal;Democratic;Démocratique;Democratic;;Democrático;;;;;;;;;
CAL_anarcho_liberal_2;Populist;Populiste;Populist;;Populista;;;;;;;;;
CAL_communist;Communist;Communistes;Communist;;Comunista;;;;;;;;;
CAL_conservative;Democratic Party;Parti démocrate;Demokratische Partei;;Partido Demócrata;;;;;;;;;
CAL_fascist;Fascist;Fasciste;Fascist;;Fascista;;;;;;;;;
CAL_liberal;Liberty;Liberté;Liberty;;Libertad;;;;;;;;;
CAL_liberal_2;Free Soil;Sol libre;Free Soil;;Tierra Libre;;;;;;;;;
CAL_liberal_3;Progressive;Progressiste;Progressive;;Progresista;;;;;;;;;
CAL_reactionary;Ursine Imperialist;Impérialiste ursine;Ursine Imperialist;;Imperialista osuno;;;;;;;;;
CAL_socialist;Radical;Radical;Radical;;Radical;;;;;;;;;
CAM_anarcho_liberal;The Radical Faction;Faction radicale;Die radikale Fraktion;;La facción radical;;;;;;;;;
CAM_communist;The Communist Faction;Faction communiste;Die kommunistische Fraktion;;La facción comunista;;;;;;;;;
CAM_conservative;Royal Faction;Faction royale;Königsfraktion;;Facción real;;;;;;;;;
CAM_fascist;The Fascist Faction;Faction fasciste;Die faschistische Fraktion;;La facción fascista;;;;;;;;;
CAM_liberal;The Liberal Faction;Faction libérale;Die liberale Fraktion;;La facción liberal;;;;;;;;;
CAM_reactionary;The Nationalist Faction;Faction nationaliste;Die nationalistische Fraktion;;La facción nacionalista;;;;;;;;;
CAM_socialist;The Socialist Faction;Faction socialiste;Die sozialistische Fraktion;;La facción socialista;;;;;;;;;
CAN_anarcho_liberal;Libertarian Party;Parti radical;Radical Party;;Partido Radical;;;;;;;;;
CAN_communist;Communist Party;Parti communiste;Communist Party;;Partido Comunista;;;;;;;;;
CAN_conservative;Conservative Party;Parti conservateur;Conservative Party;;Partido conservador;;;;;;;;;
CAN_fascist;National Unity Party;;;;;;;;;;;;;
CAN_liberal;Liberal Party;Parti libéral;Liberale Partei;;Partido Liberal;;;;;;;;;
CAN_reactionary;Monarchist Party;Parti nationaliste;Nationalist Party;;Partido Nacionalista;;;;;;;;;
CAN_socialist;Socialist Party;Parti socialiste;Socialist Party;;Partido Socialista;;;;;;;;;
CAT_anarcho_liberal;Unió Catalanista;Unió Catalanista;Unió Catalanista;;Unió Catalanista;;;;;;;;;
CAT_communist;Communist de Catalana;Communiste de Catalana;Communist de Catalana;;Comunista de Catalunya;;;;;;;;;
CAT_conservative;Renaixença Català;Renaixença Català;Renaixença Català;;Renaixença Català;;;;;;;;;
CAT_conservative_2;Regionalista Catalana;Regionalista Catalana;Regionalista Catalana;;Regionalista de Catalunya;;;;;;;;;
CAT_fascist;Fascist de Catalana;Fasciste de Catalana;Fascist de Catalana;;Fascista de Catalunya;;;;;;;;;
CAT_liberal;Centre Català;Centre Català;Centre Català;;Centre Català;;;;;;;;;
CAT_liberal_2;Solidaritat Catalana;Solidaritat Catalana;Solidaritat Catalana;;Solidaritat Catalana;;;;;;;;;
CAT_liberal_3;Partit Radical Republicà;Partit Radical Republicà;Partit Radical Republicà;;Partit Radical Republicà;;;;;;;;;
CAT_reactionary;Nationalist de Catalana;Nationaliste de Catalana;Nationalist de Catalana;;Nationalist de Catalana;;;;;;;;;
CAT_socialist;Socialistes de Catalunya;Socialistes de Catalunya;Socialistes de Catalunya;;Socialistes de Catalunya;;;;;;;;;
CHE_anarcho_liberal;Radical Party;Parti radical;Radical Party;;Partido Radical;;;;;;;;;
CHE_communist;Communist Party;Parti communiste ;Communist Party;;Partido Comunista;;;;;;;;;
CHE_conservative;Traditional Party;Parti traditionnel;Traditional Party;;Partido Tradicional;;;;;;;;;
CHE_conservative_2;National Party;Parti national;National Party;;Partido Nacional;;;;;;;;;
CHE_fascist;Fascist Party;Parti fasciste;Fascist Party;;Partido Fascista;;;;;;;;;
CHE_liberal;Keetoowah Society;Société Keetoowah;Keetoowah Society;;Sociedad de Keetoowah ;;;;;;;;;
CHE_reactionary;Nationalist Party;Parti nationaliste;Nationalist Party;;Partido Nacionalista;;;;;;;;;
CHE_socialist;Social Party;Parti social;Social Party;;Partido Social;;;;;;;;;
CHI_anarcho_liberal;Republicans;Républicains;Republikaner;;Republicanos;;;;;;;;;
CHI_communist;Communist Party of China;Parti communiste chinois;Kommunistische Partei Chinas;;Partido Comunista de China;;;;;;;;;
CHI_conservative;Imperial Faction;Faction impériale;Kaiserliche Fraktion;;Facción imperial;;;;;;;;;
CHI_conservative_2;Zhiqiang;Zhiqiang;Zhiqiang;;Zhiqiang;;;;;;;;;
CHI_conservative_3;Beiyang;Beiyang;Beiyang;;Beiyang;;;;;;;;;
CHI_conservative_4;Kuomintang Chiang;Kuomintang Chiang;Kuomintang Chiang;;Kuomintang Chiang;;;;;;;;;
CHI_fascist;Fascists;Fascistes;Faschisten;;Fascistas;;;;;;;;;
CHI_liberal;Reformers;Réformateurs;Reformer;;Reformistas;;;;;;;;;
CHI_liberal_2;Kuomintang Sun;Kuomintang Sun;Kuomintang Sun;;Kuomintang Sun;;;;;;;;;
CHI_liberal_3;Feng Yuxiang;Feng Yuxiang;Feng Yuxiang;;Feng Yuxiang;;;;;;;;;
CHI_reactionary;Conservatives;Conservateurs;Konservative;;Conservadores;;;;;;;;;
CHI_reactionary_2;Yuan Shi Kai;Yuan Shi Kai;Yuan Shi Kai;;Yuan Shi Kai;;;;;;;;;
CHI_socialist;Socialists;Socialistes;Sozialisten;;Socialistas;;;;;;;;;
CHL_anarcho_liberal;Partido Radical;Partido Radical;Partido Radical;;Partido Radical;;;;;;;;;
CHL_communist;Partido Comunista;Partido communiste;Partido Communist;;Partido Comunista;;;;;;;;;
CHL_conservative;Conservadores;Conservadores;Conservadores;;Conservadores;;;;;;;;;
CHL_conservative_2;Partido Conservador;Partido Conservador;Partido Conservador;;Partido Conservador;;;;;;;;;
CHL_conservative_3;Partido Nacional;Partido Nacional;Partido Nacional;;Partido Nacional;;;;;;;;;
CHL_fascist;Partido Fascista;Partido fasciste;Partido Fascist;;Partido Fascista;;;;;;;;;
CHL_liberal;Liberales;Liberales;Liberales;;Liberales;;;;;;;;;
CHL_liberal_2;Partido Liberal;Partido Liberal;Partido Liberal;;Partido Liberal;;;;;;;;;
CHL_liberal_3;Alianza Liberal;Alianza Liberal;Alianza Liberal;;Alianza Liberal;;;;;;;;;
CHL_liberal_4;Liberal Democrático;Liberal Democrático;Liberal Democrático;;Liberal Democrático;;;;;;;;;
CHL_reactionary;Partido Nacionalista;Partido nationaliste;Partido Nationalist;;Partido Nacionalista;;;;;;;;;
CHL_socialist;Partido Socialista;Partido socialiste;Partido Socialist;;Partido Socialista;;;;;;;;;
CHP;Chiapas;;;;;Chiapas;;;;;;;;
CHP_ADJ;Chiapan;;;;;Chiapaneco;;;;;;;;
CHP_conservative;Partido Conservador;Partido Conservador;Partido Conservador;;;Partido Conservador;;;;;;;;
CHP_liberal;Partido Liberal;Partido Liberal;Partido Liberal;;;Partido Liberal;;;;;;;;
CHP_anarcho_liberal;Partido Federalista;Partido Federalista;Partido Federalista;;;Partido Federalista;;;;;;;;
CHP_conservative_2;Partido Moderado Liberal;Partido Moderado Liberal;Partido Moderado Liberal;;;Partido Moderado Liberal;;;;;;;;
CHP_liberal_2;Partido Radical Liberal;Partido Radical Liberal;Partido Radical Liberal;;;Partido Radical Liberal;;;;;;;;
CHP_liberal_3;Partido Progresista;Partido Progresista;Partido Progresista;;;Partido Progresista;;;;;;;;
CHP_conservative_3;Partido Constitucionalista;Partido Constitucionalista;Partido Constitucionalista;;;Partido Constitucionalista;;;;;;;;
CHP_liberal_4;Partido Antireelecionista;Partido Antireelecionista;Partido Antireelecionista;;;Partido Antireelecionista;;;;;;;;
CHP_reactionary;Partido Imperialista;Partido Imperialista;Partido Imperialista;;;Partido Imperialista;;;;;;;;
CHP_socialist;Partido Socialist;Partido socialiste;Partido Socialist;;;Partido Socialista;;;;;;;;
CHP_communist;Partido Communist;Partido communiste;Partido Communist;;;Partido Comunista;;;;;;;;
CHP_fascist;Partido Fascist;Partido fasciste;Partido Fascist;;;Partido Fascista;;;;;;;;
CLM_anarcho_liberal;Federalistas;Federalistas;Federalistas;;Federalistas;;;;;;;;;
CLM_communist;Partido Comunista;Partido communiste;Partido Communist;;Partido Comunista;;;;;;;;;
CLM_conservative;Partido Conservador;Partido Conservador;Partido Conservador;;Partido Conservador;;;;;;;;;
CLM_fascist;Partido Fascista;Partido fasciste;Partido Fascist;;Partido Fascista;;;;;;;;;
CLM_liberal;Partido Liberal;Partido Liberal;Partido Liberal;;Partido Liberal;;;;;;;;;
CLM_liberal_2;Partido Nacional;Partido Nacional;Partido Nacional;;Partido Nacional;;;;;;;;;
CLM_reactionary;Partido Nacionalista;Partido nationaliste;Partido Nationalist;;Partido Nacionalista;;;;;;;;;
CLM_socialist;Partido Socialista;Partido socialiste;Partido Socialist;;Partido Socialista;;;;;;;;;
CLV_anarcho_liberal;Libertarian Führer;Partido Federalista;Partido Federalista;;;Partido Federalista;;;;;;;;
CLV_communist;Kommunistische Führer;Partido communiste;Partido Communist;;;Partido Comunista;;;;;;;;
CLV_conservative;Konservative Führer;Partido Conservador;Partido Conservador;;;Partido Conservador;;;;;;;;
CLV_fascist;Faschisten Führer;Partido fasciste;Partido Fascist;;;Partido Fascista;;;;;;;;
CLV_liberal;Liberale Führer;Partido Progresista;Partido Progresista;;;Partido Progresista;;;;;;;;
CLV_reactionary;Radikal Führer;Partido Imperialista;Partido Imperialista;;;Partido Imperialista;;;;;;;;
CLV_socialist;Sozialistische Führer;Partido socialiste;Partido Socialist;;;Partido Socialista;;;;;;;;
CMC_anarcho_liberal;Libertarian Party;Partido Federalista;Partido Federalista;;;Partido Federalista;;;;;;;;
CMC_communist;Communist Party;Partido communiste;Partido Communist;;;Partido Comunista;;;;;;;;
CMC_conservative;Peaceful Conservatives;Partido Conservador;Partido Conservador;;;Partido Conservador;;;;;;;;
CMC_conservative_2;Jingoistic Conservatives;Partido Conservador;Partido Conservador;;;Partido Conservador;;;;;;;;
CMC_fascist;Fascist Party;Partido fasciste;Partido Fascist;;;Partido Fascista;;;;;;;;
CMC_liberal;Liberal Party;Partido Liberal;Partido Liberal;;;Partido Liberal;;;;;;;;
CMC_reactionary;Radical Party;Partido Imperialista;Partido Imperialista;;;Partido Imperialista;;;;;;;;
CMC_socialist;Socialist Party;Partido socialiste;Partido Socialist;;;Partido Socialista;;;;;;;;
CNG_anarcho_liberal;Anarcho-Liberal Party;Party Anarcho-libéral;Anarcho-liberale Partei;;Partido anarcoliberal;;;;;;;;;
CNG_communist;Communist Party;Parti Communiste;Kommunistische Partei;;Partido Comunista;;;;;;;;;
CNG_conservative;Conservative Party;Parti Conservateur;Konservative Partei;;Partido Conservador;;;;;;;;;
CNG_fascist;Fascist Party;Parti Fasciste;Faschistische Partei;;Partido Fascista;;;;;;;;;
CNG_liberal;Liberal Party;Parti Libéral;Liberale Partei;;Partido Liberal;;;;;;;;;
CNG_reactionary;Reactionary Party;Parti Réactionnaire;Reaktionäre Partei;;Partido Reaccionario;;;;;;;;;
CNG_socialist;Socialist Party;Parti Socialiste;Sozialistische Partei;;Partido Socialista;;;;;;;;;
COA_conservative;Conservative Party;;;;;;;;;;;;;
COA_liberal;Liberal Party;;;;;;;;;;;;;
COA_reactionary;Nationalist Party;;;;;;;;;;;;;
COB_anarcho_liberal;Radikale Arbeiterpartei;Arbeiterpartei radical;Radikale Arbeiterpartei;;Radical Arbeiterpartei;;;;;;;;;
COB_communist;Kommunistische Arbeiterpartei;Arbeiterpartei communiste;Kommunistische Arbeiterpartei;;Communist Arbeiterpartei;;;;;;;;;
COB_conservative;Zentrumspartei;Zentrumspartei;Zentrumspartei;;Zentrumspartei;;;;;;;;;
COB_conservative_2;Konservative Partei;Konservative Partei;Konservative Partei;;Konservative Partei;;;;;;;;;
COB_conservative_3;Christsoz. Arbeiterpartei;Christsoz. Arbeiterpartei;Christsoz. Arbeiterpartei;;Christsoz. Arbeiterpartei;;;;;;;;;
COB_fascist;NSDP;NSDP;NSDP;;NSDP;;;;;;;;;
COB_liberal;Liberaldem. Partei;Liberaldem. Partei;Liberaldem. Partei;;Liberaldem. Partei;;;;;;;;;
COB_liberal_2;Nationalliberale ;Nationalliberale ;Nationalliberale ;;Nationalliberale ;;;;;;;;;
COB_liberal_3;Freisinnige Partei;Freisinnige Partei;Freisinnige Partei;;Freisinnige Partei;;;;;;;;;
COB_reactionary;Nationale Partei;Nationale Partei;Nationale Partei;;Nationale Partei;;;;;;;;;
COB_socialist;Deutscher Arbeiterverein;Deutscher Arbeiterverein;Deutscher Arbeiterverein;;Deutscher Arbeiterverein;;;;;;;;;
COB_socialist_2;Sozialdem. Arbeiterpartei ;Sozialdem. Arbeiterpartei ;Sozialdem. Arbeiterpartei ;;Sozialdem. Arbeiterpartei ;;;;;;;;;
COB_socialist_3;Sozial. Arbeiterpartei ;Sozial. Arbeiterpartei ;Sozial. Arbeiterpartei ;;Sozial. Arbeiterpartei ;;;;;;;;;
COL_anarcho_liberal;Radical Party;Parti radical;Radikale Partei;;Partido Radical;;;;;;;;;
COL_communist;Communist Party;Parti communiste ;Kommunistische Partei;;Partido Comunista;;;;;;;;;
COL_conservative;Conservative Party;Parti conservateur;Konservative Partei;;Partido conservador;;;;;;;;;
COL_fascist;Fascist Party;Parti fasciste;Faschistische Partei;;Partido Fascista;;;;;;;;;
COL_liberal;Liberal Party;Parti libéral;Liberale Partei;;Partido Liberal;;;;;;;;;
COL_reactionary;Nationalist Party;Parti nationaliste;Nationalistische Partei;;Partido Nacionalista;;;;;;;;;
COL_socialist;Socialist Party;Parti socialiste;Sozialistische Partei;;Partido Socialista;;;;;;;;;
COS_anarcho_liberal;Partido Radical;Partido Radical;Partido Radical;;Partido Radical;;;;;;;;;
COS_communist;Partido Comunista;Partido communiste;Partido Communist;;Partido Comunista;;;;;;;;;
COS_conservative;Partido Conservador;Partido Conservador;Partido Conservador;;Partido Conservador;;;;;;;;;
COS_conservative_2;Partido de Unión Nacional;Partido de Unión Nacional;Partido de Unión Nacional;;Partido de Unión Nacional;;;;;;;;;
COS_fascist;Partido Fascista;Partido fasciste;Partido Fascist;;Partido Fascista;;;;;;;;;
COS_liberal;Partido Liberal;Partido Liberal;Partido Liberal;;Partido Liberal;;;;;;;;;
COS_reactionary;Partido Nacionalista;Partido nationaliste;Partido Nationalist;;Partido Nacionalista;;;;;;;;;
COS_socialist;Partido Socialista;Partido socialiste;Partido Socialist;;Partido Socialista;;;;;;;;;
CRE_anarcho_liberal;The Radical Faction;Faction radicale;Die radikale Fraktion;;La facción radical;;;;;;;;;
CRE_communist;The Communist Faction;Faction communiste;Die kommunistische Fraktion;;La facción comunista;;;;;;;;;
CRE_conservative;Royal Faction;Faction royale;Königsfraktion;;Facción real;;;;;;;;;
CRE_fascist;The Fascist Faction;Faction fasciste;Die faschistische Fraktion;;La facción fascista;;;;;;;;;
CRE_liberal;The Liberal Faction;Faction libérale;Die liberale Fraktion;;La facción liberal;;;;;;;;;
CRE_reactionary;The Nationalist Faction;Faction nationaliste;Die nationalistische Fraktion;;La facción nacionalista;;;;;;;;;
CRE_socialist;The Socialist Faction;Faction socialiste;Die sozialistische Fraktion;;La facción socialista;;;;;;;;;
CRI_anarcho_liberal;The Radical Faction;Faction radicale;Die radikale Fraktion;;La facción radical;;;;;;;;;
CRI_communist;The Communist Faction;Faction communiste;Die kommunistische Fraktion;;La facción comunista;;;;;;;;;
CRI_conservative;Royal Faction;Faction royale;Königsfraktion;;Facción real;;;;;;;;;
CRI_fascist;The Fascist Faction;Faction fasciste;Die faschistische Fraktion;;La facción fascista;;;;;;;;;
CRI_liberal;The Liberal Faction;Faction libérale;Die liberale Fraktion;;La facción liberal;;;;;;;;;
CRI_reactionary;The Nationalist Faction;Faction nationaliste;Die nationalistische Fraktion;;La facción nacionalista;;;;;;;;;
CRI_socialist;The Socialist Faction;Faction socialiste;Die sozialistische Fraktion;;La facción socialista;;;;;;;;;
CRK_anarcho_liberal;Libertarian Party;Partido Federalista;Partido Federalista;;;Partido Federalista;;;;;;;;
CRK_communist;Communist Party;Partido communiste;Partido Communist;;;Partido Comunista;;;;;;;;
CRK_conservative;Peaceful Conservatives;Partido Conservador;Partido Conservador;;;Partido Conservador;;;;;;;;
CRK_conservative_2;Jingoistic Conservatives;Partido Conservador;Partido Conservador;;;Partido Conservador;;;;;;;;
CRK_fascist;Fascist Party;Partido fasciste;Partido Fascist;;;Partido Fascista;;;;;;;;
CRK_liberal;Liberal Party;Partido Liberal;Partido Liberal;;;Partido Liberal;;;;;;;;
CRK_reactionary;Radical Party;Partido Imperialista;Partido Imperialista;;;Partido Imperialista;;;;;;;;
CRK_socialist;Socialist Party;Partido socialiste;Partido Socialist;;;Partido Socialista;;;;;;;;
CRO_anarcho_liberal;The Radical Faction;Faction radicale;Die radikale Fraktion;;La facción radical;;;;;;;;;
CRO_communist;The Communist Faction;Faction communiste;Die kommunistische Fraktion;;La facción comunista;;;;;;;;;
CRO_conservative;Royal Faction;Faction royale;Königsfraktion;;Facción real;;;;;;;;;
CRO_fascist;The Fascist Faction;Faction fasciste;Die faschistische Fraktion;;La facción fascista;;;;;;;;;
CRO_liberal;The Liberal Faction;Faction libérale;Die liberale Fraktion;;La facción liberal;;;;;;;;;
CRO_reactionary;The Nationalist Faction;Faction nationaliste;Die nationalistische Fraktion;;La facción nacionalista;;;;;;;;;
CSA_anarcho_liberal;Democrats;Democrates;Democrats;;Demócratas;;;;;;;;;
CSA_communist;Communists;Communistes;Communists;;Comunistas;;;;;;;;;
CSA_conservative;Whigs;Whigs;Whigs;;Whigs;;;;;;;;;
CSA_fascist;Fascists;Fascistes;Fascists;;Fascistas;;;;;;;;;
CSA_liberal_3;Populist Party;Parti populiste;Populist Party;;Partido Populista;;;;;;;;;
CSA_reactionary;New America Party;Nouveau parti américain;New America Party;;Partido de la Nueva América;;;;;;;;;
CSA_socialist;Brothers of the Revolution;Frères de la Révolution;Brothers of the Revolution;;Hermanos de la Revolución;;;;;;;;;
CRO_socialist;The Socialist Faction;Faction socialiste;Die sozialistische Fraktion;;La facción socialista;;;;;;;;;
CUB_anarcho_liberal;Partido Radical;Partido Radical;Partido Radical;;Partido Radical;;;;;;;;;
CUB_communist;Partido Comunista;Partido communiste;Partido Communist;;Partido Comunista;;;;;;;;;
CUB_conservative;Conservadores;Conservadores;Conservadores;;Conservadores;;;;;;;;;
CUB_conservative_2;Partido Moderado;Partido Moderado;Partido Moderado;;Partido Moderado;;;;;;;;;
CUB_conservative_3;Partido Conservador;Partido Conservador;Partido Conservador;;Partido Conservador;;;;;;;;;
CUB_fascist;Partido Fascista;Partido fasciste;Partido Fascist;;Partido Fascista;;;;;;;;;
CUB_liberal;Liberales;Liberales;Liberales;;Liberales;;;;;;;;;
CUB_liberal_2;Revolucionario Cubano;Revolucionario Cubano;Revolucionario Cubano;;Revolucionario Cubano;;;;;;;;;
CUB_liberal_3;Partido Liberal;Partido Liberal;Partido Liberal;;Partido Liberal;;;;;;;;;
CUB_reactionary;Realistas;Realistas;Realistas;;Realistas;;;;;;;;;
CUB_socialist;Partido Socialista;Partido socialiste;Partido Socialist;;Partido Socialista;;;;;;;;;
CYP_anarcho_liberal;The Radical Faction;Faction radicale;Die radikale Fraktion;;La facción radical;;;;;;;;;
CYP_communist;The Communist Faction;Faction communiste;Die kommunistische Fraktion;;La facción comunista;;;;;;;;;
CYP_conservative;Royal Faction;Faction royale;Königsfraktion;;Facción real;;;;;;;;;
CYP_fascist;The Fascist Faction;Faction fasciste;Die faschistische Fraktion;;La facción fascista;;;;;;;;;
CYP_liberal;The Liberal Faction;Faction libérale;Die liberale Fraktion;;La facción liberal;;;;;;;;;
CYP_reactionary;The Nationalist Faction;Faction nationaliste;Die nationalistische Fraktion;;La facción nacionalista;;;;;;;;;
CYP_socialist;The Socialist Faction;Faction socialiste;Die sozialistische Fraktion;;La facción socialista;;;;;;;;;
CZH_anarcho_liberal;Ceska strana libertarianismus;Ceska strana libertarianismus;Ceska Strana Libertarianismus;;Ceska strana libertarianismus;;;;;;;;;
CZH_communist;KSC;KSC;KSC;;KSC;;;;;;;;;
CZH_conservative;CSL;CSL;CSL;;CSL;;;;;;;;;
CZH_fascist;CNSP;CNSP;CNSP;;CNSP;;;;;;;;;
CZH_liberal;RSZML;RSZML;RSZML;;RSZML;;;;;;;;;
CZH_reactionary;CsND;CsND;CsND;;CsND;;;;;;;;;
CZH_socialist;CSSD;CSSD;CSSD;;CSSD;;;;;;;;;
DAI_anarcho_liberal;The Radical Faction;Faction radicale;Die radikale Fraktion;;La facción radical;;;;;;;;;
DAI_communist;The Communist Faction;Faction communiste;Die kommunistische Fraktion;;La facción comunista;;;;;;;;;
DAI_conservative;Royal Faction;Faction royale;Königsfraktion;;Facción real;;;;;;;;;
DAI_fascist;The Fascist Faction;Faction fasciste;Die faschistische Fraktion;;La facción fascista;;;;;;;;;
DAI_liberal;The Liberal Faction;Faction libérale;Die liberale Fraktion;;La facción liberal;;;;;;;;;
DAI_reactionary;The Nationalist Faction;Faction nationaliste;Die nationalistische Fraktion;;La facción nacionalista;;;;;;;;;
DAI_socialist;The Socialist Faction;Faction socialiste;Die sozialistische Fraktion;;La facción socialista;;;;;;;;;
DAN_anarcho_liberal;Radikale-Venstre;Radikale-Venstre;Radikale-Venstre;;Radikale-Venstre;;;;;;;;;
DAN_communist;Communists;Communistes;Kommunisten;;Comunistas;;;;;;;;;
DAN_conservative;Højre;Højre;Højre;;Højre;;;;;;;;;
DAN_fascist;Fascists;Fascistes;Faschisten;;Fascistas;;;;;;;;;
DAN_liberal;Venstre;Venstre;Venstre;;Venstre;;;;;;;;;
DAN_liberal_2;National-liberale;National-liberale;National-liberale;;National-liberale;;;;;;;;;
DAN_reactionary;Konge Partiet;Konge Partiet;Kongepartiet;;Konge Partiet;;;;;;;;;
DAN_socialist;Socialdemokratiet;Socialdemokratiet;Socialdemokratiet;;Socialdemokratiet;;;;;;;;;
DDR_anarcho_liberal;Libertarian Partei;Partido Federalista;Partido Federalista;;;Partido Federalista;;;;;;;;
DDR_conservative;Konservative Partei;Partido Conservador;Partido Conservador;;;Partido Conservador;;;;;;;;
DDR_conservative_2;Konservative Partei;Partido Conservador;Partido Conservador;;;Partido Conservador;;;;;;;;
DDR_conservative_3;Christlich-soziale Partei;Partido Conservador;Partido Conservador;;;Partido Conservador;;;;;;;;
DDR_communist;Kommunistische Partei;Partido communiste;Partido Communist;;;Partido Comunista;;;;;;;;
DDR_fascist;Patriot Partei;Partido fasciste;Partido Fascist;;;Partido Fascista;;;;;;;;
DDR_liberal;Liberale Partei;Partido Progresista;Partido Progresista;;;Partido Progresista;;;;;;;;
DDR_liberal_2;Nationalliberale Partei;Partido Progresista;Partido Progresista;;;Partido Progresista;;;;;;;;
DDR_liberal_3;Freisinnige Partei;Partido Progresista;Partido Progresista;;;Partido Progresista;;;;;;;;
DDR_reactionary;Volks Partei;Partido Imperialista;Partido Imperialista;;;Partido Imperialista;;;;;;;;
DDR_socialist;Arbeiterpartei;Partido socialiste;Partido Socialist;;;Partido Socialista;;;;;;;;
DDR_socialist_2;Sozialdemokratische Arbeiterpartei;Partido socialiste;Partido Socialist;;;Partido Socialista;;;;;;;;
DDR_socialist_3;Sozialistische Arbeiterpartei;Partido socialiste;Partido Socialist;;;Partido Socialista;;;;;;;;
DES_anarcho_liberal;Radical Party;Parti radical;Radical Party;;Partido Radical;;;;;;;;;
DES_communist;Communist Party;Parti communiste ;Communist Party;;Partido Comunista;;;;;;;;;
DES_conservative;Union Party;Parti syndical;Union Party;;Partido de la Unión;;;;;;;;;
DES_fascist;Fascist Party;Parti fasciste;Fascist Party;;Partido Fascista;;;;;;;;;
DES_liberal;Liberal Party;Parti libéral;Liberal Party;;Partido Liberal;;;;;;;;;
DES_reactionary;Mormon People's Party;Parti des Mormons;Mormon People's Party;;Partido del Pueblo Mormón;;;;;;;;;
DES_socialist;Socialist Party;Parti socialiste;Socialist Party;;Partido Socialista;;;;;;;;;
DND_anarcho_liberal;Libertarian Faction;;;;;;;;;;;;;
DND_communist;Communist Faction;;;;;;;;;;;;;
DND_conservative;Askiya Faction;;;;;;;;;;;;;
DND_fascist;Fascist Faction;;;;;;;;;;;;;
DND_liberal;Reform Faction;;;;;;;;;;;;;
DND_reactionary;Religious Faction;;;;;;;;;;;;;
DND_socialist;Justice and Equality Movement;;;;;;;;;;;;;
DOM_anarcho_liberal;Partido Radical;Partido Radical;Partido Radical;;Partido Radical;;;;;;;;;
DOM_communist;Partido Comunista;Partido communiste;Partido Communist;;Partido Comunista;;;;;;;;;
DOM_conservative;Conservadores;Conservadores;Conservadores;;Conservadores;;;;;;;;;
DOM_conservative_2;Trinitarios;Trinitarios;Trinitarios;;Trinitarios;;;;;;;;;
DOM_conservative_3;Partido Rojo;Partido Rojo;Partido Rojo;;Partido Rojo;;;;;;;;;
DOM_conservative_4;Horacistas;Horacistas;Horacistas;;Horacistas;;;;;;;;;
DOM_fascist;Partido Fascista;Partido fasciste;Partido Fascist;;Partido Fascista;;;;;;;;;
DOM_liberal;Liberales;Liberales;Liberales;;Liberales;;;;;;;;;
DOM_liberal_2;Partido Azúl;Partido Azúl;Partido Azúl;;Partido Azul;;;;;;;;;
DOM_liberal_3;Partido Restaurador;Partido Restaurador;Partido Restaurador;;Partido Restaurador;;;;;;;;;
DOM_liberal_4;Partido Verde;Partido Verde;Partido Verde;;Partido Verde;;;;;;;;;
DOM_liberal_5;Jimenistas;Jimenistas;Jimenistas;;Jimenistas;;;;;;;;;
DOM_reactionary;Partido Nacionalista;Partido nationaliste;Partido Nationalist;;Partido Nacionalista;;;;;;;;;
DOM_socialist;Partido Socialista;Partido socialiste;Partido Socialist;;Partido Socialista;;;;;;;;;
dominion_anarcho_liberal;Libertarian Party;;;;;;;;;;;;;
dominion_communist;Communist Party;;;;;;;;;;;;;
dominion_conservative;Conservative Party;;;;;;;;;;;;;
dominion_fascist;Fascist Party;;;;;;;;;;;;;
dominion_liberal;Liberal Party;;;;;;;;;;;;;
dominion_reactionary;The Old Guard;;Die Alte Garde;;;;;;;;;;;
dominion_socialist;Socialist Party;;Sozialistische Partei;;;;;;;;;;;
DZG_anarcho_liberal;Radikale Arbeiterpartei;Arbeiterpartei radical;Radikale Arbeiterpartei;;Radical Arbeiterpartei;;;;;;;;;
DZG_communist;Communist Arbeiterparei;Arbeiterparei communiste;Kommunistische Arbeiterpartei;;Communist Arbeiterparei;;;;;;;;;
DZG_conservative;Zentrumspartei;Zentrumspartei;Zentrumspartei;;Zentrumspartei;;;;;;;;;
DZG_conservative_2;Konservative Partei;Konservative Partei;Konservative Partei;;Konservative Partei;;;;;;;;;
DZG_conservative_3;Christsoz. Arbeiterpartei;Christsoz. Arbeiterpartei;Christsoz. Arbeiterpartei;;Christsoz. Arbeiterpartei;;;;;;;;;
DZG_fascist;NSDP;NSDP;NSDP;;NSDP;;;;;;;;;
DZG_liberal;Liberaldem. Partei;Liberaldem. Partei;Liberaldem. Partei;;Liberaldem. Partei;;;;;;;;;
DZG_liberal_2;Nationalliberale ;Nationalliberale ;Nationalliberale ;;Nationalliberale ;;;;;;;;;
DZG_liberal_3;Freisinnige Partei;Freisinnige Partei;Freisinnige Partei;;Freisinnige Partei;;;;;;;;;
DZG_reactionary;Nationale Partei;Nationale Partei;Nationale Partei;;Nationale Partei;;;;;;;;;
DZG_socialist;Deutscher Arbeiterverein;Deutscher Arbeiterverein;Deutscher Arbeiterverein;;Deutscher Arbeiterverein;;;;;;;;;
DZG_socialist_2;Sozialdem. Arbeiterpartei ;Sozialdem. Arbeiterpartei ;Sozialdem. Arbeiterpartei ;;Sozialdem. Arbeiterpartei ;;;;;;;;;
DZG_socialist_3;Sozial. Arbeiterpartei ;Sozial. Arbeiterpartei ;Sozial. Arbeiterpartei ;;Sozial. Arbeiterpartei ;;;;;;;;;
ECU_anarcho_liberal;Partido Radical;Partido Radical;Partido Radical;;Partido Radical;;;;;;;;;
ECU_communist;Partido Comunista;Partido communiste;Partido Communist;;Partido Comunista;;;;;;;;;
ECU_conservative;Partido Conservador;Partido Conservador;Partido Conservador;;Partido Conservador;;;;;;;;;
ECU_fascist;Partido Fascista;Partido fasciste;Partido Fascist;;Partido Fascista;;;;;;;;;
ECU_liberal;Partido Liberal;Partido Liberal;Partido Liberal;;Partido Liberal;;;;;;;;;
ECU_liberal_2;Partido Liberal Radical;Partido Liberal Radical;Partido Liberal Radical;;Partido Liberal Radical;;;;;;;;;
ECU_liberal_3;Partido Progresista;Partido Progresista;Partido Progresista;;Partido Progresista;;;;;;;;;
ECU_liberal_4;Unión Republicana;Unión Republicana;Unión Republicana;;Unión Republicana;;;;;;;;;
ECU_reactionary;Partido Jesuítico;Partido Jesuítico;Partido Jesuítico;;Partido Jesuítico;;;;;;;;;
ECU_socialist;Partido Socialista;Partido socialiste;Partido Socialist;;Partido Socialista;;;;;;;;;
EGY_anarcho_liberal;Radical Faction;Faction radicale;Radikale Fraktion;;Facción radical;;;;;;;;;
EGY_communist;Communist Faction;Faction communiste;Kommunistische Fraktion;;Facción comunista;;;;;;;;;
EGY_conservative;Majlis Al-Shura;Majlis Al-Shura;Majlis Al-Shura;;Majlis Al-Shura;;;;;;;;;
EGY_conservative_2;al-Hizb al-Watani;al-Hizb al-Watani;al-Hizb al-Watani;;al-Hizb al-Watani;;;;;;;;;
EGY_fascist;Fascist Faction;Faction fasciste;Faschistische Faction;;Facción fascista;;;;;;;;;
EGY_liberal;Majlis Shurat Al-Nuwwab;Majlis Shurat Al-Nuwwab;Majlis Shurat Al-Nuwwab;;Majlis Shurat Al-Nuwwab;;;;;;;;;
EGY_liberal_2;al-Hizb al-Umma;al-Hizb al-Umma;al-Hizb al-Umma;;al-Hizb al-Umma;;;;;;;;;
EGY_reactionary;Urabist Faction;Faction urabiste;Urabist Faction;;Facción urabista;;;;;;;;;
EGY_socialist;Socialist Faction;Faction socialiste;Sozialistische Fraktion;;Facción socialista;;;;;;;;;
ELS_anarcho_liberal;Partido Radical;Partido Radical;Partido Radical;;Partido Radical;;;;;;;;;
ELS_communist;Partido Comunista;Partido communiste;Partido Communist;;Partido Comunista;;;;;;;;;
ELS_conservative;Partido Conservador;Partido Conservador;Partido Conservador;;Partido Conservador;;;;;;;;;
ELS_fascist;Partido Fascista;Partido fasciste;Partido Fascist;;Partido Fascista;;;;;;;;;
ELS_liberal;Partido Liberal;Partido Liberal;Partido Liberal;;Partido Liberal;;;;;;;;;
ELS_reactionary;Partido Nacionalista;Partido nationaliste;Partido Nationalist;;Partido Nacionalista;;;;;;;;;
ELS_socialist;Partido Socialista;Partido socialiste;Partido Socialist;;Partido Socialista;;;;;;;;;
ENG_anarcho_liberal;Radical Party;Parti radical;Radical Party;;Partido Radical;;;;;;;;;
ENG_communist;Communist Party;Parti communiste ;Communist Party;;Partido Comunista;;;;;;;;;
ENG_conservative;Conservative Party;Parti conservateur;Conservative Party;;Partido conservador;;;;;;;;;
ENG_fascist;British Union of Fascists;Union britannique des fascistes;British Union of Fascists;;Unión Británica de Fascistas;;;;;;;;;
ENG_liberal;Whig Party;Parti Whig;Whig Party;;Partido Whig;;;;;;;;;
ENG_liberal_2;Liberal Party;Parti libéral;Liberal Party;;Partido Liberal;;;;;;;;;
ENG_reactionary;Tory Party;Parti Tory;Tory Party;;Partido Nacionalista;;;;;;;;;
ENG_socialist;Labour Party;Parti travailliste;Labour Party;;Partido Laborista;;;;;;;;;
ENL_anarcho_liberal;Anarchist Party;;;;;;;;;;;;;
ENL_communist;Communist Party;;;;;;;;;;;;;
ENL_conservative;Conservative Party;;;;;;;;;;;;;
ENL_fascist;Fascist Party;;;;;;;;;;;;;
ENL_liberal;Liberal Party;;;;;;;;;;;;;
ENL_liberal_2;Liberal Party;;;;;;;;;;;;;
ENL_socialist;Labour Party;;;;;;;;;;;;;
ENL_reactionary;Tory Party;;;;;;;;;;;;;
EST_anarcho_liberal;The Radical Faction;Faction radicale;Die radikale Fraktion;;La facción radical;;;;;;;;;
EST_communist;The Communist Faction;Faction communiste;Die kommunistische Fraktion;;La facción comunista;;;;;;;;;
EST_conservative;Royal Faction;Faction royale;Königsfraktion;;Facción real;;;;;;;;;
EST_fascist;The Fascist Faction;Faction fasciste;Die faschistische Fraktion;;La facción fascista;;;;;;;;;
EST_liberal;The Liberal Faction;Faction libérale;Die liberale Fraktion;;La facción liberal;;;;;;;;;
EST_reactionary;The Nationalist Faction;Faction nationaliste;Die nationalistische Fraktion;;La facción nacionalista;;;;;;;;;
EST_socialist;The Socialist Faction;Faction socialiste;Die sozialistische Fraktion;;La facción socialista;;;;;;;;;
ETH_anarcho_liberal;The Radical Faction;Faction radicale;Die radikale Fraktion;;La facción radical;;;;;;;;;
ETH_communist;The Communist Faction;Faction communiste;Die kommunistische Fraktion;;La facción comunista;;;;;;;;;
ETH_conservative;Royal Faction;Faction royale;Königsfraktion;;Facción real;;;;;;;;;
ETH_fascist;The Fascist Faction;Faction fasciste;Die faschistische Fraktion;;La facción fascista;;;;;;;;;
ETH_liberal;The Liberal Faction;Faction libérale;Die liberale Fraktion;;La facción liberal;;;;;;;;;
ETH_reactionary;The Nationalist Faction;Faction nationaliste;Die nationalistische Fraktion;;La facción nacionalista;;;;;;;;;
ETH_socialist;The Socialist Faction;Faction socialiste;Die sozialistische Fraktion;;La facción socialista;;;;;;;;;
FIN_anarcho_liberal;Aktivistinen vastustuspuolue;Aktivistinen vastustuspuolue;Aktivistinen vastustuspuolue;;Aktivistinen vastustuspuolue;;;;;;;;;
FIN_communist;Punakaarti;Punakaarti;Punakaarti;;Punakaarti;;;;;;;;;
FIN_conservative;Suomalainen puolue;Suomalainen puolue;Suomalainen puolue;;Suomalainen puolue;;;;;;;;;
FIN_conservative_2;Svenska partiet;Svenska partiet;Svenska partiet;;Svenska partiet;;;;;;;;;
FIN_conservative_3;Maalaisliitto;Maalaisliitto;Maalaisliitto;;Maalaisliitto;;;;;;;;;
FIN_conservative_4;Svenska folkpartiet;Svenska folkpartiet;Svenska folkpartiet;;Svenska folkpartiet;;;;;;;;;
FIN_fascist;Fascists;Fascistes;Faschisten;;Fascistas;;;;;;;;;
FIN_liberal;Nuorsuomalaiset;Nuorsuomalaiset;Nuorsuomalaiset;;Nuorsuomalaiset;;;;;;;;;
FIN_liberal_2;Edistyspuolue;Edistyspuolue;Edistyspuolue;;Edistyspuolue;;;;;;;;;
FIN_liberal_3;Liberaler;Liberaler;Liberaler;;Liberaler;;;;;;;;;
FIN_reactionary;Kokoomus;Kokoomus;Kokoomus;;Kokoomus;;;;;;;;;
FIN_reactionary_2;Vikingar;Vikingar;Vikingar;;Vikingar;;;;;;;;;
FIN_socialist;Sosiaalidemokraatit;Sosiaalidemokraatit;Sosiaalidemokraatit;;Sosiaalidemokraatit;;;;;;;;;
FLA_anarcho_liberal;Radical Partij;Radical Partij;Radical Partij;;Radical Partji;;;;;;;;;
FLA_communist;Communist Partij;Partij communiste;Communist Partij;;Communist Partji;;;;;;;;;
FLA_conservative;Katholieke Partij;Katholieke Partij;Katholieke Partij;;Katholieke Partij;;;;;;;;;
FLA_conservative_2;Christene Volkspartij;Christene Volkspartij;Christene Volkspartij;;Christene Volkspartij;;;;;;;;;
FLA_fascist;Fascist Partij;Partij fasciste;Fascist Partij;;Fascist Partji;;;;;;;;;
FLA_liberal;Liberale Partij;Liberale Partij;Liberale Partij;;Liberale Partij;;;;;;;;;
FLA_reactionary;Nationalist Partij;Partij nationaliste;Nationalist Partij;;Nationalist Partij;;;;;;;;;
FLA_socialist;Werkliedenpartij;Werkliedenpartij;Werkliedenpartij;;Werkliedenpartij;;;;;;;;;
FRA_anarcho_liberal;Républicain radical;Républicain radical;Républicain radical;;Républicain radical;;;;;;;;;
FRA_communist;Parti Ouvrier Français;Parti communiste français;Parti Ouvrier Français;;Parti Ouvrier Français;;;;;;;;;
FRA_conservative;Républicain modéré;Républicain modéré;Républicain modéré;;Républicain modéré;;;;;;;;;
FRA_conservative_2;Républicain;Républicain;Républicain;;Républicain;;;;;;;;;
FRA_conservative_3;Bonapartiste;Bonapartiste;Bonapartiste;;Bonapartiste;;;;;;;;;
FRA_conservative_4;Orléaniste;Orléaniste;Orléaniste;;Orléaniste;;;;;;;;;
FRA_conservative_5;Royaliste;Royaliste;Royaliste;;Royaliste;;;;;;;;;
FRA_conservative_6;Consul;;;;;;;;;;;;;
FRA_fascist;Fascists;Fascistes;Faschisten;;Fascistas;;;;;;;;;
FRA_liberal;Orléaniste;Orléaniste;Orléaniste;;Orléaniste;;;;;;;;;
FRA_liberal_2;Libéral;Libéral;Libéral;;Libéral;;;;;;;;;
FRA_liberal_3;Opportunistes;Opportunistes;Opportunistes;;Opportunistes;;;;;;;;;
FRA_reactionary;Légitimiste;Légitimiste;Légitimiste;;Légitimiste;;;;;;;;;
FRA_reactionary_3;Droite nationaliste;Droite nationaliste;Droite nationaliste;;Droite nationaliste;;;;;;;;;
FRA_socialist;Républicain démocratique;Républicain démocratique;Républicain démocratique;;Républicain démocratique;;;;;;;;;
FRA_socialist_2;Possibilistes;Possibilistes;Possibilistes;;Possibilistes;;;;;;;;;
FRA_socialist_3;SFIO;SFIO;SFIO;;SFIO;;;;;;;;;
FRM_anarcho_liberal;Radikale Arbeiterpartei;Arbeiterpartei radical;Radikale Arbeiterpartei;;Radical Arbeiterpartei;;;;;;;;;
FRM_communist;Kommunistische Arbeiterpartei;Arbeiterpartei communiste;Kommunistische Arbeiterpartei;;Communist Arbeiterpartei;;;;;;;;;
FRM_conservative;Zentrumspartei;Zentrumspartei;Zentrumspartei;;Zentrumspartei;;;;;;;;;
FRM_conservative_2;Konservative Partei;Konservative Partei;Konservative Partei;;Konservative Partei;;;;;;;;;
FRM_conservative_3;Christsoz. Arbeiterpartei;Christsoz. Arbeiterpartei;Christsoz. Arbeiterpartei;;Christsoz. Arbeiterpartei;;;;;;;;;
FRM_fascist;NSDP;NSDP;NSDP;;NSDP;;;;;;;;;
FRM_liberal;Liberaldem. Partei;Liberaldem. Partei;Liberaldem. Partei;;Liberaldem. Partei;;;;;;;;;
FRM_liberal_2;Nationalliberale ;Nationalliberale ;Nationalliberale ;;Nationalliberale ;;;;;;;;;
FRM_liberal_3;Freisinnige Partei;Freisinnige Partei;Freisinnige Partei;;Freisinnige Partei;;;;;;;;;
FRM_reactionary;Nationale Partei;Nationale Partei;Nationale Partei;;Nationale Partei;;;;;;;;;
FRM_socialist;Deutscher Arbeiterverein;Deutscher Arbeiterverein;Deutscher Arbeiterverein;;Deutscher Arbeiterverein;;;;;;;;;
FRM_socialist_2;Sozialdem. Arbeiterpartei ;Sozialdem. Arbeiterpartei ;Sozialdem. Arbeiterpartei ;;Sozialdem. Arbeiterpartei ;;;;;;;;;
FRM_socialist_3;Sozial. Arbeiterpartei ;Sozial. Arbeiterpartei ;Sozial. Arbeiterpartei ;;Sozial. Arbeiterpartei ;;;;;;;;;
GBU_anarcho_liberal_93;Libertarian Faction;;;;;;;;;;;;;
GBU_communist_86;Communist Faction;;;;;;;;;;;;;
GBU_conservative_92;Mansaba Faction;;;;;;;;;;;;;
GBU_fascist_72;Fascist Faction;;;;;;;;;;;;;
GBU_liberal_79;Liberal Faction;;;;;;;;;;;;;
GBU_liberal_87;Reform Faction;;;;;;;;;;;;;
GBU_reactionary_84;Empire Faction;;;;;;;;;;;;;
GBU_socialist_85;Socialist Faction;;;;;;;;;;;;;
GBU_socialist_99;National Socialist Faction;;;;;;;;;;;;;
GCO_anarcho_liberal;Partido Radical;Parti radical;Partido Radical;;Partido Radical;;;;;;;;;
GCO_communist;Partido Communist;Parti communiste;Partido Communist;;Partido Comunista;;;;;;;;;
GCO_conservative;Partido Centralista;Parti centraliste;Partido Zentralist;;Partido Centralista;;;;;;;;;
GCO_conservative_2;Nuevo Partido Centralista;Nouveau parti centraliste;Nuevo Partido Zentralist;;Nuevo Partido Centralista;;;;;;;;;
GCO_fascist;Partido Fascist;Parti fasciste;Partido Fascist;;Partido Fascista;;;;;;;;;
GCO_liberal;Partido Federalista;Parti fédéraliste;Partido Föderalistische;;Partido Federalista;;;;;;;;;
GCO_liberal_2;Nuevo Partido Federalista;Nouveau parti fédéraliste;Nuevo Partido Föderalistische;;Nuevo Partido Federalista;;;;;;;;;
GCO_liberal_3;Partido Autonomista;Parti autonomiste;Partido Autonomist;;Partido Autonomista;;;;;;;;;
GCO_reactionary;Partido Traditionalista;Parti traditionaliste;Partido Traditionalist;;Partido Traditionalista;;;;;;;;;
GCO_socialist;Partido Socialista Revolucionario;Parti révolutionnaire socialiste;Partido Sozialistische Revolutionäre;;Partido Revolucionario Socialista;;;;;;;;;
GEO_anarcho_liberal;The Radical Faction;Faction radicale;Die radikale Fraktion;;La facción radical;;;;;;;;;
GEO_communist;The Communist Faction;Faction communiste;Die kommunistische Fraktion;;La facción comunista;;;;;;;;;
GEO_conservative;Royal Faction;Faction royale;Königsfraktion;;Facción real;;;;;;;;;
GEO_fascist;The Fascist Faction;Faction fasciste;Die faschistische Fraktion;;La facción fascista;;;;;;;;;
GEO_liberal;The Liberal Faction;Faction libérale;Die liberale Fraktion;;La facción liberal;;;;;;;;;
GEO_reactionary;The Nationalist Faction;Faction nationaliste;Die nationalistische Fraktion;;La facción nacionalista;;;;;;;;;
GEO_socialist;The Socialist Faction;Faction socialiste;Die sozialistische Fraktion;;La facción socialista;;;;;;;;;
GER_anarcho_liberal;Radikale Arbeiterpartei;Arbeiterpartei radical;Radikale Arbeiterpartei;;Radical Arbeiterpartei;;;;;;;;;
GER_communist;Kommunistische Arbeiterpartei;Arbeiterpartei communiste;Kommunistische Arbeiterpartei;;Communist Arbeiterpartei;;;;;;;;;
GER_conservative;Zentrumspartei;Zentrumspartei;Zentrumspartei;;Zentrumspartei;;;;;;;;;
GER_conservative_2;Konservative Partei;Konservative Partei;Konservative Partei;;Konservative Partei;;;;;;;;;
GER_conservative_3;Christsoz. Arbeiterpartei;Christsoz. Arbeiterpartei;Christsoz. Arbeiterpartei;;Christsoz. Arbeiterpartei;;;;;;;;;
GER_fascist;NSDP;NSDP;NSDP;;NSDP;;;;;;;;;
GER_liberal;Liberaldem. Partei;Liberaldem. Partei;Liberaldem. Partei;;Liberaldem. Partei;;;;;;;;;
GER_liberal_2;Nationalliberale ;Nationalliberale ;Nationalliberale ;;Nationalliberale ;;;;;;;;;
GER_liberal_3;Freisinnige Partei;Freisinnige Partei;Freisinnige Partei;;Freisinnige Partei;;;;;;;;;
GER_reactionary;Nationale Partei;Nationale Partei;Nationale Partei;;Nationale Partei;;;;;;;;;
GER_socialist;Deutscher Arbeiterverein;Deutscher Arbeiterverein;Deutscher Arbeiterverein;;Deutscher Arbeiterverein;;;;;;;;;
GER_socialist_2;Sozialdem. Arbeiterpartei ;Sozialdem. Arbeiterpartei ;Sozialdem. Arbeiterpartei ;;Sozialdem. Arbeiterpartei ;;;;;;;;;
GER_socialist_3;Sozial. Arbeiterpartei ;Sozial. Arbeiterpartei ;Sozial. Arbeiterpartei ;;Sozial. Arbeiterpartei ;;;;;;;;;
GRE_anarcho_liberal;Radical Faction;Faction radicale;Radikale Fraktion;;Facción radical;;;;;;;;;
GRE_communist;Communist Faction;Faction communiste;Kommunistische Fraktion;;Facción comunista;;;;;;;;;
GRE_conservative;French Faction;Faction française;Französische Fraktion;;Facción francesa;;;;;;;;;
GRE_conservative_2;Komma Ethnikofronon;Komma Ethnikofronon;Komma Ethnikofronon;;Komma Ethnikofronon;;;;;;;;;
GRE_fascist;Fascist Faction;Faction fasciste;Faschistische Faction;;Facción fascista;;;;;;;;;
GRE_liberal;British Faction;Faction britannique;Britische Fraktion;;Facción británica;;;;;;;;;
GRE_liberal_2;Neoteristikon Komma;Neoteristikon Komma;Neoteristikon Komma;;Neoteristikon Komma;;;;;;;;;
GRE_reactionary;Russian Faction;Faction russe;Russische Fraktion;;Facción rusa;;;;;;;;;
GRE_socialist;Socialist Faction;Faction socialiste;Sozialistische Fraktion;;Facción socialista;;;;;;;;;
GUA_anarcho_liberal;Partido Radical;Partido Radical;Partido Radical;;Partido Radical;;;;;;;;;
GUA_communist;Partido Comunista;Partido communiste;Partido Communist;;Partido Comunista;;;;;;;;;
GUA_conservative;Partido Conservador;Partido Conservador;Partido Conservador;;Partido Conservador;;;;;;;;;
GUA_fascist;Partido Fascista;Partido fasciste;Partido Fascist;;Partido Fascista;;;;;;;;;
GUA_liberal;Partido Liberal;Partido Liberal;Partido Liberal;;Partido Liberal;;;;;;;;;
GUA_reactionary;Partido Nacionalista;Partido nationaliste;Partido Nationalist;;Partido Nacionalista;;;;;;;;;
GUA_socialist;Partido Socialista;Partido socialiste;Partido Socialist;;Partido Socialista;;;;;;;;;
GUY_anarcho_liberal;Unity Party of Guyana;Partido Federalista;Partido Federalista;;;Partido Federalista;;;;;;;;
GUY_communist;People's Progressive Party;Partido communiste;Partido Communist;;;Partido Comunista;;;;;;;;
GUY_conservative;Conservative Party;Partido Moderado Liberal;Partido Moderado Liberal;;;Partido Moderado Liberal;;;;;;;;
GUY_fascist;Fascist Party;NSBD;NSBD;;NSBD;;;;;;;;;
GUY_liberal;The United Force;Partido Antireelecionista;Partido Antireelecionista;;;Partido Antireelecionista;;;;;;;;
GUY_reactionary;Radical Party;Partido Imperialista;Partido Imperialista;;;Partido Imperialista;;;;;;;;
GUY_socialist;Working People's Alliance;Partido socialiste;Partido Socialist;;;Partido Socialista;;;;;;;;
GWA_anarcho_liberal;The Radical Faction;Faction radicale;Die radikale Fraktion;;La facción radical;;;;;;;;;
GWA_communist;The Communist Faction;Faction communiste;Die kommunistische Fraktion;;La facción comunista;;;;;;;;;
GWA_conservative;Royal Faction;Faction royale;Königsfraktion;;Facción real;;;;;;;;;
GWA_fascist;The Fascist Faction;Faction fasciste;Die faschistische Fraktion;;La facción fascista;;;;;;;;;
GWA_liberal;The Liberal Faction;Faction libérale;Die liberale Fraktion;;La facción liberal;;;;;;;;;
GWA_reactionary;The Nationalist Faction;Faction nationaliste;Die nationalistische Fraktion;;La facción nacionalista;;;;;;;;;
GWA_socialist;The Socialist Faction;Faction socialiste;Die sozialistische Fraktion;;La facción socialista;;;;;;;;;
GXI_anarcho_liberal;Freedom Party;Parti de la liberté;Freiheitspartei;;Partido Libertario;;;;;;;;;
GXI_communist;Chinese Communist Party;Parti communiste chinois;Kommunistische Partei China;;Partido Comunista Chino;;;;;;;;;
GXI_conservative;Kuomintang Faction;Faction Kuomintang;Guomintang-Fraktion;;Facción Kuomintang;;;;;;;;;
GXI_fascist;Fascist Party;Parti fasciste;Faschistische Partei;;Partido Fascista;;;;;;;;;
GXI_liberal;Liberal Party;Parti libéral;Liberale Partei;;Partido Liberal;;;;;;;;;
GXI_reactionary;Rongting Faction;Faction Rongting;Rongting-Fraktion;;Facción Rongting;;;;;;;;;
GXI_socialist;Socialist Party;Parti socialiste;Sozialistische Partei;;Partido Socialista;;;;;;;;;
HAI_anarcho_liberal;Parti Radical;Parti radical;Parti Radical;;Parti Radical;;;;;;;;;
HAI_communist;Parti Communist;Parti communiste;Parti Communist;;Parti Communist;;;;;;;;;
HAI_conservative;Parti Liberal;Parti libéral;Parti Liberal;;Parti Liberal;;;;;;;;;
HAI_fascist;Parti Fascist;Parti fasciste;Parti Fascist;;Parti Fascist;;;;;;;;;
HAI_liberal;Parti National;Parti national;Parti National;;Parti National;;;;;;;;;
HAI_reactionary;Parti Nationalist;Parti nationaliste;Parti Nationalist;;Parti Nationalist;;;;;;;;;
HAI_socialist;Parti Socialist;Parti socialiste;Parti Socialist;;Parti Socialist;;;;;;;;;
HAM_anarcho_liberal;Radikale Arbeiterpartei;Arbeiterpartei radical;Radikale Arbeiterpartei;;Radical Arbeiterpartei;;;;;;;;;
HAM_communist;Kommunistische Arbeiterpartei;Arbeiterpartei communiste;Kommunistische Arbeiterpartei;;Communist Arbeiterpartei;;;;;;;;;
HAM_conservative;Zentrumspartei;Zentrumspartei;Zentrumspartei;;Zentrumspartei;;;;;;;;;
HAM_conservative_2;Konservative Partei;Konservative Partei;Konservative Partei;;Konservative Partei;;;;;;;;;
HAM_conservative_3;Christsoz. Arbeiterpartei;Christsoz. Arbeiterpartei;Christsoz. Arbeiterpartei;;Christsoz. Arbeiterpartei;;;;;;;;;
HAM_fascist;NSDP;NSDP;NSDP;;NSDP;;;;;;;;;
HAM_liberal;Liberaldem. Partei;Liberaldem. Partei;Liberaldem. Partei;;Liberaldem. Partei;;;;;;;;;
HAM_liberal_2;Nationalliberale ;Nationalliberale ;Nationalliberale ;;Nationalliberale ;;;;;;;;;
HAM_liberal_3;Freisinnige Partei;Freisinnige Partei;Freisinnige Partei;;Freisinnige Partei;;;;;;;;;
HAM_reactionary;Nationale Partei;Nationale Partei;Nationale Partei;;Nationale Partei;;;;;;;;;
HAM_socialist;Deutscher Arbeiterverein;Deutscher Arbeiterverein;Deutscher Arbeiterverein;;Deutscher Arbeiterverein;;;;;;;;;
HAM_socialist_2;Sozialdem. Arbeiterpartei ;Sozialdem. Arbeiterpartei ;Sozialdem. Arbeiterpartei ;;Sozialdem. Arbeiterpartei ;;;;;;;;;
HAM_socialist_3;Sozial. Arbeiterpartei ;Sozial. Arbeiterpartei ;Sozial. Arbeiterpartei ;;Sozial. Arbeiterpartei ;;;;;;;;;
HAN_anarcho_liberal;Radikale Arbeiterpartei;Arbeiterpartei radical;Radikale Arbeiterpartei;;Radical Arbeiterpartei;;;;;;;;;
HAN_communist;Kommunistische Arbeiterpartei;Arbeiterpartei communiste;Kommunistische Arbeiterpartei;;Communist Arbeiterpartei;;;;;;;;;
HAN_conservative;Zentrumspartei;Zentrumspartei;Zentrumspartei;;Zentrumspartei;;;;;;;;;
HAN_conservative_2;Konservative Partei;Konservative Partei;Konservative Partei;;Konservative Partei;;;;;;;;;
HAN_conservative_3;Christsoz. Arbeiterpartei;Christsoz. Arbeiterpartei;Christsoz. Arbeiterpartei;;Christsoz. Arbeiterpartei;;;;;;;;;
HAN_fascist;NSDP;NSDP;NSDP;;NSDP;;;;;;;;;
HAN_liberal;Liberaldem. Partei;Liberaldem. Partei;Liberaldem. Partei;;Liberaldem. Partei;;;;;;;;;
HAN_liberal_2;Nationalliberale ;Nationalliberale ;Nationalliberale ;;Nationalliberale ;;;;;;;;;
HAN_liberal_3;Freisinnige Partei;Freisinnige Partei;Freisinnige Partei;;Freisinnige Partei;;;;;;;;;
HAN_reactionary;Nationale Partei;Nationale Partei;Nationale Partei;;Nationale Partei;;;;;;;;;
HAN_socialist;Deutscher Arbeiterverein;Deutscher Arbeiterverein;Deutscher Arbeiterverein;;Deutscher Arbeiterverein;;;;;;;;;
HAN_socialist_2;Sozialdem. Arbeiterpartei ;Sozialdem. Arbeiterpartei ;Sozialdem. Arbeiterpartei ;;Sozialdem. Arbeiterpartei ;;;;;;;;;
HAN_socialist_3;Sozial. Arbeiterpartei ;Sozial. Arbeiterpartei ;Sozial. Arbeiterpartei ;;Sozial. Arbeiterpartei ;;;;;;;;;
HAW_anarcho_liberal;Radicals;Radicaux;Radikale;;Radicales;;;;;;;;;
HAW_communist;Communists;Communistes;Kommunisten;;Comunistas;;;;;;;;;
HAW_conservative;Royalists;Royalistes;Royalisten;;Realistas;;;;;;;;;
HAW_fascist;Fascists;Fascistes;Faschisten;;Fascistas;;;;;;;;;
HAW_liberal;Monarchists;Monarchistes;Monarchisten;;Monárquicos;;;;;;;;;
HAW_liberal_2;Constitutionalists;Constitutionalistes;Konstitutionalisten;;Constitucionalistas;;;;;;;;;
HAW_reactionary;Nationalists;Nationalistes;Nationalisten;;Nacionalistas;;;;;;;;;
HAW_socialist;Socialists;Socialistes;Sozialisten;;Socialistas;;;;;;;;;
HED_anarcho_liberal;Radikale Arbeiterpartei;Arbeiterpartei radical;Radikale Arbeiterpartei;;Radical Arbeiterpartei;;;;;;;;;
HED_communist;Kommunistische Arbeiterpartei;Arbeiterpartei communiste;Kommunistische Arbeiterpartei;;Communist Arbeiterpartei;;;;;;;;;
HED_conservative;Zentrumspartei;Zentrumspartei;Zentrumspartei;;Zentrumspartei;;;;;;;;;
HED_conservative_2;Konservative Partei;Konservative Partei;Konservative Partei;;Konservative Partei;;;;;;;;;
HED_conservative_3;Christsoz. Arbeiterpartei;Christsoz. Arbeiterpartei;Christsoz. Arbeiterpartei;;Christsoz. Arbeiterpartei;;;;;;;;;
HED_fascist;NSDP;NSDP;NSDP;;NSDP;;;;;;;;;
HED_liberal;Liberaldem. Partei;Liberaldem. Partei;Liberaldem. Partei;;Liberaldem. Partei;;;;;;;;;
HED_liberal_2;Nationalliberale ;Nationalliberale ;Nationalliberale ;;Nationalliberale ;;;;;;;;;
HED_liberal_3;Freisinnige Partei;Freisinnige Partei;Freisinnige Partei;;Freisinnige Partei;;;;;;;;;
HED_reactionary;Nationale Partei;Nationale Partei;Nationale Partei;;Nationale Partei;;;;;;;;;
HED_socialist;Deutscher Arbeiterverein;Deutscher Arbeiterverein;Deutscher Arbeiterverein;;Deutscher Arbeiterverein;;;;;;;;;
HED_socialist_2;Sozialdem. Arbeiterpartei ;Sozialdem. Arbeiterpartei ;Sozialdem. Arbeiterpartei ;;Sozialdem. Arbeiterpartei ;;;;;;;;;
HED_socialist_3;Sozial. Arbeiterpartei ;Sozial. Arbeiterpartei ;Sozial. Arbeiterpartei ;;Sozial. Arbeiterpartei ;;;;;;;;;
HEJ_anarcho_liberal;The Radical Faction;Faction radicale;Die radikale Fraktion;;La Facción Radical;;;;;;;;;
HEJ_communist;The Communist Faction;Faction communiste;Die kommunistische Fraktion;;La Facción Comunista;;;;;;;;;
HEJ_conservative;Royal Faction;Faction royale;Königsfraktion;;Facción Real;;;;;;;;;
HEJ_fascist;The Fascist Faction;Faction fasciste;Die faschistische Fraktion;;La Facción Fascista;;;;;;;;;
HEJ_liberal;The Liberal Faction;Faction libérale;Die liberale Fraktion;;La Facción Liberal;;;;;;;;;
HEJ_reactionary;The Nationalist Faction;Faction nationaliste;Die nationalistische Fraktion;;La Facción Nacionalista;;;;;;;;;
HEJ_socialist;The Socialist Faction;Faction socialiste;Die sozialistische Fraktion;;La Facción Socialista;;;;;;;;;
HEK_anarcho_liberal;Radikale Arbeiterpartei;Arbeierpartei radical;Radikale Arbeiterpartei;;Radical Arbeierpartei;;;;;;;;;
HEK_communist;Kommunistische Arbeiterpartei;Abeiterpartei communiste;Kommunistische Arbeiterpartei;;Communist Abeiterpartei;;;;;;;;;
HEK_conservative;Zentrumspartei;Zentrumspartei;Zentrumspartei;;Zentrumspartei;;;;;;;;;
HEK_conservative_2;Konservative Partei;Konservative Partei;Konservative Partei;;Konservative Partei;;;;;;;;;
HEK_conservative_3;Christsoz. Arbeiterpartei;Christsoz. Arbeiterpartei;Christsoz. Arbeiterpartei;;Christsoz. Arbeiterpartei;;;;;;;;;
HEK_fascist;NSDP;NSDP;NSDP;;NSDP;;;;;;;;;
HEK_liberal;Liberaldem. Partei;Liberaldem. Partei;Liberaldem. Partei;;Liberaldem. Partei;;;;;;;;;
HEK_liberal_2;Nationalliberale ;Nationalliberale ;Nationalliberale ;;Nationalliberale ;;;;;;;;;
HEK_liberal_3;Freisinnige Partei;Freisinnige Partei;Freisinnige Partei;;Freisinnige Partei;;;;;;;;;
HEK_reactionary;Nationale Partei;Nationale Partei;Nationale Partei;;Nationale Partei;;;;;;;;;
HEK_socialist;Deutscher Arbeiterverein;Deutscher Arbeiterverein;Deutscher Arbeiterverein;;Deutscher Arbeiterverein;;;;;;;;;
HEK_socialist_2;Sozialdem. Arbeiterpartei ;Sozialdem. Arbeiterpartei ;Sozialdem. Arbeiterpartei ;;Sozialdem. Arbeiterpartei ;;;;;;;;;
HEK_socialist_3;Sozial. Arbeiterpartei ;Sozial. Arbeiterpartei ;Sozial. Arbeiterpartei ;;Sozial. Arbeiterpartei ;;;;;;;;;
HLS_anarcho_liberal;Radikale Arbeiterpartei;Arbeiterpartei radical;Radikale Arbeiterpartei;;Radical Arbeiterpartei;;;;;;;;;
HLS_communist;The Communist Faction;Faction communiste;Die kommunistische Fraktion;;La Facción Comunista;;;;;;;;;
HLS_conservative;Zentrumspartei;Zentrumspartei;Zentrumspartei;;Zentrumspartei;;;;;;;;;
HLS_conservative_2;Konservative Partei;Konservative Partei;Konservative Partei;;Konservative Partei;;;;;;;;;
HLS_conservative_3;Christsoz. Arbeiterpartei;Christsoz. Arbeiterpartei;Christsoz. Arbeiterpartei;;Christsoz. Arbeiterpartei;;;;;;;;;
HLS_fascist;NSDP;NSDP;NSDP;;NSDP;;;;;;;;;
HLS_liberal;Liberaldem. Partei;Liberaldem. Partei;Liberaldem. Partei;;Liberaldem. Partei;;;;;;;;;
HLS_liberal_2;Nationalliberale ;Nationalliberale ;Nationalliberale ;;Nationalliberale ;;;;;;;;;
HLS_liberal_3;Freisinnige Partei;Freisinnige Partei;Freisinnige Partei;;Freisinnige Partei;;;;;;;;;
HLS_reactionary;Nationale Partei;Nationale Partei;Nationale Partei;;Nationale Partei;;;;;;;;;
HLS_socialist;Deutscher Arbeiterverein;Deutscher Arbeiterverein;Deutscher Arbeiterverein;;Deutscher Arbeiterverein;;;;;;;;;
HLS_socialist_2;Sozialdem. Arbeiterpartei ;Sozialdem. Arbeiterpartei ;Sozialdem. Arbeiterpartei ;;Sozialdem. Arbeiterpartei ;;;;;;;;;
HLS_socialist_3;Sozial. Arbeiterpartei ;Sozial. Arbeiterpartei ;Sozial. Arbeiterpartei ;;Sozial. Arbeiterpartei ;;;;;;;;;
HND_anarcho_liberal;Freedom Party;Parti de la liberté;Freiheitspartei;;Partido por la Libertad;;;;;;;;;
HND_communist;Communist Party;Parti communiste ;Kommunistische Partei;;Partido Comunista;;;;;;;;;
HND_conservative;Nationalist Congress Party;Parti du congrès nationaliste;Nationalistische Kongresspartei;;Partido del Congreso Nacionalista;;;;;;;;;
HND_fascist;Unity Party;Parti unitaire;Einheitspartei;;Partido de la Unidad;;;;;;;;;
HND_liberal;Independence Party;Partie de l'indépendance;Unabhängigkeitspartei;;Partido de la Independencia;;;;;;;;;
HND_reactionary;National Front;Front national;Nationale Front;;Frente Nacional;;;;;;;;;
HND_socialist;Indian National Congress;Congrès national indien;Indischer Nationalkongress;;Congreso Nacional Indio;;;;;;;;;
HOL_anarcho_liberal;Anti-Revolutionaire Partij;Anti-Revolutionaire Partij;Anti-Revolutionaire Partij;;Anti-Revolutionaire Parti;;;;;;;;;
HOL_communist;Social-Democratische Bond;Social-Democratische Bond;Social-Democratische Bond;;Social-Democratische Bond;;;;;;;;;
HOL_communist_2;Communist Partij;Partij communiste;Communist Partij;;Communist Partji;;;;;;;;;
HOL_conservative;Conservatieven;Conservatieven;Conservatieven;;Conservatieven;;;;;;;;;
HOL_fascist;Fascist Partij;Partij fasciste;Fascist Partij;;Fascist Partji;;;;;;;;;
HOL_liberal;Liberale Partij ;Liberale Partij ;Liberale Partij ;;Liberale Partij ;;;;;;;;;
HOL_liberal_2;Liberale Unie;Liberale Unie;Liberale Unie;;Liberale Unie;;;;;;;;;
HOL_liberal_3;Rooms-Katholieke ;Rooms-Katholieke ;Rooms-Katholieke ;;Rooms-Katholieke ;;;;;;;;;
HOL_liberal_4;Christelijk Historische;Christelijk Historische;Christelijk Historische;;Christelijk Historische;;;;;;;;;
HOL_liberal_5;Vrije Liberalen;Vrije Liberalen;Vrije Liberalen;;Vrije Liberalen;;;;;;;;;
HOL_reactionary;Nationalist Partij;Partij nationaliste;Nationalist Partij;;Nationalist Partij;;;;;;;;;
HOL_socialist;Social-Demo. Partij;Social-Demo. Partij;Social-Demo. Partij;;Social-Demo. Partij;;;;;;;;;
HON_anarcho_liberal;Partido Radical;Partido Radical;Partido Radical;;Partido Radical;;;;;;;;;
HON_communist;Partido Comunista;Partido communiste;Partido Communist;;Partido Comunista;;;;;;;;;
HON_conservative;Partido Conservador;Partido Conservador;Partido Conservador;;Partido Conservador;;;;;;;;;
HON_conservative_2;Partido Nacional;Partido Nacional;Partido Nacional;;Partido Nacional;;;;;;;;;
HON_fascist;Partido Fascista;Partido fasciste;Partido Fascist;;Partido Fascista;;;;;;;;;
HON_liberal;Partido Liberal;Partido Liberal;Partido Liberal;;Partido Liberal;;;;;;;;;
HON_liberal_2;Liberal de Honduras;Liberal de Honduras;Liberal de Honduras;;Liberal de Honduras;;;;;;;;;
HON_reactionary;Partido Nacionalista;Partido nationaliste;Partido Nationalist;;Partido Nationalista;;;;;;;;;
HON_socialist;Partido Socialista;Partido socialiste;Partido Socialist;;Partido Socialista;;;;;;;;;
HRE_anarcho_liberal;Radikal Liberale;;;;;;;;;;;;;
HRE_communist;Kommunistische Arbeiterpartei;;;;;;;;;;;;;
HRE_conservative;Christlichdemokratische Volkspartei;;;;;;;;;;;;;
HRE_conservative_2;Kaisertreue Fraktion;;;;;;;;;;;;;
HRE_conservative_3;Konservative Fraktion;;;;;;;;;;;;;
HRE_conservative_4;Konservative Partei;;;;;;;;;;;;;
HRE_conservative_5;Christlich-Konservative Partei;;;;;;;;;;;;;
HRE_fascist;Deutschsoziale Arbeiter- und Heimatpartei;;;;;;;;;;;;;
HRE_liberal;Palamentarier;;;;;;;;;;;;;
HRE_liberal_2;Liberalisten;;;;;;;;;;;;;
HRE_liberal_3;Demokratische Freiheitspartei;;;;;;;;;;;;;
HRE_liberal_4;Demokratische Freiheitspartei;;;;;;;;;;;;;
HRE_liberal_5;Deutschliberale Partei;;;;;;;;;;;;;
HRE_reactionary;Fürstentreue Fraktion;;;;;;;;;;;;;
HRE_reactionary_2;Deutschnationale Fraktion;;;;;;;;;;;;;
HRE_reactionary_3;Vaterlandspartei;;;;;;;;;;;;;
HRE_socialist;Sozialistische Volkspartei;;;;;;;;;;;;;
HRE_socialist_2;Sozialistischer Arbeiterverein;;;;;;;;;;;;;
HRE_socialist_3;Sozialistische Arbeiterpartei;;;;;;;;;;;;;
HRE_socialist_4;Sozialdemokratische Arbeiterpartei;;;;;;;;;;;;;
HRE_socialist_5;Freie Sozialistische Partei;;;;;;;;;;;;;
HUN_anarcho_liberal;Balközép Párt;Balközép Párt;Balközép Párt;;Balközép Párt;;;;;;;;;
HUN_communist;Kommunisták Magyarországi;Kommunisták Magyarországi;Kommunisták Magyarországi;;Kommunisták Magyarországi;;;;;;;;;
HUN_conservative;Függetlenségi Párt;Függetlenségi Párt;Függetlenségi Párt;;Függetlenségi Párt;;;;;;;;;
HUN_conservative_2;Catholic People's Party;Parti populaire catholique;Katholische Volkspartei;;Partido Popular Católico;;;;;;;;;
HUN_conservative_3;Rumanian National Party;Parti national roumain;Rumänische Nationalpartei;;Partido Nacional Rumano;;;;;;;;;
HUN_conservative_4;Croat State Party ;Parti d'État croate ;Kroatische Staatspartei;;Partido del Estado Croata ;;;;;;;;;
HUN_fascist;Nyilaskeresztes Párt Hungarista Mozgalom;Nyilaskeresztes Párt Hungarista Mozgalom;Nyilaskeresztes Párt Hungarista Mozgalom;;Nyilaskeresztes Párt Hungarista Mozgalom;;;;;;;;;
HUN_liberal;Deák-párt;Deák-párt;Deák-párt;;Deák-párt;;;;;;;;;
HUN_liberal_2;Szabadelvû Párt;Szabadelvû Párt;Szabadelvû Párt;;Szabadelvû Párt;;;;;;;;;
HUN_liberal_3;Országos Polgári Radikáli;Országos Polgári Radikáli;Országos Polgári Radikáli;;Országos Polgári Radikáli;;;;;;;;;
HUN_reactionary;Egyesült Ellenzéki ;Egyesült Ellenzéki ;Egyesült Ellenzéki ;;Egyesült Ellenzéki ;;;;;;;;;
HUN_reactionary_2;Mérsékelt Ellenzéki ;Mérsékelt Ellenzéki ;Mérsékelt Ellenzéki ;;Mérsékelt Ellenzéki ;;;;;;;;;
HUN_socialist;Általános Munkáspárt ;Általános Munkáspárt ;Általános Munkáspárt ;;Általános Munkáspárt ;;;;;;;;;
HUN_socialist_2;Magyarországi Szociáldem.;Magyarországi Szociáldem.;Magyarországi Szociáldem.;;Magyarországi Szociáldem.;;;;;;;;;
HUN_socialist_3;Újjászervezett Szociáldem.;Újjászervezett Szociáldem.;Újjászervezett Szociáldem.;;Újjászervezett Szociáldem.;;;;;;;;;
HUN_socialist_4;Kisgazda Párt;Kisgazda Párt;Kisgazda Párt;;Kisgazda Párt;;;;;;;;;
HYD_anarcho_liberal;The Radical Faction;Faction radicale;Die radikale Fraktion;;La Facción Radical;;;;;;;;;
HYD_communist;The Communist Faction;Faction communiste;Die kommunistische Fraktion;;La Facción Comunista;;;;;;;;;
HYD_conservative;Royal Faction;Faction royale;Königsfraktion;;Facción Real;;;;;;;;;
HYD_fascist;The Fascist Faction;Faction fasciste;Die faschistische Fraktion;;La Facción Fascista;;;;;;;;;
HYD_liberal;The Liberal Faction;Faction libérale;Die liberale Fraktion;;La Facción Liberal;;;;;;;;;
HYD_reactionary;The Nationalist Faction;Faction nationaliste;Die nationalistische Fraktion;;La Facción Nacionalista;;;;;;;;;
HYD_socialist;The Socialist Faction;Faction socialiste;Die sozialistische Fraktion;;La Facción Socialista;;;;;;;;;
ICL_anarcho_liberal;Besti flokkurinn;Besti flokkurinn;Besti flokkurinn;;Besti flokkurinn;;;;;;;;;
ICL_communist;Kommúnistaflokkur Íslands;Kommúnistaflokkur Íslands;Kommúnistaflokkur Íslands;;Kommúnistaflokkur Íslands;;;;;;;;;
ICL_conservative;Sjálfstaeddisflokkurinn;Sjálfstaeddisflokkurinn;Sjálfstaeddisflokkurinn;;Sjálfstaeddisflokkurinn;;;;;;;;;
ICL_fascist;Flokkur Thjóeddernissinna;Flokkur Thjóeddernissinna;Flokkur Thjóeddernissinna;;Flokkur Thjóeddernissinna;;;;;;;;;
ICL_liberal;Framsóknarflokkurinn;Framsóknarflokkurinn;Framsóknarflokkurinn;;Framsóknarflokkurinn;;;;;;;;;
ICL_reactionary;Borgaraflokkurinn;Borgaraflokkurinn;Borgaraflokkurinn;;Borgaraflokkurinn;;;;;;;;;
ICL_socialist;Althýedduflokkurinn;Althýedduflokkurinn;Alth_edduflokkurinn;;Althýedduflokkurinn;;;;;;;;;
IND_anarcho_liberal;The Radical Faction;Faction radicale;The Radical Faction;;La Facción Radical;;;;;;;;;
IND_communist;The Communist Faction;Faction communiste;The Communist Faction;;La Facción Comunista;;;;;;;;;
IND_conservative;Royal Faction;Faction royale;Royal Faction;;Facción Real;;;;;;;;;
IND_fascist;The Fascist Faction;Faction fasciste;The Fascist Faction;;La Facción Fascista;;;;;;;;;
IND_liberal;The Liberal Faction;Faction libérale;The Liberal Faction;;La Facción Liberal;;;;;;;;;
IND_reactionary;The Nationalist Faction;Faction nationaliste;The Nationalist Faction;;La Facción Nacionalista;;;;;;;;;
IND_socialist;The Socialist Faction;Faction socialiste;The Socialist Faction;;La Facción Socialista;;;;;;;;;
ION_anarcho_liberal;Radical Faction;Faction radicale;Radikale Fraktion;;Facción Radical;;;;;;;;;
ION_communist;Communist Faction;Faction communiste;Kommunistische Fraktion;;Facción Comunista;;;;;;;;;
ION_conservative;British Faction;Faction britannique;Britische Fraktion;;Facción Británica;;;;;;;;;
ION_conservative_2;Greek Faction;Faction grecque;Griechische Fraktion;;Facción Griega;;;;;;;;;
ION_fascist;Fascist Faction;Faction fasciste;Faschistische Faction;;Facción Fascista;;;;;;;;;
ION_liberal;Italian Faction;Faction italienne;Italienische Fraktion;;Facción Italiana;;;;;;;;;
ION_reactionary;Nationalist Faction;Faction nationaliste;Nationalistische Fraktion;;Facción Nacionalista;;;;;;;;;
ION_socialist;Socialist Faction;Faction socialiste;Sozialistische Fraktion;;Facción Socialista;;;;;;;;;
IRE_anarcho_liberal;Sinn Fein;Sinn Fein;Sinn Fein;;Sinn Fein;;;;;;;;;
IRE_communist;Communist Party;Parti communiste ;Communist Party;;Partido Comunista;;;;;;;;;
IRE_conservative;Conservative Party;Parti conservateur;Konservative Partei;;Partido Conservador;;;;;;;;;
IRE_fascist;Fascist Party;Parti fasciste;Fascist Party;;Partido Fascista;;;;;;;;;
IRE_liberal;Whig Party;Parti Whig;Whig Party;;Partido Whig;;;;;;;;;
IRE_liberal_2;Repealers;Abrogateur;Repealers;;Revocadores;;;;;;;;;
IRE_liberal_3;Independent Opposition Party;Parti d'opposition indépendant;Independent Opposition Party;;Partido de la Oposición Independeiente;;;;;;;;;
IRE_liberal_4;Liberal Party;Parti libéral;Liberal Party;;Partido Liberal;;;;;;;;;
IRE_liberal_5;Liberal Party;Parti libéral;Liberal Party;;Partido Liberal;;;;;;;;;
IRE_liberal_6;Irish Nationalist Party;Parti nationaliste irlandais;Irish Nationalist Party;;Partido Nacionalista Irlandés;;;;;;;;;
IRE_reactionary;Unionist Party;Parti unioniste;Unionist Party;;Partido Unionista;;;;;;;;;
IRE_socialist;Labour Party;Parti travailliste;Labour Party;;Partido Laborista;;;;;;;;;
IRO_anarcho_liberal;Libertarian Party;Partido Federalista;Partido Federalista;;;Partido Federalista;;;;;;;;
IRO_communist;Communist Party;Partido communiste;Partido Communist;;;Partido Comunista;;;;;;;;
IRO_conservative;Conservative Party;Partido Conservador;Partido Conservador;;;Partido Conservador;;;;;;;;
IRO_fascist;Fascist Party;Partido fasciste;Partido Fascist;;;Partido Fascista;;;;;;;;
IRO_liberal;Liberal Party;Partido Liberal;Partido Liberal;;;Partido Liberal;;;;;;;;
IRO_reactionary;Radical Party;Partido Imperialista;Partido Imperialista;;;Partido Imperialista;;;;;;;;
IRO_socialist;Socialist Party;Partido socialiste;Partido Socialist;;;Partido Socialista;;;;;;;;
IRQ_anarcho_liberal;Freedom Party;Parti de la liberté;Freiheitspartei;;Partido Libertario;;;;;;;;;
IRQ_communist;Communist Party;Parti communiste ;Kommunistische Partei;;Partido Comunista;;;;;;;;;
IRQ_conservative;Conservative Party;Parti conservateur;Konservative Partei;;Partido Conservador;;;;;;;;;
IRQ_fascist;Unity Party;Parti unitaire;Einheitspartei;;Partido de la Unidad;;;;;;;;;
IRQ_liberal;Liberal Party;Parti libéral;Liberale Partei;;Partido Liberal;;;;;;;;;
IRQ_reactionary;Hashemite Faction;Faction hachémite;Hashemitische Fraktion;;Facción Hachemita;;;;;;;;;
IRQ_socialist;Baath Party;Parti Baas;Baath-Partei;;Partido Árabe Socialista Baath;;;;;;;;;
ISR_anarcho_liberal;Tzionim Klaliym;Tzionim Klaliym;Tzionim Klaliym;;Tzionim Klaliym;;;;;;;;;
ISR_communist;HaMiflega HaKomunistit HaYisraelit;HaMiflega HaKomunistit HaYisraelit;HaMiflega HaKomunistit HaYisraelit;;HaMiflega HaKomunistit HaYisraelit;;;;;;;;;
ISR_conservative;Herut;Herut;Herut;;Herut;;;;;;;;;
ISR_fascist;Brit HaBirionim;Brit HaBirionim;Brit HaBirionim;;Brit HaBirionim;;;;;;;;;
ISR_liberal;Miflaga Progresivit;Miflaga Progresivit;Miflaga Progresivit;;Miflaga Progresivit;;;;;;;;;
ISR_reactionary;Hazit Datit Meuhedet;Hazit Datit Meuhedet;Hazit Datit Meuhedet;;Hazit Datit Meuhedet;;;;;;;;;
ISR_socialist;Mifleget Poalei Eretz Yisrael;Mifleget Poalei Eretz Yisrael;Mifleget Poalei Eretz Yisrael;;Mifleget Poalei Eretz Yisrael;;;;;;;;;
ITA_anarcho_liberal;Estrema Sinistra Liberale;Partito radical;Partito Radicali;;Partito Radical;;;;;;;;;
ITA_communist;Partito Comunista d'Italia;Partido communiste;Partido Communista Italiano;;Partido Comunista;;;;;;;;;
ITA_conservative;Destra Liberale;Modéré;Moderati;;Moderados;;;;;;;;;
ITA_conservative_2;Partito Liberale Italiano;National Liberal;Partito Nazionale Liberali;;Nacional-Liberales;;;;;;;;;
ITA_conservative_3;Partito Popolare Italiano;Partito Popolare Italiano;Partito Popolare Italiano;;Partito Popolare Italiano;;;;;;;;;
ITA_fascist;Partito Nazionale Fascista;Partito Nazionale Fascista;Partito Nazionale Fascista;;Partito Nazionale Fascista;;;;;;;;;
ITA_liberal;Sinistra Liberale;Réformiste;Reformisti;;Reformistas;;;;;;;;;
ITA_liberal_2;Partito Repubblicano Italiano;Liberal;Partito Liberali Italiano;;Liberales;;;;;;;;;
ITA_reactionary;Fazione Monarchica;Restorationiste;Ristorazionista;;Restauracionistas;;;;;;;;;
ITA_socialist;Partito Socialista Italiano;Partito Socialista Italiano;Partito Socialista Italiano;;Partito Socialista Italiano;;;;;;;;;
JAI_anarcho_liberal;The Radical Faction;Faction radicale;Die radikale Fraktion;;La Facción Radical;;;;;;;;;
JAI_communist;The Communist Faction;Faction communiste;Die kommunistische Fraktion;;La Facción Comunista;;;;;;;;;
JAI_conservative;Royal Faction;Faction royale;Königsfraktion;;Facción Real;;;;;;;;;
JAI_fascist;The Fascist Faction;Faction fasciste;Die faschistische Fraktion;;La Facción Fascista;;;;;;;;;
JAI_liberal;The Liberal Faction;Faction libérale;Die liberale Fraktion;;La Facción Liberal;;;;;;;;;
JAI_reactionary;The Nationalist Faction;Faction nationaliste;Die nationalistische Fraktion;;La Facción Nacionalista;;;;;;;;;
JAI_socialist;The Socialist Faction;Faction socialiste;Die sozialistische Fraktion;;La Facción Socialista;;;;;;;;;
JAS_anarcho_liberal;The Radical Faction;Faction radicale;Die radikale Fraktion;;La Facción Radical;;;;;;;;;
JAS_communist;The Communist Faction;Faction communiste;Die kommunistische Fraktion;;La Facción Comunista;;;;;;;;;
JAS_conservative;Royal Faction;Faction royale;Königsfraktion;;Facción Real;;;;;;;;;
JAS_fascist;The Fascist Faction;Faction fasciste;Die faschistische Fraktion;;La Facción Fascista;;;;;;;;;
JAS_liberal;The Liberal Faction;Faction libérale;Die liberale Fraktion;;La Facción Liberal;;;;;;;;;
JAS_reactionary;The Nationalist Faction;Faction nationaliste;Die nationalistische Fraktion;;La Facción Nacionalista;;;;;;;;;
JAS_socialist;The Socialist Faction;Faction socialiste;Die sozialistische Fraktion;;La Facción Socialista;;;;;;;;;
JAV_anarcho_liberal;The Radical Faction;Faction radicale;Die radikale Fraktion;;La Facción Radical;;;;;;;;;
JAV_communist;The Communist Faction;Faction communiste;Die kommunistische Fraktion;;La Facción Comunista;;;;;;;;;
JAV_conservative;Royal Faction;Faction royale;Königsfraktion;;Facción Real;;;;;;;;;
JAV_fascist;The Fascist Faction;Faction fasciste;Die faschistische Fraktion;;La Facción Fascista;;;;;;;;;
JAV_liberal;The Liberal Faction;Faction libérale;Die liberale Fraktion;;La Facción Liberal;;;;;;;;;
JAV_reactionary;The Nationalist Faction;Faction nationaliste;Die nationalistische Fraktion;;La Facción Nacionalista;;;;;;;;;
JAV_socialist;The Socialist Faction;Faction socialiste;Die sozialistische Fraktion;;La Facción Socialista;;;;;;;;;
JOD_anarcho_liberal;The Radical Faction;Faction radicale;Die radikale Fraktion;;La Facción Radical;;;;;;;;;
JOD_communist;The Communist Faction;Faction communiste;Die kommunistische Fraktion;;La Facción Comunista;;;;;;;;;
JOD_conservative;Royal Faction;Faction royale;Königsfraktion;;Facción Real;;;;;;;;;
JOD_fascist;The Fascist Faction;Faction fasciste;Die faschistische Fraktion;;La Facción Fascista;;;;;;;;;
JOD_liberal;The Liberal Faction;Faction libérale;Die liberale Fraktion;;La Facción Liberal;;;;;;;;;
JOD_reactionary;The Nationalist Faction;Faction nationaliste;Die nationalistische Fraktion;;La Facción Nacionalista;;;;;;;;;
JOD_socialist;The Socialist Faction;Faction socialiste;Die sozialistische Fraktion;;La Facción Socialista;;;;;;;;;
JOH_anarcho_liberal;The Radical Faction;Faction radicale;Die radikale Fraktion;;La Facción Radical;;;;;;;;;
JOH_communist;The Communist Faction;Faction communiste;Die kommunistische Fraktion;;La Facción Comunista;;;;;;;;;
JOH_conservative;Royal Faction;Faction royale;Königsfraktion;;Facción Real;;;;;;;;;
JOH_fascist;The Fascist Faction;Faction fasciste;Die faschistische Fraktion;;La Facción Fascista;;;;;;;;;
JOH_liberal;The Liberal Faction;Faction libérale;Die liberale Fraktion;;La Facción Liberal;;;;;;;;;
JOH_reactionary;The Nationalist Faction;Faction nationaliste;Die nationalistische Fraktion;;La Facción Nacionalista;;;;;;;;;
JOH_socialist;The Socialist Faction;Faction socialiste;Die sozialistische Fraktion;;La Facción Socialista;;;;;;;;;
JOR_anarcho_liberal;Al Anarkiliberali;;;;;;;;;;;;;
JOR_communist;Al-Hizb al-Shuyui al-Urduni;;;;;;;;;;;;;
JOR_conservative;Hizb al-Wasat al-Islami;;;;;;;;;;;;;
JOR_fascist;Hizb al-Mustaqbal;;;;;;;;;;;;;
JOR_liberal;Yasari-d-al-Dimaqrati al-Urduni;;;;;;;;;;;;;
JOR_reactionary;Hizb al-Hashemiyya al-Urduni;;;;;;;;;;;;;
JOR_socialist;Hizb al-Baath al-Ishtiraki al-Urduni;;;;;;;;;;;;;
KAL_anarcho_liberal;The Radical Faction;Faction radicale;Die radikale Fraktion;;La Facción Radical;;;;;;;;;
KAL_communist;The Communist Faction;Faction communiste;Die kommunistische Fraktion;;La Facción Comunista;;;;;;;;;
KAL_conservative;Royal Faction;Faction royale;Königsfraktion;;Facción Real;;;;;;;;;
KAL_fascist;The Fascist Faction;Faction fasciste;Die faschistische Fraktion;;La Facción Fascista;;;;;;;;;
KAL_liberal;The Liberal Faction;Faction libérale;Die liberale Fraktion;;La Facción Liberal;;;;;;;;;
KAL_reactionary;The Nationalist Faction;Faction nationaliste;Die nationalistische Fraktion;;La Facción Nacionalista;;;;;;;;;
KAL_socialist;The Socialist Faction;Faction socialiste;Die sozialistische Fraktion;;La Facción Socialista;;;;;;;;;
KAS_anarcho_liberal;The Radical Faction;Faction radicale;Die radikale Fraktion;;La Facción Radical;;;;;;;;;
KAS_communist;The Communist Faction;Faction communiste;Die kommunistische Fraktion;;La Facción Comunista;;;;;;;;;
KAS_conservative;Royal Faction;Faction royale;Königsfraktion;;Facción Real;;;;;;;;;
KAS_fascist;The Fascist Faction;Faction fasciste;Die faschistische Fraktion;;La Facción Fascista;;;;;;;;;
KAS_liberal;The Liberal Faction;Faction libérale;Die liberale Fraktion;;La Facción Liberal;;;;;;;;;
KAS_reactionary;The Nationalist Faction;Faction nationaliste;Die nationalistische Fraktion;;La Facción Nacionalista;;;;;;;;;
KAS_socialist;The Socialist Faction;Faction socialiste;Die sozialistische Fraktion;;La Facción Socialista;;;;;;;;;
KDS_anarcho_liberal;Terakkipeweran;;;;;;;;;;;;;
KDS_communist;Komala;;;;;;;;;;;;;
KDS_conservative;Meclis-i Mîran;;;;;;;;;;;;;
KDS_conservative_2;Partiya Kurdistanê;;;;;;;;;;;;;
KDS_fascist;Jiyanewe;;;;;;;;;;;;;
KDS_liberal;Azadi;;;;;;;;;;;;;
KDS_liberal_2;Hêvî;;;;;;;;;;;;;
KDS_liberal_3;Yeketî Nistîman;;;;;;;;;;;;;
KDS_reactionary;Meclis-i Mesayih;;;;;;;;;;;;;
KDS_reactionary_2;Bizutnawai Islami;;;;;;;;;;;;;
KDS_socialist;Partiya Karkerên;;;;;;;;;;;;;
KDS_socialist_2;Partiya Zahmatkesan;;;;;;;;;;;;;
KHI_anarcho_liberal;The Radical Faction;Faction radicale;Die radikale Fraktion;;La Facción Radical;;;;;;;;;
KHI_communist;The Communist Faction;Faction communiste;Die kommunistische Fraktion;;La Facción Comunista;;;;;;;;;
KHI_fascist;The Fascist Faction;Faction fasciste;Die faschistische Fraktion;;La Facción Fascista;;;;;;;;;
KHI_socialist;The Socialist Faction;Faction socialiste;Die sozialistische Fraktion;;La Facción Socialista;;;;;;;;;
KIR_anarcho_liberal_93;Radical Liberals;Radical Liberals;Radical Liberals;;;;;;;;;;;
KIR_communist_86;Communists;Communists;Communists;;;;;;;;;;;
KIR_conservative_92;Conservatives;Conservatives;Conservatives;;;;;;;;;;;
KIR_fascist_72;Fascists;Fascists;Fascists;;;;;;;;;;;
KIR_liberal_79;Liberals;Liberals;Liberals;;;;;;;;;;;
KIR_liberal_87;National Liberals;National Liberals;National Liberals;;;;;;;;;;;
KIR_reactionary_84;Monarchy Leadership;Monarchy Leadership;Monarchy Leadership;;;;;;;;;;;
KIR_socialist_85;Socialists;Socialists;Socialists;;;;;;;;;;;
KIR_socialist_99;National Socialists;National Socialists;National Socialists;;;;;;;;;;;
KMT_anarcho_liberal;Republicans;Républicains;Republikaner;;;;;;;;;;;
KMT_communist;Communist Party;Parti communiste chinois;Kommunistische Partei Chinas;;;;;;;;;;;
KMT_conservative;Imperial Faction;Faction impériale;Kaiserliche Fraktion;;;;;;;;;;;
KMT_conservative_2;Zhiqiang;Zhiqiang;Zhiqiang;;;;;;;;;;;
KMT_conservative_3;Chiang Kai-shek;Kuomintang Chiang;Kuomintang Chiang;;;;;;;;;;;
KMT_conservative_4;Conservatives;Kuomintang Chiang;Kuomintang Chiang;;;;;;;;;;;
KMT_fascist;Fascists;Fascistes;Faschisten;;;;;;;;;;;
KMT_liberal;Reformers;Réformateurs;Reformer;;;;;;;;;;;
KMT_liberal_2;Sun Yat-sen;Kuomintang Sun;Kuomintang Sun;;;;;;;;;;;
KMT_liberal_3;Feng Yuxiang;Feng Yuxiang;Feng Yuxiang;;;;;;;;;;;
KMT_reactionary;Conservatives;Conservateurs;Konservative;;;;;;;;;;;
KMT_reactionary_2;Yang Hucheng;;;;;;;;;;;;;
KMT_socialist;Socialists;Socialistes;Sozialisten;;;;;;;;;;;
KOK_anarcho_liberal;The Radical Faction;Faction radicale;Die radikale Fraktion;;La Facción Radical;;;;;;;;;
KOK_communist;The Communist Faction;Faction communiste;Die kommunistische Fraktion;;La Facción Comunista;;;;;;;;;
KOK_conservative;Royal Faction;Faction royale;Königsfraktion;;Facción Real;;;;;;;;;
KOK_fascist;The Fascist Faction;Faction fasciste;Die faschistische Fraktion;;La Facción Fascista;;;;;;;;;
KOK_liberal;The Liberal Faction;Faction libérale;Die liberale Fraktion;;La Facción Liberal;;;;;;;;;
KOK_reactionary;The Nationalist Faction;Faction nationaliste;Die nationalistische Fraktion;;La Facción Nacionalista;;;;;;;;;
KOK_socialist;The Socialist Faction;Faction socialiste;Die sozialistische Fraktion;;La Facción Socialista;;;;;;;;;
KOR_anarcho_liberal;Radicals;Radicaux;Radikale;;Radicales;;;;;;;;;
KOR_communist;Communist;Communiste;Kommunisten;;Comunistas;;;;;;;;;
KOR_conservative;Tong Hak;Tong Hak;Tong Hak;;Tong Hak;;;;;;;;;
KOR_conservative_2;Royalist;Royaliste;Royalisten;;Realistas;;;;;;;;;
KOR_fascist;Fascist;Fasciste;Faschisten;;Fascistas;;;;;;;;;
KOR_liberal;Taewon'gun;Taewon'gun;Taewon'gun;;Taewon'gun;;;;;;;;;
KOR_liberal_2;Pro-Japanese;Pro-japonais;Pro-Japanese;;Filo-japoneses;;;;;;;;;
KOR_liberal_3;Liberals;Libéraux;Liberale;;Liberales;;;;;;;;;
KOR_reactionary;Conservatives;Conservateurs;Konservative;;Conservadores;;;;;;;;;
KOR_socialist;Socialist;Socialiste;Sozialisten;;Socialistas;;;;;;;;;
KRA_anarcho_liberal;Radical Party;Parti radical;Radikale Partei;;Partido Radical;;;;;;;;;
KRA_communist;Communist Party;Parti communiste ;Kommunistische Partei;;Partido Comunista;;;;;;;;;
KRA_conservative;Catholic Party;Parti catholique;Katholische Partei;;Partido católico;;;;;;;;;
KRA_conservative_2;Agrarian Party;Parti agraire;Agrarpartei;;Partido Agrario;;;;;;;;;
KRA_conservative_3;Nationalist Party;Parti nationaliste;Nationalistische Partei;;Partido Nacionalista;;;;;;;;;
KRA_fascist;Fascist Party;Parti fasciste;Faschistische Partei;;Partido Fascista;;;;;;;;;
KRA_liberal;Liberal Party;Parti libéral;Liberale Partei;;Partido Liberal;;;;;;;;;
KRA_reactionary;Reactionary Party;Parti réactionnaire;Reaktionäre Partei;;Partido Reaccionario;;;;;;;;;
KRA_socialist;Worker's Alliance;Alliance des travailleurs;Arbeiterbündnis;;Alianza de los Trabajadores;;;;;;;;;
KUT_anarcho_liberal;The Radical Faction;Faction radicale;Die radikale Fraktion;;La Facción Radical;;;;;;;;;
KUT_communist;The Communist Faction;Faction communiste;Die kommunistische Fraktion;;La Facción Comunista;;;;;;;;;
KUT_conservative;Royal Faction;Faction royale;Königsfraktion;;Facción Real;;;;;;;;;
KUT_fascist;The Fascist Faction;Faction fasciste;Die faschistische Fraktion;;La Facción Fascista;;;;;;;;;
KUT_liberal;The Liberal Faction;Faction libérale;Die liberale Fraktion;;La Facción Liberal;;;;;;;;;
KUT_reactionary;The Nationalist Faction;Faction nationaliste;Die nationalistische Fraktion;;La Facción Nacionalista;;;;;;;;;
KUT_socialist;The Socialist Faction;Faction socialiste;Die sozialistische Fraktion;;La Facción Socialista;;;;;;;;;
KWT_anarcho_liberal;Libertarian Party;Partido Radical;Partido Radical;;;;;;;;;;;
KWT_communist;Communist Party;Partido communiste;Partido Communist;;;;;;;;;;;
KWT_conservative;Conservative Party;Partido Conservador;Partido Conservador;;;Partido Conservador;;;;;;;;
KWT_conservative_2;Conservative Party;Partido Conservador;Partido Conservador;;;Partido Conservador;;;;;;;;
KWT_fascist;Fascist Party;Partido fasciste;Partido Fascist;;;;;;;;;;;
KWT_liberal;Liberal Party;Partido Liberal;Partido Liberal;;;;;;;;;;;
KWT_reactionary;Radical Party;Partido nationaliste;Partido Nationalist;;;;;;;;;;;
KWT_socialist;Labour Party;Partido socialiste;Partido Socialist;;;;;;;;;;;
LAD_anarcho_liberal;The Radical Faction;Faction radicale;Die radikale Fraktion;;La Facción Radical;;;;;;;;;
LAD_communist;The Communist Faction;Faction communiste;Die kommunistische Fraktion;;La Facción Comunista;;;;;;;;;
LAD_conservative;Royal Faction;Faction royale;Königsfraktion;;Facción Real;;;;;;;;;
LAD_fascist;The Fascist Faction;Faction fasciste;Die faschistische Fraktion;;La Facción Fascista;;;;;;;;;
LAD_liberal;The Liberal Faction;Faction libérale;Die liberale Fraktion;;La Facción Liberal;;;;;;;;;
LAD_reactionary;The Nationalist Faction;Faction nationaliste;Die nationalistische Fraktion;;La Facción Nacionalista;;;;;;;;;
LAD_socialist;The Socialist Faction;Faction socialiste;Die sozialistische Fraktion;;La Facción Socialista;;;;;;;;;
LBN_anarcho_liberal;Hizb al-Wataniyyin al-Ahrar;;;;;;;;;;;;;
LBN_communist;Al-Hizb al-Shooyoo'i al-Lubnani;;;;;;;;;;;;;
LBN_conservative;At-Tayyar al-Watani al-Horr;;;;;;;;;;;;;
LBN_fascist;Phalanges Libanaises;;;;;;;;;;;;;
LBN_liberal;Harakat al-Tajaddod al-Dimoqrati;;;;;;;;;;;;;
LBN_reactionary;Harakat al-Qawmiyyin al-Arab;;;;;;;;;;;;;
LBN_socialist;Hizb al-Taqadummi al-Ishtiraki;;;;;;;;;;;;;
LBY_anarcho_liberal;Libertarian Party;Partido Radical;Partido Radical;;;;;;;;;;;
LBY_communist;Communist Party;Partido communiste;Partido Communist;;;;;;;;;;;
LBY_conservative;Conservative Party;Partido Conservador;Partido Conservador;;;;;;;;;;;
LBY_fascist;Fascist Party;Partido fasciste;Partido Fascist;;;;;;;;;;;
LBY_liberal;Liberal Party;Partido Liberal;Partido Liberal;;;;;;;;;;;
LBY_reactionary;Radical Party;Partido nationaliste;Partido Nationalist;;;;;;;;;;;
LBY_socialist;Socialist Party;Partido socialiste;Partido Socialist;;;;;;;;;;;
LIB_anarcho_liberal;Radical Party;Parti radical;Radical Party;;Partido Radical;;;;;;;;;
LIB_communist;Communist Party;Parti communiste ;Communist Party;;Partido Comunista;;;;;;;;;
LIB_conservative;Democratic Party;Parti démocrate;Democratic Party;;Partido Demócrata;;;;;;;;;
LIB_conservative_2;Whig Party;Parti Whig;Whig Party;;Partido Whig;;;;;;;;;
LIB_fascist;Fascist Party;Parti fasciste;Fascist Party;;Partido Fascista;;;;;;;;;
LIB_liberal;Reform Party;Parti réformateur;Reform Party;;Partido Reformista;;;;;;;;;
LIB_liberal_2;Pan-African Party;Parti pan-africain;Pan-African Party;;Partido Pan-africano;;;;;;;;;
LIB_reactionary;Nationalist Party;Parti nationaliste;Nationalist Party;;Partido Nacionalista;;;;;;;;;
LIB_socialist;African Revolutionary Party;Parti révolutionnaire africain;African Revolutionary Party;;Partido Revolucionario Africano;;;;;;;;;
LIP_anarcho_liberal;Radikale Arbeiterpartei;Arbeiterpartei radical;Radikale Arbeiterpartei;;Radical Arbeiterpartei;;;;;;;;;
LIP_communist;Kommunistische Arbeiterpartei;Arbeiterpartei communiste;Kommunistische Arbeiterpartei;;Communist Arbeiterpartei;;;;;;;;;
LIP_conservative;Zentrumspartei;Zentrumspartei;Zentrumspartei;;Zentrumspartei;;;;;;;;;
LIP_conservative_2;Konservative Partei;Konservative Partei;Konservative Partei;;Konservative Partei;;;;;;;;;
LIP_conservative_3;Christsoz. Arbeiterpartei;Christsoz. Arbeiterpartei;Christsoz. Arbeiterpartei;;Christsoz. Arbeiterpartei;;;;;;;;;
LIP_fascist;NSDP;NSDP;NSDP;;NSDP;;;;;;;;;
LIP_liberal;Liberaldem. Partei;Liberaldem. Partei;Liberaldem. Partei;;Liberaldem. Partei;;;;;;;;;
LIP_liberal_2;Nationalliberale ;Nationalliberale ;Nationalliberale ;;Nationalliberale ;;;;;;;;;
LIP_liberal_3;Freisinnige Partei;Freisinnige Partei;Freisinnige Partei;;Freisinnige Partei;;;;;;;;;
LIP_reactionary;Nationale Partei;Nationale Partei;Nationale Partei;;Nationale Partei;;;;;;;;;
LIP_socialist;Deutscher Arbeiterverein;Deutscher Arbeiterverein;Deutscher Arbeiterverein;;Deutscher Arbeiterverein;;;;;;;;;
LIP_socialist_2;Sozialdem. Arbeiterpartei ;Sozialdem. Arbeiterpartei ;Sozialdem. Arbeiterpartei ;;Sozialdem. Arbeiterpartei ;;;;;;;;;
LIP_socialist_3;Sozial. Arbeiterpartei ;Sozial. Arbeiterpartei ;Sozial. Arbeiterpartei ;;Sozial. Arbeiterpartei ;;;;;;;;;
LIT_anarcho_liberal;The Radical Faction;Faction radicale;Die radikale Fraktion;;La Facción Radical;;;;;;;;;
LIT_communist;The Communist Faction;Faction communiste;Die kommunistische Fraktion;;La Facción Comunista;;;;;;;;;
LIT_conservative;Royal Faction;Faction royale;Königsfraktion;;Facción Real;;;;;;;;;
LIT_fascist;The Fascist Faction;Faction fasciste;Die faschistische Fraktion;;La Facción Fascista;;;;;;;;;
LIT_liberal;The Liberal Faction;Faction libérale;Die liberale Fraktion;;La Facción Liberal;;;;;;;;;
LIT_reactionary;The Nationalist Faction;Faction nationaliste;Die nationalistische Fraktion;;La Facción Nacionalista;;;;;;;;;
LIT_socialist;The Socialist Faction;Faction socialiste;Die sozialistische Fraktion;;La Facción Socialista;;;;;;;;;
LIV_anarcho_liberal;The Radical Faction;Faction radicale;Die radikale Fraktion;;La Facción Radical;;;;;;;;;
LIV_communist;The Communist Faction;Faction communiste;Die kommunistische Fraktion;;La Facción Comunista;;;;;;;;;
LIV_conservative;Royal Faction;Faction royale;Königsfraktion;;Facción Real;;;;;;;;;
LIV_fascist;The Fascist Faction;Faction fasciste;Die faschistische Fraktion;;La Facción Fascista;;;;;;;;;
LIV_liberal;The Liberal Faction;Faction libérale;Die liberale Fraktion;;La Facción Liberal;;;;;;;;;
LIV_reactionary;The Nationalist Faction;Faction nationaliste;Die nationalistische Fraktion;;La Facción Nacionalista;;;;;;;;;
LIV_socialist;The Socialist Faction;Faction socialiste;Die sozialistische Fraktion;;La Facción Socialista;;;;;;;;;
LOM_anarcho_liberal;Radicali;Radical;Radikali;;Radical;;;;;;;;;
LOM_communist;Rivoluzionari;Revoluzionari;Revoluzionari;;Revoluzionari;;;;;;;;;
LOM_conservative;Transigenti;Transigenti;Transigenti;;Transigenti;;;;;;;;;
LOM_fascist;Fascisti;Fasciste;Fascisti;;Fascista;;;;;;;;;
LOM_liberal;Intransigenti;Intransigenti;Intransigenti;;Intransigenti;;;;;;;;;
LOM_reactionary;Monarchici;Monarchisti;Monarchisti;;Monarchisti;;;;;;;;;
LOM_reactionary_2;Cattolici;Cattolici;Cattolici;;Cattolici;;;;;;;;;
LOM_socialist;Socialisti;Socialisti;Socialisti;;Socialisti;;;;;;;;;
LOS;Los Altos;;;;;Los Altos;;;;;;;;
LOS_ADJ;Losaltan;;;;;Altenses;;;;;;;;
LOS_conservative;Partido Conservador;Partido Conservador;Partido Conservador;;;;;;;;;;;
LOS_liberal;Partido Liberal;Partido Liberal;Partido Liberal;;;;;;;;;;;
LOS_reactionary;Partido Nationalist;Partido nationaliste;Partido Nationalist;;;;;;;;;;;
LOS_anarcho_liberal;Partido Radical;Partido Radical;Partido Radical;;;;;;;;;;;
LOS_socialist;Partido Socialist;Partido socialiste;Partido Socialist;;;;;;;;;;;
LOS_communist;Partido Communist;Partido communiste;Partido Communist;;;;;;;;;;;
LOS_fascist;Partido Fascist;Partido fasciste;Partido Fascist;;;;;;;;;;;
LUA_anarcho_liberal;The Radical Faction;Faction radicale;Die radikale Fraktion;;La Facción Radical;;;;;;;;;
LUA_communist;The Communist Faction;Faction communiste;Die kommunistische Fraktion;;La Facción Comunista;;;;;;;;;
LUA_conservative;Royal Faction;Faction royale;Königsfraktion;;Facción Real;;;;;;;;;
LUA_fascist;The Fascist Faction;Faction fasciste;Die faschistische Fraktion;;La Facción Fascista;;;;;;;;;
LUA_liberal;The Liberal Faction;Faction libérale;Die liberale Fraktion;;La Facción Liberal;;;;;;;;;
LUA_reactionary;The Nationalist Faction;Faction nationaliste;Die nationalistische Fraktion;;La Facción Nacionalista;;;;;;;;;
LUA_socialist;The Socialist Faction;Faction socialiste;Die sozialistische Fraktion;;La Facción Socialista;;;;;;;;;
LUB_anarcho_liberal;Radikale Arbeiterpartei;Arbeiterpartei radical;Radikale Arbeiterpartei;;Radical Arbeiterpartei;;;;;;;;;
LUB_communist;Communist Arbeiterpartie;Arbeiterpartie communiste;Kommunistische Arbeiterpartei;;Communist Arbeiterpartie;;;;;;;;;
LUB_conservative;Zentrumspartei;Zentrumspartei;Zentrumspartei;;Zentrumspartei;;;;;;;;;
LUB_conservative_2;Konservative Partei;Konservative Partei;Konservative Partei;;Konservative Partei;;;;;;;;;
LUB_conservative_3;Christsoz. Arbeiterpartei;Christsoz. Arbeiterpartei;Christsoz. Arbeiterpartei;;Christsoz. Arbeiterpartei;;;;;;;;;
LUB_fascist;NSDP;NSDP;NSDP;;NSDP;;;;;;;;;
LUB_liberal;Liberaldem. Partei;Liberaldem. Partei;Liberaldem. Partei;;Liberaldem. Partei;;;;;;;;;
LUB_liberal_2;Nationalliberale ;Nationalliberale ;Nationalliberale ;;Nationalliberale ;;;;;;;;;
LUB_liberal_3;Freisinnige Partei;Freisinnige Partei;Freisinnige Partei;;Freisinnige Partei;;;;;;;;;
LUB_reactionary;Nationale Partei;Nationale Partei;Nationale Partei;;Nationale Partei;;;;;;;;;
LUB_socialist;Deutscher Arbeiterverein;Deutscher Arbeiterverein;Deutscher Arbeiterverein;;Deutscher Arbeiterverein;;;;;;;;;
LUB_socialist_2;Sozialdem. Arbeiterpartei ;Sozialdem. Arbeiterpartei ;Sozialdem. Arbeiterpartei ;;Sozialdem. Arbeiterpartei ;;;;;;;;;
LUB_socialist_3;Sozial. Arbeiterpartei ;Sozial. Arbeiterpartei ;Sozial. Arbeiterpartei ;;Sozial. Arbeiterpartei ;;;;;;;;;
LUC_anarcho_liberal;Radicali;Radical;Radikali;;Radical;;;;;;;;;
LUC_communist;Comunisti;Communiste;Communisti;;Comunista;;;;;;;;;
LUC_conservative;Moderati ;Moderati ;Moderati;;Moderati ;;;;;;;;;
LUC_fascist;Fascisti;Fasciste;Fascisti;;Fascista;;;;;;;;;
LUC_liberal;Riformisti ;Reformisti ;Reformisti;;Reformisti ;;;;;;;;;
LUC_liberal_2;Liberale;Liberale;Liberali;;Liberale;;;;;;;;;
LUC_reactionary;Restaurazionisti;Ristorazionista;Ristorazionista;;Ristorazionista;;;;;;;;;
LUC_socialist;Socialisti;Sozialisti;Sozialisti;;Sozialisti;;;;;;;;;
LUN_anarcho_liberal_93;Libertarian Faction;;;;;;;;;;;;;
LUN_communist_86;Communist Faction;;;;;;;;;;;;;
LUN_conservative_92;Royal Faction;;;;;;;;;;;;;
LUN_fascist_72;Fascist Faction;;;;;;;;;;;;;
LUN_liberal_79;Liberal Faction;;;;;;;;;;;;;
LUN_liberal_87;Reform Faction;;;;;;;;;;;;;
LUN_reactionary_84;Empire Faction;;;;;;;;;;;;;
LUN_socialist_85;Socialist Faction;;;;;;;;;;;;;
LUN_socialist_99;National Socialist Faction;;;;;;;;;;;;;
LUX_anarcho_liberal;Radical Fraktion;Radical Fraktion;Radikale Fraktion;;Radical Fraktion;;;;;;;;;
LUX_communist;Communist Fraktion;Communist Fraktion;Kommunistische Fraktion;;Communist Fraktion;;;;;;;;;
LUX_conservative;Konservative Fraktion;Konservative Fraktion;Konservative Fraktion;;Konservative Fraktion;;;;;;;;;
LUX_fascist;Fascist Fraktion;Fascist Fraktion;Faschistische Fraktion;;Fascist Fraktion;;;;;;;;;
LUX_liberal;Liberale Fraktion;Liberale Fraktion;Liberale Fraktion;;Liberale Fraktion;;;;;;;;;
LUX_reactionary;Nationalist Fraktion;Nationalist Fraktion;Nationalistische Fraktion;;Nationalist Fraktion;;;;;;;;;
LUX_socialist;Sozialist Fraktion;Sozialist Fraktion;Sozialistische Fraktion;;Sozialist Fraktion;;;;;;;;;
MAD_communist;The Communist Faction;Faction communiste;Die kommunistische Fraktion;;La Facción Comunista;;;;;;;;;
MAD_conservative;Royal Faction;Faction royale;Königsfraktion;;Facción Real;;;;;;;;;
MAD_fascist;The Fascist Faction;Faction fasciste;Die faschistische Fraktion;;La Facción Fascista;;;;;;;;;
MAD_socialist;The Socialist Faction;Faction socialiste;Die sozialistische Fraktion;;La Facción Socialista;;;;;;;;;
MAK_anarcho_liberal;The Radical Faction;Faction radicale;Die radikale Fraktion;;La Facción Radical;;;;;;;;;
MAK_communist;The Communist Faction;Faction communiste;Die kommunistische Fraktion;;La Facción Comunista;;;;;;;;;
MAK_conservative;Royal Faction;Faction royale;Königsfraktion;;Facción Real;;;;;;;;;
MAK_fascist;The Fascist Faction;Faction fasciste;Die faschistische Fraktion;;La Facción Fascista;;;;;;;;;
MAK_liberal;The Liberal Faction;Faction libérale;Die liberale Fraktion;;La Facción Liberal;;;;;;;;;
MAK_reactionary;The Nationalist Faction;Faction nationaliste;Die nationalistische Fraktion;;La Facción Nacionalista;;;;;;;;;
MAK_socialist;The Socialist Faction;Faction socialiste;Die sozialistische Fraktion;;La Facción Socialista;;;;;;;;;
MAN_anarcho_liberal;Radical;Radical;Radikale;;Radical;;;;;;;;;
MAN_communist;Communist;Communiste;Kommunistisch;;Comunista;;;;;;;;;
MAN_conservative;Reunionist;Réunioniste;Reunionisten;;Reunionista;;;;;;;;;
MAN_fascist;Fascist;Fasciste;Faschisten;;Fascista;;;;;;;;;
MAN_liberal;Tammany Hall;Tammany Hall;Tammany Hall;;Tammany Hall;;;;;;;;;
MAN_reactionary;Nationalist;Nationaliste;Nationalisten;;Nacionalista;;;;;;;;;
MAN_socialist;Independent Communist;Communiste indépendant;Unabhängige Kommunisten;;Comunista Independiente;;;;;;;;;
MAP_anarcho_liberal;Libertarian Party;Partido Federalista;Partido Federalista;;;Partido Federalista;;;;;;;;
MAP_communist;Communist Party;Partido communiste;Partido Communist;;;Partido Comunista;;;;;;;;
MAP_conservative;Conservative Party;Partido Conservador;Partido Conservador;;;Partido Conservador;;;;;;;;
MAP_fascist;Fascist Party;Partido fasciste;Partido Fascist;;;Partido Fascista;;;;;;;;
MAP_liberal;Liberal Party;Partido Liberal;Partido Liberal;;;Partido Liberal;;;;;;;;
MAP_reactionary;Radical Party;Partido Imperialista;Partido Imperialista;;;Partido Imperialista;;;;;;;;
MAP_socialist;Socialist Party;Partido socialiste;Partido Socialist;;;Partido Socialista;;;;;;;;
MAS_anarcho_liberal;Libertarian Faction;;;;;;;;;;;;;
MAS_communist;Communist Faction;;;;;;;;;;;;;
MAS_conservative;Royal Faction;;;;;;;;;;;;;
MAS_fascist;Fascist Faction;;;;;;;;;;;;;
MAS_liberal;Liberal Faction;;;;;;;;;;;;;
MAS_reactionary;The Jihadis;;;;;;;;;;;;;
MAS_socialist;Socialist Faction;;;;;;;;;;;;;
MCK_anarcho_liberal;A Very Unlikely Candidate;Un candidat très improbable;Ein äußerst merkwürdiger Kandidat;;Un candidato muy improbable;;;;;;;;;
MCK_communist;Chinese Communist Party;Parti communiste chinois;Kommunistische Partei China;;Partido Comunista Chino;;;;;;;;;
MCK_conservative;Palace Faction;Faction palatiale;Palastfraktion;;Facción Palaciega;;;;;;;;;
MCK_fascist;Fascist Party;Parti fasciste;Faschistische Partei;;Partido Fascista;;;;;;;;;
MCK_liberal;Liberal Party;Parti libéral;Liberale Partei;;Partido Liberal;;;;;;;;;
MCK_reactionary;Restoration Faction;Faction de la restauration;Restaurationsfraktion;;Facción de la Restauración;;;;;;;;;
MCK_socialist;Manchu Socialist Party;Parti socialiste mandchou;Sozialistische Partei Mandschurei;;Partido Socialista Manchú;;;;;;;;;
MEC_anarcho_liberal;Radikale Arbeiterpartei;Arbeieterpartei radical;Radical Arbeiterpartei;;Radical Arbeieterpartei;;;;;;;;;
MEC_communist;Kommunistische Arbeiterpartei;Arbeiterpartei communiste;Kommunistische Arbeiterpartei;;Communist Arbeiterpartei;;;;;;;;;
MEC_conservative;Zentrumspartei;Zentrumspartei;Zentrumspartei;;Zentrumspartei;;;;;;;;;
MEC_conservative_2;Konservative Partei;Konservative Partei;Konservative Partei;;Konservative Partei;;;;;;;;;
MEC_conservative_3;Christsoz. Arbeiterpartei;Christsoz. Arbeiterpartei;Christsoz. Arbeiterpartei;;Christsoz. Arbeiterpartei;;;;;;;;;
MEC_fascist;NSDP;NSDP;NSDP;;NSDP;;;;;;;;;
MEC_liberal;Liberaldem. Partei;Liberaldem. Partei;Liberaldem. Partei;;Liberaldem. Partei;;;;;;;;;
MEC_liberal_2;Nationalliberale ;Nationalliberale ;Nationalliberale ;;Nationalliberale ;;;;;;;;;
MEC_liberal_3;Freisinnige Partei;Freisinnige Partei;Freisinnige Partei;;Freisinnige Partei;;;;;;;;;
MEC_reactionary;Nationale Partei;Nationale Partei;Nationale Partei;;Nationale Partei;;;;;;;;;
MEC_socialist;Deutscher Arbeiterverein;Deutscher Arbeiterverein;Deutscher Arbeiterverein;;Deutscher Arbeiterverein;;;;;;;;;
MEC_socialist_2;Sozialdem. Arbeiterpartei ;Sozialdem. Arbeiterpartei ;Sozialdem. Arbeiterpartei ;;Sozialdem. Arbeiterpartei ;;;;;;;;;
MEC_socialist_3;Sozial. Arbeiterpartei ;Sozial. Arbeiterpartei ;Sozial. Arbeiterpartei ;;Sozial. Arbeiterpartei ;;;;;;;;;
MEI_anarcho_liberal;Radikale Arbeiterpartei;Arbeiterpartei radical;Radikale Arbeiterpartei;;Radical Arbeiterpartei;;;;;;;;;
MEI_communist;Kommunistische Arbeiterpartei;Communiste Arneiterpartei;Communist Arbeiterpartei;;Communist Arneiterpartei;;;;;;;;;
MEI_conservative;Zentrumspartei;Zentrumspartei;Zentrumspartei;;Zentrumspartei;;;;;;;;;
MEI_conservative_2;Konservative Partei;Konservative Partei;Konservative Partei;;Konservative Partei;;;;;;;;;
MEI_conservative_3;Christsoz. Arbeiterpartei;Christsoz. Arbeiterpartei;Christsoz. Arbeiterpartei;;Christsoz. Arbeiterpartei;;;;;;;;;
MEI_fascist;NSDP;NSDP;NSDP;;NSDP;;;;;;;;;
MEI_liberal;Liberaldem. Partei;Liberaldem. Partei;Liberaldem. Partei;;Liberaldem. Partei;;;;;;;;;
MEI_liberal_2;Nationalliberale ;Nationalliberale ;Nationalliberale ;;Nationalliberale ;;;;;;;;;
MEI_liberal_3;Freisinnige Partei;Freisinnige Partei;Freisinnige Partei;;Freisinnige Partei;;;;;;;;;
MEI_reactionary;Nationale Partei;Nationale Partei;Nationale Partei;;Nationale Partei;;;;;;;;;
MEI_socialist;Deutscher Arbeiterverein;Deutscher Arbeiterverein;Deutscher Arbeiterverein;;Deutscher Arbeiterverein;;;;;;;;;
MEI_socialist_2;Sozialdem. Arbeiterpartei ;Sozialdem. Arbeiterpartei ;Sozialdem. Arbeiterpartei ;;Sozialdem. Arbeiterpartei ;;;;;;;;;
MEI_socialist_3;Sozial. Arbeiterpartei ;Sozial. Arbeiterpartei ;Sozial. Arbeiterpartei ;;Sozial. Arbeiterpartei ;;;;;;;;;
MEW_anarcho_liberal;The Radical Faction;Faction radicale;Die radikale Fraktion;;La Facción Radical;;;;;;;;;
MEW_communist;The Communist Faction;Faction communiste;Die kommunistische Fraktion;;La Facción Comunista;;;;;;;;;
MEW_conservative;Royal Faction;Faction royale;Königsfraktion;;Facción Real;;;;;;;;;
MEW_fascist;The Fascist Faction;Faction fasciste;Die faschistische Fraktion;;La Facción Fascista;;;;;;;;;
MEW_liberal;The Liberal Faction;Faction libérale;Die liberale Fraktion;;La Facción Liberal;;;;;;;;;
MEW_reactionary;The Nationalist Faction;Faction nationaliste;Die nationalistische Fraktion;;La Facción Nacionalista;;;;;;;;;
MEW_socialist;The Socialist Faction;Faction socialiste;Die sozialistische Fraktion;;La Facción Socialista;;;;;;;;;
MEX_anarcho_liberal;Partido Federalista;Partido Federalista;Partido Federalista;;Partido Federalista;;;;;;;;;
MEX_anarcho_liberal_2;Nueva Alianza;Partido Federalista;Partido Federalista;;Partido Federalista;;;;;;;;;
MEX_communist;Partido Comunista Mexicano;Partido Comunista Mexicano;Partido Comunista Mexicano;;Partido Comunista;;;;;;;;;
MEX_communist_2;Partido Liberal Mexicano;Partido Comunista Mexicano;Partido Comunista Mexicano;;Partido Comunista;;;;;;;;;
MEX_communist_3;Partido Socialista Unificado de México;Partido Comunista Mexicano;Partido Comunista Mexicano;;Partido Comunista;;;;;;;;;
MEX_communist_4;Partido del Trabajo;Partido Comunista Mexicano;Partido Comunista Mexicano;;Partido Comunista;;;;;;;;;
MEX_conservative;Partido Conservador;Partido Conservador;Partido Conservador;;Partido Conservador;;;;;;;;;
MEX_conservative_2;Partido Moderado Liberal;Partido Moderado Liberal;Partido Moderado Liberal;;Partido Moderado Liberal;;;;;;;;;
MEX_conservative_3;Partido Constitucionalista;Partido Constitucionalista;Partido Constitucionalista;;Partido Constitucionalista;;;;;;;;;
MEX_conservative_4;El Porfiriato;Partido Constitucionalista;Partido Constitucionalista;;Partido Constitucionalista;;;;;;;;;
MEX_conservative_5;Partido Revolucionario Institucional;Partido Constitucionalista;Partido Constitucionalista;;Partido Constitucionalista;;;;;;;;;
MEX_conservative_6;Partido Verde Ecologista de México;Partido Constitucionalista;Partido Constitucionalista;;Partido Constitucionalista;;;;;;;;;
MEX_conservative_7;Partido Revolucionario Institucional;Partido Constitucionalista;Partido Constitucionalista;;Partido Constitucionalista;;;;;;;;;
MEX_conservative_8;Partido de Centro Democrático;Partido Constitucionalista;Partido Constitucionalista;;Partido Constitucionalista;;;;;;;;;
MEX_conservative_9;Democracia Social;Partido Constitucionalista;Partido Constitucionalista;;Partido Constitucionalista;;;;;;;;;
MEX_conservative_10;Partido Encuentro Social;Partido Constitucionalista;Partido Constitucionalista;;Partido Constitucionalista;;;;;;;;;
MEX_fascist;Partido Fascista;Partido fasciste;Partido Fascist;;Partido Fascista;;;;;;;;;
MEX_liberal;Partido Liberal;Partido Liberal;Partido Liberal;;Partido Liberal;;;;;;;;;
MEX_liberal_2;Partido Radical Liberal;Partido Radical Liberal;Partido Radical Liberal;;Partido Radical Liberal;;;;;;;;;
MEX_liberal_3;Partido Progresista;Partido Progresista;Partido Progresista;;Partido Progresista;;;;;;;;;
MEX_liberal_4;Partido Antireelecionista;Partido Antireelecionista;Partido Antireelecionista;;Partido Antireelecionista;;;;;;;;;
MEX_liberal_5;Partido Acción Nacional;Partido Progresista;Partido Progresista;;Partido Progresista;;;;;;;;;
MEX_liberal_6;Partido Humanista;Partido Progresista;Partido Progresista;;Partido Progresista;;;;;;;;;
MEX_reactionary;Partido Imperialista;Partido Imperialista;Partido Imperialista;;Partido Imperialista;;;;;;;;;
MEX_socialist;Partido Socialista;Partido socialiste;Partido Socialist;;Partido Socialista;;;;;;;;;
MEX_socialist_2;Partido Nacional Revolucionario;Partido socialiste;Partido Socialist;;Partido Socialista;;;;;;;;;
MEX_socialist_3;Partido de la Revolución Mexicana;Partido socialiste;Partido Socialist;;Partido Socialista;;;;;;;;;
MEX_socialist_4;Partido Revolucionario Institucional;Partido socialiste;Partido Socialist;;Partido Socialista;;;;;;;;;
MEX_socialist_5;Partido Auténtico de la Revolución Mexicana;Partido socialiste;Partido Socialist;;Partido Socialista;;;;;;;;;
MEX_socialist_6;Partido Patriótico de México;Partido socialiste;Partido Socialist;;Partido Socialista;;;;;;;;;
MEX_socialist_7;Partido Mexicano de los Trabajadores;Partido socialiste;Partido Socialist;;Partido Socialista;;;;;;;;;
MEX_socialist_8;Partido Mexicano Socialista;Partido socialiste;Partido Socialist;;Partido Socialista;;;;;;;;;
MEX_socialist_9;Partido de la Revolución Democrática;Partido socialiste;Partido Socialist;;Partido Socialista;;;;;;;;;
MEX_socialist_10;Movimiento Ciudadano;Partido socialiste;Partido Socialist;;Partido Socialista;;;;;;;;;
MEX_socialist_11;Movimiento Regeneración Nacional;Partido socialiste;Partido Socialist;;Partido Socialista;;;;;;;;;
MGH_anarcho_liberal;Republican People's Party;;;;;;;;;;;;;
MGH_communist;Communist Party of the Action;;;;;;;;;;;;;
MGH_conservative;Party of Sustainable Development;;;;;;;;;;;;;
MGH_fascist;Order Marinitov;;;;;;;;;;;;;
MGH_liberal;Federalist Democratic Party;;;;;;;;;;;;;
MGH_reactionary;Order of the Muslim Senusitov;;;;;;;;;;;;;
MGH_socialist;Baath;;;;;;;;;;;;;
MGL_anarcho_liberal;Freedom Party;Parti de la liberté;Freiheitspartei;;Partido Libertario;;;;;;;;;
MGL_communist;Communist Party;Parti communiste ;Kommunistische Partei;;Partido Comunista;;;;;;;;;
MGL_conservative;Conservative Party;Parti conservateur;Konservative Partei;;Partido Conservador;;;;;;;;;
MGL_fascist;Unity Party;Parti unitaire;Einheitspartei;;Partido de la Unidad;;;;;;;;;
MGL_liberal;Liberal Party;Parti libéral;Liberale Partei;;Partido Liberal;;;;;;;;;
MGL_reactionary;Lama Faction;Faction Lama;Lama-Fraktion;;Facción Lama;;;;;;;;;
MGL_socialist;Socialist Party;Parti socialiste;Sozialistische Partei;;Partido Socialista;;;;;;;;;
MIC_anarcho_liberal_93;Radical Liberals;Radical Liberals;Radical Liberals;;;;;;;;;;;
MIC_communist_86;Communists;Communists;Communists;;;;;;;;;;;
MIC_conservative_92;Conservatives;Conservatives;Conservatives;;;;;;;;;;;
MIC_fascist_72;Fascists;Fascists;Fascists;;;;;;;;;;;
MIC_liberal_79;Liberals;Liberals;Liberals;;;;;;;;;;;
MIC_liberal_87;National Liberals;National Liberals;National Liberals;;;;;;;;;;;
MIC_reactionary_84;Monarchy Leadership;Monarchy Leadership;Monarchy Leadership;;;;;;;;;;;
MIC_socialist_85;Socialists;Socialists;Socialists;;;;;;;;;;;
MIC_socialist_99;National Socialists;National Socialists;National Socialists;;;;;;;;;;;
MOD_anarcho_liberal;Radicali;Radical;Radikali;;Radical;;;;;;;;;
MOD_communist;Comunisti;Communiste;Communisti;;Comunista;;;;;;;;;
MOD_conservative;Moderati;Moderati;Moderati;;Moderati;;;;;;;;;
MOD_fascist;Fascisti;Fasciste;Fascisti;;Fascista;;;;;;;;;
MOD_liberal;Reformisti;Reformisti;Reformisti;;Reformisti;;;;;;;;;
MOD_liberal_2;Liberale;Liberale;Liberali;;Liberale;;;;;;;;;
MOD_reactionary;Restaurazionisti;Ristorazionista;Ristorazionista;;Ristorazionista;;;;;;;;;
MOD_socialist;Socialisti;Sozialisti;Sozialisti;;Sozialisti;;;;;;;;;
MOL_anarcho_liberal;Partidul Radical;Partidul radical;Partidul Radical;;Partidul Radical;;;;;;;;;
MOL_communist;Partidul Communist;Partidul communiste;Partidul Communist;;Partidul Communist;;;;;;;;;
MOL_conservative;Partidul Conservator;Partidul Conservator;Partidul Conservator;;Partidul Conservator;;;;;;;;;
MOL_conservative_2;Partidul Taranesc;Partidul Taranesc;Partidul Taranesc;;Partidul Taranesc;;;;;;;;;
MOL_conservative_3;Partidul Conservator Democrat;Partidul conservateur-démocrate;Partidul Conservator Democrat;;Partidul Conservator Democrat;;;;;;;;;
MOL_fascist;Garda de Fier;Garda de Fier;Garda de Fier;;Garda de Fier;;;;;;;;;
MOL_liberal;Partida Nationala;Partida Nationala;Partida Nationala;;Partida Nationala;;;;;;;;;
MOL_liberal_2;Partidul Liberal;Partidul libéral;Partidul Liberal;;Partidul Liberal;;;;;;;;;
MOL_reactionary;Partida Boiereasca;Partida Boiereasca;Partida Boiereasca;;Partida Boiereasca;;;;;;;;;
MOL_reactionary_2;Partidul Nationalist Democrat;Partidul nationaliste-démocrate;Partidul Nationalist Democrat;;Partidul Nationalist Democrat;;;;;;;;;
MOL_socialist;Partidul Social  Democrat;Partidul social-démocrate;Partidul Social Democrat;;Partidul Social Democrat;;;;;;;;;
MON_anarcho_liberal;The Radical Faction;Faction radicale;Die radikale Fraktion;;La Facción Radical;;;;;;;;;
MON_communist;The Communist Faction;Faction communiste;Die kommunistische Fraktion;;La Facción Comunista;;;;;;;;;
MON_conservative;Royal Faction;Faction royale;Königsfraktion;;Facción Real;;;;;;;;;
MON_fascist;The Fascist Faction;Faction fasciste;Die faschistische Fraktion;;La Facción Fascista;;;;;;;;;
MON_liberal;The Liberal Faction;Faction libérale;Die liberale Fraktion;;La Facción Liberal;;;;;;;;;
MON_reactionary;The Nationalist Faction;Faction nationaliste;Die nationalistische Fraktion;;La Facción Nacionalista;;;;;;;;;
MON_socialist;The Socialist Faction;Faction socialiste;Die sozialistische Fraktion;;La Facción Socialista;;;;;;;;;
MOR_anarcho_liberal;The Radical Faction;Faction radicale;Die radikale Fraktion;;La Facción Radical;;;;;;;;;
MOR_communist;The Communist Faction;Faction communiste;Die kommunistische Fraktion;;La Facción Comunista;;;;;;;;;
MOR_conservative;Royal Faction;Faction royale;Königsfraktion;;Facción Real;;;;;;;;;
MOR_fascist;The Fascist Faction;Faction fasciste;Die faschistische Fraktion;;La Facción Fascista;;;;;;;;;
MOR_liberal;The Liberal Faction;Faction libérale;Die liberale Fraktion;;La Facción Liberal;;;;;;;;;
MOR_reactionary;The Nationalist Faction;Faction nationaliste;Die nationalistische Fraktion;;La Facción Nacionalista;;;;;;;;;
MOR_socialist;The Socialist Faction;Faction socialiste;Die sozialistische Fraktion;;La Facción Socialista;;;;;;;;;
MSI_anarcho_liberal_93;Libertarian Party;;;;;;;;;;;;;
MSI_communist_86;Communist Party;;;;;;;;;;;;;
MSI_conservative_92;Conservative Party;;;;;;;;;;;;;
MSI_fascist_72;Fascist Party;;;;;;;;;;;;;
MSI_liberal_79;Liberal Party;;;;;;;;;;;;;
MSI_liberal_87;National Liberal Party;;;;;;;;;;;;;
MSI_reactionary_84;Monarchist Party;;;;;;;;;;;;;
MSI_socialist_85;Socialist Party;;;;;;;;;;;;;
MSI_socialist_99;National Socialist Party;;;;;;;;;;;;;
MTC_anarcho_liberal;The Radical Faction;Faction radicale;Die radikale Fraktion;;La Facción Radical;;;;;;;;;
MTC_communist;The Communist Faction;Faction communiste;Die kommunistische Fraktion;;La Facción Comunista;;;;;;;;;
MTC_conservative;Royal Faction;Faction royale;Königsfraktion;;Facción Real;;;;;;;;;
MTC_fascist;The Fascist Faction;Faction fasciste;Die faschistische Fraktion;;La Facción Fascista;;;;;;;;;
MTC_liberal;The Liberal Faction;Faction libérale;Die liberale Fraktion;;La Facción Liberal;;;;;;;;;
MTC_reactionary;The Nationalist Faction;Faction nationaliste;Die nationalistische Fraktion;;La Facción Nacionalista;;;;;;;;;
MTC_socialist;The Socialist Faction;Faction socialiste;Die sozialistische Fraktion;;La Facción Socialista;;;;;;;;;
MUG_anarcho_liberal;The Radical Faction;Faction radicale;Die radikale Fraktion;;La Facción Radical;;;;;;;;;
MUG_communist;The Communist Faction;Faction communiste;Die kommunistische Fraktion;;La Facción Comunista;;;;;;;;;
MUG_conservative;Royal Faction;Faction royale;Königsfraktion;;Facción Real;;;;;;;;;
MUG_fascist;The Fascist Faction;Faction fasciste;Die faschistische Fraktion;;La Facción Fascista;;;;;;;;;
MUG_liberal;The Liberal Faction;Faction libérale;Die liberale Fraktion;;La Facción Liberal;;;;;;;;;
MUG_reactionary;The Nationalist Faction;Faction nationaliste;Die nationalistische Fraktion;;La Facción Nacionalista;;;;;;;;;
MUG_socialist;The Socialist Faction;Faction socialiste;Die sozialistische Fraktion;;La Facción Socialista;;;;;;;;;
MYA_anarcho_liberal;Libertarian Party;Partido Federalista;Partido Federalista;;;Partido Federalista;;;;;;;;
MYA_communist;Communist Party;Partido communiste;Partido Communist;;;Partido Comunista;;;;;;;;
MYA_conservative;Conservative Party;Partido Conservador;Partido Conservador;;;Partido Conservador;;;;;;;;
MYA_fascist;Fascist Party;Partido fasciste;Partido Fascist;;;Partido Fascista;;;;;;;;
MYA_liberal;Liberal Party;Partido Liberal;Partido Liberal;;;Partido Liberal;;;;;;;;
MYA_reactionary;Radical Party;Partido Imperialista;Partido Imperialista;;;Partido Imperialista;;;;;;;;
MYA_socialist;Socialist Party;Partido socialiste;Partido Socialist;;;Partido Socialista;;;;;;;;
MYS_anarcho_liberal;The Radical Faction;Faction radicale;Die radikale Fraktion;;La Facción Radical;;;;;;;;;
MYS_communist;The Communist Faction;Faction communiste;Die kommunistische Fraktion;;La Facción Comunista;;;;;;;;;
MYS_conservative;Royal Faction;Faction royale;Königsfraktion;;Facción Real;;;;;;;;;
MYS_fascist;The Fascist Faction;Faction fasciste;Die faschistische Fraktion;;La Facción Fascista;;;;;;;;;
MYS_liberal;The Liberal Faction;Faction libérale;Die liberale Fraktion;;La Facción Liberal;;;;;;;;;
MYS_reactionary;The Nationalist Faction;Faction nationaliste;Die nationalistische Fraktion;;La Facción Nacionalista;;;;;;;;;
MYS_socialist;The Socialist Faction;Faction socialiste;Die sozialistische Fraktion;;La Facción Socialista;;;;;;;;;
NAG_anarcho_liberal;The Radical Faction;Faction radicale;Die radikale Fraktion;;La Facción Radical;;;;;;;;;
NAG_communist;The Communist Faction;Faction communiste;Die kommunistische Fraktion;;La Facción Comunista;;;;;;;;;
NAG_conservative;Royal Faction;Faction royale;Königsfraktion;;Facción Real;;;;;;;;;
NAG_fascist;The Fascist Faction;Faction fasciste;Die faschistische Fraktion;;La Facción Fascista;;;;;;;;;
NAG_liberal;The Liberal Faction;Faction libérale;Die liberale Fraktion;;La Facción Liberal;;;;;;;;;
NAG_reactionary;The Nationalist Faction;Faction nationaliste;Die nationalistische Fraktion;;La Facción Nacionalista;;;;;;;;;
NAG_socialist;The Socialist Faction;Faction socialiste;Die sozialistische Fraktion;;La Facción Socialista;;;;;;;;;
NAL_anarcho_liberal;The Radical Party;Parti radical;Die radikale Partei;;El Partido Radical;;;;;;;;;
NAL_communist;The Communist Party;Parti communiste;Die kommunistische Partei;;El Partido Comunista;;;;;;;;;
NAL_conservative;Voortrekker Partei;Voortrekker Partei;Voortrekker Partei;;Voortrekker Partei;;;;;;;;;
NAL_conservative_2;Boeren Partei;Boeren Partei;Boeren Partei;;Boeren Partei;;;;;;;;;
NAL_fascist;The Fascist Party;Parti fasciste;Die faschistische Partei;;El Partido Fascista;;;;;;;;;
NAL_liberal;The Liberal Party;Parti libéral;Die liberale Partei;;El Partido Liberal;;;;;;;;;
NAL_reactionary;The Nationalist Party;Parti nationaliste;Die nationalistische Partei;;El Partido Nacionalista;;;;;;;;;
NAL_socialist;The Socialist Party;Parti socialiste;Die sozialistische Partei;;El Partido Socialista;;;;;;;;;
NAS_anarcho_liberal;Radikale Arbeiterpartei;Arbeiterpartei radical;Radikale Arbeiterpartei;;Radical Arbeiterpartei;;;;;;;;;
NAS_communist;Kommunistische Arbeiterpartei;Arbeiterpartei communiste;Kommunistische Arbeiterpartei;;Communist Arbeiterpartei;;;;;;;;;
NAS_conservative;Zentrumspartei;Zentrumspartei;Zentrumspartei;;Zentrumspartei;;;;;;;;;
NAS_conservative_2;Konservative Partei;Konservative Partei;Konservative Partei;;Konservative Partei;;;;;;;;;
NAS_conservative_3;Christsoz. Arbeiterpartei;Christsoz. Arbeiterpartei;Christsoz. Arbeiterpartei;;Christsoz. Arbeiterpartei;;;;;;;;;
NAS_fascist;NSDP;NSDP;NSDP;;NSDP;;;;;;;;;
NAS_liberal;Liberaldem. Partei;Liberaldem. Partei;Liberaldem. Partei;;Liberaldem. Partei;;;;;;;;;
NAS_liberal_2;Nationalliberale ;Nationalliberale ;Nationalliberale ;;Nationalliberale ;;;;;;;;;
NAS_liberal_3;Freisinnige Partei;Freisinnige Partei;Freisinnige Partei;;Freisinnige Partei;;;;;;;;;
NAS_reactionary;Nationale Partei;Nationale Partei;Nationale Partei;;Nationale Partei;;;;;;;;;
NAS_socialist;Deutscher Arbeiterverein;Deutscher Arbeiterverein;Deutscher Arbeiterverein;;Deutscher Arbeiterverein;;;;;;;;;
NAS_socialist_2;Sozialdem. Arbeiterpartei ;Sozialdem. Arbeiterpartei ;Sozialdem. Arbeiterpartei ;;Sozialdem. Arbeiterpartei ;;;;;;;;;
NAS_socialist_3;Sozial. Arbeiterpartei ;Sozial. Arbeiterpartei ;Sozial. Arbeiterpartei ;;Sozial. Arbeiterpartei ;;;;;;;;;
NAU_anarcho_liberal_93;Radical Liberals;Radical Liberals;Radical Liberals;;;;;;;;;;;
NAU_communist_86;Communists;Communists;Communists;;;;;;;;;;;
NAU_conservative_92;Conservatives;Conservatives;Conservatives;;;;;;;;;;;
NAU_fascist_72;Fascists;Fascists;Fascists;;;;;;;;;;;
NAU_liberal_79;Liberals;Liberals;Liberals;;;;;;;;;;;
NAU_liberal_87;National Liberals;National Liberals;National Liberals;;;;;;;;;;;
NAU_reactionary_84;Monarchy Leadership;Monarchy Leadership;Monarchy Leadership;;;;;;;;;;;
NAU_socialist_85;Socialists;Socialists;Socialists;;;;;;;;;;;
NAU_socialist_99;National Socialists;National Socialists;National Socialists;;;;;;;;;;;
NEJ_anarcho_liberal;The Radical Faction;Faction radicale;Die radikale Fraktion;;La Facción Radical;;;;;;;;;
NEJ_communist;The Communist Faction;Faction communiste;Die kommunistische Fraktion;;La Facción Comunista;;;;;;;;;
NEJ_conservative;Royal Faction;Faction royale;Königsfraktion;;Facción Real;;;;;;;;;
NEJ_fascist;The Fascist Faction;Faction fasciste;Die faschistische Fraktion;;La Facción Fascista;;;;;;;;;
NEJ_liberal;The Liberal Faction;Faction libérale;Die liberale Fraktion;;La Facción Liberal;;;;;;;;;
NEJ_reactionary;The Nationalist Faction;Faction nationaliste;Die nationalistische Fraktion;;La Facción Nacionalista;;;;;;;;;
NEJ_socialist;The Socialist Faction;Faction socialiste;Die sozialistische Fraktion;;La Facción Socialista;;;;;;;;;
NEN_anarcho_liberal;Radical;Radical;Radikale;;Radical;;;;;;;;;
NEN_communist;Communist;Communiste;Kommunisten;;Comunista;;;;;;;;;
NEN_conservative;Democratic;Démocratique;Demokraten;;Demócratas;;;;;;;;;
NEN_fascist;Fascist;Fasciste;Faschisten;;Fascista;;;;;;;;;
NEN_liberal;Federalist;Fédéraliste;Federalist;;Federalistas;;;;;;;;;
NEN_liberal_2;Progressive;Progressiste;Progressive;;Progresistas;;;;;;;;;
NEN_reactionary;Nationalist;Nationaliste;Nationalisten;;Nacionalista;;;;;;;;;
NEN_socialist;United Socialist;Socialiste uni;Vereinigte Sozialisten;;Socialistas Unidos;;;;;;;;;
NEP_anarcho_liberal;The Radical Faction;Faction radicale;Die radikale Fraktion;;La Facción Radical;;;;;;;;;
NEP_communist;The Communist Faction;Faction communiste;Die kommunistische Fraktion;;La Facción Comunista;;;;;;;;;
NEP_conservative;Royal Faction;Faction royale;Königsfraktion;;Facción Real;;;;;;;;;
NEP_fascist;The Fascist Faction;Faction fasciste;Die faschistische Fraktion;;La Facción Fascista;;;;;;;;;
NEP_liberal;The Liberal Faction;Faction libérale;Die liberale Fraktion;;La Facción Liberal;;;;;;;;;
NEP_reactionary;The Nationalist Faction;Faction nationaliste;Die nationalistische Fraktion;;La Facción Nacionalista;;;;;;;;;
NEP_socialist;The Socialist Faction;Faction socialiste;Die sozialistische Fraktion;;La Facción Socialista;;;;;;;;;
NET_anarcho_liberal;Puttianen;;;;;;;;;;;;;
NET_anarcho_liberal_2;Radikale Bond;;;;;;;;;;;;;
NET_anarcho_liberal_3;Vrije Socialisten;;;;;;;;;;;;;
NET_communist;Sociaal Democratische Partij;;;;;;;;;;;;;
NET_communist_2;Communistische Partij Holland;;;;;;;;;;;;;
NET_conservative;Regeringsgezinden;;;;;;;;;;;;;
NET_conservative_2;Conservatieven;;;;;;;;;;;;;
NET_conservative_3;Vrije Antirevolutionaire Partij;;;;;;;;;;;;;
NET_conservative_4;Algemeene Bond;;;;;;;;;;;;;
NET_conservative_5;Christlijk-Historische Unie;;;;;;;;;;;;;
NET_conservative_6;Rooms Katholieken;;;;;;;;;;;;;
NET_conservative_7;Bahlmannianen;;;;;;;;;;;;;
NET_conservative_8;Rooms Katholieken;;;;;;;;;;;;;
NET_fascist;Verbond Van Actualisten;;;;;;;;;;;;;
NET_liberal;Financieel Oppositionelen;;;;;;;;;;;;;
NET_liberal_2;Oppositionelen;;;;;;;;;;;;;
NET_liberal_3;Moderaten;;;;;;;;;;;;;
NET_liberal_4;Schaepmannianen;;;;;;;;;;;;;
NET_liberal_5;Vrije Liberalen;;;;;;;;;;;;;
NET_liberal_6;Pragmatisch Liberalen;;;;;;;;;;;;;
NET_liberal_7;Thorbeckianen;;;;;;;;;;;;;
NET_liberal_8;Staatspartij;;;;;;;;;;;;;
NET_reactionary;Ultraconservatieven;;;;;;;;;;;;;
NET_reactionary_2;Antirevolutionairen;;;;;;;;;;;;;
NET_reactionary_3;Antirevolutionaire Partij;;;;;;;;;;;;;
NET_reactionary_4;Antirevolutionaire Partij;;;;;;;;;;;;;
NET_reactionary_5;Staatkundig Gereformeerde Partij;;;;;;;;;;;;;
NET_socialist;Sociaal Democratische Bond;;;;;;;;;;;;;
NET_socialist_2;Sociaal Democratische Arbeiderspartij;;;;;;;;;;;;;
NEW_anarcho_liberal;Radical Party;Parti radical;Radical Party;;Partido Radical;;;;;;;;;
NEW_communist;The Communist Faction;Faction communiste;The Communist Faction;;La Facción Comunista;;;;;;;;;
NEW_conservative;Conservative Party;Parti conservateur;Conservative Party;;Partido Conservador;;;;;;;;;
NEW_fascist;Fascist Party;Parti fasciste;Faschistische Partei;;Partido Fascista;;;;;;;;;
NEW_liberal;Liberal Party;Parti libéral;Liberal Party;;Partido Liberal;;;;;;;;;
NEW_reactionary;Nationalist Party;Parti nationaliste;Nationalist Party;;Partido Nacionalista;;;;;;;;;
NEW_socialist;Fisherman's Protective Union;Fisherman's Protective Union;Fisherman's Protective Union;;Unión Solidaria de Pescadores;;;;;;;;;
NGF_anarcho_liberal;Radikale Arbeiterpartei;Arbeiterpartei radical;Radikale Arbeiterpartei;;Radical Arbeiterpartei;;;;;;;;;
NGF_communist;Kommunistische Arbeiterpartei;Arbeiterpartei communiste;Kommunistische Arbeiterpartei;;Communist Arbeiterpartei;;;;;;;;;
NGF_conservative;Zentrumspartei;Zentrumspartei;Zentrumspartei;;Zentrumspartei;;;;;;;;;
NGF_conservative_2;Konservative Partei;Konservative Partei;Konservative Partei;;Konservative Partei;;;;;;;;;
NGF_conservative_3;Christsoz. Arbeiterpartei;Christsoz. Arbeiterpartei;Christsoz. Arbeiterpartei;;Christsoz. Arbeiterpartei;;;;;;;;;
NGF_fascist;NSDP;NSDP;NSDP;;NSDP;;;;;;;;;
NGF_liberal;Liberaldem. Partei;Liberaldem. Partei;Liberaldem. Partei;;Liberaldem. Partei;;;;;;;;;
NGF_liberal_2;Nationalliberale ;Nationalliberale ;Nationalliberale ;;Nationalliberale ;;;;;;;;;
NGF_liberal_3;Freisinnige Partei;Freisinnige Partei;Freisinnige Partei;;Freisinnige Partei;;;;;;;;;
NGF_reactionary;Nationale Partei;Nationale Partei;Nationale Partei;;Nationale Partei;;;;;;;;;
NGF_socialist;Deutscher Arbeiterverein;Deutscher Arbeiterverein;Deutscher Arbeiterverein;;Deutscher Arbeiterverein;;;;;;;;;
NGF_socialist_2;Sozialdem. Arbeiterpartei ;Sozialdem. Arbeiterpartei ;Sozialdem. Arbeiterpartei ;;Sozialdem. Arbeiterpartei ;;;;;;;;;
NGF_socialist_3;Sozial. Arbeiterpartei ;Sozial. Arbeiterpartei ;Sozial. Arbeiterpartei ;;Sozial. Arbeiterpartei ;;;;;;;;;
NIC_anarcho_liberal;Partido Radical;Partido Radical;Partido Radical;;Partido Radical;;;;;;;;;
NIC_communist;Partido Comunista;Partido communiste;Partido Communist;;Partido Comunista;;;;;;;;;
NIC_conservative;Partido Conservador;Partido Conservador;Partido Conservador;;Partido Conservador;;;;;;;;;
NIC_fascist;Partido Fascista;Partido fasciste;Partido Fascist;;Partido Fascista;;;;;;;;;
NIC_liberal;Partido Liberal;Partido Liberal;Partido Liberal;;Partido Liberal;;;;;;;;;
NIC_reactionary;Partido Nacionalista;Partido nationaliste;Partido Nationalist;;Partido Nationalista;;;;;;;;;
NIC_socialist;Partido Socialista;Partido socialiste;Partido Socialist;;Partido Socialista;;;;;;;;;
NIP_anarcho_liberal;Radical Faction;Faction radicale;Radikale Fraktion;;Facción Radical;;;;;;;;;
NIP_communist;Communist Faction;Faction communiste;Kommunistische Fraktion;;Facción Comunista;;;;;;;;;
NIP_conservative;Court Faction;Faction de la cour;Gericht-Fraktion;;Facción de la Corte;;;;;;;;;
NIP_conservative_2;Imperialist Faction;Faction impérialiste;Imperiale Fraktion;;Facción Imperialista;;;;;;;;;
NIP_conservative_3;Conservative Faction;Faction conservatrice;Konservative Fraktion;;Facción Conservadora;;;;;;;;;
NIP_fascist;Fascist Faction;Faction fasciste;Faschistische Fraktion;;Facción Fascista;;;;;;;;;
NIP_liberal;Liberal Faction;Faction libérale;Liberale Fraktion;;Facción Liberal;;;;;;;;;
NIP_reactionary;Shogunate Faction;Faction Shogunate;Shogunat-Fraktion;;Facción del Shogunato;;;;;;;;;
NIP_reactionary_2;Nationalist Faction;Faction nationaliste;Nationalistische Fraktion;;Facción Nacionalista;;;;;;;;;
NIP_socialist;Marxist Faction;Faction marxiste;Marxistische Fraktion;;Facción Marxista;;;;;;;;;
NOR_anarcho_liberal;Radicals;Radicaux;Radikale;;Radicales;;;;;;;;;
NOR_communist;Communists;Communistes;Kommunisten;;Comunistas;;;;;;;;;
NOR_conservative;Høyre;Høyre;Høyre;;Høyre;;;;;;;;;
NOR_conservative_2;Embedsmennene ;Embedsmennene ;Embedsmennene ;;Embedsmennene ;;;;;;;;;
NOR_fascist;Nasjonal Samling;Nasjonal Samling;Nasjonal Samling;;Nasjonal Samling;;;;;;;;;
NOR_liberal;Venstre;Venstre;Venstre;;Venstre;;;;;;;;;
NOR_liberal_2;Arbeiderdemokratene ;Arbeiderdemokratene ;Arbeiderdemokratene ;;Arbeiderdemokratene ;;;;;;;;;
NOR_liberal_3;Frisinnede Venstre ;Frisinnede Venstre ;Frisinnede Venstre ;;Frisinnede Venstre ;;;;;;;;;
NOR_liberal_4;Samlingspartiet ;Samlingspartiet ;Samlingspartiet ;;Samlingspartiet ;;;;;;;;;
NOR_liberal_5;Moderate Venstre;Moderate Venstre;Moderate Venstre;;Moderate Venstre;;;;;;;;;
NOR_liberal_6;Bondevennene ;Bondevennene ;Bondevennene ;;Bondevennene ;;;;;;;;;
NOR_reactionary;Konge Partiet;Konge Partiet;Konge Partiet;;Konge Partiet;;;;;;;;;
NOR_socialist;Norske Arbeiderparti;Norske Arbeiderparti;Norske Arbeiderparti;;Norske Arbeiderparti;;;;;;;;;
NWZ_anarcho_liberal;Radical;Radical;Radikal;;Radical;;;;;;;;;
NWZ_communist;Social Democratic;Social-démocrate;Social Democratic;;Socialdemócratas;;;;;;;;;
NWZ_conservative;Conservative;Conservateur;Konservativ;;Conservadores;;;;;;;;;
NWZ_fascist;Fascist;Fasciste;Faschistisch;;Fascista;;;;;;;;;
NWZ_liberal;Liberal;Liberal;Liberal;;Liberales;;;;;;;;;
NWZ_reactionary;Nationalist;Nationaliste;Nationalistisch;;Nacionalista;;;;;;;;;
NWZ_socialist;Labour;Travailliste;Labour;;Laboristas;;;;;;;;;
OLD_anarcho_liberal;Radikale Arbeiterpartei;Arbeiterpartei radical;Radikale Arbeiterpartei;;Radical Arbeiterpartei;;;;;;;;;
OLD_communist;Kommunistische Arbeiterpartei;Arbeiterpartei communiste;Kommunistische Arbeiterpartei;;Communist Arbeiterpartei;;;;;;;;;
OLD_conservative;Zentrumspartei;Zentrumspartei;Zentrumspartei;;Zentrumspartei;;;;;;;;;
OLD_conservative_2;Konservative Partei;Konservative Partei;Konservative Partei;;Konservative Partei;;;;;;;;;
OLD_conservative_3;Christsoz. Arbeiterpartei;Christsoz. Arbeiterpartei;Christsoz. Arbeiterpartei;;Christsoz. Arbeiterpartei;;;;;;;;;
OLD_fascist;NSDP;NSDP;NSDP;;NSDP;;;;;;;;;
OLD_liberal;Liberaldem. Partei;Liberaldem. Partei;Liberaldem. Partei;;Liberaldem. Partei;;;;;;;;;
OLD_liberal_2;Nationalliberale ;Nationalliberale ;Nationalliberale ;;Nationalliberale ;;;;;;;;;
OLD_liberal_3;Freisinnige Partei;Freisinnige Partei;Freisinnige Partei;;Freisinnige Partei;;;;;;;;;
OLD_reactionary;Nationale Partei;Nationale Partei;Nationale Partei;;Nationale Partei;;;;;;;;;
OLD_socialist;Deutscher Arbeiterverein;Deutscher Arbeiterverein;Deutscher Arbeiterverein;;Deutscher Arbeiterverein;;;;;;;;;
OLD_socialist_2;Sozialdem. Arbeiterpartei ;Sozialdem. Arbeiterpartei ;Sozialdem. Arbeiterpartei ;;Sozialdem. Arbeiterpartei ;;;;;;;;;
OLD_socialist_3;Sozial. Arbeiterpartei ;Sozial. Arbeiterpartei ;Sozial. Arbeiterpartei ;;Sozial. Arbeiterpartei ;;;;;;;;;
OMA_anarcho_liberal;The Radical Faction;Faction radicale;Die radikale Fraktion;;La Facción Radical;;;;;;;;;
OMA_communist;The Communist Faction;Faction communiste;Die kommunistische Fraktion;;La Facción Comunista;;;;;;;;;
OMA_conservative;Royal Faction;Faction royale;Königsfraktion;;Facción Real;;;;;;;;;
OMA_fascist;The Fascist Faction;Faction fasciste;Die faschistische Fraktion;;La Facción Fascista;;;;;;;;;
OMA_liberal;The Liberal Faction;Faction libérale;Die liberale Fraktion;;La Facción Liberal;;;;;;;;;
OMA_reactionary;The Nationalist Faction;Faction nationaliste;Die nationalistische Fraktion;;La Facción Nacionalista;;;;;;;;;
OMA_socialist;The Socialist Faction;Faction socialiste;Die sozialistische Fraktion;;La Facción Socialista;;;;;;;;;
ORA_anarcho_liberal;The Radical Party;Parti radical;Die radikale Partei;;El Partido Radical;;;;;;;;;
ORA_communist;The Communist Party;Parti communiste;Die kommunistische Partei;;El Partido Comunista;;;;;;;;;
ORA_conservative;Voortrekker Partei;Voortrekker Partei;Voortrekker Partei;;Voortrekker Partei;;;;;;;;;
ORA_conservative_2;Boeren Partei;Boeren Partei;Boeren Partei;;Boeren Partei;;;;;;;;;
ORA_fascist;The Fascist Party;Parti fasciste;Die faschistische Partei;;El Partido Fascista;;;;;;;;;
ORA_liberal;The Liberal Party;Parti libéral;Die liberale Partei;;El Partido Liberal;;;;;;;;;
ORA_reactionary;The Nationalist Partei;Partei nationaliste;Die nationalistische Partei;;The Nationalist Partei;;;;;;;;;
ORA_socialist;The Socialist Party;Parti socialiste;Die sozialistische Partei;;El Partido Socialista;;;;;;;;;
ORI_anarcho_liberal;The Radical Faction;Faction radicale;Die radikale Fraktion;;La Facción Radical;;;;;;;;;
ORI_communist;The Communist Faction;Faction communiste;Die kommunistische Fraktion;;La Facción Comunista;;;;;;;;;
ORI_conservative;Royal Faction;Faction royale;Königsfraktion;;Facción Real;;;;;;;;;
ORI_fascist;The Fascist Faction;Faction fasciste;Die faschistische Fraktion;;La Facción Fascista;;;;;;;;;
ORI_liberal;The Liberal Faction;Faction libérale;Die liberale Fraktion;;La Facción Liberal;;;;;;;;;
ORI_reactionary;The Nationalist Faction;Faction nationaliste;Die nationalistische Fraktion;;La Facción Nacionalista;;;;;;;;;
ORI_socialist;The Socialist Faction;Faction socialiste;Die sozialistische Fraktion;;La Facción Socialista;;;;;;;;;
PAK_anarcho_liberal;Awami National;;;;;;;;;;;;;
PAK_communist;Pakistan People's Party;;;;;;;;;;;;;
PAK_conservative;Jamaat-e-Islami Pakistan;;;;;;;;;;;;;
PAK_fascist;Jamaat Ahle Sunnat;;;;;;;;;;;;;
PAK_liberal;Pakistan Tehreek-e-Insaf;;;;;;;;;;;;;
PAK_liberal_2;Muttahida Qaumi;;;;;;;;;;;;;
PAK_reactionary;Jamiat Ulema-e-Islam;;;;;;;;;;;;;
PAK_socialist;Pakistan Awami Tehreek;;;;;;;;;;;;;
PAK_socialist_2;Kull Pakistan Kissan;;;;;;;;;;;;;
PAP_anarcho_liberal;Republicani;Republicani;Republicani;;Republicani;;;;;;;;;
PAP_communist;Radicali Socialisti;Radical Sozialisti;Radical Sozialisti;;Radical Sozialisti;;;;;;;;;
PAP_conservative;Moderati ;Moderati ;Moderati;;Moderati ;;;;;;;;;
PAP_fascist;Fascisti;Fasciste;Fascisti;;Fascista;;;;;;;;;
PAP_liberal;Liberale;Liberale;Liberali;;Liberale;;;;;;;;;
PAP_reactionary;Restaurazionisti;Ristorazionista;Ristorazionista;;Ristorazionista;;;;;;;;;
PAP_socialist;Socialisti Cristiani;Sozialisti Christiano;Sozialisti Christiano;;Sozialisti Christiano;;;;;;;;;
PAR_anarcho_liberal;Radicals;Radicaux;Radikali;;Radicales;;;;;;;;;
PAR_communist;Comunisti;Communistes;Communisti;;Comunistas;;;;;;;;;
PAR_conservative;Moderati ;Moderati ;Moderati;;Moderati ;;;;;;;;;
PAR_conservative_2;Popolari;Popolari;Popolari;;Popolari;;;;;;;;;
PAR_fascist;Fascisti;Fasciste;Fascisti;;Fascistas;;;;;;;;;
PAR_liberal;Riformisti ;Reformisti ;Reformisti;;Reformisti ;;;;;;;;;
PAR_liberal_2;Liberale;Liberale;Liberali;;Liberale;;;;;;;;;
PAR_reactionary;Restaurazionisti;Ristorazionista;Ristorazionista;;Ristorazionista;;;;;;;;;
PAR_socialist;Socialisti;Sozialisti;Sozialisti;;Sozialisti;;;;;;;;;
PAU_anarcho_liberal_93;Radical Liberals;Radical Liberals;Radical Liberals;;;;;;;;;;;
PAU_communist_86;Communists;Communists;Communists;;;;;;;;;;;
PAU_conservative_92;Conservatives;Conservatives;Conservatives;;;;;;;;;;;
PAU_fascist_72;Fascists;Fascists;Fascists;;;;;;;;;;;
PAU_liberal_79;Liberals;Liberals;Liberals;;;;;;;;;;;
PAU_liberal_87;National Liberals;National Liberals;National Liberals;;;;;;;;;;;
PAU_reactionary_84;Monarchy Leadership;Monarchy Leadership;Monarchy Leadership;;;;;;;;;;;
PAU_socialist_85;Socialists;Socialists;Socialists;;;;;;;;;;;
PAU_socialist_99;National Socialists;National Socialists;National Socialists;;;;;;;;;;;
PER_anarcho_liberal;Bazaari Faction;;;;;;;;;;;;;
PER_communist;Tudeh Party of Iran;;;;;;;;;;;;;
PER_conservative;Shahist Faction;;;;;;;;;;;;;
PER_fascist;SUMKA;;;;;;;;;;;;;
PER_liberal;Constitutionalist Party;;;;;;;;;;;;;
PER_liberal_2;National Front;;;;;;;;;;;;;
PER_reactionary;Ulama Faction;;;;;;;;;;;;;
PER_socialist;Hizb-e Socialyist;;;;;;;;;;;;;
PEU_anarcho_liberal;Partido Radical;Partido Radical;Partido Radical;;Partido Radical;;;;;;;;;
PEU_communist;Partido Comunista;Partido communiste;Partido Communist;;Partido Comunista;;;;;;;;;
PEU_conservative;Partido Popular;Partido populaire;Partido Popular;;Partido Popular;;;;;;;;;
PEU_fascist;Partido Fascista;Partido fasciste;Partido Fascist;;Partido Fascista;;;;;;;;;
PEU_liberal;Partido Liberal;Partido Liberal;Partido Liberal;;Partido Liberal;;;;;;;;;
PEU_reactionary;Partido Nacionalista;Partido nationaliste;Partido Nationalist;;Partido Nationalista;;;;;;;;;
PEU_socialist;Partido Socialista;Partido socialiste;Partido Socialist;;Partido Socialista;;;;;;;;;
PHL_anarcho_liberal;Partido Libertad;Partido Libertad;Partido Libertad;;Partido Libertad;;;;;;;;;
PHL_communist;Partido Komunista;Partido Komunista;Partido Komunista;;Partido Comunista;;;;;;;;;
PHL_conservative;Partido Nacionalista;Partido Nacionalista;Partido Nacionalista;;Partido Nacionalista;;;;;;;;;
PHL_fascist;Partido Fascista;Partido Fascista;Partido Fascista;;Partido Fascista;;;;;;;;;
PHL_liberal;Partido Liberal;Partido Liberal;Partido Liberal;;Partido Liberal;;;;;;;;;
PHL_reactionary;Partido Tradicionalista;Partido Tradicionalista;Partido Tradicionalista;;Partido Tradicionalista;;;;;;;;;
PHL_socialist;Partido Demokratiko;Partido Demokratiko;Partido Demokratiko;;Partido Democrático;;;;;;;;;
PLC_anarcho_liberal;Stronnictwo Radykalny;Parti radical;Stronnictwo Radykalny;;Stronnictwo Radykalny;;;;;;;;;
PLC_communist;Partia Socjaldemokracja;Parti social-démocrate;Partia Socjaldemokracja;;Partia Socjaldemokracja;;;;;;;;;
PLC_conservative;Str. Narodowo-Demokratyczne;Parti national-démocratique;Str. Narodowo-Demokratyczne;;Str. Narodowo-Demokratyczne;;;;;;;;;
PLC_fascist;Stronnictwo Narodowe;Parti national;Stronnictwo Narodowe;;Stronnictwo Narodowe;;;;;;;;;
PLC_liberal;Stronnictwo Patriotyczne;Parti patriotique;Stronnictwo Patriotyczne;;Stronnictwo Patriotyczne;;;;;;;;;
PLC_reactionary;Konfederacja Targowicka;Confédération de Targowica;Konfederacja Targowicka;;Konfederacja Targowicka;;;;;;;;;
PLC_socialist;Partia Socjalistyczna;Parti socialiste;Partia Socjalistyczna;;Partia Socjalistyczna;;;;;;;;;
PLS_anarcho_liberal;Al Anarkiliberali;;;;;;;;;;;;;
PLS_communist;PFLP;;;;;;;;;;;;;
PLS_communist_2;DFLP;;;;;;;;;;;;;
PLS_conservative;Third Way;;;;;;;;;;;;;
PLS_fascist;Islamic Jihad Movement in Palestine;;;;;;;;;;;;;
PLS_liberal;Palestinian National Initiative;;;;;;;;;;;;;
PLS_reactionary;Hamas;;;;;;;;;;;;;
PLS_socialist;Fatah;;;;;;;;;;;;;
PLS_socialist_2;Palestinian People's Party;;;;;;;;;;;;;
PNJ_anarcho_liberal;The Radical Faction;Faction radicale;Die radikale Fraktion;;La Facción Radical;;;;;;;;;
PNJ_communist;The Communist Faction;Faction communiste;Die kommunistische Fraktion;;La Facción Comunista;;;;;;;;;
PNJ_conservative;Royal Faction;Faction royale;Königsfraktion;;Facción Real;;;;;;;;;
PNJ_fascist;The Fascist Faction;Faction fasciste;Die faschistische Fraktion;;La Facción Fascista;;;;;;;;;
PNJ_liberal;The Liberal Faction;Faction libérale;Die liberale Fraktion;;La Facción Liberal;;;;;;;;;
PNJ_reactionary;The Nationalist Faction;Faction nationaliste;Die nationalistische Fraktion;;La Facción Nacionalista;;;;;;;;;
PNJ_socialist;The Socialist Faction;Faction socialiste;Die sozialistische Fraktion;;La Facción Socialista;;;;;;;;;
PNM_anarcho_liberal;Partido Radical;Partido Radical;Partido Radical;;Partido Radical;;;;;;;;;
PNM_communist;Partido Comunista;Partido communiste;Partido Communist;;Partido Comunista;;;;;;;;;
PNM_conservative;Partido Conservador;Partido Conservador;Partido Conservador;;Partido Conservador;;;;;;;;;
PNM_fascist;Partido Fascista;Partido fasciste;Partido Fascist;;Partido Fascista;;;;;;;;;
PNM_liberal;Partido Liberal;Partido Liberal;Partido Liberal;;Partido Liberal;;;;;;;;;
PNM_reactionary;Partido Nacionalista;Partido nationaliste;Partido Nationalist;;Partido Nationalista;;;;;;;;;
PNM_socialist;Partido Socialista;Partido socialiste;Partido Socialist;;Partido Socialista;;;;;;;;;
POL_anarcho_liberal;The Radical Faction;Faction radicale;Die radikale Fraktion;;La Facción Radical;;;;;;;;;
POL_communist;The Communist Faction;Faction communiste;Die kommunistische Fraktion;;La Facción Comunista;;;;;;;;;
POL_conservative;Royal Faction;Faction royale;Königsfraktion;;Facción Real;;;;;;;;;
POL_fascist;The Fascist Faction;Faction fasciste;Die faschistische Fraktion;;La Facción Fascista;;;;;;;;;
POL_liberal;The Liberal Faction;Faction libérale;Die liberale Fraktion;;La Facción Liberal;;;;;;;;;
POL_reactionary;The Nationalist Faction;Faction nationaliste;Die nationalistische Fraktion;;La Facción Nacionalista;;;;;;;;;
POL_socialist;The Socialist Faction;Faction socialiste;Die sozialistische Fraktion;;La Facción Socialista;;;;;;;;;
POR_anarcho_liberal;Partido Radical;Partido Radical;Partido Radical;;Partido Radical;;;;;;;;;
POR_communist;Partido Comunista;Partido communiste;Partido Communist;;Partido Comunista;;;;;;;;;
POR_conservative;Cabralismo;Cabralismo;Cabralismo;;Cabralismo;;;;;;;;;
POR_conservative_2;Partido Regenerador;Partido Regenerador;Partido Regenerador;;Partido Regenerador;;;;;;;;;
POR_fascist;Estado Novo;Estado Novo;Estado Novo;;Estado Novo;;;;;;;;;
POR_liberal;Setembrismo;Setembrismo;Setembrismo;;Setembrismo;;;;;;;;;
POR_liberal_2;Partido Histórico;Partido Histórico;Partido Histórico;;Partido Histórico;;;;;;;;;
POR_liberal_3;Partido Progressista;Partido Progressista;Partido Progressista;;Partido Progressista;;;;;;;;;
POR_liberal_4;Partido Reformista;Partido Reformista;Partido Reformista;;Partido Reformista;;;;;;;;;
POR_liberal_5;Partido Republicano;Partido Republicano;Partido Republicano;;Partido Republicano;;;;;;;;;
POR_liberal_6;Regenerador Liberal;Regenerador Liberal;Regenerador Liberal;;Regenerador Liberal;;;;;;;;;
POR_liberal_7;Partido Democrático;Partido Democrático;Partido Democrático;;Partido Democrático;;;;;;;;;
POR_reactionary;Monárquicos;Monárqicos;Monárqicos;;Monárqicos;;;;;;;;;
POR_socialist;Partido Socialista ;Partido Socialista ;Partido Socialista ;;Partido Socialista ;;;;;;;;;
PRG_anarcho_liberal;Partido Radical;Partido Radical;Partido Radical;;Partido Radical;;;;;;;;;
PRG_communist;Partido Comunista;Partido communiste;Partido Communist;;Partido Comunista;;;;;;;;;
PRG_conservative;Conservadores;Conservadores;Conservadores;;Conservadores;;;;;;;;;
PRG_conservative_2;Partido Colorado;Partido Colorado;Partido Colorado;;Partido Colorado;;;;;;;;;
PRG_fascist;Partido Fascista;Partido fasciste;Partido Fascist;;Partido Fascista;;;;;;;;;
PRG_liberal;Liberales;Liberales;Liberales;;Liberales;;;;;;;;;
PRG_liberal_2;Partido Liberal;Partido Liberal;Partido Liberal;;Partido Liberal;;;;;;;;;
PRG_reactionary;Autoritaristas;Autoritaristas;Autoritaristas;;Autoritaristas;;;;;;;;;
PRG_socialist;Partido Socialista;Partido socialiste;Partido Socialist;;Partido Socialista;;;;;;;;;
PRU_anarcho_liberal;Radikale Arbeiterpartei;Arbeiterpartei radical;Radikale Arbeiterpartei;;Radical Arbeiterpartei;;;;;;;;;
PRU_communist;Kommunistische Arbeiterpartei;Arbeiterpartei communiste;Kommunistische Arbeiterpartei;;Communist Arbeiterpartei;;;;;;;;;
PRU_conservative;Zentrumspartei;Zentrumspartei;Zentrumspartei;;Zentrumspartei;;;;;;;;;
PRU_conservative_2;Konservative Partei;Konservative Partei;Konservative Partei;;Konservative Partei;;;;;;;;;
PRU_conservative_3;Christsoz. Arbeiterpartei;Christsoz. Arbeiterpartei;Christsoz. Arbeiterpartei;;Christsoz. Arbeiterpartei;;;;;;;;;
PRU_fascist;NSDP;NSDP;NSDP;;NSDP;;;;;;;;;
PRU_liberal;Liberaldem. Partei;Liberaldem. Partei;Liberaldem. Partei;;Liberaldem. Partei;;;;;;;;;
PRU_liberal_2;Nationalliberale ;Nationalliberale ;Nationalliberale ;;Nationalliberale ;;;;;;;;;
PRU_liberal_3;Freisinnige Partei;Freisinnige Partei;Freisinnige Partei;;Freisinnige Partei;;;;;;;;;
PRU_reactionary;Nationale Partei;Nationale Partei;Nationale Partei;;Nationale Partei;;;;;;;;;
PRU_socialist;Deutscher Arbeiterverein;Deutscher Arbeiterverein;Deutscher Arbeiterverein;;Deutscher Arbeiterverein;;;;;;;;;
PRU_socialist_2;Sozialdem. Arbeiterpartei ;Sozialdem. Arbeiterpartei ;Sozialdem. Arbeiterpartei ;;Sozialdem. Arbeiterpartei ;;;;;;;;;
PRU_socialist_3;Sozial. Arbeiterpartei ;Sozial. Arbeiterpartei ;Sozial. Arbeiterpartei ;;Sozial. Arbeiterpartei ;;;;;;;;;
QAT_anarcho_liberal;Libertarian Thani;;;;;;;;;;;;;
QAT_communist;Communist Thani;Partido communiste;Partido Communist;;;Partido Comunista;;;;;;;;
QAT_conservative;Conservative Thani;Partido Conservador;Partido Conservador;;;Partido Conservador;;;;;;;;
QAT_conservative_2;Conservative Thani;Partido Moderado Liberal;Partido Moderado Liberal;;;Partido Moderado Liberal;;;;;;;;
QAT_fascist;Fascist Thani;;;;;;;;;;;;;
QAT_liberal;Liberal Thani;Partido Liberal;Partido Liberal;;;Partido Liberal;;;;;;;;
QAT_reactionary;Radical Thani;Partido Imperialista;Partido Imperialista;;;Partido Imperialista;;;;;;;;
QAT_socialist;Socialist Thani;;;;;;;;;;;;;
QUE_anarcho_liberal;Parti Radical;Parti radical;Parti Radical;;Parti Radical;;;;;;;;;
QUE_communist;Parti Communist;Parti communiste;Parti Communist;;Parti Comunista;;;;;;;;;
QUE_conservative;Parti Conservateur;Parti conservateur;Parti Conservateur;;Parti Conservateur;;;;;;;;;
QUE_fascist;Parti Fascist;Parti fasciste;Parti Fascist;;Parti Fascista;;;;;;;;;
QUE_liberal;Parti Patriote;Parti patriote;Parti Patriote;;Parti Patriote;;;;;;;;;
QUE_liberal_2;Parti Libéral;Parti libéral;Parti Libéral;;Parti Libéral;;;;;;;;;
QUE_liberal_3;Parti Nationaliste;Parti nationaliste;Parti Nationaliste;;Parti Nationaliste;;;;;;;;;
QUE_reactionary;Parti Nationalist;Parti nationaliste;Parti Nationalist;;Parti Nationalist;;;;;;;;;
QUE_socialist;Parti Ouvrier;Parti ouvrier;Parti Ouvrier;;Parti Ouvrier;;;;;;;;;
ROM_anarcho_liberal;Partidul  Radical;Partidul radical;Partidul Radical;;Partidul Radical;;;;;;;;;
ROM_communist;Partidul Communist;Partidul communiste;Partidul Communist;;Partidul Communist;;;;;;;;;
ROM_conservative;Partidul  Conservator;Partidul Conservator;Partidul Conservator;;Partidul Conservator;;;;;;;;;
ROM_conservative_2;Partidul  Taranesc;Partidul Taranesc;Partidul Taranesc;;Partidul Taranesc;;;;;;;;;
ROM_conservative_3;Partidul Conservator  Democrat;Partidul conservateur-démocrate;Partidul Conservator Democrat;;Partidul Conservator Democrat;;;;;;;;;
ROM_fascist;Garda de Fier;Garda de Fier;Garda de Fier;;Garda de Fier;;;;;;;;;
ROM_liberal;Partida  Nationala;Partida Nationala;Partida Nationala;;Partida Nationala;;;;;;;;;
ROM_liberal_2;Partidul  Liberal;Partidul Liberal;Partidul Liberal;;Partidul Liberal;;;;;;;;;
ROM_reactionary;Partida  Boiereasca;Partida Boiereasca;Partida Boiereasca;;Partida Boiereasca;;;;;;;;;
ROM_reactionary_2;Partidul Nationalist  Democrat;Partidul nationaliste-démocrate;Partidul Nationalist Democrat;;Partidul Nationalist Democrat;;;;;;;;;
ROM_socialist;Partidul Social  Democrat;Partidul social-démocrate;Partidul Social Democrat;;Partidul Social Democrat;;;;;;;;;
RGH_anarcho_liberal;Libertarian Party;Partido Federalista;Partido Federalista;;;Partido Federalista;;;;;;;;
RGH_communist;Communist Party;Partido communiste;Partido Communist;;;Partido Comunista;;;;;;;;
RGH_conservative;Conservative Party;Partido Conservador;Partido Conservador;;;Partido Conservador;;;;;;;;
RGH_fascist;Fascist Party;Partido fasciste;Partido Fascist;;;Partido Fascista;;;;;;;;
RGH_liberal;Liberal Party;Partido Liberal;Partido Liberal;;;Partido Liberal;;;;;;;;
RGH_reactionary;Radical Party;Partido Imperialista;Partido Imperialista;;;Partido Imperialista;;;;;;;;
RGH_socialist;Socialist Party;Partido socialiste;Partido Socialist;;;Partido Socialista;;;;;;;;
RGR_anarcho_liberal;Partido Federalista;Partido Federalista;Partido Federalista;;;Partido Federalista;;;;;;;;
RGR_communist;Partido Communist;Partido communiste;Partido Communist;;;Partido Comunista;;;;;;;;
RGR_conservative;Partido Conservador;Partido Conservador;Partido Conservador;;;Partido Conservador;;;;;;;;
RGR_conservative_2;Partido Moderado Liberal;Partido Moderado Liberal;Partido Moderado Liberal;;;Partido Moderado Liberal;;;;;;;;
RGR_conservative_3;Partido Constitucionalista;Partido Constitucionalista;Partido Constitucionalista;;;Partido Constitucionalista;;;;;;;;
RGR_fascist;Partido Fascist;Partido fasciste;Partido Fascist;;;Partido Fascista;;;;;;;;
RGR_liberal;Partido Liberal;Partido Liberal;Partido Liberal;;;Partido Liberal;;;;;;;;
RGR_liberal_2;Partido Radical Liberal;Partido Radical Liberal;Partido Radical Liberal;;;Partido Radical Liberal;;;;;;;;
RGR_liberal_3;Partido Progresista;Partido Progresista;Partido Progresista;;;Partido Progresista;;;;;;;;
RGR_liberal_4;Partido Antireelecionista;Partido Antireelecionista;Partido Antireelecionista;;;Partido Antireelecionista;;;;;;;;
RGR_reactionary;Partido Imperialista;Partido Imperialista;Partido Imperialista;;;Partido Imperialista;;;;;;;;
RGR_socialist;Partido Socialist;Partido socialiste;Partido Socialist;;;Partido Socialista;;;;;;;;
RHO_anarcho_liberal;Responsible Government Association;Association pour un Gouvernement responsable;Responsible Government Association;;Asociación por un Gobierno Responsable;;;;;;;;;
RHO_communist;ZAPU;ZAPU;ZAPU;;ZAPU;;;;;;;;;
RHO_conservative;Rhodesia Party;Parti de la Rhodésie;Rhodesia Party;;Partido de Rhodesia;;;;;;;;;
RHO_fascist;The When-Wes;When-Wes;The When-Wes;;Los When-Wes;;;;;;;;;
RHO_liberal;United Federal Party;Parti Fédéral Uni;United Federal Party;;Partido Federal Unido;;;;;;;;;
RHO_reactionary;Rhodesian Front;Front rhodésien;Rhodesian Front;;Frente Rhodesiano;;;;;;;;;
RHO_socialist;ZANU;ZANU;ZANU;;ZANU;;;;;;;;;
RUS_anarcho_liberal;Radicals;Radicaux;Radikale;;Radicales;;;;;;;;;
RUS_communist;Social Democratic;Social-démocrate;Social Democratic;;Socialdemócratas;;;;;;;;;
RUS_communist_2;Bolshevik;Bolshevik;Bolschewiki;;Bolcheviques;;;;;;;;;
RUS_conservative;Slavophile;Slavophile;Slawophile;;Eslavófilos;;;;;;;;;
RUS_conservative_2;Octobrists;Octobristes;Octobristen;;Octubristas;;;;;;;;;
RUS_fascist;Fascists;Fascistes;Faschisten;;Fascistas;;;;;;;;;
RUS_liberal;Westerniser;Westerniser;Westler;;Pro-occidental;;;;;;;;;
RUS_liberal_2;Kadets;Kadets;Kadetten;;Kadetes;;;;;;;;;
RUS_reactionary;Panslavic;Panslavic;Panslawisten;;Paneslavos;;;;;;;;;
RUS_socialist;Menshevik;Menshevik;Menschewiki;;Mencheviques;;;;;;;;;
RUS_socialist_2;Populists;Populistes;Populisten;;Populistas;;;;;;;;;
RUS_socialist_3;Socialist Revolutionary;Révolutionnaire socialiste;Sozialrevolutionäre;;Socialistas Revolucionarios;;;;;;;;;
RUT_anarcho_liberal;The Radical Faction;Faction radicale;Die radikale Fraktion;;La Facción Radical;;;;;;;;;
RUT_communist;The Communist Faction;Faction communiste;Die kommunistische Fraktion;;La Facción Comunista;;;;;;;;;
RUT_conservative;Royal Faction;Faction royale;Königsfraktion;;Facción Real;;;;;;;;;
RUT_fascist;The Fascist Faction;Faction fasciste;Die faschistische Fraktion;;La Facción Fascista;;;;;;;;;
RUT_liberal;The Liberal Faction;Faction libérale;Die liberale Fraktion;;La Facción Liberal;;;;;;;;;
RUT_reactionary;The Nationalist Faction;Faction nationaliste;Die nationalistische Fraktion;;La Facción Nacionalista;;;;;;;;;
RUT_socialist;The Socialist Faction;Faction socialiste;Die sozialistische Fraktion;;La Facción Socialista;;;;;;;;;
RYU_anarcho_liberal;Libertarian Party;;;;;;;;;;;;;
RYU_communist;United Workers Party;;;;;;;;;;;;;
RYU_conservative;National Party;;;;;;;;;;;;;
RYU_fascist;National-Socialist Party;;;;;;;;;;;;;
RYU_liberal;Liberal Party;;;;;;;;;;;;;
RYU_reactionary;Monarchist Party;;;;;;;;;;;;;
RYU_socialist;Social-Democratic Pary;;;;;;;;;;;;;
SAF_anarcho_liberal;Radical Party;Parti radical;Radical Party;;Partido Radical;;;;;;;;;
SAF_communist;Communist Party;Parti communiste ;Communist Party;;Partido Comunista;;;;;;;;;
SAF_conservative;Progressive Party;Parti progressiste;Progressive Party;;Partido progresista;;;;;;;;;
SAF_conservative_2;Unionist Party;Parti unioniste;Unionist Party;;Partido Unionista;;;;;;;;;
SAF_conservative_3;National Party;Parti national;National Party;;Partido Nacional;;;;;;;;;
SAF_fascist;Fascist Party;Parti fasciste;Fascist Party;;Partido Fascista;;;;;;;;;
SAF_liberal;Afrikaner Bond;Afrikaner Bond;Afrikaner Bond;;Afrikaner Bond;;;;;;;;;
SAF_liberal_2;South African Party;Parti sud-africain;South African Party;;Partido Sudafricano;;;;;;;;;
SAF_reactionary;Nationalist Party;Parti nationaliste;Nationalist Party;;Partido Nacionalista;;;;;;;;;
SAF_socialist;Labour Party;Parti travailliste;Labour Party;;Partido Laborista;;;;;;;;;
SAR_anarcho_liberal;Radicali;Radical;Radikali;;Radical;;;;;;;;;
SAR_communist;Comunisti;Communistes;Communisti;;Comunista;;;;;;;;;
SAR_conservative;Moderati ;Moderati ;Moderati;;Moderati ;;;;;;;;;
SAR_fascist;Fascisti;Fasciste;Fascisti;;Fascista;;;;;;;;;
SAR_liberal;Riformisti ;Reformisti ;Reformisti;;Reformisti ;;;;;;;;;
SAR_liberal_2;Liberale;Liberale;Liberali;;Liberale;;;;;;;;;
SAR_reactionary;Restaurazionisti;Ristorazionista;Ristorazionista;;Ristorazionista;;;;;;;;;
SAR_socialist;Socialisti;Sozialisti;Sozialisti;;Sozialisti;;;;;;;;;
SAX_anarcho_liberal;Radikale Arbeiterpartei;Arbeiterpartei radical;Radikale Arbeiterpartei;;Radical Arbeiterpartei;;;;;;;;;
SAX_communist;Kommunistische Arbeiterpartei;Arbeiterpartei communiste;Kommunistische Arbeiterpartei;;Communist Arbeiterpartei;;;;;;;;;
SAX_conservative;Zentrumspartei;Zentrumspartei;Zentrumspartei;;Zentrumspartei;;;;;;;;;
SAX_conservative_2;Konservative Partei;Konservative Partei;Konservative Partei;;Konservative Partei;;;;;;;;;
SAX_conservative_3;Christsoz. Arbeiterpartei;Christsoz. Arbeiterpartei;Christsoz. Arbeiterpartei;;Christsoz. Arbeiterpartei;;;;;;;;;
SAX_fascist;The Fascist Faction;Faction fasciste;Die faschistische Fraktion;;La Facción Fascista;;;;;;;;;
SAX_liberal;Liberaldem. Partei;Liberaldem. Partei;Liberaldem. Partei;;Liberaldem. Partei;;;;;;;;;
SAX_liberal_2;Nationalliberale ;Nationalliberale ;Nationalliberale ;;Nationalliberale ;;;;;;;;;
SAX_liberal_3;Freisinnige Partei;Freisinnige Partei;Freisinnige Partei;;Freisinnige Partei;;;;;;;;;
SAX_reactionary;Nationale Partei;Nationale Partei;Nationale Partei;;Nationale Partei;;;;;;;;;
SAX_socialist;Deutscher Arbeiterverein;Deutscher Arbeiterverein;Deutscher Arbeiterverein;;Deutscher Arbeiterverein;;;;;;;;;
SAX_socialist_2;Sozialdem. Arbeiterpartei ;Sozialdem. Arbeiterpartei ;Sozialdem. Arbeiterpartei ;;Sozialdem. Arbeiterpartei ;;;;;;;;;
SAX_socialist_3;Sozial. Arbeiterpartei ;Sozial. Arbeiterpartei ;Sozial. Arbeiterpartei ;;Sozial. Arbeiterpartei ;;;;;;;;;
SCA_anarcho_liberal;Anti-revoultionära partiet;Anti-revoultionära partiet;Anti-revoultionära partiet;;Anti-revoultionära partiet;;;;;;;;;
SCA_communist;Proletära Kampförbundet;Proletära Kampförbundet;Proletära Kampförbundet;;Proletära Kampförbundet;;;;;;;;;
SCA_conservative;Högerpartiet;Högerpartiet;Högerpartiet;;Högerpartiet;;;;;;;;;
SCA_conservative_2;Norske Intressepartit;Norske Intressepartit;Norske Intressepartit;;Norske Intressepartit;;;;;;;;;
SCA_fascist;Nationalsocialistiska Blocket;Nationalsocialistiska Blocket;Nationalsocialistiska Blocket;;Nationalsocialistiska Blocket;;;;;;;;;
SCA_liberal;Liberala Unionspartiet;Liberala Unionspartiet;Liberala Unionspartiet;;Liberala Unionspartiet;;;;;;;;;
SCA_liberal_2;Suomi Puolue;Suomi Puolue;Suomi Puolue;;Suomi Puolue;;;;;;;;;
SCA_liberal_3;Bondeförbundet;Bondeförbundet;Bondeförbundet;;Bondeförbundet;;;;;;;;;
SCA_liberal_4;Danske Unionspartit;Danske Unionspartit;Danske Unionspartit;;Danske Unionspartit;;;;;;;;;
SCA_reactionary;Monarkisterna;Monarkisterna;Monarkisterna;;Monarkisterna;;;;;;;;;
SCA_socialist;Unionssocialisterna;Unionssocialisterna;Unionssocialisterna;;Unionssocialisterna;;;;;;;;;
SCH_anarcho_liberal;Radikale Arbeiterpartei;Arbeiterpartei radical;Radikale Arbeiterpartei;;Radical Arbeiterpartei;;;;;;;;;
SCH_communist;Kommunistische Arbeiterpartei;Arbeiterpartei communiste;Kommunistische Arbeiterpartei;;Communist Arbeiterpartei;;;;;;;;;
SCH_conservative;Zentrumspartei;Zentrumspartei;Zentrumspartei;;Zentrumspartei;;;;;;;;;
SCH_conservative_2;Konservative Partei;Konservative Partei;Konservative Partei;;Konservative Partei;;;;;;;;;
SCH_conservative_3;Christsoz. Arbeiterpartei;Christsoz. Arbeiterpartei;Christsoz. Arbeiterpartei;;Christsoz. Arbeiterpartei;;;;;;;;;
SCH_fascist;NSDP;NSDP;NSDP;;NSDP;;;;;;;;;
SCH_liberal;Liberaldem. Partei;Liberaldem. Partei;Liberaldem. Partei;;Liberaldem. Partei;;;;;;;;;
SCH_liberal_2;Nationalliberale ;Nationalliberale ;Nationalliberale ;;Nationalliberale ;;;;;;;;;
SCH_liberal_3;Freisinnige Partei;Freisinnige Partei;Freisinnige Partei;;Freisinnige Partei;;;;;;;;;
SCH_reactionary;Nationale Partei;Nationale Partei;Nationale Partei;;Nationale Partei;;;;;;;;;
SCH_socialist;Deutscher Arbeiterverein;Deutscher Arbeiterverein;Deutscher Arbeiterverein;;Deutscher Arbeiterverein;;;;;;;;;
SCH_socialist_2;Sozialdem. Arbeiterpartei ;Sozialdem. Arbeiterpartei ;Sozialdem. Arbeiterpartei ;;Sozialdem. Arbeiterpartei ;;;;;;;;;
SCH_socialist_3;Sozial. Arbeiterpartei ;Sozial. Arbeiterpartei ;Sozial. Arbeiterpartei ;;Sozial. Arbeiterpartei ;;;;;;;;;
SCO_anarcho_liberal;Radical Party;Parti radical;Radical Party;;Partido Radical;;;;;;;;;
SCO_communist;Communist Party;Parti communiste ;Communist Party;;Partido Comunista;;;;;;;;;
SCO_conservative;Whig Party;Parti Whig;Whig Party;;Partido Whig;;;;;;;;;
SCO_conservative_2;Conservative Party;Parti conservateur;Conservative Party;;Partido Conservador;;;;;;;;;
SCO_conservative_3;Unionist Party;Parti unioniste;Unionist Party;;Partido Unionista;;;;;;;;;
SCO_fascist;Fascist Party;Parti fasciste;Fascist Party;;Partido Fascista;;;;;;;;;
SCO_liberal;Liberal Party;Parti libéral;Liberal Party;;Partido Liberal;;;;;;;;;
SCO_liberal_2;Crofters' Party;Parti de Crofters;Crofters' Party;;Partido de los Arrendatarios;;;;;;;;;
SCO_reactionary;Nationalist Party;Parti nationaliste;Nationalist Party;;Partido Nacionalista;;;;;;;;;
SCO_socialist;Labour Party;Parti travailliste;Labour Party;;Partido Laborista;;;;;;;;;
SEG_anarcho_liberal;Libertarian Faction;;;;;;;;;;;;;
SEG_communist;Communist Faction;;;;;;;;;;;;;
SEG_conservative;Royal Faction;;;;;;;;;;;;;
SEG_fascist;New Empire Faction;;;;;;;;;;;;;
SEG_liberal;Reform Faction;;;;;;;;;;;;;
SEG_reactionary;Traditional Faction;;;;;;;;;;;;;
SEG_socialist;Socialist Faction;;;;;;;;;;;;;
SER_anarcho_liberal;Anarcho Liberal;Anarcho Liberal;Anarchisch-liberal;;Anarcoliberales;;;;;;;;;
SER_communist;Communist;Communistes;Kommunistisch;;Comunista;;;;;;;;;
SER_conservative;Absolutist;Absolutiste;Absolutistisch;;Absolutistas;;;;;;;;;
SER_conservative_2;Conservative;Conservateur;Konservativ;;Conservadores;;;;;;;;;
SER_conservative_3;Progressive;Progressiste;Progressiv;;Progresistas;;;;;;;;;
SER_fascist;Fascist;Fasciste;Faschistisch;;Fascista;;;;;;;;;
SER_liberal;Constitutional;Constitutionel;Konstitutionell;;Constitutionalistas;;;;;;;;;
SER_liberal_2;Liberal;Liberal;Liberal;;Liberales;;;;;;;;;
SER_reactionary;Nationalist;Nationaliste;Nationalistisch;;Nacionalista;;;;;;;;;
SER_socialist;Radical;Radical;Radikal;;Radical;;;;;;;;;
SEY_conservative;Seychelles Democratic Party;;;;;;;;;;;;;
SEY_liberal;Seychelles National Party;;;;;;;;;;;;;
SEY_reactionary;Taxpayers Association;;;;;;;;;;;;;
SEY_socialist;League of Coloured Peoples;;;;;;;;;;;;;
SEY_socialist_2;Seychelles People's United Party;;;;;;;;;;;;;
SEY_socialist_3;Seychelles People's Progressive Front;;;;;;;;;;;;;
SEY_socialist_4;People's Party;;;;;;;;;;;;;
SGF_anarcho_liberal;Radikale Arbeiterpartei;Arbeiterpartei radical;Radikale Arbeiterpartei;;Radical Arbeiterpartei;;;;;;;;;
SGF_communist;Kommunistische Arbeiterpartei;Arbeiterpartei communiste;Kommunistische Arbeiterpartei;;Communist Arbeiterpartei;;;;;;;;;
SGF_conservative;Zentrumspartei;Zentrumspartei;Zentrumspartei;;Zentrumspartei;;;;;;;;;
SGF_conservative_2;Konservative Partei;Konservative Partei;Konservative Partei;;Konservative Partei;;;;;;;;;
SGF_conservative_3;Christsoz. Arbeiterpartei;Christsoz. Arbeiterpartei;Christsoz. Arbeiterpartei;;Christsoz. Arbeiterpartei;;;;;;;;;
SGF_fascist;NSDP;NSDP;NSDP;;NSDP;;;;;;;;;
SGF_liberal;Liberaldem. Partei;Liberaldem. Partei;Liberaldem. Partei;;Liberaldem. Partei;;;;;;;;;
SGF_liberal_2;Nationalliberale ;Nationalliberale ;Nationalliberale ;;Nationalliberale ;;;;;;;;;
SGF_liberal_3;Freisinnige Partei;Freisinnige Partei;Freisinnige Partei;;Freisinnige Partei;;;;;;;;;
SGF_reactionary;Nationale Partei;Nationale Partei;Nationale Partei;;Nationale Partei;;;;;;;;;
SGF_socialist;Deutscher Arbeiterverein;Deutscher Arbeiterverein;Deutscher Arbeiterverein;;Deutscher Arbeiterverein;;;;;;;;;
SGF_socialist_2;Sozialdem. Arbeiterpartei ;Sozialdem. Arbeiterpartei ;Sozialdem. Arbeiterpartei ;;Sozialdem. Arbeiterpartei ;;;;;;;;;
SGF_socialist_3;Sozial. Arbeiterpartei ;Sozial. Arbeiterpartei ;Sozial. Arbeiterpartei ;;Sozial. Arbeiterpartei ;;;;;;;;;
SGM_anarcho_liberal;Libertarian Führer;Partido Federalista;Partido Federalista;;;Partido Federalista;;;;;;;;
SGM_communist;Kommunistische Führer;Partido communiste;Partido Communist;;;Partido Comunista;;;;;;;;
SGM_conservative;Konservative Führer;Partido Conservador;Partido Conservador;;;Partido Conservador;;;;;;;;
SGM_fascist;Faschisten Führer;Partido fasciste;Partido Fascist;;;Partido Fascista;;;;;;;;
SGM_liberal;Liberale Führer;Partido Progresista;Partido Progresista;;;Partido Progresista;;;;;;;;
SGM_reactionary;Radikal Führer;Partido Imperialista;Partido Imperialista;;;Partido Imperialista;;;;;;;;
SGM_socialist;Sozialistische Führer;Partido socialiste;Partido Socialist;;;Partido Socialista;;;;;;;;
SHI_anarcho_liberal;The Radical Faction;Faction radicale;Die radikale Fraktion;;La Facción Radical;;;;;;;;;
SHI_communist;The Communist Faction;Faction communiste;Die kommunistische Fraktion;;La Facción Comunista;;;;;;;;;
SHI_conservative;Royal Faction;Faction royale;Königsfraktion;;Facción Real;;;;;;;;;
SHI_fascist;The Fascist Faction;Faction fasciste;Die faschistische Fraktion;;La Facción Fascista;;;;;;;;;
SHI_liberal;The Liberal Faction;Faction libérale;Die liberale Fraktion;;La Facción Liberal;;;;;;;;;
SHI_reactionary;The Nationalist Faction;Faction nationaliste;Die nationalistische Fraktion;;La Facción Nacionalista;;;;;;;;;
SHI_socialist;The Socialist Faction;Faction socialiste;Die sozialistische Fraktion;;La Facción Socialista;;;;;;;;;
SIA_anarcho_liberal;The Radical Faction;Faction radicale;Die radikale Fraktion;;La Facción Radical;;;;;;;;;
SIA_communist;The Communist Faction;Faction communiste;Die kommunistische Fraktion;;La Facción Comunista;;;;;;;;;
SIA_conservative;Royal Faction;Faction royale;Königsfraktion;;Facción Real;;;;;;;;;
SIA_fascist;The Fascist Faction;Faction fasciste;Die faschistische Fraktion;;La Facción Fascista;;;;;;;;;
SIA_liberal;The Liberal Faction;Faction libérale;Die liberale Fraktion;;La Facción Liberal;;;;;;;;;
SIA_reactionary;The Nationalist Faction;Faction nationaliste;Die nationalistische Fraktion;;La Facción Nacionalista;;;;;;;;;
SIA_socialist;The Socialist Faction;Faction socialiste;Die sozialistische Fraktion;;La Facción Socialista;;;;;;;;;
SIC_anarcho_liberal;Radicali;Radical;Radikali;;Radical;;;;;;;;;
SIC_communist;Comunisti;Communistes;Communisti;;Comunista;;;;;;;;;
SIC_conservative;Moderati ;Moderati ;Moderati;;Moderati ;;;;;;;;;
SIC_fascist;Fascisti;Fasciste;Fascisti;;Fascista;;;;;;;;;
SIC_liberal;Riformisti ;Reformisti ;Reformisti;;Reformisti ;;;;;;;;;
SIC_liberal_2;Liberale;Liberale;Liberali;;Liberale;;;;;;;;;
SIC_reactionary;Restaurazionisti;Ristorazionista;Ristorazionista;;Ristorazionista;;;;;;;;;
SIC_socialist;Socialisti;Sozialisti;Sozialisti;;Sozialisti;;;;;;;;;
SIE_anarcho_liberal;The Radical Faction;Faction radicale;Die radikale Fraktion;;La Facción Radical;;;;;;;;;
SIE_communist;The Communist Faction;Faction communiste;Die kommunistische Fraktion;;La Facción Comunista;;;;;;;;;
SIE_conservative;Royal Faction;Faction royale;Königsfraktion;;Facción Real;;;;;;;;;
SIE_fascist;The Fascist Faction;Faction fasciste;Die faschistische Fraktion;;La Facción Fascista;;;;;;;;;
SIE_liberal;The Liberal Faction;Faction libérale;Die liberale Fraktion;;La Facción Liberal;;;;;;;;;
SIE_reactionary;The Nationalist Faction;Faction nationaliste;Die nationalistische Fraktion;;La Facción Nacionalista;;;;;;;;;
SIE_socialist;The Socialist Faction;Faction socialiste;Die sozialistische Fraktion;;La Facción Socialista;;;;;;;;;
SIK_anarcho_liberal;The Radical Faction;Faction radicale;Die radikale Fraktion;;La Facción Radical;;;;;;;;;
SIK_communist;The Communist Faction;Faction communiste;Die kommunistische Fraktion;;La Facción Comunista;;;;;;;;;
SIK_conservative;Royal Faction;Faction royale;Königsfraktion;;Facción Real;;;;;;;;;
SIK_fascist;The Fascist Faction;Faction fasciste;Die faschistische Fraktion;;La Facción Fascista;;;;;;;;;
SIK_liberal;The Liberal Faction;Faction libérale;Die liberale Fraktion;;La Facción Liberal;;;;;;;;;
SIK_reactionary;The Nationalist Faction;Faction nationaliste;Die nationalistische Fraktion;;La Facción Nacionalista;;;;;;;;;
SIK_socialist;The Socialist Faction;Faction socialiste;Die sozialistische Fraktion;;La Facción Socialista;;;;;;;;;
SIN_anarcho_liberal;The Radical Faction;Faction radicale;Die radikale Fraktion;;La Facción Radical;;;;;;;;;
SIN_communist;The Communist Faction;Faction communiste;Die kommunistische Fraktion;;La Facción Comunista;;;;;;;;;
SIN_conservative;Royal Faction;Faction royale;Königsfraktion;;Facción Real;;;;;;;;;
SIN_fascist;The Fascist Faction;Faction fasciste;Die faschistische Fraktion;;La Facción Fascista;;;;;;;;;
SIN_liberal;The Liberal Faction;Faction libérale;Die liberale Fraktion;;La Facción Liberal;;;;;;;;;
SIN_reactionary;The Nationalist Faction;Faction nationaliste;Die nationalistische Fraktion;;La Facción Nacionalista;;;;;;;;;
SIN_socialist;The Socialist Faction;Faction socialiste;Die sozialistische Fraktion;;La Facción Socialista;;;;;;;;;
SIX_anarcho_liberal;Libertarian Party;Partido Federalista;Partido Federalista;;;Partido Federalista;;;;;;;;
SIX_communist;Communist Party;Partido communiste;Partido Communist;;;Partido Comunista;;;;;;;;
SIX_conservative;Conservative Party;Partido Conservador;Partido Conservador;;;Partido Conservador;;;;;;;;
SIX_fascist;Fascist Party;Partido fasciste;Partido Fascist;;;Partido Fascista;;;;;;;;
SIX_liberal;Liberal Party;Partido Liberal;Partido Liberal;;;Partido Liberal;;;;;;;;
SIX_reactionary;Radical Party;Partido Imperialista;Partido Imperialista;;;Partido Imperialista;;;;;;;;
SIX_socialist;Socialist Party;Partido socialiste;Partido Socialist;;;Partido Socialista;;;;;;;;
SLO_anarcho_liberal;The Radical Faction;Faction radicale;Die radikale Fraktion;;La Facción Radical;;;;;;;;;
SLO_communist;The Communist Faction;Faction communiste;Die kommunistische Fraktion;;La Facción Comunista;;;;;;;;;
SLO_conservative;Royal Faction;Faction royale;Königsfraktion;;Facción Real;;;;;;;;;
SLO_fascist;The Fascist Faction;Faction fasciste;Die faschistische Fraktion;;La Facción Fascista;;;;;;;;;
SLO_liberal;The Liberal Faction;Faction libérale;Die liberale Fraktion;;La Facción Liberal;;;;;;;;;
SLO_reactionary;The Nationalist Faction;Faction nationaliste;Die nationalistische Fraktion;;La Facción Nacionalista;;;;;;;;;
SLO_socialist;The Socialist Faction;Faction socialiste;Die sozialistische Fraktion;;La Facción Socialista;;;;;;;;;
SLV_anarcho_liberal;The Radical Faction;Faction radicale;Die radikale Fraktion;;La Facción Radical;;;;;;;;;
SLV_communist;The Communist Faction;Faction communiste;Die kommunistische Fraktion;;La Facción Comunista;;;;;;;;;
SLV_conservative;Royal Faction;Faction royale;Königsfraktion;;Facción Real;;;;;;;;;
SLV_fascist;The Fascist Faction;Faction fasciste;Die faschistische Fraktion;;La Facción Fascista;;;;;;;;;
SLV_liberal;The Liberal Faction;Faction libérale;Die liberale Fraktion;;La Facción Liberal;;;;;;;;;
SLV_reactionary;The Nationalist Faction;Faction nationaliste;Die nationalistische Fraktion;;La Facción Nacionalista;;;;;;;;;
SLV_socialist;The Socialist Faction;Faction socialiste;Die sozialistische Fraktion;;La Facción Socialista;;;;;;;;;
SNG_anarcho_liberal;Libertarian Party;Partido Federalista;Partido Federalista;;;Partido Federalista;;;;;;;;
SNG_communist;Communist Party;Partido communiste;Partido Communist;;;Partido Comunista;;;;;;;;
SNG_conservative;Conservative Party;Partido Conservador;Partido Conservador;;;Partido Conservador;;;;;;;;
SNG_fascist;Fascist Party;Partido fasciste;Partido Fascist;;;Partido Fascista;;;;;;;;
SNG_liberal;Liberal Party;Partido Liberal;Partido Liberal;;;Partido Liberal;;;;;;;;
SNG_reactionary;Radical Party;Partido Imperialista;Partido Imperialista;;;Partido Imperialista;;;;;;;;
SNG_socialist;Socialist Party;Partido socialiste;Partido Socialist;;;Partido Socialista;;;;;;;;
SOK_anarcho_liberal;The Radical Faction;Faction radicale;Die radikale Fraktion;;La Facción Radical;;;;;;;;;
SOK_communist;The Communist Faction;Faction communiste;Die kommunistische Fraktion;;La Facción Comunista;;;;;;;;;
SOK_conservative;Royal Faction;Faction royale;Königsfraktion;;Facción Real;;;;;;;;;
SOK_fascist;The Fascist Faction;Faction fasciste;Die faschistische Fraktion;;La Facción Fascista;;;;;;;;;
SOK_liberal;The Liberal Faction;Faction libérale;Die liberale Fraktion;;La Facción Liberal;;;;;;;;;
SOK_reactionary;The Nationalist Faction;Faction nationaliste;Die nationalistische Fraktion;;La Facción Nacionalista;;;;;;;;;
SOK_socialist;The Socialist Faction;Faction socialiste;Die sozialistische Fraktion;;La Facción Socialista;;;;;;;;;
SOM_anarcho_liberal;Libertarian Party;Partido Federalista;Partido Federalista;;;Partido Federalista;;;;;;;;
SOM_communist;Communist Party;Partido communiste;Partido Communist;;;Partido Comunista;;;;;;;;
SOM_conservative;Conservative Party;Partido Conservador;Partido Conservador;;;Partido Conservador;;;;;;;;
SOM_fascist;Fascist Party;Partido fasciste;Partido Fascist;;;Partido Fascista;;;;;;;;
SOM_liberal;Liberal Party;Partido Liberal;Partido Liberal;;;Partido Liberal;;;;;;;;
SOM_reactionary;Radical Party;Partido Imperialista;Partido Imperialista;;;Partido Imperialista;;;;;;;;
SOM_socialist;Socialist Party;Partido socialiste;Partido Socialist;;;Partido Socialista;;;;;;;;
SON_liberal;Partido Liberal;Partido Liberal;Partido Liberal;;;Partido Liberal;;;;;;;;
SON_anarcho_liberal;Partido Federalista;Partido Federalista;Partido Federalista;;;Partido Federalista;;;;;;;;
SON_conservative;Partido Conservador;Partido Conservador;Partido Conservador;;;Partido Conservador;;;;;;;;
SON_conservative_2;Partido Moderado Liberal;Partido Moderado Liberal;Partido Moderado Liberal;;;Partido Moderado Liberal;;;;;;;;
SON_liberal_2;Partido Radical Liberal;Partido Radical Liberal;Partido Radical Liberal;;;Partido Radical Liberal;;;;;;;;
SON_liberal_3;Partido Progresista;Partido Progresista;Partido Progresista;;;Partido Progresista;;;;;;;;
SON_conservative_3;Partido Constitucionalista;Partido Constitucionalista;Partido Constitucionalista;;;Partido Constitucionalista;;;;;;;;
SON_liberal_4;Partido Antireelecionista;Partido Antireelecionista;Partido Antireelecionista;;;Partido Antireelecionista;;;;;;;;
SON_reactionary;Partido Imperialista;Partido Imperialista;Partido Imperialista;;;Partido Imperialista;;;;;;;;
SON_socialist;Partido Socialist;Partido socialiste;Partido Socialist;;;Partido Socialista;;;;;;;;
SON_communist;Partido Communist;Partido communiste;Partido Communist;;;Partido Comunista;;;;;;;;
SON_fascist;Partido Fascist;Partido fasciste;Partido Fascist;;;Partido Fascista;;;;;;;;
SPA_anarcho_liberal;Partido Radical;Partido Radical;Partido Radical;;Partido Radical;;;;;;;;;
SPA_communist;Federación Regional;Federación Regional;Federación Regional;;Federación Regional;;;;;;;;;
SPA_conservative;Partido Moderado;Partido Moderado;Partido Moderado;;Partido Moderado;;;;;;;;;
SPA_conservative_2;Unión Liberal;Unión Liberal;Unión Liberal;;Unión Liberal;;;;;;;;;
SPA_conservative_3;Lliga Regionalista Cat.;Lliga Regionalista Cat.;Lliga Regionalista Cat.;;Liga Regionalista Cat.;;;;;;;;;
SPA_conservative_4;Nacionalista Vasco;Nacionalista Vasco;Nacionalista Vasco;;Nacionalista Vasco;;;;;;;;;
SPA_conservative_5;Unión Nacional;Unión Nacional;Unión Nacional;;Unión Nacional;;;;;;;;;
SPA_fascist;Falange;Falange;Falange;;Falange;;;;;;;;;
SPA_liberal;Partido Progresista;Partido Progresista;Partido Progresista;;Partido Progresista;;;;;;;;;
SPA_liberal_2;Republicano Federal;Republicano Federal;Republicano Federal;;Republicano Federal;;;;;;;;;
SPA_liberal_3;Republicano Unitario;Republicano Unitario;Republicano Unitario;;Republicano Unitario;;;;;;;;;
SPA_liberal_4;Radical Republicano;Radical Republicano;Radical Republicano;;Radical Republicano;;;;;;;;;
SPA_liberal_5;Unión Republicana;Unión Republicana;Unión Republicana;;Unión Republicana;;;;;;;;;
SPA_liberal_6;Republicano Reformista;Republicano Reformista;Republicano Reformista;;Republicano Reformista;;;;;;;;;
SPA_liberal_7;Solidaridad Catalana;Solidaridad Catalana;Solidaridad Catalana;;Solidaridad Catalana;;;;;;;;;
SPA_reactionary;Comunión Carlista;Comunión Carlista;Comunión Carlista;;Comunión Carlista;;;;;;;;;
SPA_socialist;Partido Socialista;Partido Socialista;Partido Socialista;;Partido Socialista;;;;;;;;;
SRI_anarcho_liberal;Eksath Jathika Pakshaya;;;;;;;;;;;;;
SRI_communist;Left liberation Front;;;;;;;;;;;;;
SRI_conservative;United National Front;;;;;;;;;;;;;
SRI_fascist;Tamil National Alliance;;;;;;;;;;;;;
SRI_liberal;Prajathantravadhi Pakshaya;;;;;;;;;;;;;
SRI_reactionary;Jathika Hela Urumaya;;;;;;;;;;;;;
SRI_socialist;Mahajana Eksath Peramuna;;;;;;;;;;;;;
SSD_anarcho_liberal;Libertarian Party;Partido Federalista;Partido Federalista;;;Partido Federalista;;;;;;;;
SSD_communist;Communist Party;Partido communiste;Partido Communist;;;Partido Comunista;;;;;;;;
SSD_conservative;Conservative Party;Partido Conservador;Partido Conservador;;;Partido Conservador;;;;;;;;
SSD_fascist;Fascist Party;Partido fasciste;Partido Fascist;;;Partido Fascista;;;;;;;;
SSD_liberal;Liberal Party;Partido Liberal;Partido Liberal;;;Partido Liberal;;;;;;;;
SSD_reactionary;Radical Party;Partido Imperialista;Partido Imperialista;;;Partido Imperialista;;;;;;;;
SSD_socialist;Socialist Party;Partido socialiste;Partido Socialist;;;Partido Socialista;;;;;;;;
STP_anarcho_liberal;Libertarian Party;Partido Federalista;Partido Federalista;;;Partido Federalista;;;;;;;;
STP_communist;Communist Party;Partido communiste;Partido Communist;;;Partido Comunista;;;;;;;;
STP_conservative;Conservative Party;Partido Conservador;Partido Conservador;;;Partido Conservador;;;;;;;;
STP_fascist;Fascist Party;Partido fasciste;Partido Fascist;;;Partido Fascista;;;;;;;;
STP_liberal;Liberal Party;Partido Liberal;Partido Liberal;;;Partido Liberal;;;;;;;;
STP_reactionary;Radical Party;Partido Imperialista;Partido Imperialista;;;Partido Imperialista;;;;;;;;
STP_socialist;Socialist Party;Partido socialiste;Partido Socialist;;;Partido Socialista;;;;;;;;
SUD_anarcho_liberal;Libertarian Party;Partido Federalista;Partido Federalista;;;Partido Federalista;;;;;;;;
SUD_communist;Communist Party;Partido communiste;Partido Communist;;;Partido Comunista;;;;;;;;
SUD_conservative;Conservative Party;Partido Conservador;Partido Conservador;;;Partido Conservador;;;;;;;;
SUD_fascist;Fascist Party;Partido fasciste;Partido Fascist;;;Partido Fascista;;;;;;;;
SUD_liberal;Liberal Party;Partido Liberal;Partido Liberal;;;Partido Liberal;;;;;;;;
SUD_reactionary;Radical Party;Partido Imperialista;Partido Imperialista;;;Partido Imperialista;;;;;;;;
SUD_socialist;Socialist Party;Partido socialiste;Partido Socialist;;;Partido Socialista;;;;;;;;
SUR_anarcho_liberal;Libertarian Partij;Partido Federalista;Partido Federalista;;;Partido Federalista;;;;;;;;
SUR_communist;Kommunistische Partij van Suriname;Partido communiste;Partido Communist;;;Partido Comunista;;;;;;;;
SUR_conservative;Nieuw Front voor Democratie en Ontwikkeling;Partido Moderado Liberal;Partido Moderado Liberal;;;Partido Moderado Liberal;;;;;;;;
SUR_fascist;Fascist Partij;Partido fasciste;Partido Fascist;;;Partido Fascista;;;;;;;;
SUR_liberal;Nationale Democratische Partij;Partido Liberal;Partido Liberal;;;Partido Liberal;;;;;;;;
SUR_reactionary;Radicaal Partij;Partido Imperialista;Partido Imperialista;;;Partido Imperialista;;;;;;;;
SUR_socialist;Progressieve Arbeiders-en Landbouwersunie;Partido socialiste;Partido Socialist;;;Partido Socialista;;;;;;;;
SWE_anarcho_liberal;Anti-revoultionära partiet;Anti-revoultionära partiet;Anti-revoultionära partiet;;Anti-revoultionära partiet;;;;;;;;;
SWE_communist;Socialdem. Vänsterpartiet;Socialdem. Vänsterpartiet;Socialdem. Vänsterpartiet;;Socialdem. Vänsterpartiet;;;;;;;;;
SWE_conservative;Konservativa Partiet;Konservativa Partiet;Konservativa Partiet;;Konservativa Partiet;;;;;;;;;
SWE_conservative_2;Sveriges Agrarförbund ;Sveriges Agrarförbund ;Sveriges Agrarförbund ;;Sveriges Agrarförbund ;;;;;;;;;
SWE_conservative_3;Bondeförbundet ;Bondeförbundet ;Bondeförbundet ;;Bondeförbundet ;;;;;;;;;
SWE_conservative_4;Almänna Valmansförbundet;Almänna Valmansförbundet;Almänna Valmansförbundet;;Almänna Valmansförbundet;;;;;;;;;
SWE_conservative_5;Sveriges Agrarförbund ;Sveriges Agrarförbund ;Sveriges Agrarförbund ;;Sveriges Agrarförbund ;;;;;;;;;
SWE_fascist;Nationalsocialistiska Blocket;Nationalsocialistiska Blocket;Nationalsocialistiska Blocket;;Nationalsocialistiska Blocket;;;;;;;;;
SWE_liberal;Liberala Partiet;Liberala Partiet;Liberala Partiet;;Liberala Partiet;;;;;;;;;
SWE_liberal_2;Nya Landtmannapartiet;Nya Landtmannapartiet;Nya Landtmannapartiet;;Nya Landtmannapartiet;;;;;;;;;
SWE_liberal_3;Landtmannapartiet ;Landtmannapartiet ;Landtmannapartiet ;;Landtmannapartiet ;;;;;;;;;
SWE_liberal_4;Gamla Landtmannapartiet;Gamla Landtmannapartiet;Gamla Landtmannapartiet;;Gamla Landtmannapartiet;;;;;;;;;
SWE_liberal_5;Landtmannapartiet ;Landtmannapartiet ;Landtmannapartiet ;;Landtmannapartiet ;;;;;;;;;
SWE_liberal_6;Liberala Samlingspartiet;Liberala Samlingspartiet;Liberala Samlingspartiet;;Liberala Samlingspartiet;;;;;;;;;
SWE_reactionary;Nationalistpartiet;Nationalistpartiet;Nationalistpartiet;;Nationalistpartiet;;;;;;;;;
SWE_socialist;Socialdemokraterna;Socialdemokraterna;Socialdemokraterna;;Socialdemokraterna;;;;;;;;;
SWI_anarcho_liberal;Radikale Fraktion;Radikale Fraktion;Radikale Fraktion;;Radical Fraktion;;;;;;;;;
SWI_communist;Kommunistische Fraktion;Communist Fraktion;Kommunistische Fraktion;;Communist Fraktion;;;;;;;;;
SWI_conservative;Katholisch Konservative;Katholisch Konservative;Katholisch Konservative;;Katholisch Konservative;;;;;;;;;
SWI_conservative_2;Liberalen demokratischen;Liberalen demokratischen;Liberaldemokratisch;;Liberalen demokratischen;;;;;;;;;
SWI_conservative_3;Protestantisch-konservativ;Protestantisch-konservativ;Protestantisch-konservativ;;Protestant Conservative;;;;;;;;;
SWI_fascist;Faschistische Fraktion;Fascist Fraktion;Faschistische Fraktion;;Fascist Fraktion;;;;;;;;;
SWI_liberal;Freisinnige Fraktion;Freisinnige Fraktion;Freisinnige Fraktion;;Freisinnige Fraktion;;;;;;;;;
SWI_reactionary;Konservative Fraktion;Konservative Fraktion;Konservative Fraktion;;Konservative Fraktion;;;;;;;;;
SWI_reactionary_2;Protestantisch-christlich;Protestantisch-christlich;Protestantisch-christlich;;Protestantisch-christlich;;;;;;;;;
SWI_socialist;Sozialistische Fraktion;Sozialistische Fraktion;Sozialistische Fraktion;;Sozialist Fraktion;;;;;;;;;
SWZ_anarcho_liberal;Libertarian Party;Partido Federalista;Partido Federalista;;;Partido Federalista;;;;;;;;
SWZ_communist;Communist Party;Partido communiste;Partido Communist;;;Partido Comunista;;;;;;;;
SWZ_conservative;Conservative Party;Partido Conservador;Partido Conservador;;;Partido Conservador;;;;;;;;
SWZ_fascist;Fascist Party;Partido fasciste;Partido Fascist;;;Partido Fascista;;;;;;;;
SWZ_liberal;Liberal Party;Partido Liberal;Partido Liberal;;;Partido Liberal;;;;;;;;
SWZ_reactionary;Radical Party;Partido Imperialista;Partido Imperialista;;;Partido Imperialista;;;;;;;;
SWZ_socialist;Socialist Party;Partido socialiste;Partido Socialist;;;Partido Socialista;;;;;;;;
SXI_anarcho_liberal;Freedom Party;Parti de la liberté;Freiheitspartei;;Partido Libertario;;;;;;;;;
SXI_communist;Chinese Communist Party;Parti communiste chinois;Kommunistische Partei China;;Partido Comunista Chino;;;;;;;;;
SXI_conservative;Kuomintang Faction;Faction Kuomintang;Guomintang-Fraktion;;Facción Kuomintang;;;;;;;;;
SXI_fascist;Fascist Party;Parti fasciste;Faschistische Partei;;Partido Fascista;;;;;;;;;
SXI_liberal;Liberal Party;Parti libéral;Liberale Partei;;Partido Liberal;;;;;;;;;
SXI_reactionary;Hsi-Shan Faction;Faction de Hsi-Shan;Xi-Shan-Fraktion;;Facción Hsi-Shan;;;;;;;;;
SXI_socialist;Socialist Party;Parti socialiste;Sozialistische Partei;;Partido Socialista;;;;;;;;;
SYR_anarcho_liberal;Hizb al-Wataniyyin al-Ahrar;;;;;;;;;;;;;
SYR_communist;Al-hizb ash-Shuyu'i as-Suri;;;;;;;;;;;;;
SYR_conservative;Jam’iyat al-Arabiya al-Fatat;;;;;;;;;;;;;
SYR_fascist;Al-Hizb Al-Suri Al-Qawmi Al-'Ijtima'i;;;;;;;;;;;;;
SYR_liberal;Hizb al-Islah al-Suriy;;;;;;;;;;;;;
SYR_reactionary;Haraka al-Ahd al-Watani;;;;;;;;;;;;;
SYR_socialist;Haraka al-Ishtirakiyyun al-Arab;;;;;;;;;;;;;
TCA_anarcho_liberal;Transcaucasian Revolutionary Front;;;;;;;;;;;;;
TCA_communist;Transcaucasian People's Party;;;;;;;;;;;;;
TCA_conservative;United National Movement;;;;;;;;;;;;;
TCA_fascist;Party of Free Transcaucasia;;;;;;;;;;;;;
TCA_liberal;Republican Party;;;;;;;;;;;;;
TCA_reactionary;Christian-Democrats;;;;;;;;;;;;;
TCA_socialist;Transcaucasian Popular Front;;;;;;;;;;;;;
TEX_anarcho_liberal;Radical Party;Parti radical;Radical Party;;Partido Radical;;;;;;;;;
TEX_communist;Communist Party;Parti communiste;Kommunistische Partei;;Partido Comunista;;;;;;;;;
TEX_conservative;Whig Party;Parti Whig;Whig Party;;Partido Whig;;;;;;;;;
TEX_conservative_2;Populist Party;Parti populiste;Populist Party;;Partido Populista;;;;;;;;;
TEX_fascist;Fascist Party;Parti fasciste;Fascist Party;;Partido Fascista;;;;;;;;;
TEX_liberal;Democratic Party;Parti démocrate;Democratic Party;;Partido Demócrata;;;;;;;;;
TEX_reactionary;Nationalist Party;Parti nationaliste;Nationalist Party;;Partido Nacionalista;;;;;;;;;
TEX_socialist;Socialist Party;Parti socialiste;Socialist Party;;Partido Socialista;;;;;;;;;
TGA_anarcho_liberal;Libertarian Party;Radical Liberals;Radical Liberals;;;;;;;;;;;
TGA_communist;Communist Party;Communists;Communists;;;;;;;;;;;
TGA_conservative;Conservative Party;Conservatives;Conservatives;;;;;;;;;;;
TGA_fascist;Fascist Party;Fascists;Fascists;;;;;;;;;;;
TGA_liberal;Liberal Party;Liberals;Liberals;;;;;;;;;;;
TGA_liberal_2;National Liberal Party;National Liberals;National Liberals;;;;;;;;;;;
TGA_reactionary;Monarchist Party;Monarchy Leadership;Monarchy Leadership;;;;;;;;;;;
TGA_socialist;Socialist Party;Socialists;Socialists;;;;;;;;;;;
TGA_socialist_2;National Socialist Party;National Socialists;National Socialists;;;;;;;;;;;
THC_conservative;Conservative Party;;;;;;;;;;;;;
THC_liberal;Liberal Party;;;;;;;;;;;;;
THC_reactionary;Tory Party;;;;;;;;;;;;;
TIB_anarcho_liberal;The Radical Faction;Faction radicale;Die radikale Fraktion;;La Facción Radical;;;;;;;;;
TIB_communist;The Communist Faction;Faction communiste;Die kommunistische Fraktion;;La Facción Comunista;;;;;;;;;
TIB_conservative;Lamaite Faction;Faction Lamaite;Lamaite-Fraktion;;Facción Lamaísta;;;;;;;;;
TIB_fascist;The Fascist Faction;Faction fasciste;Die faschistische Fraktion;;La Facción Fascista;;;;;;;;;
TIB_liberal;The Liberal Faction;Faction libérale;Die liberale Fraktion;;La Facción Liberal;;;;;;;;;
TIB_reactionary;The Nationalist Faction;Faction nationaliste;Die nationalistische Fraktion;;La Facción Nacionalista;;;;;;;;;
TIB_socialist;The Socialist Faction;Faction socialiste;Die sozialistische Fraktion;;La Facción Socialista;;;;;;;;;
TKM_conservative;Royal Faction;Faction royale;Königsfraktion;;;;;;;;;;;
TKM_liberal;The Liberal Faction;Faction libérale;Die liberale Fraktion;;;;;;;;;;;
TKM_reactionary;The Nationalist Faction;Faction nationaliste;Die nationalistische Fraktion;;;;;;;;;;;
TKM_anarcho_liberal;The Radical Faction;Faction radicale;Die radikale Fraktion;;;;;;;;;;;
TKM_socialist;The Socialist Faction;Faction socialiste;Die sozialistische Fraktion;;;;;;;;;;;
TKM_communist;The Communist Faction;Faction communiste;Die kommunistische Fraktion;;;;;;;;;;;
TKM_fascist;The Fascist Faction;Faction fasciste;Die faschistische Fraktion;;;;;;;;;;;
TKS_anarcho_liberal;Turk Union of Democratic Forces;;;;;;;;;;;;;
TKS_communist;Red Basmachism;;;;;;;;;;;;;
TKS_conservative;White Basmachism;;;;;;;;;;;;;
TKS_fascist;Union of National Socialists;;;;;;;;;;;;;
TKS_liberal;Movement for Autonomy;;;;;;;;;;;;;
TKS_reactionary;Shura-e-Ulema;;;;;;;;;;;;;
TKS_socialist;Social Democratic Alliance;;;;;;;;;;;;;
TNZ_anarcho_liberal;Libertarian Party;Partido Federalista;Partido Federalista;;;Partido Federalista;;;;;;;;
TNZ_communist;Communist Party;Partido communiste;Partido Communist;;;Partido Comunista;;;;;;;;
TNZ_conservative;Conservative Party;Partido Conservador;Partido Conservador;;;Partido Conservador;;;;;;;;
TNZ_fascist;Fascist Party;Partido fasciste;Partido Fascist;;;Partido Fascista;;;;;;;;
TNZ_liberal;Liberal Party;Partido Liberal;Partido Liberal;;;Partido Liberal;;;;;;;;
TNZ_reactionary;Radical Party;Partido Imperialista;Partido Imperialista;;;Partido Imperialista;;;;;;;;
TNZ_socialist;Socialist Party;Partido socialiste;Partido Socialist;;;Partido Socialista;;;;;;;;
TOG_anarcho_liberal;Libertarian Party;Arbeiterpartei radical;Radikale Arbeiterpartei;;Radical Arbeiterpartei;;;;;;;;;
TOG_communist;Communist Party;Arbeiterpartei communiste;Kommunistische Arbeiterpartei;;Communist Arbeiterpartei;;;;;;;;;
TOG_conservative;Conservative Party;Conservative Party;Conservative Party;;;;;;;;;;;
TOG_fascist;Fascist Party;NSDP;NSDP;;NSDP;;;;;;;;;
TOG_liberal;Liberal Party;Liberaldem. Partei;Liberaldem. Partei;;Liberaldem. Partei;;;;;;;;;
TOG_reactionary;Radical Party;National Party;National Party;;;;;;;;;;;
TOG_socialist;Socialist Party;Deutscher Arbeiterverein;Deutscher Arbeiterverein;;Deutscher Arbeiterverein;;;;;;;;;
TOO_anarcho_liberal;Libertarian Faction;;;;;;;;;;;;;
TOO_communist;Communist Faction;;;;;;;;;;;;;
TOO_conservative;Almaami Faction;;;;;;;;;;;;;
TOO_fascist;Empire Faction;;;;;;;;;;;;;
TOO_liberal;Reform Faction;;;;;;;;;;;;;
TOO_reactionary;Religious Faction;;;;;;;;;;;;;
TOO_socialist;Socialist Faction;;;;;;;;;;;;;
TPG_anarcho_liberal;The Radical Faction;La faction radicale;Radikale Fraktion;;;;;;;;;;;
TPG_communist;The Communist Faction;La faction communiste;Kommunistische Fraktion;;;;;;;;;;;
TPG_conservative;West King;Monarque occidental;Westlicher Monarch;;;;;;;;;;;
TPG_fascist;The Fascist Faction;La faction fasciste;Faschistische Fraktion;;;;;;;;;;;
TPG_liberal;Yi King;Yi King;Yi Monarch;;;;;;;;;;;
TPG_reactionary;East King;Monarque oriental;Östlicher Monarch;;;;;;;;;;;
TPG_socialist;North King;Monarque du nord;Nördlicher Monarch;;;;;;;;;;;
TRA_anarcho_liberal;The Radical Faction;Faction radicale;Die radikale Fraktion;;La Facción Radical;;;;;;;;;
TRA_communist;The Communist Faction;Faction communiste;Die kommunistische Fraktion;;La Facción Comunista;;;;;;;;;
TRA_conservative;Royal Faction;Faction royale;Königsfraktion;;Facción Real;;;;;;;;;
TRA_fascist;The Fascist Faction;Faction fasciste;Die faschistische Fraktion;;La Facción Fascista;;;;;;;;;
TRA_liberal;The Liberal Faction;Faction libérale;Die liberale Fraktion;;La Facción Liberal;;;;;;;;;
TRA_reactionary;The Nationalist Faction;Faction nationaliste;Die nationalistische Fraktion;;La Facción Nacionalista;;;;;;;;;
TRA_socialist;The Socialist Faction;Faction socialiste;Die sozialistische Fraktion;;La Facción Socialista;;;;;;;;;
TRE_anarcho_liberal;Radicali;Radical;Radikali;;Radical;;;;;;;;;
TRE_communist;Rivoluzionari;Revoluzionari;Revoluzionari;;Revoluzionari;;;;;;;;;
TRE_conservative;Transigenti;Transigenti;Transigenti;;Transigenti;;;;;;;;;
TRE_fascist;Fascisti;Fasciste;Fascisti;;Fascista;;;;;;;;;
TRE_liberal;Intransigenti;Intransigenti;Intransigenti;;Intransigenti;;;;;;;;;
TRE_reactionary;Monarchici;Monarchisti;Monarchisti;;Monarchisti;;;;;;;;;
TRE_reactionary_2;Cattolici;Cattolici;Cattolici;;Cattolici;;;;;;;;;
TRE_socialist;Socialisti;Socialisti;Socialisti;;Socialisti;;;;;;;;;
TRI_communist;The Communist Faction;Faction communiste;Die kommunistische Fraktion;;La Facción Comunista;;;;;;;;;
TRI_fascist;The Fascist Faction;Faction fasciste;Die faschistische Fraktion;;La Facción Fascista;;;;;;;;;
TRI_socialist;The Socialist Faction;Faction socialiste;Die sozialistische Fraktion;;La Facción Socialista;;;;;;;;;
TRN_anarcho_liberal;Radical Party;Parti radical;Radikale Partei;;Partido Radical;;;;;;;;;
TRN_communist;Communist Party;Parti communiste ;Kommunistische Partei;;Partido Comunista;;;;;;;;;
TRN_conservative;Voortrekker Partei;Voortrekker Partei;Voortrekker Partei;;Voortrekker Partei;;;;;;;;;
TRN_conservative_2;Boeren Partei;Boeren Partei;Boeren Partei;;Boeren Partei;;;;;;;;;
TRN_fascist;Fascist Party;Parti fasciste;Faschistische Partei;;Partido Fascista;;;;;;;;;
TRN_liberal;Liberal Party;Parti libéral;Liberale Partei;;Partido Liberal;;;;;;;;;
TRN_reactionary;Nationalist Partei;Partei nationaliste;Nationalist Partei;;Nationalist Partei;;;;;;;;;
TRN_socialist;Socialist Party;Parti socialiste;Sozialistische Partei;;Partido Socialista;;;;;;;;;
TSW_anarcho_liberal;Radical Faction;Faction radicale;Die radikale Fraktion;;;;;;;;;;;
TSW_communist;Communist Faction;Faction communiste;Die kommunistische Fraktion;;;;;;;;;;;
TSW_conservative;Royal Faction;Faction royale;Königsfraktion;;;;;;;;;;;
TSW_fascist;Fascist Faction;Faction fasciste;Die faschistische Fraktion;;;;;;;;;;;
TSW_liberal;Reform Faction;Faction de réforme;Verbesserung Fraktion;;;;;;;;;;;
TSW_reactionary;Empire Faction;Faction d'empire;Reich Fraktion;;;;;;;;;;;
TSW_socialist;Socialist Faction;Faction socialiste;Die sozialistische Fraktion;;;;;;;;;;;
TTB_anarcho_liberal;Butler Party;Butler Party;Butler Party;;;;;;;;;;;
TTB_communist;Worker's Party;Worker's Party;Worker's Party;;;;;;;;;;;
TTB_conservative;Conservative Party;Conservative Party;Conservative Party;;;;;;;;;;;
TTB_fascist;Fascist Party;Fascist Party;Fascist Party;;;;;;;;;;;
TTB_liberal;Citizens' Alliance;Citizens' Alliance;Citizens' Alliance;;;;;;;;;;;
TTB_reactionary;National Party;National Party;National Party;;;;;;;;;;;
TTB_socialist;People's Partnership;People's Partnership;People's Partnership;;;;;;;;;;;
TUN_anarcho_liberal;The Radical Faction;Faction radicale;Die radikale Fraktion;;La Facción Radical;;;;;;;;;
TUN_communist;The Communist Faction;Faction communiste;Die kommunistische Fraktion;;La Facción Comunista;;;;;;;;;
TUN_conservative;Royal Faction;Faction royale;Königsfraktion;;Facción Real;;;;;;;;;
TUN_fascist;The Fascist Faction;Faction fasciste;Die faschistische Fraktion;;La Facción Fascista;;;;;;;;;
TUN_liberal;The Liberal Faction;Faction libérale;Die liberale Fraktion;;La Facción Liberal;;;;;;;;;
TUN_reactionary;The Nationalist Faction;Faction nationaliste;Die nationalistische Fraktion;;La Facción Nacionalista;;;;;;;;;
TUN_socialist;The Socialist Faction;Faction socialiste;Die sozialistische Fraktion;;La Facción Socialista;;;;;;;;;
TUR_anarcho_liberal;Radical Party;Parti radical;Radikale Partei;;Partido Radical;;;;;;;;;
TUR_communist;Revolutionary Party;Parti révolutionnaire;Revolutionspartei;;Partido Revolucionario;;;;;;;;;
TUR_conservative;Imperial Party;Parti impérial;Kaiserliche Partei;;Partido Imperial;;;;;;;;;
TUR_fascist;Fascist Party;Parti fasciste;Faschistische Partei;;Partido Fascista;;;;;;;;;
TUR_liberal;Young Turk Party;Parti de la jeunesse turque;Jungtürkenpartei;;Partido de los Jóvenes Turcos;;;;;;;;;
TUR_liberal_2;People's Union;Union populaire;Volksunion;;Unión Popular;;;;;;;;;
TUR_reactionary;Janitschars;Janitschars;Janitscharen;;Janitschars;;;;;;;;;
TUR_socialist;Kurdish Party;Parti kurde;Kurdenpartei;;Partido Kurdo;;;;;;;;;
TUR_socialist_2;Democratic Front;Front démocratique;Demokratische Front;;Frente Democrático;;;;;;;;;
TUS_anarcho_liberal;Radicali;Radical;Radikali;;Radical;;;;;;;;;
TUS_communist;Comunisti;Communistes;Communisti;;Comunista;;;;;;;;;
TUS_conservative;Moderati ;Moderati ;Moderati;;Moderati ;;;;;;;;;
TUS_fascist;Fascisti;Fasciste;Fascisti;;Fascista;;;;;;;;;
TUS_liberal;Riformisti ;Reformisti ;Reformisti;;Reformisti ;;;;;;;;;
TUS_liberal_2;Liberale;Liberale;Liberali;;Liberale;;;;;;;;;
TUS_reactionary;Restaurazionisti;Ristorazionista;Ristorazionista;;Ristorazionista;;;;;;;;;
TUS_socialist;Socialisti;Sozialisti;Sozialisti;;Sozialisti;;;;;;;;;
TVL_anarcho_liberal_93;Radical Liberals;Radical Liberals;Radical Liberals;;;;;;;;;;;
TVL_communist_86;Communists;Communists;Communists;;;;;;;;;;;
TVL_conservative_92;Conservatives;Conservatives;Conservatives;;;;;;;;;;;
TVL_fascist_72;Fascists;Fascists;Fascists;;;;;;;;;;;
TVL_liberal_79;Liberals;Liberals;Liberals;;;;;;;;;;;
TVL_liberal_87;National Liberals;National Liberals;National Liberals;;;;;;;;;;;
TVL_reactionary_84;Monarchy Leadership;Monarchy Leadership;Monarchy Leadership;;;;;;;;;;;
TVL_socialist_85;Socialists;Socialists;Socialists;;;;;;;;;;;
TVL_socialist_99;National Socialists;National Socialists;National Socialists;;;;;;;;;;;
UBD_anarcho_liberals;Anarcho-Liberals;Anarcho-libéraux;Anarcho-Liberale;;;;;;;;;;;
UBD_communist;Bolsheviks;Bolchéviques;Bolschewiki;;;;;;;;;;;
UBD_conservative;Conservatives;Conservateurs;Konservative;;;;;;;;;;;
UBD_fascist;National Socialist Party;Parti national-socialiste;Faschisten;;;;;;;;;;;
UBD_liberal;Liberals;Libéraux;Liberale;;;;;;;;;;;
UBD_reactionary;Reactionaries;Réactionnaires;Reaktionäre;;;;;;;;;;;
UBD_socialist;Socialists;Socialistes;Sozialisten;;;;;;;;;;;
UCA_anarcho_liberal;Partido Radical;Partido Radical;Partido Radical;;Partido Radical;;;;;;;;;
UCA_communist;Partido Comunista;Partido communiste;Partido Communist;;Partido Comunista;;;;;;;;;
UCA_conservative;Partido Conservador;Partido Conservador;Partido Conservador;;Partido Conservador;;;;;;;;;
UCA_fascist;Partido Fascista;Partido fasciste;Partido Fascist;;Partido Fascista;;;;;;;;;
UCA_liberal;Partido Liberal;Partido Liberal;Partido Liberal;;Partido Liberal;;;;;;;;;
UCA_reactionary;Partido Nacionalista;Partido nationaliste;Partido Nationalist;;Partido Nationalista;;;;;;;;;
UCA_socialist;Partido Socialista;Partido socialiste;Partido Socialist;;Partido Socialista;;;;;;;;;
UGA_anarcho_liberal;Libertarian Party;Arbeiterpartei radical;Radikale Arbeiterpartei;;Radical Arbeiterpartei;;;;;;;;;
UGA_communist;Communist Party;Arbeiterpartei communiste;Kommunistische Arbeiterpartei;;Communist Arbeiterpartei;;;;;;;;;
UGA_conservative;Conservative Party;Conservative Party;Conservative Party;;;;;;;;;;;
UGA_fascist;Fascist Party;NSDP;NSDP;;NSDP;;;;;;;;;
UGA_liberal;Liberal Party;Liberaldem. Partei;Liberaldem. Partei;;Liberaldem. Partei;;;;;;;;;
UGA_reactionary;Radical Party;National Party;National Party;;;;;;;;;;;
UGA_socialist;Socialist Party;Deutscher Arbeiterverein;Deutscher Arbeiterverein;;Deutscher Arbeiterverein;;;;;;;;;
UIR_anarcho_liberal;Libertarian Party;Arbeiterpartei radical;Radikale Arbeiterpartei;;Radical Arbeiterpartei;;;;;;;;;
UIR_communist;Communist Party;Arbeiterpartei communiste;Kommunistische Arbeiterpartei;;Communist Arbeiterpartei;;;;;;;;;
UIR_conservative;Conservative Party;Conservative Party;Conservative Party;;;;;;;;;;;
UIR_fascist;Fascist Party;NSDP;NSDP;;NSDP;;;;;;;;;
UIR_liberal;Liberal Party;Liberaldem. Partei;Liberaldem. Partei;;Liberaldem. Partei;;;;;;;;;
UIR_reactionary;Radical Party;National Party;National Party;;;;;;;;;;;
UIR_socialist;Socialist Party;Deutscher Arbeiterverein;Deutscher Arbeiterverein;;Deutscher Arbeiterverein;;;;;;;;;
UKR_anarcho_liberal;The Radical Faction;Faction radicale;Die radikale Fraktion;;La Facción Radical;;;;;;;;;
UKR_communist;The Communist Faction;Faction communiste;Die kommunistische Fraktion;;La Facción Comunista;;;;;;;;;
UKR_conservative;Royal Faction;Faction royale;Königsfraktion;;Facción Real;;;;;;;;;
UKR_fascist;The Fascist Faction;Faction fasciste;Die faschistische Fraktion;;La Facción Fascista;;;;;;;;;
UKR_liberal;The Liberal Faction;Faction libérale;Die liberale Fraktion;;La Facción Liberal;;;;;;;;;
UKR_reactionary;The Nationalist Faction;Faction nationaliste;Die nationalistische Fraktion;;La Facción Nacionalista;;;;;;;;;
UKR_socialist;The Socialist Faction;Faction socialiste;Die sozialistische Fraktion;;La Facción Socialista;;;;;;;;;
URU_anarcho_liberal;Partido Radical;Partido Radical;Partido Radical;;Partido Radical;;;;;;;;;
URU_communist;Partido Socialista;Partido Socialista;Partido Socialista;;Partido Socialista;;;;;;;;;
URU_conservative;Blancos;Blancos;Blancos;;Blancos;;;;;;;;;
URU_conservative_2;Partido Nacional;Partido Nacional;Partido Nacional;;Partido Nacional;;;;;;;;;
URU_conservative_3;Unión Cívica de Uruguay;Unión Cívica de Uruguay;Unión Cívica de Uruguay;;Unión Cívica de Uruguay;;;;;;;;;
URU_fascist;Partido Fascista;Partido fasciste;Partido Fascist;;Partido Fascista;;;;;;;;;
URU_liberal;Colorados;Colorados;Colorados;;Colorados;;;;;;;;;
URU_liberal_2;Colorados;Colorados;Colorados;;Colorados;;;;;;;;;
URU_liberal_3;Liberales;Liberales;Liberales;;Liberales;;;;;;;;;
URU_reactionary;Partido Nacionalista;Partido nationaliste;Partido Nationalist;;Partido Nationalista;;;;;;;;;
URU_socialist;Colorados;Colorados;Colorados;;Colorados;;;;;;;;;
URU_socialist_2;Partido Socialista;Partido socialiste;Partido Socialist;;Partido Socialista;;;;;;;;;
USA_anarcho_liberal;Libertarian Party;Parti radical;Radical Party;;Partido Radical;;;;;;;;;
USA_communist;Communist Party;Parti communiste ;Communist Party;;Partido Comunista;;;;;;;;;
USA_conservative;Democratic Party;Parti démocrate;Democratic Party;;Partido Demócrata;;;;;;;;;
USA_conservative_2;American Party;Parti américain;American Party;;Partido Americano;;;;;;;;;
USA_conservative_3;Constitutional Union Party;Parti de l'union constitutionnelle;Constitutional Union Party;;Partido de la Unión Constitucionalista;;;;;;;;;
USA_conservative_5;Democratic Party;Parti démocrate;Democratic Party;;Partido Demócrata;;;;;;;;;
USA_fascist;Silver Legion of America;Parti fasciste;Fascist Party;;Partido Fascista;;;;;;;;;
USA_liberal;Republican Party;Parti républicain;Republican Party;;Partido Republicano;;;;;;;;;
USA_liberal_2;Whigs;Whigs;Whigs;;Whigs;;;;;;;;;
USA_liberal_3;Free Soil Party;Parti du sol libre;Free Soil Party;;Partido de la Tierra Libre;;;;;;;;;
USA_liberal_4;Populist Party;Parti populiste;Populist Party;;Partido Populista;;;;;;;;;
USA_liberal_5;Union Party;Parti syndical;Union Party;;Partido Unionista;;;;;;;;;
USA_liberal_6;Republican Party;Parti républicain;Republican Party;;Partido Republicano;;;;;;;;;
USA_reactionary;Nationalist Party;Parti nationaliste;Nationalist Party;;Partido Nacionalista;;;;;;;;;
USA_socialist;Workingmen's Party;Parti socialiste;Socialist Party;;Partido Socialista;;;;;;;;;
VEN_anarcho_liberal;Radicali;Radical;Radikali;;Radical;;;;;;;;;
VEN_communist;Rivoluzionari;Revoluzionari;Revoluzionari;;Revoluzionari;;;;;;;;;
VEN_conservative;Transigenti;Transigenti;Transigenti;;Transigenti;;;;;;;;;
VEN_fascist;Fascisti;Fasciste;Fascisti;;Fascista;;;;;;;;;
VEN_liberal;Intransigenti;Intransigenti;Intransigenti;;Intransigenti;;;;;;;;;
VEN_reactionary;Monarchici;Monarchisti;Monarchisti;;Monarchisti;;;;;;;;;
VEN_reactionary_2;Cattolici;Cattolici;Cattolici;;Cattolici;;;;;;;;;
VEN_socialist;Socialisti;Socialisti;Socialisti;;Socialisti;;;;;;;;;
VNZ_anarcho_liberal;Partido Radical;Partido Radical;Partido Radical;;Partido Radical;;;;;;;;;
VNZ_communist;Partido Comunista;Partido communiste;Partido Communist;;Partido Comunista;;;;;;;;;
VNZ_conservative;Partido Conservador;Partido Conservador;Partido Conservador;;Partido Conservador;;;;;;;;;
VNZ_conservative_2;Partido Centralista;Partido Centralista;Partido Centralista;;Partido Centralista;;;;;;;;;
VNZ_fascist;Partido Fascista;Partido fasciste;Partido Fascist;;Partido Fascista;;;;;;;;;
VNZ_liberal;Partido Liberal;Partido Liberal;Partido Liberal;;Partido Liberal;;;;;;;;;
VNZ_liberal_2;Partido Federalista;Partido Federalista;Partido Federalista;;Partido Federalista;;;;;;;;;
VNZ_liberal_3;Liberal Restaurador;Liberal Restaurador;Liberal Restaurador;;Liberal Restaurador;;;;;;;;;
VNZ_reactionary;Partido Unitario;Partido Unitario;Partido Unitario;;Partido Unitario;;;;;;;;;
VNZ_socialist;Partido Socialista;Partido socialiste;Partido Socialist;;Partido Socialista;;;;;;;;;
WAL_anarcho_liberal;Partidul Radical;Partidul radical;Partidul Radical;;Partidul Radical;;;;;;;;;
WAL_communist;Partidul Communist;Partidul communiste;Partidul Communist;;Partidul Communist;;;;;;;;;
WAL_conservative;Partidul Conservator;Partidul Conservator;Partidul Conservator;;Partidul Conservator;;;;;;;;;
WAL_conservative_2;Partidul Taranesc;Partidul Taranesc;Partidul Taranesc;;Partidul Taranesc;;;;;;;;;
WAL_conservative_3;Partidul Conservator Democrat;Partidul conservateur-démocrate;Partidul Conservator Democrat;;Partidul Conservator Democrat;;;;;;;;;
WAL_fascist;Garda de Fier;Garda de Fier;Garda de Fier;;Garda de Fier;;;;;;;;;
WAL_liberal;Partida Nationala;Partida Nationala;Partida Nationala;;Partida Nationala;;;;;;;;;
WAL_liberal_2;Partidul Liberal;Partidul libéral;Partidul Liberal;;Partidul Liberal;;;;;;;;;
WAL_reactionary;Partida Boiereasca;Partida Boiereasca;Partida Boiereasca;;Partida Boiereasca;;;;;;;;;
WAL_reactionary_2;Partidul Nationalist Democrat;Partidul nationaliste-démocrate;Partidul Nationalist Democrat;;Partidul Nationalist Democrat;;;;;;;;;
WAL_socialist;Partidul Social Democrat;Partidul social-démocrate;Partidul Social Democrat;;Partidul Social Democrat;;;;;;;;;
WEI_anarcho_liberal;Radikale Arbeiterpartei;Arbeiterpartei radical;Radikale Arbeiterpartei;;Radical Arbeiterpartei;;;;;;;;;
WEI_communist;Kommunistische Arbeiterpartei;Arbeiterpartei communiste;Kommunistische Arbeiterpartei;;Communist Arbeiterpartei;;;;;;;;;
WEI_conservative;Zentrumspartei;Zentrumspartei;Zentrumspartei;;Zentrumspartei;;;;;;;;;
WEI_conservative_2;Konservative Partei;Konservative Partei;Konservative Partei;;Konservative Partei;;;;;;;;;
WEI_conservative_3;Christsoz. Arbeiterpartei;Christsoz. Arbeiterpartei;Christsoz. Arbeiterpartei;;Christsoz. Arbeiterpartei;;;;;;;;;
WEI_fascist;NSDP;NSDP;NSDP;;NSDP;;;;;;;;;
WEI_liberal;Liberaldem. Partei;Liberaldem. Partei;Liberaldem. Partei;;Liberaldem. Partei;;;;;;;;;
WEI_liberal_2;Nationalliberale ;Nationalliberale ;Nationalliberale ;;Nationalliberale ;;;;;;;;;
WEI_liberal_3;Freisinnige Partei;Freisinnige Partei;Freisinnige Partei;;Freisinnige Partei;;;;;;;;;
WEI_reactionary;Nationale Partei;Nationale Partei;Nationale Partei;;Nationale Partei;;;;;;;;;
WEI_socialist;Deutscher Arbeiterverein;Deutscher Arbeiterverein;Deutscher Arbeiterverein;;Deutscher Arbeiterverein;;;;;;;;;
WEI_socialist_2;Sozialdem. Arbeiterpartei ;Sozialdem. Arbeiterpartei ;Sozialdem. Arbeiterpartei ;;Sozialdem. Arbeiterpartei ;;;;;;;;;
WEI_socialist_3;Sozial. Arbeiterpartei ;Sozial. Arbeiterpartei ;Sozial. Arbeiterpartei ;;Sozial. Arbeiterpartei ;;;;;;;;;
WES_anarcho_liberal;Libertarian Partei;Arbeiterpartei radical;Radikale Arbeiterpartei;;Radical Arbeiterpartei;;;;;;;;;
WES_communist;Kommunistische Partei;Arbeiterpartei communiste;Kommunistische Arbeiterpartei;;Communist Arbeiterpartei;;;;;;;;;
WES_conservative;Zentrumspartei;Zentrumspartei;Zentrumspartei;;Zentrumspartei;;;;;;;;;
WES_conservative_2;Konservative Partei;Christsoz. Arbeiterpartei;Christsoz. Arbeiterpartei;;Christsoz. Arbeiterpartei;;;;;;;;;
WES_conservative_3;Christlich-soziale Partei;Christsoz. Arbeiterpartei;Christsoz. Arbeiterpartei;;Christsoz. Arbeiterpartei;;;;;;;;;
WES_fascist;Nationalsozialistische Westfalen Arbeiterpartei;NSDP;NSDP;;NSDP;;;;;;;;;
WES_liberal;Liberal-Demokratische Partei;Liberaldem. Partei;Liberaldem. Partei;;Liberaldem. Partei;;;;;;;;;
WES_liberal_2;Nationalliberale Partei;Nationalliberale ;Nationalliberale ;;Nationalliberale ;;;;;;;;;
WES_liberal_3;Freisinnige Partei;Freisinnige Partei;Freisinnige Partei;;Freisinnige Partei;;;;;;;;;
WES_reactionary;Nationale Partei;Nationale Partei;Nationale Partei;;Nationale Partei;;;;;;;;;
WES_socialist;Deutscher Arbeiterverein;Deutscher Arbeiterverein;Deutscher Arbeiterverein;;Deutscher Arbeiterverein;;;;;;;;;
WES_socialist_2;Sozialdemokratische Arbeiterpartei;Partido socialiste;Partido Socialist;;;Partido Socialista;;;;;;;;
WES_socialist_3;Sozialistische Arbeiterpartei;Partido socialiste;Partido Socialist;;;Partido Socialista;;;;;;;;
WIA_anarcho_liberal;The Radical Faction;Faction radicale;Die radikale Fraktion;;La Facción Radical;;;;;;;;;
WIA_communist;The Communist Faction;Faction communiste;Die kommunistische Fraktion;;La Facción Comunista;;;;;;;;;
WIA_conservative;Royal Faction;Faction royale;Königsfraktion;;Facción Real;;;;;;;;;
WIA_fascist;The Fascist Faction;Faction fasciste;Die faschistische Fraktion;;La Facción Fascista;;;;;;;;;
WIA_liberal;The Liberal Faction;Faction libérale;Die liberale Fraktion;;La Facción Liberal;;;;;;;;;
WIA_reactionary;The Nationalist Faction;Faction nationaliste;Die nationalistische Fraktion;;La Facción Nacionalista;;;;;;;;;
WIA_socialist;The Socialist Faction;Faction socialiste;Die sozialistische Fraktion;;La Facción Socialista;;;;;;;;;
WLL_anarcho_liberal;The Radical Faction;Faction radicale;Die radikale Fraktion;;La Facción Radical;;;;;;;;;
WLL_communist;The Communist Faction;Faction communiste;Die kommunistische Fraktion;;La Facción Comunista;;;;;;;;;
WLL_conservative;Royal Faction;Faction royale;Königsfraktion;;Facción Real;;;;;;;;;
WLL_fascist;Rexist Party;Parti Rexiste;Rexistenpartei;;Partido Rexista;;;;;;;;;
WLL_liberal;The Liberal Faction;Faction libérale;Die liberale Fraktion;;La Facción Liberal;;;;;;;;;
WLL_reactionary;The Nationalist Faction;Faction nationaliste;Die nationalistische Fraktion;;La Facción Nacionalista;;;;;;;;;
WLL_socialist;The Socialist Faction;Faction socialiste;Die sozialistische Fraktion;;La Facción Socialista;;;;;;;;;
WUR_anarcho_liberal;Radikale Arbeiterpartei;Arbeiterpartei radical;Radikale Arbeiterpartei;;Radical Arbeiterpartei;;;;;;;;;
WUR_communist;Kommunistische Arbeiterpartei;Arbeiterpartei communiste;Kommunistische Arbeiterpartei;;Communist Arbeiterpartei;;;;;;;;;
WUR_conservative;Zentrumspartei;Zentrumspartei;Zentrumspartei;;Zentrumspartei;;;;;;;;;
WUR_conservative_2;Konservative Partei;Konservative Partei;Konservative Partei;;Konservative Partei;;;;;;;;;
WUR_conservative_3;Christsoz. Arbeiterpartei;Christsoz. Arbeiterpartei;Christsoz. Arbeiterpartei;;Christsoz. Arbeiterpartei;;;;;;;;;
WUR_fascist;NSDP;NSDP;NSDP;;NSDP;;;;;;;;;
WUR_liberal;Liberaldem. Partei;Liberaldem. Partei;Liberaldem. Partei;;Liberaldem. Partei;;;;;;;;;
WUR_liberal_2;Nationalliberale ;Nationalliberale ;Nationalliberale ;;Nationalliberale ;;;;;;;;;
WUR_liberal_3;Freisinnige Partei;Freisinnige Partei;Freisinnige Partei;;Freisinnige Partei;;;;;;;;;
WUR_reactionary;Nationale Partei;Nationale Partei;Nationale Partei;;Nationale Partei;;;;;;;;;
WUR_socialist;Deutscher Arbeiterverein;Deutscher Arbeiterverein;Deutscher Arbeiterverein;;Deutscher Arbeiterverein;;;;;;;;;
WUR_socialist_2;Sozialdem. Arbeiterpartei ;Sozialdem. Arbeiterpartei ;Sozialdem. Arbeiterpartei ;;Sozialdem. Arbeiterpartei ;;;;;;;;;
WUR_socialist_3;Sozial. Arbeiterpartei ;Sozial. Arbeiterpartei ;Sozial. Arbeiterpartei ;;Sozial. Arbeiterpartei ;;;;;;;;;
WYA_anarcho_liberal;Libertarian Party;Partido Federalista;Partido Federalista;;;Partido Federalista;;;;;;;;
WYA_communist;Communist Party;Partido communiste;Partido Communist;;;Partido Comunista;;;;;;;;
WYA_conservative;Conservative Party;Partido Conservador;Partido Conservador;;;Partido Conservador;;;;;;;;
WYA_fascist;Fascist Party;Partido fasciste;Partido Fascist;;;Partido Fascista;;;;;;;;
WYA_liberal;Liberal Party;Partido Liberal;Partido Liberal;;;Partido Liberal;;;;;;;;
WYA_reactionary;Radical Party;Partido Imperialista;Partido Imperialista;;;Partido Imperialista;;;;;;;;
WYA_socialist;Socialist Party;Partido socialiste;Partido Socialist;;;Partido Socialista;;;;;;;;
XBI_anarcho_liberal;Freedom Party;Parti de la liberté;Freiheitspartei;;Partido Libertario;;;;;;;;;
XBI_communist;Chinese Communist Party;Parti communiste chinois;Kommunistische Partei China;;Partido Comunista Chino;;;;;;;;;
XBI_conservative;Kuomintang Faction;Faction Kuomintang;Guomintang-Fraktion;;Facción Kuomintang;;;;;;;;;
XBI_fascist;Fascist Party;Parti fasciste;Faschistische Partei;;Partido Fascista;;;;;;;;;
XBI_liberal;Liberal Party;Parti libéral;Liberale Partei;;Partido Liberal;;;;;;;;;
XBI_reactionary;Ma Family;Famille Ma;Ma-Familie;;Familia Ma;;;;;;;;;
XBI_socialist;Socialist Party;Parti socialiste;Sozialistische Partei;;Partido Socialista;;;;;;;;;
XIN_anarcho_liberal;Freedom Party;Parti de la liberté;Freiheitspartei;;Partido Libertario;;;;;;;;;
XIN_communist;Chinese Communist Party;Parti communiste chinois;Kommunistische Partei China;;Partido Comunista Chino;;;;;;;;;
XIN_conservative;Kuomintang Faction;Faction Kuomintang;Guomintang-Fraktion;;Facción Kuomintang;;;;;;;;;
XIN_fascist;Fascist Party;Parti fasciste;Faschistische Partei;;Partido Fascista;;;;;;;;;
XIN_liberal;Liberal Party;Parti libéral;Liberale Partei;;Partido Liberal;;;;;;;;;
XIN_reactionary;Zenxin Faction;Faction de Zenxin;Zenxin-Fraktion;;Facción Zenxin;;;;;;;;;
XIN_socialist;Socialist Party;Parti socialiste;Sozialistische Partei;;Partido Socialista;;;;;;;;;
YEM_anarcho_liberal;The Radical Faction;Faction radicale;Die radikale Fraktion;;La facción radical;;;;;;;;;
YEM_communist;The Communist Faction;Faction communiste;Die kommunistische Fraktion;;La facción comunista;;;;;;;;;
YEM_conservative;Sheikal Faction;Faction Sheikal;Scheichsfraktion;;Facción de jeques;;;;;;;;;
YEM_fascist;The Fascist Faction;Faction fasciste;Die faschistische Fraktion;;La facción fascista;;;;;;;;;
YEM_liberal;The Liberal Faction;Faction libérale;Die liberale Fraktion;;La facción liberal;;;;;;;;;
YEM_reactionary;The Nationalist Faction;Faction nationaliste;Die nationalistische Fraktion;;La facción nacionalista;;;;;;;;;
YEM_socialist;The Socialist Faction;Faction socialiste;Die sozialistische Fraktion;;La facción socialista;;;;;;;;;
YNN_anarcho_liberal;Freedom Party;Parti de la liberté;Freiheitspartei;;Partido Libertario;;;;;;;;;
YNN_communist;Chinese Communist Party;Parti communiste chinois;Kommunistische Partei China;;Partido Comunista Chino;;;;;;;;;
YNN_conservative;Kuomintang Faction;Faction Kuomintang;Guomintang-Fraktion;;Facción Kuomintang;;;;;;;;;
YNN_fascist;Fascist Party;Parti fasciste;Faschistische Partei;;Partido Fascista;;;;;;;;;
YNN_liberal;Liberal Party;Parti libéral;Liberale Partei;;Partido Liberal;;;;;;;;;
YNN_reactionary;Cai E's Faction;Faction Cai E's;Cai Es Fraktion;;Facción Cai E's;;;;;;;;;
YNN_socialist;Socialist Party;Parti socialiste;Sozialistische Partei;;Partido Socialista;;;;;;;;;
YUC_conservative;Partido Conservador;Partido Conservador;Partido Conservador;;;Partido Conservador;;;;;;;;
YUC_liberal;Partido Liberal;Partido Liberal;Partido Liberal;;;Partido Liberal;;;;;;;;
YUC_anarcho_liberal;Partido Federalista;Partido Federalista;Partido Federalista;;;Partido Federalista;;;;;;;;
YUC_conservative_2;Partido Moderado Liberal;Partido Moderado Liberal;Partido Moderado Liberal;;;Partido Moderado Liberal;;;;;;;;
YUC_liberal_2;Partido Radical Liberal;Partido Radical Liberal;Partido Radical Liberal;;;Partido Radical Liberal;;;;;;;;
YUC_liberal_3;Partido Progresista;Partido Progresista;Partido Progresista;;;Partido Progresista;;;;;;;;
YUC_conservative_3;Partido Constitucionalista;Partido Constitucionalista;Partido Constitucionalista;;;Partido Constitucionalista;;;;;;;;
YUC_liberal_4;Partido Antireelecionista;Partido Antireelecionista;Partido Antireelecionista;;;Partido Antireelecionista;;;;;;;;
YUC_reactionary;Partido Imperialista;Partido Imperialista;Partido Imperialista;;;Partido Imperialista;;;;;;;;
YUC_socialist;Partido Socialist;Partido socialiste;Partido Socialist;;;Partido Socialista;;;;;;;;
YUC_communist;Partido Communist;Partido communiste;Partido Communist;;;Partido Comunista;;;;;;;;
YUC_fascist;Partido Fascist;Partido fasciste;Partido Fascist;;;Partido Fascista;;;;;;;;
YUG_anarcho_liberal;Freedom Party;Parti de la liberté;Freiheitspartei;;Partido Libertario;;;;;;;;;
YUG_communist;Communist Party;Parti communiste ;Kommunistische Partei;;Partido Comunista;;;;;;;;;
YUG_conservative;Conservative Party;Parti conservateur;Konservative Partei;;Partido Conservador;;;;;;;;;
YUG_fascist;National Front;Front national;Nationale Front;;Frente Nacional;;;;;;;;;
YUG_liberal;People's Party;Parti populaire;Volkspartei;;Partido del Pueblo;;;;;;;;;
YUG_reactionary;Monarchist Party;Parti monarchiste;Monarchistische Partei;;Partido Monárquico;;;;;;;;;
YUG_socialist;Social Democratic Party;Parti social démocratique;Sozialdemokratische Partei;;Partido Democrático Social;;;;;;;;;
ZAM_anarcho_liberal;Libertarian Party;Partido Federalista;Partido Federalista;;;Partido Federalista;;;;;;;;
ZAM_communist;Communist Party;Partido communiste;Partido Communist;;;Partido Comunista;;;;;;;;
ZAM_conservative;Conservative Party;Partido Conservador;Partido Conservador;;;Partido Conservador;;;;;;;;
ZAM_fascist;Fascist Party;Partido fasciste;Partido Fascist;;;Partido Fascista;;;;;;;;
ZAM_liberal;Liberal Party;Partido Liberal;Partido Liberal;;;Partido Liberal;;;;;;;;
ZAM_reactionary;Radical Party;Partido Imperialista;Partido Imperialista;;;Partido Imperialista;;;;;;;;
ZAM_socialist;Socialist Party;Partido socialiste;Partido Socialist;;;Partido Socialista;;;;;;;;
ZAN_anarcho_liberal;The Radical Faction;Faction radicale;Die radikale Fraktion;;La Facción Radical;;;;;;;;;
ZAN_communist;The Communist Faction;Faction communiste;Die kommunistische Fraktion;;La Facción Comunista;;;;;;;;;
ZAN_conservative;Royal Faction;Faction royale;Königsfraktion;;Facción Real;;;;;;;;;
ZAN_fascist;The Fascist Faction;Faction fasciste;Die faschistische Fraktion;;La Facción Fascista;;;;;;;;;
ZAN_liberal;The Liberal Faction;Faction libérale;Die liberale Fraktion;;La Facción Liberal;;;;;;;;;
ZAN_reactionary;The Nationalist Faction;Faction nationaliste;Die nationalistische Fraktion;;La Facción Nacionalista;;;;;;;;;
ZAN_socialist;The Socialist Faction;Faction socialiste;Die sozialistische Fraktion;;La Facción Socialista;;;;;;;;;
ZIM_anarcho_liberal;Libertarian Party;Partido Federalista;Partido Federalista;;;Partido Federalista;;;;;;;;
ZIM_communist;Communist Party;Partido communiste;Partido Communist;;;Partido Comunista;;;;;;;;
ZIM_conservative;Conservative Party;Partido Conservador;Partido Conservador;;;Partido Conservador;;;;;;;;
ZIM_fascist;Fascist Party;Partido fasciste;Partido Fascist;;;Partido Fascista;;;;;;;;
ZIM_liberal;Liberal Party;Partido Liberal;Partido Liberal;;;Partido Liberal;;;;;;;;
ZIM_reactionary;Radical Party;Partido Imperialista;Partido Imperialista;;;Partido Imperialista;;;;;;;;
ZIM_socialist;Socialist Party;Partido socialiste;Partido Socialist;;;Partido Socialista;;;;;;;;
ZUL_anarcho_liberal;The Radical Faction;Faction radicale;Die radikale Fraktion;;La Facción Radical;;;;;;;;;
ZUL_communist;The Communist Faction;Faction communiste;Die kommunistische Fraktion;;La Facción Comunista;;;;;;;;;
ZUL_conservative;Royal Faction;Faction royale;Königsfraktion;;Facción Real;;;;;;;;;
ZUL_fascist;The Fascist Faction;Faction fasciste;Die faschistische Fraktion;;La Facción Fascista;;;;;;;;;
ZUL_liberal;The Liberal Faction;Faction libérale;Die liberale Fraktion;;La Facción Liberal;;;;;;;;;
ZUL_reactionary;The Nationalist Faction;Faction nationaliste;Die nationalistische Fraktion;;La Facción Nacionalista;;;;;;;;;
ZUL_socialist;The Socialist Faction;Faction socialiste;Die sozialistische Fraktion;;La Facción Socialista;;;;;;;;;
limited_citizenship_desc;Only people of your nation's primary and accepted cultures are allowed the vote.;Seule la population de la culture principale et de la culture acceptée de votre nation est autorisée à voter.;Nur Angehörige der Primärkultur und der akzeptierten Kulturen unserer Nation dürfen wählen.;;Solo puede votar la población de la cultura principal y de las culturas aceptadas de tu nación.;;;;;;;;;
residency_desc;Only people of your nation's primary culture are allowed the vote.;Seule la population de la culture principale de votre nation est autorisée à voter.;Nur Angehörige der Primärkultur unserer Nation dürfen wählen.;;Solo puede votar la población de la cultura principal de tu nación.;;;;;;;;;
